provider_id,qr_rating,special_needs_experience,has_accreditation,openings_capacity,openings_status,has_immediate_openings,openings_age_label,days_open,earliest_open,latest_close,weekly_hours,basics_language,basics_schedule,basics_meals,basics_subsidies_accepted,age_range,min_age_months,max_age_months,accred_national_association_for_the_education_of_young_children,lang_arabic,lang_chinese_cantonese,lang_chinese_mandarin,lang_chinese_other,lang_english,lang_farsi,lang_french,lang_hindi,lang_hmong,lang_japanese,lang_korean,lang_other,lang_punjabi,lang_russian,lang_sign_language,lang_somali,lang_spanish,lang_tagalog,lang_vietnamese,meal_am_snack,meal_breakfast,meal_child_care_food_program_ccfp,meal_dinner,meal_lunch,meal_pm_snack,sched_after_school,sched_before_school,sched_drop_in,sched_evening,sched_full_time,sched_full_year,sched_part_time,sched_rotating_schedule,sched_school_year_only,sched_seasonal,sched_summer_only,subsidy_accepts_subsidized_payment,subsidy_ca_state_preschool_program,subsidy_head_start,subsidy_other_child_care_and_development_program_funded_by_the_cde,subsidy_other_public_contract,tag_academic,tag_art_based,tag_bilingual,tag_child_development,tag_child_directed,tag_co_op,tag_constructivist,tag_covid_19_emergency_response_care,tag_developmentally_appropriate_practices,tag_high_scope,tag_homework_study_time,tag_kindergarten,tag_montessori,tag_no_pets,tag_other,tag_parent_involvement,tag_play_based,tag_playgroup,tag_potty_training,tag_pre_kindergarten_preschool,tag_project_based,tag_reggio_emilia,tag_religious,tag_special_needs,tag_subsidize,tag_virtual_distance_learning,transport_bus,transport_car,transport_walking,business_hours_fr_06_00_am_06_00_pm,business_hours_fr_06_30_am_06_00_pm,business_hours_fr_07_00_am_05_00_pm,business_hours_fr_07_00_am_05_30_pm,business_hours_fr_07_00_am_06_00_pm,business_hours_fr_07_30_am_05_30_pm,business_hours_fr_08_00_am_03_00_pm,business_hours_fr_08_00_am_11_00_am,business_hours_fr_08_30_am_11_30_am,business_hours_mo_06_00_am_06_00_pm,business_hours_mo_06_30_am_06_00_pm,business_hours_mo_07_00_am_05_00_pm,business_hours_mo_07_00_am_05_30_pm,business_hours_mo_07_00_am_06_00_pm,business_hours_mo_07_30_am_04_30_pm,business_hours_mo_07_30_am_05_30_pm,business_hours_mo_08_00_am_03_00_pm,business_hours_mo_08_00_am_04_00_pm,business_hours_mo_08_00_am_11_00_am,business_hours_mo_08_30_am_11_30_am,business_hours_other,business_hours_th_06_00_am_06_00_pm,business_hours_th_06_30_am_06_00_pm,business_hours_th_07_00_am_05_00_pm,business_hours_th_07_00_am_05_30_pm,business_hours_th_07_00_am_06_00_pm,business_hours_th_07_30_am_04_30_pm,business_hours_th_07_30_am_05_30_pm,business_hours_th_08_00_am_03_00_pm,business_hours_th_08_00_am_04_00_pm,business_hours_th_08_00_am_11_00_am,business_hours_th_08_30_am_11_30_am,business_hours_tu_06_00_am_06_00_pm,business_hours_tu_06_30_am_06_00_pm,business_hours_tu_07_00_am_05_00_pm,business_hours_tu_07_00_am_05_30_pm,business_hours_tu_07_00_am_06_00_pm,business_hours_tu_07_30_am_05_30_pm,business_hours_tu_08_00_am_03_00_pm,business_hours_tu_08_00_am_04_00_pm,business_hours_tu_08_00_am_11_00_am,business_hours_tu_08_30_am_11_30_am,business_hours_we_06_00_am_06_00_pm,business_hours_we_06_30_am_06_00_pm,business_hours_we_07_00_am_05_30_pm,business_hours_we_07_00_am_06_00_pm,business_hours_we_07_30_am_05_30_pm,business_hours_we_08_00_am_03_00_pm,business_hours_we_08_00_am_04_00_pm,business_hours_we_08_00_am_11_00_am,business_hours_we_08_30_am_11_30_am,meal_other
17890,4,0,0,27,Preschool (2 to 5 years)Contact provider for details,,2 to 5 years,5,420,1050,52.5,other,"Full Time, Full year","Breakfast, AM Snack, Lunch, PM Snack",Accepts Subsidized Payment,2 years - 5 years,24,60,,,Chinese (Cantonese),Chinese (Mandarin),,English,,,,,,,,,,,,Spanish,Tagalog,,AM Snack,Breakfast,,,Lunch,PM Snack,,,,,Full Time,Full year,,,,,,Accepts Subsidized Payment,,,,,Academic,,Bilingual,Child Development,,,,,,,,,,,,,,,Potty training,,,,,,,,Bus,,,,,,Fr 07:00 AM - 05:30 PM,,,,,,,,,Mo 07:00 AM - 05:30 PM,,,,,,,,,,,,Th 07:00 AM - 05:30 PM,,,,,,,,,,,Tu 07:00 AM - 05:30 PM,,,,,,,,,We 07:00 AM - 05:30 PM,,,,,,,
9221,3,1,0,100,Infants (0 to 23 months)Contact provider for details Preschool (2 to 5 years)Contact provider for details School Age (6 years and older)Contact provider for details,,0 to 23 months,5,420,1050,52.5,English,other,"Breakfast, Lunch, PM Snack, Child Care Food Program (CCFP)",Accepts Subsidized Payment,other,6,144,,,,,,English,,,,,,,,,,,,,,,,Breakfast,Child Care Food Program (CCFP),,Lunch,PM Snack,After School,,,,Full Time,Full year,Part time,,,,,Accepts Subsidized Payment,,,,,,,Bilingual,Child Development,,,,,,,,,,,,Parent Involvement,,,Potty training,Pre-kindergarten/Preschool,,,,,,,,Car,,,,,Fr 07:00 AM - 05:30 PM,,,,,,,,,Mo 07:00 AM - 05:30 PM,,,,,,,,,,,,Th 07:00 AM - 05:30 PM,,,,,,,,,,,Tu 07:00 AM - 05:30 PM,,,,,,,,,We 07:00 AM - 05:30 PM,,,,,,,
3025,4,1,0,35,Preschool (2 to 5 years)Contact provider for details,,2 to 5 years,5,540,1050,42.5,other,other,"AM Snack, PM Snack",Accepts Subsidized Payment,3 years - 5 years,36,60,,,,,,English,,,,,Japanese,,other,,,,,,,,AM Snack,,,,,PM Snack,After School,,,,Full Time,,Part time,,School year only,,,Accepts Subsidized Payment,,,,,Academic,,Bilingual,,,,,,,,,,,,,,,,,Pre-kindergarten/Preschool,,,,,,,,,,,,,,,,,,,,,,,,,,,,,,other,,,,,,,,,,,,,,,,,,,,,,,,,,,,,,,
19317,3,0,0,120,Preschool (2 to 5 years)Contact provider for details,,2 to 5 years,5,450,1050,50.0,English,"Full Time, Part time, Drop in, Before School, After School, Rotating Schedule, Full year, School year only, Summer only",Child Care Food Program (CCFP),Accepts Subsidized Payment,3 years - 5 years,36,60,,,,,,English,,,,,,,,,,,,,,,,,Child Care Food Program (CCFP),,,,After School,Before School,Drop in,,Full Time,Full year,Part time,Rotating Schedule,School year only,,Summer only,Accepts Subsidized Payment,,,,,,,,,,,,,,,,,,,,,,,,,,,,,,,,,,,,,,,Fr 07:30 AM - 05:30 PM,,,,,,,,,,Mo 07:30 AM - 05:30 PM,,,,,,,,,,,,Th 07:30 AM - 05:30 PM,,,,,,,,,,Tu 07:30 AM - 05:30 PM,,,,,,,,,We 07:30 AM - 05:30 PM,,,,,
254,5,,0,48,Preschool (2 to 5 years)Contact provider for details,,2 to 5 years,5,495,675,15.0,"English, Spanish","Part time, School year only","Breakfast, Lunch, Child Care Food Program (CCFP)",CA State Preschool Program,3 years - 5 years,36,60,,,,,,English,,,,,,,,,,,,Spanish,,,,Breakfast,Child Care Food Program (CCFP),,Lunch,,,,,,,,Part time,,School year only,,,,CA State Preschool Program,,,,Academic,Art based,Bilingual,Child Development,Child Directed,,,COVID-19 Emergency Response Care,Developmentally Appropriate Practices,High Scope,Homework/Study time,Kindergarten,,,other,Parent Involvement,Play based,Playgroup,Potty training,Pre-kindergarten/Preschool,Project based,,,Special Needs,,Virtual/Distance Learning,,,,,,,,,,,,,,,,,,,,,,,,other,,,,,,,,,,,,,,,,,,,,,,,,,,,,,,,
6654,5,1,0,57,Preschool (2 to 5 years)Contact provider for details,,2 to 5 years,5,480,960,40.0,"English, Spanish, Other","Full Time, School year only","Breakfast, Lunch, PM Snack","Head Start, CA State Preschool Program, Accepts Subsidized Payment",3 years - 5 years,36,60,,,,,,English,,,,,,,other,,,,,Spanish,,,,Breakfast,,,Lunch,PM Snack,,,,,Full Time,,,,School year only,,,Accepts Subsidized Payment,CA State Preschool Program,Head Start,,,,,,,,,,,,,,,,,,,,,,,,,,Special Needs,Subsidize,,,,,,,,,,,,,,,,,,,,,,Mo 08:00 AM - 04:00 PM,,,other,,,,,,,,,Th 08:00 AM - 04:00 PM,,,,,,,,,,Tu 08:00 AM - 04:00 PM,,,,,,,,,We 08:00 AM - 04:00 PM,,,
6262,5,1,0,76,Preschool (2 to 5 years)Contact provider for details,,2 to 5 years,5,480,960,40.0,"English, Spanish","Full Time, School year only","Breakfast, AM Snack, Lunch, PM Snack","Head Start, CA State Preschool Program, Other Child Care and Development Program funded by the CDE, Accepts Subsidized Payment",2 years - 5 years,24,60,,,,,,English,,,,,,,,,,,,Spanish,,,AM Snack,Breakfast,,,Lunch,PM Snack,,,,,Full Time,,,,School year only,,,Accepts Subsidized Payment,CA State Preschool Program,Head Start,Other Child Care and Development Program funded by the CDE,,,,,,,,,,,,,,,,,,,,,,,,,Special Needs,Subsidize,,,,,,,,,,,,,,,,,,,,,,Mo 08:00 AM - 04:00 PM,,,other,,,,,,,,,Th 08:00 AM - 04:00 PM,,,,,,,,,,Tu 08:00 AM - 04:00 PM,,,,,,,,,We 08:00 AM - 04:00 PM,,,
7268,4,1,0,56,Preschool (2 to 5 years)Contact provider for details,,2 to 5 years,5,480,990,42.5,"English, Spanish, Tagalog","Full Time, School year only","Breakfast, AM Snack, Lunch, PM Snack","Head Start, Accepts Subsidized Payment",3 years - 5 years,36,60,,,,,,English,,,,,,,,,,,,Spanish,Tagalog,,AM Snack,Breakfast,,,Lunch,PM Snack,,,,,Full Time,,,,School year only,,,Accepts Subsidized Payment,,Head Start,,,,,,,,,,,,,,,,,,,,,,,,,,Special Needs,Subsidize,,,,,,,,,,,,,,,,,,,,,,,,,other,,,,,,,,,,,,,,,,,,,,,,,,,,,,,,,
8815,4,1,0,60,Preschool (2 to 5 years)Contact provider for details,,2 to 5 years,5,480,960,40.0,"English, Spanish","Full Time, School year only","Breakfast, AM Snack, Lunch, PM Snack","Head Start, Accepts Subsidized Payment",3 years - 5 years,36,60,,,,,,English,,,,,,,,,,,,Spanish,,,AM Snack,Breakfast,,,Lunch,PM Snack,,,,,Full Time,,,,School year only,,,Accepts Subsidized Payment,,Head Start,,,,,,,,,,,,,,,,,,,,,,,,,,Special Needs,Subsidize,,,,Walking,,,,,,,,,,,,,,,,,,Mo 08:00 AM - 04:00 PM,,,other,,,,,,,,,Th 08:00 AM - 04:00 PM,,,,,,,,,,Tu 08:00 AM - 04:00 PM,,,,,,,,,We 08:00 AM - 04:00 PM,,,
11147,4,1,0,47,Preschool (2 to 5 years)Contact provider for details,,2 to 5 years,5,450,990,45.0,"English, Spanish","Full Time, School year only","Breakfast, Lunch, PM Snack","Head Start, Accepts Subsidized Payment",other,24,36,,,,,,English,,,,,,,,,,,,Spanish,,,,Breakfast,,,Lunch,PM Snack,,,,,Full Time,,,,School year only,,,Accepts Subsidized Payment,,Head Start,,,,,,,,,,,,,,,,,,,,,,,,,,Special Needs,Subsidize,,,,Walking,,,,,,,,,,,,,,,Mo 07:30 AM - 04:30 PM,,,,,,other,,,,,,Th 07:30 AM - 04:30 PM,,,,,,,,,,,,,,,,,,,,,,,,,
10508,4,1,0,64,Preschool (2 to 5 years)Contact provider for details,,2 to 5 years,5,480,930,37.5,"English, Spanish","Full Time, Part time, School year only","Breakfast, Lunch, PM Snack, Child Care Food Program (CCFP)","Head Start, CA State Preschool Program",2 years - 5 years,24,60,,,,,,English,,,,,,,,,,,,Spanish,,,,Breakfast,Child Care Food Program (CCFP),,Lunch,PM Snack,,,,,Full Time,,Part time,,School year only,,,,CA State Preschool Program,Head Start,,,,,,Child Development,Child Directed,,,,Developmentally Appropriate Practices,,,,,,,Parent Involvement,Play based,,Potty training,Pre-kindergarten/Preschool,,,,,,,,,,,,,,,,,,,,,,,,,,,,,,other,,,,,,,,,,,,,,,,,,,,,,,,,,,,,,,
18403,4,1,0,72,Infants (0 to 23 months)Contact provider for details Preschool (2 to 5 years)Contact provider for details,,0 to 23 months,5,510,870,30.0,other,"Full Time, Full year, School year only, Summer only","Car, Child Care Food Program (CCFP)","Head Start, Accepts Subsidized Payment",1 years - 5 years,12,60,,,,,Chinese (Other),English,,,Hindi,,,,other,,,,,Spanish,Tagalog,,,,Child Care Food Program (CCFP),,,,,,,,Full Time,Full year,,,School year only,,Summer only,Accepts Subsidized Payment,,Head Start,,,,,,,,,,,,,,,,,,,,,,,,,,,,,Bus,Car,Walking,,,,,,,,,,,,,,,,,,,,,other,,,,,,,,,,,,,,,,,,,,,,,,,,,,,,,
17109,4,1,0,50,Preschool (2 to 5 years)Contact provider for details,,2 to 5 years,5,510,975,38.75,other,"Part time, Full year, School year only, Summer only","Car, Child Care Food Program (CCFP)","Head Start, Accepts Subsidized Payment",2 years - 5 years,24,60,,Arabic,,,Chinese (Other),,Farsi,,,,,,other,,,,,,Tagalog,,,,Child Care Food Program (CCFP),,,,,,,,,Full year,Part time,,School year only,,Summer only,Accepts Subsidized Payment,,Head Start,,,,,,,,,,,,,,,,,,,,,,,,,,,,,Bus,Car,Walking,,,,,,,,,,,,,,,,,,,,,other,,,,,,,,,,,,,,,,,,,,,,,,,,,,,,,
18879,5,0,0,425,Preschool (2 to 5 years)Contact provider for details School Age (6 years and older)Contact provider for details,,2 to 5 years,5,450,1080,52.5,other,other,"AM Snack, Lunch, PM Snack, Child Care Food Program (CCFP)","CA State Preschool Program, Other Child Care and Development Program funded by the CDE, Accepts Subsidized Payment",other,24,132,,,,,Chinese (Other),English,,,,,,,,,,Sign Language,,Spanish,,,AM Snack,,Child Care Food Program (CCFP),,Lunch,PM Snack,After School,Before School,,,Full Time,Full year,Part time,,School year only,,,Accepts Subsidized Payment,CA State Preschool Program,,Other Child Care and Development Program funded by the CDE,,,,,Child Development,Child Directed,,,,Developmentally Appropriate Practices,,,,,,,,Play based,,,Pre-kindergarten/Preschool,,,,,,,,,,,,,,,,,,,,,,,,,,,,,,other,,,,,,,,,,,,,,,,,,,,,,,,,,,,,,,
1818,4,1,0,18,Preschool (2 to 5 years)Contact provider for details,,2 to 5 years,5,480,990,42.5,"English, Spanish","Full Time, Full year","Breakfast, Lunch, PM Snack, Child Care Food Program (CCFP)","Head Start, Accepts Subsidized Payment",3 years - 5 years,36,60,,,,,,English,,,,,,,,,,,,Spanish,,,,Breakfast,Child Care Food Program (CCFP),,Lunch,PM Snack,,,,,Full Time,Full year,,,,,,Accepts Subsidized Payment,,Head Start,,,,,Bilingual,Child Development,Child Directed,,,,Developmentally Appropriate Practices,,,,,,other,Parent Involvement,Play based,Playgroup,,,,,,Special Needs,,,,,,,,,,,,,,,,,,,,,,,,,,other,,,,,,,,,,,,,,,,,,,,,,,,,,,,,,,
3675,3,0,0,32,Preschool (2 to 5 years)Contact provider for details,,2 to 5 years,5,420,1110,57.5,English,"Full Time, Part time, Full year, School year only, Summer only","Breakfast, Lunch",Accepts Subsidized Payment,other,11,60,,,,,,English,,,,,,,,,,,,,,,,Breakfast,,,Lunch,,,,,,Full Time,Full year,Part time,,School year only,,Summer only,Accepts Subsidized Payment,,,,,,,,,,,,,,,,,,,,,,,,,,,,,,,,,,,,,,,,,,,,,,,,,,,,,,other,,,,,,,,,,,,,,,,,,,,,,,,,,,,,,,
18535,4,0,0,27,Preschool (2 to 5 years)Contact provider for details,,2 to 5 years,5,480,660,15.0,"English, Spanish","Part time, School year only",other,"CA State Preschool Program, Accepts Subsidized Payment",3 years - 5 years,36,60,,,,,,English,,,,,,,,,,,,Spanish,,,,Breakfast,Child Care Food Program (CCFP),,,PM Snack,,,,,,,Part time,,School year only,,,Accepts Subsidized Payment,CA State Preschool Program,,,,,,,,,,,,Developmentally Appropriate Practices,,,,,,,,,,,Pre-kindergarten/Preschool,,,,,,,,,,,,,,,,,Fr 08:00 AM - 11:00 AM,,,,,,,,,,,Mo 08:00 AM - 11:00 AM,,,,,,,,,,,,Th 08:00 AM - 11:00 AM,,,,,,,,,,Tu 08:00 AM - 11:00 AM,,,,,,,,,We 08:00 AM - 11:00 AM,,
12797,4,1,1,135,Infants (0 to 23 months)Contact provider for details Preschool (2 to 5 years)Contact provider for details,,0 to 23 months,5,450,1020,47.5,"English, Spanish","Full Time, Part time, Full year","Breakfast, Lunch, PM Snack, Child Care Food Program (CCFP)",,other,3,48,,,,,,English,,,,,,,,,,,,Spanish,,,,Breakfast,Child Care Food Program (CCFP),,Lunch,PM Snack,,,,,Full Time,Full year,Part time,,,,,,,,,,,,Bilingual,Child Development,Child Directed,,,,Developmentally Appropriate Practices,,,,,,,Parent Involvement,Play based,,,Pre-kindergarten/Preschool,,,,Special Needs,,,,,,,,,,,,,,,,,,,,,,,,,,other,,,,,,,,,,,,,,,,,,,,,,,,,,,,,,,
16636,5,1,0,50,Infants (0 to 23 months)Contact provider for details Preschool (2 to 5 years)Contact provider for details,,0 to 23 months,5,450,990,45.0,English,"Full Time, Part time, Full year","Breakfast, Lunch","CA State Preschool Program, Other Public Contract, Accepts Subsidized Payment",other,2,48,,,,,,English,,,,,,,,,,,,,,,,Breakfast,,,Lunch,,,,,,Full Time,Full year,Part time,,,,,Accepts Subsidized Payment,CA State Preschool Program,,,Other Public Contract,,,,,,,,,Developmentally Appropriate Practices,,,,Montessori,,,Parent Involvement,Play based,,,Pre-kindergarten/Preschool,,,,,,,Bus,,,,,,,,,,,,,,,,,Mo 07:30 AM - 04:30 PM,,,,,,other,,,,,,Th 07:30 AM - 04:30 PM,,,,,,,,,,,,,,,,,,,,,,,,,
3227,4,0,0,14,Preschool (2 to 5 years)Contact provider for details,,2 to 5 years,,,,,English,"Full Time, Part time, School year only",Not provided,Accepts Subsidized Payment,2 years - 6 years,24,72,,,,,,English,,,,,,,,,,,,,,,,,,,,,,,,,Full Time,,Part time,,School year only,,,Accepts Subsidized Payment,,,,,Academic,,,,,,,,,,,,,,,,,,,,,,,,,,,,,,,,,,,,,,,,,,,,,,,,,,,,,,,,,,,,,,,,,,,,,,,,,,,,,,,,
10571,4,0,0,48,Preschool (2 to 5 years) Immediate Openings,1,2 to 5 years,5,480,900,35.0,"English, Spanish",Part time,"Breakfast, Lunch, Child Care Food Program (CCFP)",Accepts Subsidized Payment,2 years - 5 years,24,60,,,,,,English,,,,,,,,,,,,Spanish,,,,Breakfast,Child Care Food Program (CCFP),,Lunch,,,,,,,,Part time,,,,,Accepts Subsidized Payment,,,,,Academic,,,,,,,,,,,,,,,,,,,,,,,,,,,,,,,,,,,Fr 08:00 AM - 03:00 PM,,,,,,,,,,Mo 08:00 AM - 03:00 PM,,,,,,,,,,,,Th 08:00 AM - 03:00 PM,,,,,,,,,,Tu 08:00 AM - 03:00 PM,,,,,,,,,We 08:00 AM - 03:00 PM,,,,
4985,4,0,0,24,Preschool (2 to 5 years) Immediate Openings,1,2 to 5 years,5,480,900,35.0,English,Part time,"Breakfast, Lunch, Child Care Food Program (CCFP)",Accepts Subsidized Payment,0 months - 11 months,0,11,,,,,,English,,,,,,,,,,,,,,,,Breakfast,Child Care Food Program (CCFP),,Lunch,,,,,,,,Part time,,,,,Accepts Subsidized Payment,,,,,Academic,,,,,,,,,,,,,,,,,,,,,,,,,,,,,,,,,,,Fr 08:00 AM - 03:00 PM,,,,,,,,,,Mo 08:00 AM - 03:00 PM,,,,,,,,,,,,Th 08:00 AM - 03:00 PM,,,,,,,,,,Tu 08:00 AM - 03:00 PM,,,,,,,,,We 08:00 AM - 03:00 PM,,,,
16740,5,0,0,22,Preschool (2 to 5 years) Immediate Openings,1,2 to 5 years,5,480,900,35.0,"English, Spanish",Part time,"Breakfast, Lunch, Child Care Food Program (CCFP)",Accepts Subsidized Payment,0 months - 11 months,0,11,,,,,,English,,,,,,,,,,,,Spanish,,,,Breakfast,Child Care Food Program (CCFP),,Lunch,,,,,,,,Part time,,,,,Accepts Subsidized Payment,,,,,Academic,,,,,,,,,,,,,,,,,,,,,,,,,,,,,,,,,,,Fr 08:00 AM - 03:00 PM,,,,,,,,,,Mo 08:00 AM - 03:00 PM,,,,,,,,,,,,Th 08:00 AM - 03:00 PM,,,,,,,,,,Tu 08:00 AM - 03:00 PM,,,,,,,,,We 08:00 AM - 03:00 PM,,,,
15983,4,0,0,22,Preschool (2 to 5 years) Immediate Openings,1,2 to 5 years,5,450,990,45.0,"English, Spanish",other,other,"Head Start, Accepts Subsidized Payment",3 years - 5 years,36,60,,,,,,English,,,,,,,,,,,,Spanish,,,AM Snack,Breakfast,,,,,After School,Before School,,,,Full year,Part time,,,,,Accepts Subsidized Payment,,Head Start,,,Academic,,,,,,,,,,,,,,,,,,,,,,,,,,,,,,,,,,,,,,,,,,,Mo 07:30 AM - 04:30 PM,,,,,,other,,,,,,Th 07:30 AM - 04:30 PM,,,,,,,,,,,,,,,,,,,,,,,,,
3607,5,0,0,24,Preschool (2 to 5 years)No Openings,0,2 to 5 years,5,360,1080,60.0,English,"Full Time, Full year",Not provided,Accepts Subsidized Payment,3 years - 5 years,36,60,,,,,,English,,,,,,,,,,,,,,,,,,,,,,,,,Full Time,Full year,,,,,,Accepts Subsidized Payment,,,,,Academic,,,,,,,,,,,,,,,,,,,,,,,,,,,,,Fr 06:00 AM - 06:00 PM,,,,,,,,,Mo 06:00 AM - 06:00 PM,,,,,,,,,,,,Th 06:00 AM - 06:00 PM,,,,,,,,,,,Tu 06:00 AM - 06:00 PM,,,,,,,,,,We 06:00 AM - 06:00 PM,,,,,,,,,
17780,5,0,0,24,Preschool (2 to 5 years) Immediate Openings,1,2 to 5 years,5,450,960,42.5,"English, Spanish","Part time, Full year","Breakfast, Lunch","Head Start, Accepts Subsidized Payment",0 months - 11 months,0,11,,,,,,English,,,,,,,,,,,,Spanish,,,,Breakfast,,,Lunch,,,,,,,Full year,Part time,,,,,Accepts Subsidized Payment,,Head Start,,,Academic,,,,,,,,,,,,,,,,,,,,,,,,,,,,,,,,,,,,,,,,,,,,,,,,,other,,,,,,,,,,,,,,,,,,,,,,,,,,,,,,,
6524,5,0,0,24,Preschool (2 to 5 years) Immediate Openings,1,2 to 5 years,5,480,900,35.0,English,Part time,Not provided,Accepts Subsidized Payment,0 months - 11 months,0,11,,,,,,English,,,,,,,,,,,,,,,,,,,,,,,,,,,Part time,,,,,Accepts Subsidized Payment,,,,,Academic,,,,,,,,,,,,,,,,,,,,,,,,,,,,,,,,,,,Fr 08:00 AM - 03:00 PM,,,,,,,,,,Mo 08:00 AM - 03:00 PM,,,,,,,,,,,,Th 08:00 AM - 03:00 PM,,,,,,,,,,Tu 08:00 AM - 03:00 PM,,,,,,,,,We 08:00 AM - 03:00 PM,,,,
14399,4,0,0,24,Preschool (2 to 5 years) Immediate Openings,1,2 to 5 years,5,480,900,35.0,"English, Spanish",Part time,"Breakfast, Lunch, Child Care Food Program (CCFP)",Accepts Subsidized Payment,3 years - 5 years,36,60,,,,,,English,,,,,,,,,,,,Spanish,,,,Breakfast,Child Care Food Program (CCFP),,Lunch,,,,,,,,Part time,,,,,Accepts Subsidized Payment,,,,,Academic,,,,,,,,,,,,,,,,,,,,,,,,,,,,,,,,,,,Fr 08:00 AM - 03:00 PM,,,,,,,,,,Mo 08:00 AM - 03:00 PM,,,,,,,,,,,,Th 08:00 AM - 03:00 PM,,,,,,,,,,Tu 08:00 AM - 03:00 PM,,,,,,,,,We 08:00 AM - 03:00 PM,,,,
194,4,0,0,23,Preschool (2 to 5 years) Immediate Openings,1,2 to 5 years,5,450,990,45.0,English,"Full Time, Full year",Not provided,Accepts Subsidized Payment,3 years - 5 years,36,60,,,,,,English,,,,,,,,,,,,,,,,,,,,,,,,,Full Time,Full year,,,,,,Accepts Subsidized Payment,,,,,Academic,,,,,,,,,,,,,,,,,,,,,,,,,,,,,,,,,,,,,,,,,,,Mo 07:30 AM - 04:30 PM,,,,,,other,,,,,,Th 07:30 AM - 04:30 PM,,,,,,,,,,,,,,,,,,,,,,,,,
4191,4,0,0,24,Preschool (2 to 5 years)No Openings,0,2 to 5 years,5,450,990,45.0,English,"Full Time, Full year",Not provided,Accepts Subsidized Payment,3 years - 5 years,36,60,,,,,,English,,,,,,,,,,,,,,,,,,,,,,,,,Full Time,Full year,,,,,,Accepts Subsidized Payment,,,,,Academic,,,,,,,,,,,,,,,,,,,,,,,,,,,,,,,,,,,,,,,,,,,Mo 07:30 AM - 04:30 PM,,,,,,other,,,,,,Th 07:30 AM - 04:30 PM,,,,,,,,,,,,,,,,,,,,,,,,,
9315,4,0,0,24,Preschool (2 to 5 years) Immediate Openings,1,2 to 5 years,5,480,900,35.0,"English, Spanish",Part time,"Breakfast, Lunch, Child Care Food Program (CCFP)",Accepts Subsidized Payment,0 months - 11 months,0,11,,,,,,English,,,,,,,,,,,,Spanish,,,,Breakfast,Child Care Food Program (CCFP),,Lunch,,,,,,,,Part time,,,,,Accepts Subsidized Payment,,,,,Academic,,,,,,,,,,,,,,,,,,,,,,,,,,,,,,,,,,,Fr 08:00 AM - 03:00 PM,,,,,,,,,,Mo 08:00 AM - 03:00 PM,,,,,,,,,,,,Th 08:00 AM - 03:00 PM,,,,,,,,,,Tu 08:00 AM - 03:00 PM,,,,,,,,,We 08:00 AM - 03:00 PM,,,,
6703,4,0,0,24,Preschool (2 to 5 years)No Openings,0,2 to 5 years,5,480,900,35.0,"English, Spanish",Part time,"Breakfast, Lunch, Child Care Food Program (CCFP)",Accepts Subsidized Payment,3 years - 5 years,36,60,,,,,,English,,,,,,,,,,,,Spanish,,,,Breakfast,Child Care Food Program (CCFP),,Lunch,,,,,,,,Part time,,,,,Accepts Subsidized Payment,,,,,Academic,,,,,,,,,,,,,,,,,,,,,,,,,,,,,,,,,,,Fr 08:00 AM - 03:00 PM,,,,,,,,,,Mo 08:00 AM - 03:00 PM,,,,,,,,,,,,Th 08:00 AM - 03:00 PM,,,,,,,,,,Tu 08:00 AM - 03:00 PM,,,,,,,,,We 08:00 AM - 03:00 PM,,,,
8753,3,0,0,48,Preschool (2 to 5 years)No Openings,0,2 to 5 years,5,495,960,38.75,"English, Spanish","Full Time, School year only","AM Snack, Lunch, PM Snack",Accepts Subsidized Payment,2 years - 5 years,24,60,,,,,,English,,,,,,,,,,,,Spanish,,,AM Snack,,,,Lunch,PM Snack,,,,,Full Time,,,,School year only,,,Accepts Subsidized Payment,,,,,,,,,,,,,,,,,,,,,,,,,,,,,,,,,,,,,,,,,,,,,,,,,,,,,,other,,,,,,,,,,,,,,,,,,,,,,,,,,,,,,,
6220,4,1,0,116,Preschool (2 to 5 years)Contact provider for details,,2 to 5 years,5,405,1050,53.75,"English, Spanish",other,"Breakfast, AM Snack, Lunch, PM Snack, Child Care Food Program (CCFP)",Accepts Subsidized Payment,2 years - 5 years,24,60,,,,,,English,,,,,,,,,,,,Spanish,,,AM Snack,Breakfast,Child Care Food Program (CCFP),,Lunch,PM Snack,,,Drop in,Evening,Full Time,Full year,Part time,Rotating Schedule,School year only,,Summer only,Accepts Subsidized Payment,,,,,,,,,,,,,,,,,,,,,,,,,,,,,,,,,,,,,,,,,,,,,,,,,,,,,,other,,,,,,,,,,,,,,,,,,,,,,,,,,,,,,,
19160,4,1,0,56,Preschool (2 to 5 years)Contact provider for details,,2 to 5 years,5,1170,2490,110.0,"English, Spanish",other,"Breakfast, AM Snack, Lunch, PM Snack, Child Care Food Program (CCFP)",Accepts Subsidized Payment,2 years - 5 years,24,60,,,,,,English,,,,,,,,,,,,Spanish,,,AM Snack,Breakfast,Child Care Food Program (CCFP),,Lunch,PM Snack,After School,Before School,,,Full Time,Full year,Part time,Rotating Schedule,School year only,,Summer only,Accepts Subsidized Payment,,,,,,,,,,,,,,,,,,,,,,,,,,,,,,,,,,,,,,,,,,,,,,,,,,,,,,other,,,,,,,,,,,,,,,,,,,,,,,,,,,,,,,
7704,5,1,0,16,Preschool (2 to 5 years)Contact provider for details,,2 to 5 years,5,480,660,15.0,"English, Spanish","Part time, School year only","Breakfast, Lunch, Child Care Food Program (CCFP)",CA State Preschool Program,2 years - 5 years,24,60,,,,,,English,,,,,,,,,,,,Spanish,,,,Breakfast,Child Care Food Program (CCFP),,Lunch,,,,,,,,Part time,,School year only,,,,CA State Preschool Program,,,,,,Bilingual,Child Development,,,,,Developmentally Appropriate Practices,,,,,,,Parent Involvement,Play based,,,Pre-kindergarten/Preschool,,,,Special Needs,,,Bus,,Walking,,,,,,,,Fr 08:00 AM - 11:00 AM,,,,,,,,,,,Mo 08:00 AM - 11:00 AM,,,,,,,,,,,,Th 08:00 AM - 11:00 AM,,,,,,,,,,Tu 08:00 AM - 11:00 AM,,,,,,,,,We 08:00 AM - 11:00 AM,,
17338,4,0,0,48,Preschool (2 to 5 years)Contact provider for details,,2 to 5 years,5,475,655,15.0,"English, Spanish","Part time, School year only","Breakfast, Lunch, PM Snack, Child Care Food Program (CCFP)","CA State Preschool Program, Accepts Subsidized Payment",3 years - 4 years,36,48,,,,,,English,,,,,,,,,,,,Spanish,,,,Breakfast,Child Care Food Program (CCFP),,Lunch,PM Snack,,,,,,,Part time,,School year only,,,Accepts Subsidized Payment,CA State Preschool Program,,,,Academic,,,Child Development,,,,,,,,,,,,,,,,Pre-kindergarten/Preschool,,,,,,,,,,,,,,,,,,,,,,,,,,,,,,other,,,,,,,,,,,,,,,,,,,,,,,,,,,,,,,
11462,5,1,0,100,Infants (0 to 23 months)Contact provider for details Preschool (2 to 5 years)Contact provider for details,,0 to 23 months,4,450,1050,40.0,"English, Spanish","Full Time, Part time, Full year","AM Snack, Lunch, PM Snack","CA State Preschool Program, Accepts Subsidized Payment",other,4,60,,,,,,English,,,,,,,,,,,,Spanish,,,AM Snack,,,,Lunch,PM Snack,,,,,Full Time,Full year,Part time,,,,,Accepts Subsidized Payment,CA State Preschool Program,,,,,Art based,,,,,,,,,,,,,,,Play based,,Potty training,,,Reggio Emilia,,,,,,,,,,,,,Fr 07:30 AM - 05:30 PM,,,,,,,,,,,,,,,,,,,,,,Th 07:30 AM - 05:30 PM,,,,,,,,,,Tu 07:30 AM - 05:30 PM,,,,,,,,,We 07:30 AM - 05:30 PM,,,,,
270,4,1,0,22,Preschool (2 to 5 years) Immediate Openings,1,2 to 5 years,5,510,870,30.0,English,"Part time, School year only","Breakfast, Lunch, PM Snack, Child Care Food Program (CCFP)","Head Start, CA State Preschool Program",3 years - 5 years,36,60,,,,,,English,,,,,,,,,,,,,,,,Breakfast,Child Care Food Program (CCFP),,Lunch,PM Snack,,,,,,,Part time,,School year only,,,,CA State Preschool Program,Head Start,,,,,,,,,,,,,,,,,,,,,,,,,,,,,,,,,,,,,,,,,,,,,,,,,,,,other,,,,,,,,,,,,,,,,,,,,,,,,,,,,,,,
6011,4,1,0,12,other,1,0 to 23 months,5,480,870,30.5,"English, Spanish","Part time, Full year","Breakfast, Lunch, PM Snack, Child Care Food Program (CCFP)",Head Start,other,12,36,,,,,,English,,,,,,,,,,,,Spanish,,,,Breakfast,Child Care Food Program (CCFP),,Lunch,PM Snack,,,,,,Full year,Part time,,,,,,,Head Start,,,,,,,,,,,,,,,,,,,,,,,,,,,,,,,,,,,,,,,,,,,,,,,,,,,,other,,,,,,,,,,,,,,,,,,,,,,,,,,,,,,,
14179,4,1,0,20,Preschool (2 to 5 years) Immediate Openings,1,2 to 5 years,4,510,870,24.0,English,"Part time, School year only","Breakfast, Lunch, PM Snack, Child Care Food Program (CCFP)",Head Start,3 years - 5 years,36,60,,,,,,English,,,,,,,,,,,,,,,,Breakfast,Child Care Food Program (CCFP),,Lunch,PM Snack,,,,,,,Part time,,School year only,,,,,Head Start,,,,,,,,,,,,,,,,,,,,,,,,,,,,,,,,,,,,,,,,,,,,,,,,,,,,other,,,,,,,,,,,,,,,,,,,,,,,,,,,,,,,
7856,4,1,0,24,Preschool (2 to 5 years) Immediate Openings,1,2 to 5 years,5,510,870,30.0,English,"Part time, School year only","Breakfast, Lunch, PM Snack, Child Care Food Program (CCFP)",Head Start,3 years - 5 years,36,60,,,,,,English,,,,,,,,,,,,,,,,Breakfast,Child Care Food Program (CCFP),,Lunch,PM Snack,,,,,,,Part time,,School year only,,,,,Head Start,,,,,,,,,,,,,,,,,,,,,,,,,,,,,,,,,,,,,,,,,,,,,,,,,,,,other,,,,,,,,,,,,,,,,,,,,,,,,,,,,,,,
17718,4,1,0,20,Preschool (2 to 5 years) Immediate Openings,1,2 to 5 years,5,540,900,30.0,English,"Part time, School year only","Breakfast, Lunch, PM Snack, Child Care Food Program (CCFP)",Head Start,3 years - 5 years,36,60,,,,,,English,,,,,,,,,,,,,,,,Breakfast,Child Care Food Program (CCFP),,Lunch,PM Snack,,,,,,,Part time,,School year only,,,,,Head Start,,,,,,,,,,,,,,,,,,,,,,,,,,,,,,,,,,,,,,,,,,,,,,,,,,,,other,,,,,,,,,,,,,,,,,,,,,,,,,,,,,,,
2879,5,,0,24,Preschool (2 to 5 years)Contact provider for details,,2 to 5 years,5,480,690,17.5,"English, Spanish","Part time, School year only",Child Care Food Program (CCFP),CA State Preschool Program,3 years - 5 years,36,60,,,,,,English,,,,,,,,,,,,Spanish,,,,,Child Care Food Program (CCFP),,,,,,,,,,Part time,,School year only,,,,CA State Preschool Program,,,,,,,,,,,,,,,,,,,,,,,,,,,,,,,,,,,,,,,,,,,,,,,,,,,,,other,,,,,,,,,,,,,,,,,,,,,,,,,,,,,,,
13016,4,1,0,80,Preschool (2 to 5 years)Contact provider for details,,2 to 5 years,5,435,1020,48.75,"English, Spanish",other,"Breakfast, AM Snack, Lunch, PM Snack, Child Care Food Program (CCFP)","Other Child Care and Development Program funded by the CDE, Accepts Subsidized Payment",1 years - 5 years,12,60,,,,,,English,,,,,,,,,,,,Spanish,,,AM Snack,Breakfast,Child Care Food Program (CCFP),,Lunch,PM Snack,,,,,Full Time,Full year,Part time,Rotating Schedule,School year only,Seasonal,Summer only,Accepts Subsidized Payment,,,Other Child Care and Development Program funded by the CDE,,,,,Child Development,,,,,,,,,,,,,,,,,,,,Special Needs,Subsidize,,,,,,,,,,,,,,,,,,,,,,,,,other,,,,,,,,,,,,,,,,,,,,,,,,,,,,,,,
10225,4,1,0,24,Preschool (2 to 5 years)No Openings,0,2 to 5 years,,,,,English,"Full Time, Full year",Not provided,Accepts Subsidized Payment,0 months - 11 months,0,11,,,,,,English,,,,,,,,,,,,,,,,,,,,,,,,,Full Time,Full year,,,,,,Accepts Subsidized Payment,,,,,,,,,,,,,,,,,,,,,,,,,,,,,,,,,,,,,,,,,,,,,,,,,,,,,,,,,,,,,,,,,,,,,,,,,,,,,,,,,,,,,
10365,5,,0,48,Preschool (2 to 5 years)Contact provider for details,,2 to 5 years,5,495,675,15.0,"English, Spanish","Part time, School year only","Breakfast, Lunch, Child Care Food Program (CCFP)",CA State Preschool Program,3 years - 5 years,36,60,,,,,,English,,,,,,,,,,,,Spanish,,,,Breakfast,Child Care Food Program (CCFP),,Lunch,,,,,,,,Part time,,School year only,,,,CA State Preschool Program,,,,Academic,Art based,Bilingual,Child Development,Child Directed,,,COVID-19 Emergency Response Care,Developmentally Appropriate Practices,High Scope,Homework/Study time,Kindergarten,,,other,Parent Involvement,Play based,Playgroup,Potty training,Pre-kindergarten/Preschool,Project based,,,Special Needs,,,,,,,,,,,,,,,,,,,,,,,,,,other,,,,,,,,,,,,,,,,,,,,,,,,,,,,,,,
2709,4,1,0,94,Infants (0 to 23 months)Contact provider for details Preschool (2 to 5 years)Contact provider for details,,0 to 23 months,5,450,1020,47.5,other,"Full Time, Part time, Full year, School year only, Summer only","Car, Child Care Food Program (CCFP)","Head Start, Other Child Care and Development Program funded by the CDE, Accepts Subsidized Payment",0 months - 5 years,0,60,,,,,,English,,,Hindi,,,,other,,,,,Spanish,,,,,Child Care Food Program (CCFP),,,,,,,,Full Time,Full year,Part time,,School year only,,Summer only,Accepts Subsidized Payment,,Head Start,Other Child Care and Development Program funded by the CDE,,,,,,,Co-op,,,,,,,,,,,,,,,,,,,,,Bus,Car,Walking,,,,,,,,,,,,,,,,,,,,,other,,,,,,,,,,,,,,,,,,,,,,,,,,,,,,,
7876,4,1,0,253,Infants (0 to 23 months)Contact provider for details Preschool (2 to 5 years)Contact provider for details School Age (6 years and older)Contact provider for details,,0 to 23 months,5,420,1050,52.5,English,other,other,Accepts Subsidized Payment,other,3,144,,,,,,English,,,,,,,,,,,,,,,AM Snack,Breakfast,Child Care Food Program (CCFP),,,PM Snack,After School,Before School,Drop in,Evening,Full Time,Full year,Part time,Rotating Schedule,School year only,,Summer only,Accepts Subsidized Payment,,,,,,,,,,,,,,,,,,,,,,,,,,,,,,,,,,,,,Fr 07:00 AM - 05:30 PM,,,,,,,,,Mo 07:00 AM - 05:30 PM,,,,,,,,,,,,Th 07:00 AM - 05:30 PM,,,,,,,,,,,Tu 07:00 AM - 05:30 PM,,,,,,,,,We 07:00 AM - 05:30 PM,,,,,,,
17889,3,0,0,116,Infants (0 to 23 months)Contact provider for details Preschool (2 to 5 years)Contact provider for details School Age (6 years and older)Contact provider for details,,0 to 23 months,5,420,1080,55.0,English,other,Not provided,Accepts Subsidized Payment,2 years - 12 years,24,144,,,,,,English,,,,,,,,,,,,,,,,,,,,,After School,Before School,,Evening,Full Time,Full year,Part time,,School year only,,Summer only,Accepts Subsidized Payment,,,,,,,,,,,,,,,,,,,,,,,,,,,,,,,,,,,,,,Fr 07:00 AM - 06:00 PM,,,,,,,,,Mo 07:00 AM - 06:00 PM,,,,,,,,,,,,Th 07:00 AM - 06:00 PM,,,,,,,,,,,Tu 07:00 AM - 06:00 PM,,,,,,,,,We 07:00 AM - 06:00 PM,,,,,,
7465,4,0,0,48,Preschool (2 to 5 years)Contact provider for details,,2 to 5 years,5,480,660,15.0,English,"Part time, School year only","Breakfast, Lunch",Accepts Subsidized Payment,2 years - 5 years,24,60,,,,,,English,,,,,,,,,,,,,,,,Breakfast,,,Lunch,,,,,,,,Part time,,School year only,,,Accepts Subsidized Payment,,,,,,,,,,,,,,,,,,,,,,,,,,,,,,,,,,,,,,,,,Fr 08:00 AM - 11:00 AM,,,,,,,,,,,Mo 08:00 AM - 11:00 AM,,,,,,,,,,,,Th 08:00 AM - 11:00 AM,,,,,,,,,,Tu 08:00 AM - 11:00 AM,,,,,,,,,We 08:00 AM - 11:00 AM,,
8227,2,1,0,102,Preschool (2 to 5 years) Immediate Openings,1,2 to 5 years,5,390,1080,57.5,"English, Spanish, Tagalog","Full Time, Part time, Drop in, Rotating Schedule, Full year, School year only, Summer only","AM Snack, PM Snack",Accepts Subsidized Payment,3 years - 5 years,36,60,,,,,,English,,,,,,,,,,,,Spanish,Tagalog,,AM Snack,,,,,PM Snack,,,Drop in,,Full Time,Full year,Part time,Rotating Schedule,School year only,,Summer only,Accepts Subsidized Payment,,,,,Academic,,,,,,,,,,,,,,,,,,,,,,Religious,,,,,,,,Fr 06:30 AM - 06:00 PM,,,,,,,,,Mo 06:30 AM - 06:00 PM,,,,,,,,,,,,Th 06:30 AM - 06:00 PM,,,,,,,,,,,Tu 06:30 AM - 06:00 PM,,,,,,,,,,We 06:30 AM - 06:00 PM,,,,,,,,
2173,3,0,0,179,Infants (0 to 23 months)Contact provider for details Preschool (2 to 5 years)Contact provider for details,,0 to 23 months,5,360,1080,60.0,English,"Full Time, Part time, Full year, School year only, Summer only","AM Snack, PM Snack",Accepts Subsidized Payment,1 months - 5 years,1,60,,,,,,English,,,,,,,,,,,,,,,AM Snack,,,,,PM Snack,,,,,Full Time,Full year,Part time,,School year only,,Summer only,Accepts Subsidized Payment,,,,,,,,,,,,,,,,,,,,,,,,,,,,,,,,,,Fr 06:00 AM - 06:00 PM,,,,,,,,,Mo 06:00 AM - 06:00 PM,,,,,,,,,,,,Th 06:00 AM - 06:00 PM,,,,,,,,,,,Tu 06:00 AM - 06:00 PM,,,,,,,,,,We 06:00 AM - 06:00 PM,,,,,,,,,
19127,3,0,0,100,Preschool (2 to 5 years)Contact provider for details,,2 to 5 years,5,420,1080,55.0,"English, Spanish","Full Time, Part time, Full year","AM Snack, Lunch, PM Snack, Child Care Food Program (CCFP)",Accepts Subsidized Payment,2 years - 5 years,24,60,,,,,,English,,,,,,,,,,,,Spanish,,,AM Snack,,Child Care Food Program (CCFP),,Lunch,PM Snack,,,,,Full Time,Full year,Part time,,,,,Accepts Subsidized Payment,,,,,,,,,,,,,,,,,,,,,,,,,,,,,,,,,,,,,,Fr 07:00 AM - 06:00 PM,,,,,,,,,Mo 07:00 AM - 06:00 PM,,,,,,,,,,,,Th 07:00 AM - 06:00 PM,,,,,,,,,,,Tu 07:00 AM - 06:00 PM,,,,,,,,,We 07:00 AM - 06:00 PM,,,,,,
18480,4,1,0,110,Infants (0 to 23 months)Contact provider for details Preschool (2 to 5 years)Contact provider for details,,0 to 23 months,5,450,1050,50.0,"English, Spanish, Vietnamese","Full Time, Full year","Car, Child Care Food Program (CCFP)","CA State Preschool Program, Other Child Care and Development Program funded by the CDE, Accepts Subsidized Payment",1 years - 5 years,12,60,,,,,,English,,,,,,,,,,,,Spanish,,Vietnamese,,,Child Care Food Program (CCFP),,,,,,,,Full Time,Full year,,,,,,Accepts Subsidized Payment,CA State Preschool Program,,Other Child Care and Development Program funded by the CDE,,,,,,,,,,,,,,,,,,,,,,,,,,,,Bus,Car,Walking,,,,,,Fr 07:30 AM - 05:30 PM,,,,,,,,,,Mo 07:30 AM - 05:30 PM,,,,,,,,,,,,Th 07:30 AM - 05:30 PM,,,,,,,,,,Tu 07:30 AM - 05:30 PM,,,,,,,,,We 07:30 AM - 05:30 PM,,,,,
12194,4,0,0,68,Preschool (2 to 5 years)Contact provider for details,,2 to 5 years,5,480,885,33.75,"English, Spanish","Part time, School year only",Not provided,Accepts Subsidized Payment,3 years - 4 years,36,48,,,,,,English,,,,,,,,,,,,Spanish,,,,,,,,,,,,,,,Part time,,School year only,,,Accepts Subsidized Payment,,,,,,,,,,,,,,,,,,,,,,,,,,,,,,,,,,,,,,,,,,,,,,,,,,,,,,other,,,,,,,,,,,,,,,,,,,,,,,,,,,,,,,
7230,4,0,0,38,Infants (0 to 23 months)Contact provider for details Preschool (2 to 5 years)Contact provider for details,,0 to 23 months,5,450,1050,50.0,"English, Spanish",other,"Breakfast, Lunch, PM Snack","Head Start, Accepts Subsidized Payment",1 months - 5 years,1,60,,,,,,English,,,,,,,,,,,,Spanish,,,,Breakfast,,,Lunch,PM Snack,,,Drop in,,Full Time,Full year,Part time,,School year only,Seasonal,Summer only,Accepts Subsidized Payment,,Head Start,,,,,,,,,,,,,,,,,,,,,,,,,,,Subsidize,,,,,,,,,,Fr 07:30 AM - 05:30 PM,,,,,,,,,,Mo 07:30 AM - 05:30 PM,,,,,,,,,,,,Th 07:30 AM - 05:30 PM,,,,,,,,,,Tu 07:30 AM - 05:30 PM,,,,,,,,,We 07:30 AM - 05:30 PM,,,,,
3376,5,1,0,24,Preschool (2 to 5 years)Contact provider for details,,2 to 5 years,5,495,720,18.75,"English, Spanish","Part time, School year only","AM Snack, Lunch","CA State Preschool Program, Accepts Subsidized Payment",3 years - 5 years,36,60,,,,,,English,,,,,,,,,,,,Spanish,,,AM Snack,,,,Lunch,,,,,,,,Part time,,School year only,,,Accepts Subsidized Payment,CA State Preschool Program,,,,,,,,,,,,,,,,,,,,,,,,,,,Special Needs,Subsidize,,,,,,,,,,,,,,,,,,,,,,,,,other,,,,,,,,,,,,,,,,,,,,,,,,,,,,,,,
2042,5,0,0,24,Preschool (2 to 5 years)Contact provider for details,,2 to 5 years,5,485,890,33.75,"English, Spanish","Part time, School year only","Breakfast, Lunch",CA State Preschool Program,3 years - 5 years,36,60,,,,,,English,,,,,,,,,,,,Spanish,,,,Breakfast,,,Lunch,,,,,,,,Part time,,School year only,,,,CA State Preschool Program,,,,,,,Child Development,,,,,,,,,,No Pets,,,,,,,,,,,Subsidize,,,Car,Walking,,,,,,,,,,,,,,,,,,,,,other,,,,,,,,,,,,,,,,,,,,,,,,,,,,,,,
14726,4,0,0,22,Preschool (2 to 5 years)No Openings,0,2 to 5 years,5,420,1080,55.0,English,"Full Time, Part time, Before School, After School, Full year, School year only, Summer only",Breakfast,Accepts Subsidized Payment,6 years - 12 years,72,144,,,,,,English,,,,,,,,,,,,,,,,Breakfast,,,,,After School,Before School,,,Full Time,Full year,Part time,,School year only,,Summer only,Accepts Subsidized Payment,,,,,,,,,,,,,,,,,,,,,,,,,,,,,,,,,,,,,,Fr 07:00 AM - 06:00 PM,,,,,,,,,Mo 07:00 AM - 06:00 PM,,,,,,,,,,,,Th 07:00 AM - 06:00 PM,,,,,,,,,,,Tu 07:00 AM - 06:00 PM,,,,,,,,,We 07:00 AM - 06:00 PM,,,,,,
1465,5,0,0,24,Preschool (2 to 5 years)Contact provider for details,,2 to 5 years,5,420,1080,55.0,English,other,Breakfast,Accepts Subsidized Payment,0 months - 11 months,0,11,,,,,,English,,,,,,,,,,,,,,,,Breakfast,,,,,After School,,,,Full Time,Full year,Part time,,School year only,,Summer only,Accepts Subsidized Payment,,,,,,,,,,,,,,,,,,,,,,,,,,,,,,,,,,,,,,Fr 07:00 AM - 06:00 PM,,,,,,,,,Mo 07:00 AM - 06:00 PM,,,,,,,,,,,,Th 07:00 AM - 06:00 PM,,,,,,,,,,,Tu 07:00 AM - 06:00 PM,,,,,,,,,We 07:00 AM - 06:00 PM,,,,,,
15933,4,1,0,24,Preschool (2 to 5 years)Contact provider for details,,2 to 5 years,5,480,690,17.5,"English, Spanish","Part time, School year only","Breakfast, Lunch",Accepts Subsidized Payment,2 years - 5 years,24,60,,,,,,English,,,,,,,,,,,,Spanish,,,,Breakfast,,,Lunch,,,,,,,,Part time,,School year only,,,Accepts Subsidized Payment,,,,,,,,,,,,,,,,,,,,,,,,,,,,,,,,,,,,,,,,,,,,,,,,,,,,,,other,,,,,,,,,,,,,,,,,,,,,,,,,,,,,,,
18191,4,1,0,20,Preschool (2 to 5 years)Contact provider for details,,2 to 5 years,5,510,720,15.0,"English, Spanish","Part time, School year only","AM Snack, PM Snack",CA State Preschool Program,2 years - 5 years,24,60,,,,,,English,,,,,,,,,,,,Spanish,,,AM Snack,,,,,PM Snack,,,,,,,Part time,,School year only,,,,CA State Preschool Program,,,,,,,Child Development,,,,,Developmentally Appropriate Practices,,,,,,,,Play based,,,Pre-kindergarten/Preschool,,,,Special Needs,,,,,,,,,,,,,,Fr 08:30 AM - 11:30 AM,,,,,,,,,,,Mo 08:30 AM - 11:30 AM,other,,,,,,,,,,,Th 08:30 AM - 11:30 AM,,,,,,,,,,,,,,,,,,,We 08:30 AM - 11:30 AM,
1551,5,0,0,40,Preschool (2 to 5 years)No Openings,0,2 to 5 years,5,465,660,15.25,"English, Spanish","Part time, Full year","Breakfast, AM Snack, Lunch, PM Snack",,3 years - 5 years,36,60,,,,,,English,,,,,,,,,,,,Spanish,,,AM Snack,Breakfast,,,Lunch,PM Snack,,,,,,Full year,Part time,,,,,,,,,,,,,,,,,,,,,,,,,,,,,,,,,,,,,,,,,,,,,,Fr 08:00 AM - 11:00 AM,,,,,,,,,,,,,other,,,,,,,,,,Th 08:00 AM - 11:00 AM,,,,,,,,,,Tu 08:00 AM - 11:00 AM,,,,,,,,,We 08:00 AM - 11:00 AM,,
10389,4,1,0,24,Preschool (2 to 5 years)Contact provider for details,,2 to 5 years,5,495,885,32.5,English,"Full Time, School year only","Breakfast, Lunch, PM Snack, Child Care Food Program (CCFP)","Head Start, CA State Preschool Program",2 years - 5 years,24,60,,,,,,English,,,,,,,,,,,,,,,,Breakfast,Child Care Food Program (CCFP),,Lunch,PM Snack,,,,,Full Time,,,,School year only,,,,CA State Preschool Program,Head Start,,,,,,Child Development,Child Directed,,,,Developmentally Appropriate Practices,,,,,,,Parent Involvement,Play based,,,Pre-kindergarten/Preschool,,,,,,,,,,,,,,,,,,,,,,,,,,,,,,other,,,,,,,,,,,,,,,,,,,,,,,,,,,,,,,
19095,3,1,0,30,Preschool (2 to 5 years)Contact provider for details,,2 to 5 years,5,465,1080,51.25,"English, Spanish, Vietnamese","Full Time, Part time, School year only","AM Snack, PM Snack",Accepts Subsidized Payment,3 years - 5 years,36,60,,,,,,English,,,,,,,,,,,,Spanish,,Vietnamese,AM Snack,,,,,PM Snack,,,,,Full Time,,Part time,,School year only,,,Accepts Subsidized Payment,,,,,,Art based,Bilingual,Child Development,,,,,,,,,,,,,Play based,,,,,,,,,,Bus,,,,,,,,,,,,,,,,,,,,,,,other,,,,,,,,,,,,,,,,,,,,,,,,,,,,,,,
8673,4,1,0,16,Preschool (2 to 5 years)Contact provider for details,,2 to 5 years,5,510,690,15.0,English,"Part time, School year only","AM Snack, Child Care Food Program (CCFP)","CA State Preschool Program, Accepts Subsidized Payment",3 years - 5 years,36,60,,,,,,English,,,,,,,,,,,,,,,AM Snack,,Child Care Food Program (CCFP),,,,,,,,,,Part time,,School year only,,,Accepts Subsidized Payment,CA State Preschool Program,,,,Academic,,,Child Development,,,,,,,,,,,,,,,,,,,,,,,,,,,,,,,,,,Fr 08:30 AM - 11:30 AM,,,,,,,,,,,Mo 08:30 AM - 11:30 AM,,,,,,,,,,,,Th 08:30 AM - 11:30 AM,,,,,,,,,,Tu 08:30 AM - 11:30 AM,,,,,,,,,We 08:30 AM - 11:30 AM,
1582,4,1,0,190,Preschool (2 to 5 years)Contact provider for details,,2 to 5 years,5,480,1005,43.75,other,"Full Time, Part time, Full year, School year only","Breakfast, AM Snack, Lunch, PM Snack, Child Care Food Program (CCFP)","CA State Preschool Program, Other Child Care and Development Program funded by the CDE, Accepts Subsidized Payment",3 years - 5 years,36,60,,Arabic,,,Chinese (Other),English,Farsi,,,,,,other,,,,,Spanish,Tagalog,,AM Snack,Breakfast,Child Care Food Program (CCFP),,Lunch,PM Snack,,,,,Full Time,Full year,Part time,,School year only,,,Accepts Subsidized Payment,CA State Preschool Program,,Other Child Care and Development Program funded by the CDE,,,,Bilingual,Child Development,,,,,,,,,,,,,,,,,,,,,,,,,,,,,,,,,,,,,,,,,,,,,,other,,,,,,,,,,,,,,,,,,,,,,,,,,,,,,,
19065,4,1,0,102,Preschool (2 to 5 years)Contact provider for details,,2 to 5 years,5,480,930,37.5,"Arabic, English, Spanish","Full Time, Part time, Full year","Breakfast, AM Snack, Lunch, PM Snack, Child Care Food Program (CCFP)","CA State Preschool Program, Other Child Care and Development Program funded by the CDE, Accepts Subsidized Payment",2 years - 5 years,24,60,,Arabic,,,,English,,,,,,,,,,,,Spanish,,,AM Snack,Breakfast,Child Care Food Program (CCFP),,Lunch,PM Snack,,,,,Full Time,Full year,Part time,,,,,Accepts Subsidized Payment,CA State Preschool Program,,Other Child Care and Development Program funded by the CDE,,,,,Child Development,,,,,,,,,,,,,,,,,,,,,,,,,,,,,,,,,,,,,,,,,,,,,,other,,,,,,,,,,,,,,,,,,,,,,,,,,,,,,,
13089,4,0,0,36,Preschool (2 to 5 years)Contact provider for details,,2 to 5 years,5,360,1080,60.0,English,"Full Time, School year only",Not provided,Accepts Subsidized Payment,3 years - 5 years,36,60,,,,,,English,,,,,,,,,,,,,,,,,,,,,,,,,Full Time,,,,School year only,,,Accepts Subsidized Payment,,,,,,,,,,,,,,,,,,,,,,,,,,,,,,,,,,Fr 06:00 AM - 06:00 PM,,,,,,,,,Mo 06:00 AM - 06:00 PM,,,,,,,,,,,,Th 06:00 AM - 06:00 PM,,,,,,,,,,,Tu 06:00 AM - 06:00 PM,,,,,,,,,,We 06:00 AM - 06:00 PM,,,,,,,,,
15375,4,1,0,215,Preschool (2 to 5 years)Contact provider for details,,2 to 5 years,5,450,990,43.5,"English, Spanish, Tagalog","Full Time, Part time, Full year, School year only, Summer only","Breakfast, AM Snack, Lunch, PM Snack, Child Care Food Program (CCFP)",other,2 years - 5 years,24,60,,,,,,English,,,,,,,,,,,,Spanish,Tagalog,,AM Snack,Breakfast,Child Care Food Program (CCFP),,Lunch,PM Snack,,,,,Full Time,Full year,Part time,,School year only,,Summer only,Accepts Subsidized Payment,,Head Start,Other Child Care and Development Program funded by the CDE,Other Public Contract,,,Bilingual,Child Development,Child Directed,,,COVID-19 Emergency Response Care,Developmentally Appropriate Practices,High Scope,,,,,,Parent Involvement,,,Potty training,Pre-kindergarten/Preschool,,,,,,,,,,,,,,,,,,,,,,,,Mo 07:30 AM - 04:30 PM,,,,,,other,,,,,,Th 07:30 AM - 04:30 PM,,,,,,,,,,,,,,,,,,,,,,,,,
14553,4,1,0,81,Infants (0 to 23 months)Contact provider for details Preschool (2 to 5 years)Contact provider for details,,0 to 23 months,5,480,1080,50.0,English,"Full Time, Full year","AM Snack, Lunch, PM Snack",Accepts Subsidized Payment,1 years - 5 years,12,60,,,,,,English,,,,,,,,,,,,,,,AM Snack,,,,Lunch,PM Snack,,,,,Full Time,Full year,,,,,,Accepts Subsidized Payment,,,,,,Art based,,,,,,,,,,,,,,,,,,,,Reggio Emilia,,,,,Bus,,,,,,,,,,,,,,,,,,,,,,,other,,,,,,,,,,,,,,,,,,,,,,,,,,,,,,,
16351,5,0,1,50,Preschool (2 to 5 years)Contact provider for details,,2 to 5 years,5,420,1050,52.5,"English, Spanish","Full Time, Part time, Full year","Breakfast, Lunch, PM Snack, Child Care Food Program (CCFP)",Head Start,2 years - 5 years,24,60,National Association for the Education of Young Children,,,,,English,,,,,,,,,,,,Spanish,,,,Breakfast,Child Care Food Program (CCFP),,Lunch,PM Snack,,,,,Full Time,Full year,Part time,,,,,,,Head Start,,,,,,Child Development,,,,,,,,,,,,,,,,,,,,,,,,,,,,,Fr 07:00 AM - 05:30 PM,,,,,,,,,Mo 07:00 AM - 05:30 PM,,,,,,,,,,,,Th 07:00 AM - 05:30 PM,,,,,,,,,,,Tu 07:00 AM - 05:30 PM,,,,,,,,,We 07:00 AM - 05:30 PM,,,,,,,
8168,5,0,0,24,Preschool (2 to 5 years)Contact provider for details,,2 to 5 years,5,480,660,15.0,"English, Spanish, Other","Part time, School year only",Lunch,"CA State Preschool Program, Accepts Subsidized Payment",3 years - 5 years,36,60,,,,,,English,,,,,,,other,,,,,Spanish,,,,,,,Lunch,,,,,,,,Part time,,School year only,,,Accepts Subsidized Payment,CA State Preschool Program,,,,,,,Child Development,,,,,,,,,,,,,,,,,,,,,Subsidize,,,,Walking,,,,,,,,Fr 08:00 AM - 11:00 AM,,,,,,,,,,,Mo 08:00 AM - 11:00 AM,,,,,,,,,,,,Th 08:00 AM - 11:00 AM,,,,,,,,,,Tu 08:00 AM - 11:00 AM,,,,,,,,,We 08:00 AM - 11:00 AM,,
6071,5,0,0,23,Preschool (2 to 5 years)Contact provider for details,,2 to 5 years,5,480,660,15.0,other,"Part time, School year only","Breakfast, Lunch","CA State Preschool Program, Accepts Subsidized Payment",3 years - 5 years,36,60,,Arabic,,,,English,,,,,,,,,,,,,,,,Breakfast,,,Lunch,,,,,,,,Part time,,School year only,,,Accepts Subsidized Payment,CA State Preschool Program,,,,,,,,,,,,,,,,,,,,,,,,,,,,Subsidize,,,,,,,,,,,,Fr 08:00 AM - 11:00 AM,,,,,,,,,,,Mo 08:00 AM - 11:00 AM,,,,,,,,,,,,Th 08:00 AM - 11:00 AM,,,,,,,,,,Tu 08:00 AM - 11:00 AM,,,,,,,,,We 08:00 AM - 11:00 AM,,
3001,5,0,0,24,Preschool (2 to 5 years)Contact provider for details,,2 to 5 years,5,510,690,15.0,English,"Part time, School year only","Breakfast, Lunch","CA State Preschool Program, Accepts Subsidized Payment",3 years - 5 years,36,60,,,,,,English,,,,,,,,,,,,,,,,Breakfast,,,Lunch,,,,,,,,Part time,,School year only,,,Accepts Subsidized Payment,CA State Preschool Program,,,,,,,,,,,,,,,,,,,,,,,,,,,,Subsidize,,,,Walking,,,,,,,,,Fr 08:30 AM - 11:30 AM,,,,,,,,,,,Mo 08:30 AM - 11:30 AM,,,,,,,,,,,,Th 08:30 AM - 11:30 AM,,,,,,,,,,Tu 08:30 AM - 11:30 AM,,,,,,,,,We 08:30 AM - 11:30 AM,
5858,4,0,0,24,Preschool (2 to 5 years)Contact provider for details,,2 to 5 years,5,480,660,15.0,"English, Spanish","Part time, School year only","Breakfast, Lunch","CA State Preschool Program, Accepts Subsidized Payment",3 years - 5 years,36,60,,,,,,English,,,,,,,,,,,,Spanish,,,,Breakfast,,,Lunch,,,,,,,,Part time,,School year only,,,Accepts Subsidized Payment,CA State Preschool Program,,,,,,,,,,,,,,,,,,,,,,,,,,,,Subsidize,Virtual/Distance Learning,,,,,,,,,,,Fr 08:00 AM - 11:00 AM,,,,,,,,,,,Mo 08:00 AM - 11:00 AM,,,,,,,,,,,,Th 08:00 AM - 11:00 AM,,,,,,,,,,Tu 08:00 AM - 11:00 AM,,,,,,,,,We 08:00 AM - 11:00 AM,,
16095,5,0,0,24,Preschool (2 to 5 years)Contact provider for details,,2 to 5 years,5,480,660,15.0,"English, Spanish","Part time, School year only","Breakfast, Lunch","CA State Preschool Program, Accepts Subsidized Payment",3 years - 5 years,36,60,,,,,,English,,,,,,,,,,,,Spanish,,,,Breakfast,,,Lunch,,,,,,,,Part time,,School year only,,,Accepts Subsidized Payment,CA State Preschool Program,,,,,,,Child Development,,,,,,,,,,,,,,,,,,,,,Subsidize,,,,Walking,,,,,,,,Fr 08:00 AM - 11:00 AM,,,,,,,,,,,Mo 08:00 AM - 11:00 AM,,,,,,,,,,,,Th 08:00 AM - 11:00 AM,,,,,,,,,,Tu 08:00 AM - 11:00 AM,,,,,,,,,We 08:00 AM - 11:00 AM,,
13876,5,1,0,23,Preschool (2 to 5 years)Contact provider for details,,2 to 5 years,5,480,660,15.0,"English, Spanish, Other","Part time, School year only","Breakfast, Lunch","CA State Preschool Program, Accepts Subsidized Payment",3 years - 5 years,36,60,,,,,,English,,,,,,,other,,,,,Spanish,,,,Breakfast,,,Lunch,,,,,,,,Part time,,School year only,,,Accepts Subsidized Payment,CA State Preschool Program,,,,,,,,,,,,,,,,,,,,,,,,,,,Special Needs,Subsidize,,,,,,,,,,,,Fr 08:00 AM - 11:00 AM,,,,,,,,,,,Mo 08:00 AM - 11:00 AM,,,,,,,,,,,,Th 08:00 AM - 11:00 AM,,,,,,,,,,Tu 08:00 AM - 11:00 AM,,,,,,,,,We 08:00 AM - 11:00 AM,,
9091,5,0,0,23,Preschool (2 to 5 years)Contact provider for details,,2 to 5 years,5,480,660,15.0,"English, Spanish","Part time, School year only","Breakfast, Lunch","CA State Preschool Program, Accepts Subsidized Payment",3 years - 5 years,36,60,,,,,,English,,,,,,,,,,,,Spanish,,,,Breakfast,,,Lunch,,,,,,,,Part time,,School year only,,,Accepts Subsidized Payment,CA State Preschool Program,,,,,,,Child Development,,,,,,,,,,,,,,,,,,,,,Subsidize,,,,,,,,,,,,Fr 08:00 AM - 11:00 AM,,,,,,,,,,,Mo 08:00 AM - 11:00 AM,,,,,,,,,,,,Th 08:00 AM - 11:00 AM,,,,,,,,,,Tu 08:00 AM - 11:00 AM,,,,,,,,,We 08:00 AM - 11:00 AM,,
11449,5,0,0,23,Preschool (2 to 5 years)Contact provider for details,,2 to 5 years,5,480,660,15.0,"English, Spanish","Part time, School year only",Lunch,"CA State Preschool Program, Accepts Subsidized Payment",3 years - 5 years,36,60,,,,,,English,,,,,,,,,,,,Spanish,,,,,,,Lunch,,,,,,,,Part time,,School year only,,,Accepts Subsidized Payment,CA State Preschool Program,,,,,,,,,,,,,,,,,,,,,,,,,,,,Subsidize,,,,Walking,,,,,,,,Fr 08:00 AM - 11:00 AM,,,,,,,,,,,Mo 08:00 AM - 11:00 AM,,,,,,,,,,,,Th 08:00 AM - 11:00 AM,,,,,,,,,,Tu 08:00 AM - 11:00 AM,,,,,,,,,We 08:00 AM - 11:00 AM,,
17522,4,1,0,24,Preschool (2 to 5 years)Contact provider for details,,2 to 5 years,4,480,660,12.0,"English, Spanish","Part time, School year only",Lunch,CA State Preschool Program,3 years - 5 years,36,60,,,,,,English,,,,,,,,,,,,Spanish,,,,,,,Lunch,,,,,,,,Part time,,School year only,,,,CA State Preschool Program,,,,,,,,,,,,Developmentally Appropriate Practices,,,,,,,,Play based,,,Pre-kindergarten/Preschool,,,,,,,,Car,Walking,,,,,,,,,,,,,,,,,,,Mo 08:00 AM - 11:00 AM,,,,,,,,,,,,Th 08:00 AM - 11:00 AM,,,,,,,,,,Tu 08:00 AM - 11:00 AM,,,,,,,,,We 08:00 AM - 11:00 AM,,
3850,1,1,0,60,Preschool (2 to 5 years)Contact provider for details,,2 to 5 years,5,390,1080,57.5,"English, Spanish",other,"Breakfast, Lunch, PM Snack",Accepts Subsidized Payment,2 years - 5 years,24,60,,,,,,English,,,,,,,,,,,,Spanish,,,,Breakfast,,,Lunch,PM Snack,,,,,Full Time,Full year,Part time,Rotating Schedule,,,,Accepts Subsidized Payment,,,,,,,,Child Development,,,,,Developmentally Appropriate Practices,,,,,,,,,,,,,,,,,,,,,,Fr 06:30 AM - 06:00 PM,,,,,,,,,Mo 06:30 AM - 06:00 PM,,,,,,,,,,,,Th 06:30 AM - 06:00 PM,,,,,,,,,,,Tu 06:30 AM - 06:00 PM,,,,,,,,,,We 06:30 AM - 06:00 PM,,,,,,,,
3432,4,1,0,30,Preschool (2 to 5 years)Contact provider for details,,2 to 5 years,5,495,885,32.5,English,"Full Time, School year only","Breakfast, Lunch, PM Snack, Child Care Food Program (CCFP)","Head Start, CA State Preschool Program, Other Child Care and Development Program funded by the CDE, Accepts Subsidized Payment",2 years - 5 years,24,60,,,,,,English,,,,,,,,,,,,,,,,Breakfast,Child Care Food Program (CCFP),,Lunch,PM Snack,,,,,Full Time,,,,School year only,,,Accepts Subsidized Payment,CA State Preschool Program,Head Start,Other Child Care and Development Program funded by the CDE,,,,,Child Development,,,,,Developmentally Appropriate Practices,,,,,,,Parent Involvement,Play based,,,Pre-kindergarten/Preschool,,,,Special Needs,,,,,,,,,,,,,,,,,,,,,,,,,,other,,,,,,,,,,,,,,,,,,,,,,,,,,,,,,,
7135,5,1,0,24,Preschool (2 to 5 years)Contact provider for details,,2 to 5 years,5,510,900,32.5,English,"Full Time, School year only","Breakfast, Lunch, PM Snack, Child Care Food Program (CCFP)","Head Start, CA State Preschool Program",2 years - 5 years,24,60,,,,,,English,,,,,,,,,,,,,,,,Breakfast,Child Care Food Program (CCFP),,Lunch,PM Snack,,,,,Full Time,,,,School year only,,,,CA State Preschool Program,Head Start,,,,,,Child Development,,,,,Developmentally Appropriate Practices,,,,,,,Parent Involvement,Play based,,Potty training,Pre-kindergarten/Preschool,,,,,,,,,,,,,,,,,,,,,,,,,,,,,,other,,,,,,,,,,,,,,,,,,,,,,,,,,,,,,,
2976,5,1,0,40,Preschool (2 to 5 years)Contact provider for details,,2 to 5 years,5,480,1020,45.0,"English, Spanish","Full Time, School year only","Breakfast, Lunch","Head Start, CA State Preschool Program, Accepts Subsidized Payment",3 years - 5 years,36,60,,,,,,English,,,,,,,,,,,,Spanish,,,,Breakfast,,,Lunch,,,,,,Full Time,,,,School year only,,,Accepts Subsidized Payment,CA State Preschool Program,Head Start,,,,,,Child Development,,,,,,High Scope,,,Montessori,,,,,,,,,Reggio Emilia,,Special Needs,Subsidize,,Bus,,,,,,,,,,,,,,,,,,,,,,,other,,,,,,,,,,,,,,,,,,,,,,,,,,,,,,,
19330,5,1,0,29,Preschool (2 to 5 years)Contact provider for details,,2 to 5 years,5,540,750,17.5,English,"Part time, School year only","Breakfast, AM Snack, Lunch, PM Snack","CA State Preschool Program, Accepts Subsidized Payment",2 years - 5 years,24,60,,,,,,English,,,,,,,,,,,,,,,AM Snack,Breakfast,,,Lunch,PM Snack,,,,,,,Part time,,School year only,,,Accepts Subsidized Payment,CA State Preschool Program,,,,,,,Child Development,,,,,,,,,,,,,,,,,,,,Special Needs,Subsidize,,,,Walking,,,,,,,,,,,,,,,,,,,,,other,,,,,,,,,,,,,,,,,,,,,,,,,,,,,,,
6033,4,1,0,85,Preschool (2 to 5 years)Contact provider for details,,2 to 5 years,5,480,660,15.0,"English, Spanish","Part time, Full year","Breakfast, AM Snack, Lunch, PM Snack, Child Care Food Program (CCFP)",Accepts Subsidized Payment,3 years - 5 years,36,60,,,,,,English,,,,,,,,,,,,Spanish,,,AM Snack,Breakfast,Child Care Food Program (CCFP),,Lunch,PM Snack,,,,,,Full year,Part time,,,,,Accepts Subsidized Payment,,,,,,,,,,,,,,,,,,,,,,,,,,,,,,,,,,,,,,,,,Fr 08:00 AM - 11:00 AM,,,,,,,,,,,Mo 08:00 AM - 11:00 AM,,,,,,,,,,,,Th 08:00 AM - 11:00 AM,,,,,,,,,,Tu 08:00 AM - 11:00 AM,,,,,,,,,We 08:00 AM - 11:00 AM,,
1626,4,1,0,24,Preschool (2 to 5 years)No Openings,0,2 to 5 years,5,480,915,36.25,"English, Spanish","Full Time, Part time, Drop in, Rotating Schedule, Full year, School year only, Summer only",other,Accepts Subsidized Payment,4 years - 12 years,48,144,,,,,,English,,,,,,,,,,,,Spanish,,,,,,,,PM Snack,,,Drop in,,Full Time,Full year,Part time,Rotating Schedule,School year only,,Summer only,Accepts Subsidized Payment,,,,,Academic,,,,,,,,,,,,,,,,,,,,,,,,,,,,,,,,,,,,,,,,,,,,,,,,,other,,,,,,,,,,,,,,,,,,,,,,,,,,,,,,,
16115,4,0,0,48,Preschool (2 to 5 years)No Openings,0,2 to 5 years,5,480,915,36.25,other,"Part time, Full year","AM Snack, Lunch, PM Snack",Accepts Subsidized Payment,2 years - 5 years,24,60,,,,,Chinese (Other),English,,,,,,,,,,,,,,,AM Snack,,,,Lunch,PM Snack,,,,,,Full year,Part time,,,,,Accepts Subsidized Payment,,,,,,,,,,,,,,,,,,,,,,,,,,,,,,,,,,,,,,,,,,,,,,,,,,,,,,other,,,,,,,,,,,,,,,,,,,,,,,,,,,,,,,
3525,4,0,0,24,Preschool (2 to 5 years)Contact provider for details,,2 to 5 years,5,470,905,36.25,English,"Full Time, Full year",Not provided,Accepts Subsidized Payment,2 years - 5 years,24,60,,,,,,English,,,,,,,,,,,,,,,,,,,,,,,,,Full Time,Full year,,,,,,Accepts Subsidized Payment,,,,,,,,,,,,,,,,,,,,,,,,,,,,,,,,,,,,,,,,,,,,,,,,,,,,,,other,,,,,,,,,,,,,,,,,,,,,,,,,,,,,,,
3636,4,1,0,37,Preschool (2 to 5 years)Contact provider for details,,2 to 5 years,5,480,900,35.0,"English, Spanish","Full Time, Part time, School year only","Breakfast, Lunch","Head Start, Accepts Subsidized Payment",3 years - 5 years,36,60,,,,,,English,,,,,,,,,,,,Spanish,,,,Breakfast,,,Lunch,,,,,,Full Time,,Part time,,School year only,,,Accepts Subsidized Payment,,Head Start,,,,,,,,,,,,,,,,,,,,,,,,,,Special Needs,Subsidize,,,,,,,,,,,Fr 08:00 AM - 03:00 PM,,,,,,,,,,Mo 08:00 AM - 03:00 PM,,,,,,,,,,,,Th 08:00 AM - 03:00 PM,,,,,,,,,,Tu 08:00 AM - 03:00 PM,,,,,,,,,We 08:00 AM - 03:00 PM,,,,
14634,4,1,0,98,Preschool (2 to 5 years)Contact provider for details,,2 to 5 years,5,420,1020,50.0,"English, Spanish","Full Time, Part time, School year only","Breakfast, Lunch, PM Snack","Head Start, Accepts Subsidized Payment",2 years - 5 years,24,60,,,,,,English,,,,,,,,,,,,Spanish,,,,Breakfast,,,Lunch,PM Snack,,,,,Full Time,,Part time,,School year only,,,Accepts Subsidized Payment,,Head Start,,,,,,,,,,,,,,,,,,,,,,,,,,Special Needs,Subsidize,,,,,,,Fr 07:00 AM - 05:00 PM,,,,,,,,,Mo 07:00 AM - 05:00 PM,,,,,,,,,other,,,Th 07:00 AM - 05:00 PM,,,,,,,,,,,Tu 07:00 AM - 05:00 PM,,,,,,,,,,,,,,,,,
8621,4,0,0,98,Infants (0 to 23 months)Contact provider for details Preschool (2 to 5 years)Contact provider for details,,0 to 23 months,5,420,1080,55.0,"English, Spanish","Full Time, Part time, Full year","Breakfast, AM Snack, Lunch, PM Snack",Accepts Subsidized Payment,0 months - 5 years,0,60,,,,,,English,,,,,,,,,,,,Spanish,,,AM Snack,Breakfast,,,Lunch,PM Snack,,,,,Full Time,Full year,Part time,,,,,Accepts Subsidized Payment,,,,,,,,,,,,,,,,,,,,,,,,,,,,,,,,,,,,,,Fr 07:00 AM - 06:00 PM,,,,,,,,,Mo 07:00 AM - 06:00 PM,,,,,,,,,,,,Th 07:00 AM - 06:00 PM,,,,,,,,,,,Tu 07:00 AM - 06:00 PM,,,,,,,,,We 07:00 AM - 06:00 PM,,,,,,
13612,4,0,0,24,Preschool (2 to 5 years)Contact provider for details,,2 to 5 years,5,480,705,18.75,"English, Spanish","Part time, Full year",Not provided,Accepts Subsidized Payment,2 years - 5 years,24,60,,,,,,English,,,,,,,,,,,,Spanish,,,,,,,,,,,,,,Full year,Part time,,,,,Accepts Subsidized Payment,,,,,,,,,,,,,,,,,,,,,,,,,,,,,,,,,,,,,,,,,,,,,,,,,,,,,,other,,,,,,,,,,,,,,,,,,,,,,,,,,,,,,,
737,4,0,0,65,Preschool (2 to 5 years)Contact provider for details,,2 to 5 years,5,480,870,32.5,"English, Spanish","Full Time, Part time, School year only",Not provided,Accepts Subsidized Payment,3 years - 5 years,36,60,,,,,,English,,,,,,,,,,,,Spanish,,,,,,,,,,,,,Full Time,,Part time,,School year only,,,Accepts Subsidized Payment,,,,,,,,,,,,,,,,,,,,,,,,,,,,,,,,,,,,,,,,,,,,,,,,,,,,,,other,,,,,,,,,,,,,,,,,,,,,,,,,,,,,,,
8216,4,,0,24,Preschool (2 to 5 years)Contact provider for details,,2 to 5 years,5,420,930,42.5,"English, Spanish","Part time, School year only","AM Snack, PM Snack, Child Care Food Program (CCFP)",other,3 years - 5 years,36,60,,,,,,English,,,,,,,,,,,,Spanish,,,AM Snack,,Child Care Food Program (CCFP),,,PM Snack,,,,,,,Part time,,School year only,,,,CA State Preschool Program,,,Other Public Contract,,,,,,,,,,,,,,,,,,,,,,,,,,,,,,,,,,,,,,,,,,,,,,,,,,other,,,,,,,,,,,,,,,,,,,,,,,,,,,,,,,
4705,4,1,0,24,Preschool (2 to 5 years)Contact provider for details,,2 to 5 years,5,480,1020,45.0,"English, Spanish",other,"Breakfast, AM Snack, Lunch, PM Snack, Child Care Food Program (CCFP)","Other Public Contract, Accepts Subsidized Payment",2 years - 5 years,24,60,,,,,,English,,,,,,,,,,,,Spanish,,,AM Snack,Breakfast,Child Care Food Program (CCFP),,Lunch,PM Snack,,,Drop in,,,Full year,Part time,Rotating Schedule,School year only,,Summer only,Accepts Subsidized Payment,,,,Other Public Contract,,,,,,,,,,,,,,,,,,,,,,,,,,,,,,,,,,,,,,,,,,,,,,,,,,other,,,,,,,,,,,,,,,,,,,,,,,,,,,,,,,
5983,4,1,0,78,Infants (0 to 23 months)Contact provider for details Preschool (2 to 5 years)Contact provider for details,,0 to 23 months,5,390,1050,55.0,"English, Spanish, Vietnamese","Full Time, Part time, Drop in, Rotating Schedule, Full year, School year only, Summer only","AM Snack, Lunch, PM Snack, Child Care Food Program (CCFP)","Other Public Contract, Accepts Subsidized Payment",3 years - 5 years,36,60,,,,,,English,,,,,,,,,,,,Spanish,,Vietnamese,AM Snack,,Child Care Food Program (CCFP),,Lunch,PM Snack,,,Drop in,,Full Time,Full year,Part time,Rotating Schedule,School year only,,Summer only,Accepts Subsidized Payment,,,,Other Public Contract,,,,,,,,,,,,,,,,,,,,,,,,,,,,,,,,,,,,,,,,,,,,,,,,,,other,,,,,,,,,,,,,,,,,,,,,,,,,,,,,,,
12231,4,1,0,195,Preschool (2 to 5 years)Contact provider for details,,2 to 5 years,5,390,1080,57.5,"English, Spanish","Full Time, Part time, Drop in, Rotating Schedule, Full year, School year only, Summer only",other,Accepts Subsidized Payment,3 years - 5 years,36,60,,,,,,English,,,,,,,,,,,,Spanish,,,AM Snack,Breakfast,,Dinner,Lunch,PM Snack,,,Drop in,,Full Time,Full year,Part time,Rotating Schedule,School year only,,Summer only,Accepts Subsidized Payment,,,,,,,,,,,,,,,,,,,,,,,,,,,,,,,,,,,Fr 06:30 AM - 06:00 PM,,,,,,,,,Mo 06:30 AM - 06:00 PM,,,,,,,,,,,,Th 06:30 AM - 06:00 PM,,,,,,,,,,,Tu 06:30 AM - 06:00 PM,,,,,,,,,,We 06:30 AM - 06:00 PM,,,,,,,,
7624,4,1,0,89,other,0,2 to 5 years,5,420,1080,55.0,"English, Spanish, Vietnamese","Full Time, Part time, Drop in, Before School, After School, Rotating Schedule, Full year, School year only, Summer only","AM Snack, Lunch, PM Snack, Child Care Food Program (CCFP)","Other Public Contract, Accepts Subsidized Payment",2 years - 12 years,24,144,,,,,,English,,,,,,,,,,,,Spanish,,Vietnamese,AM Snack,,Child Care Food Program (CCFP),,Lunch,PM Snack,After School,Before School,Drop in,,Full Time,Full year,Part time,Rotating Schedule,School year only,,Summer only,Accepts Subsidized Payment,,,,Other Public Contract,,,,,,,,,,,,,,,,,,,,,,,,,,,Bus,,,,,,,Fr 07:00 AM - 06:00 PM,,,,,,,,,Mo 07:00 AM - 06:00 PM,,,,,,,,,,,,Th 07:00 AM - 06:00 PM,,,,,,,,,,,Tu 07:00 AM - 06:00 PM,,,,,,,,,We 07:00 AM - 06:00 PM,,,,,,
14080,3,1,0,128,Preschool (2 to 5 years)Contact provider for details School Age (6 years and older)Contact provider for details,,2 to 5 years,5,390,1020,52.5,other,"Full Time, Part time, Drop in, Before School, After School, Rotating Schedule, Full year, School year only, Summer only","AM Snack, Lunch, PM Snack, Child Care Food Program (CCFP)","Other Public Contract, Accepts Subsidized Payment",3 years - 12 years,36,144,,,,,,English,,,,,,Korean,,,,,,Spanish,,Vietnamese,AM Snack,,Child Care Food Program (CCFP),,Lunch,PM Snack,After School,Before School,Drop in,,Full Time,Full year,Part time,Rotating Schedule,School year only,,Summer only,Accepts Subsidized Payment,,,,Other Public Contract,,,,,,,,,,,,,,,,,,,,,,,,,,,Bus,,,,,,,,,,,,,,,,,,,,,,,other,,,,,,,,,,,,,,,,,,,,,,,,,,,,,,,
5124,5,1,0,71,Infants (0 to 23 months)Contact provider for details Preschool (2 to 5 years)Contact provider for details,,0 to 23 months,5,420,960,45.0,"English, Farsi, Spanish","Full Time, Part time, Drop in, Rotating Schedule, Full year, School year only, Summer only","AM Snack, Lunch, PM Snack, Child Care Food Program (CCFP)","Other Public Contract, Accepts Subsidized Payment",1 months - 5 years,1,60,,,,,,English,Farsi,,,,,,,,,,,Spanish,,,AM Snack,,Child Care Food Program (CCFP),,Lunch,PM Snack,,,Drop in,,Full Time,Full year,Part time,Rotating Schedule,School year only,,Summer only,Accepts Subsidized Payment,,,,Other Public Contract,,,,,,,,,,,,,,,,,,,,,,,,,,,,,,,,,,,,,,,,,,,,,,,,,,other,,,,,,,,,,,,,,,,,,,,,,,,,,,,,,,
6617,4,0,0,23,Preschool (2 to 5 years) Immediate Openings,1,2 to 5 years,5,390,1080,57.5,"English, Spanish",other,"Breakfast, AM Snack, Lunch",Accepts Subsidized Payment,3 years - 5 years,36,60,,,,,,English,,,,,,,,,,,,Spanish,,,AM Snack,Breakfast,,,Lunch,,After School,Before School,Drop in,,Full Time,Full year,Part time,,,,,Accepts Subsidized Payment,,,,,,,,,,,,,,,,,,,,,,,,,,,,,,,,,,,Fr 06:30 AM - 06:00 PM,,,,,,,,,Mo 06:30 AM - 06:00 PM,,,,,,,,,,,,Th 06:30 AM - 06:00 PM,,,,,,,,,,,Tu 06:30 AM - 06:00 PM,,,,,,,,,,We 06:30 AM - 06:00 PM,,,,,,,,
8057,4,1,0,112,Infants (0 to 23 months)Contact provider for details Preschool (2 to 5 years)Contact provider for details School Age (6 years and older)Contact provider for details,,0 to 23 months,5,300,1020,60.0,"English, Spanish",other,"Breakfast, AM Snack, Lunch, PM Snack, Child Care Food Program (CCFP)","CA State Preschool Program, Other Child Care and Development Program funded by the CDE, Accepts Subsidized Payment",other,2,144,,,,,,English,,,,,,,,,,,,Spanish,,,AM Snack,Breakfast,Child Care Food Program (CCFP),,Lunch,PM Snack,After School,Before School,,,Full Time,Full year,Part time,Rotating Schedule,,,,Accepts Subsidized Payment,CA State Preschool Program,,Other Child Care and Development Program funded by the CDE,,,,Bilingual,Child Development,,,,COVID-19 Emergency Response Care,,,,,,,,,,,,,,,,,,,,Car,,,,,,,,,,,,,,,,,,,,,,other,,,,,,,,,,,,,,,,,,,,,,,,,,,,,,,
7735,4,0,0,59,Preschool (2 to 5 years)Contact provider for details School Age (6 years and older)Contact provider for details,,2 to 5 years,5,360,1080,60.0,English,other,Not provided,Accepts Subsidized Payment,2 years - 12 years,24,144,,,,,,English,,,,,,,,,,,,,,,,,,,,,After School,Before School,,,Full Time,Full year,,,School year only,,Summer only,Accepts Subsidized Payment,,,,,,,,,,,,,,,,,,,,,,,,,,,,,,,,,,Fr 06:00 AM - 06:00 PM,,,,,,,,,Mo 06:00 AM - 06:00 PM,,,,,,,,,,,,Th 06:00 AM - 06:00 PM,,,,,,,,,,,Tu 06:00 AM - 06:00 PM,,,,,,,,,,We 06:00 AM - 06:00 PM,,,,,,,,,
9604,5,0,0,132,Infants (0 to 23 months)Contact provider for details Preschool (2 to 5 years)Contact provider for details,,0 to 23 months,5,390,1080,57.5,"English, Spanish",other,"Breakfast, AM Snack, Lunch, PM Snack",Accepts Subsidized Payment,3 years - 5 years,36,60,,,,,,English,,,,,,,,,,,,Spanish,,,AM Snack,Breakfast,,,Lunch,PM Snack,,,Drop in,,Full Time,Full year,,,School year only,,Summer only,Accepts Subsidized Payment,,,,,,,,,,,,,,,,,,,,,,,,,,,,,,,,,,,Fr 06:30 AM - 06:00 PM,,,,,,,,,Mo 06:30 AM - 06:00 PM,,,,,,,,,,,,Th 06:30 AM - 06:00 PM,,,,,,,,,,,Tu 06:30 AM - 06:00 PM,,,,,,,,,,We 06:30 AM - 06:00 PM,,,,,,,,
7864,4,1,0,63,Preschool (2 to 5 years)Contact provider for details School Age (6 years and older)Contact provider for details,,2 to 5 years,5,420,1080,55.0,"English, Spanish",other,"Breakfast, Lunch, PM Snack, Child Care Food Program (CCFP)","CA State Preschool Program, Accepts Subsidized Payment",2 years - 12 years,24,144,,,,,,English,,,,,,,,,,,,Spanish,,,,Breakfast,Child Care Food Program (CCFP),,Lunch,PM Snack,After School,Before School,,,Full Time,Full year,,,School year only,,Summer only,Accepts Subsidized Payment,CA State Preschool Program,,,,,,,Child Development,,,,,Developmentally Appropriate Practices,High Scope,Homework/Study time,,,,,,,,,,Project based,Reggio Emilia,,,,,,,,,,,,Fr 07:00 AM - 06:00 PM,,,,,,,,,Mo 07:00 AM - 06:00 PM,,,,,,,,,,,,Th 07:00 AM - 06:00 PM,,,,,,,,,,,Tu 07:00 AM - 06:00 PM,,,,,,,,,We 07:00 AM - 06:00 PM,,,,,,
4640,2,0,0,71,Infants (0 to 23 months)Contact provider for details Preschool (2 to 5 years)Contact provider for details,,0 to 23 months,5,390,1080,57.5,English,"Full Time, Full year","AM Snack, PM Snack",Accepts Subsidized Payment,0 months - 5 years,0,60,,,,,,English,,,,,,,,,,,,,,,AM Snack,,,,,PM Snack,,,,,Full Time,Full year,,,,,,Accepts Subsidized Payment,,,,,Academic,,,,,,,,,,,,,,,,,,,,,,,,,,,,,,Fr 06:30 AM - 06:00 PM,,,,,,,,,Mo 06:30 AM - 06:00 PM,,,,,,,,,,,,Th 06:30 AM - 06:00 PM,,,,,,,,,,,Tu 06:30 AM - 06:00 PM,,,,,,,,,,We 06:30 AM - 06:00 PM,,,,,,,,
3341,5,1,0,40,Preschool (2 to 5 years) Immediate Openings,1,2 to 5 years,5,450,1050,50.0,"English, Spanish","Full Time, Part time, School year only","Breakfast, Lunch, Child Care Food Program (CCFP)","Head Start, CA State Preschool Program",2 years - 5 years,24,60,,,,,,English,,,,,,,,,,,,Spanish,,,,Breakfast,Child Care Food Program (CCFP),,Lunch,,,,,,Full Time,,Part time,,School year only,,,,CA State Preschool Program,Head Start,,,,,,,,,,,,,,,Montessori,,,,,,,,,,,,,,,,,,,,,,Fr 07:30 AM - 05:30 PM,,,,,,,,,,Mo 07:30 AM - 05:30 PM,,,,,,,,,,,,Th 07:30 AM - 05:30 PM,,,,,,,,,,Tu 07:30 AM - 05:30 PM,,,,,,,,,We 07:30 AM - 05:30 PM,,,,,
189,4,0,0,20,Preschool (2 to 5 years) Immediate Openings,1,2 to 5 years,5,480,840,30.0,"English, Spanish","Full Time, School year only",other,"Head Start, CA State Preschool Program",3 years - 5 years,36,60,,,,,,English,,,,,,,,,,,,Spanish,,,AM Snack,Breakfast,Child Care Food Program (CCFP),,Lunch,,,,,,Full Time,,,,School year only,,,,CA State Preschool Program,Head Start,,,,,,,,,,,,,,Kindergarten,,,,,,,,Pre-kindergarten/Preschool,,,,,,,,,,,,,,,,,,,,,,,,,,,,,,other,,,,,,,,,,,,,,,,,,,,,,,,,,,,,,,
7383,4,1,0,60,Preschool (2 to 5 years)Contact provider for details,,2 to 5 years,5,420,1080,55.0,"English, Spanish","Full Time, Full year","Breakfast, AM Snack, Lunch, PM Snack",Accepts Subsidized Payment,2 years - 5 years,24,60,,,,,,English,,,,,,,,,,,,Spanish,,,AM Snack,Breakfast,,,Lunch,PM Snack,,,,,Full Time,Full year,,,,,,Accepts Subsidized Payment,,,,,,,,Child Development,,,,,Developmentally Appropriate Practices,,,,,,,,Play based,,,Pre-kindergarten/Preschool,Project based,Reggio Emilia,,,,,,,,,,,,Fr 07:00 AM - 06:00 PM,,,,,,,,,Mo 07:00 AM - 06:00 PM,,,,,,,,,,,,Th 07:00 AM - 06:00 PM,,,,,,,,,,,Tu 07:00 AM - 06:00 PM,,,,,,,,,We 07:00 AM - 06:00 PM,,,,,,
18135,5,1,0,24,Preschool (2 to 5 years)Contact provider for details,,2 to 5 years,5,465,645,15.0,"English, Spanish","Part time, School year only","Breakfast, Lunch","CA State Preschool Program, Accepts Subsidized Payment",3 years - 5 years,36,60,,,,,,English,,,,,,,,,,,,Spanish,,,,Breakfast,,,Lunch,,,,,,,,Part time,,School year only,,,Accepts Subsidized Payment,CA State Preschool Program,,,,,,,,,,,,,,,,,,,,,,,,,,,,Subsidize,,,,Walking,,,,,,,,,,,,,,,,,,,,,other,,,,,,,,,,,,,,,,,,,,,,,,,,,,,,,
10399,5,,0,24,Preschool (2 to 5 years)Contact provider for details,,2 to 5 years,5,525,1425,75.0,"English, Spanish","Part time, School year only",Child Care Food Program (CCFP),CA State Preschool Program,3 years - 5 years,36,60,,,,,,English,,,,,,,,,,,,Spanish,,,,,Child Care Food Program (CCFP),,,,,,,,,,Part time,,School year only,,,,CA State Preschool Program,,,,,,,,,,,,,,,,,,,,,,,,,,,,,,,,,,,,,,,,,,,,,,,,,,,,,other,,,,,,,,,,,,,,,,,,,,,,,,,,,,,,,
14457,5,,0,17,Preschool (2 to 5 years)Contact provider for details,,2 to 5 years,5,510,1410,75.0,"English, Spanish","Part time, School year only",Child Care Food Program (CCFP),CA State Preschool Program,4 years - 5 years,48,60,,,,,,English,,,,,,,,,,,,Spanish,,,,,Child Care Food Program (CCFP),,,,,,,,,,Part time,,School year only,,,,CA State Preschool Program,,,,,,,,,,,,,,,,,,,,,,,,,,,,,,,,,,,,,,,,,,,,,,,,,,,,,other,,,,,,,,,,,,,,,,,,,,,,,,,,,,,,,
17574,5,,0,24,Preschool (2 to 5 years)Contact provider for details,,2 to 5 years,5,480,660,15.0,"English, Spanish","Part time, School year only",Child Care Food Program (CCFP),CA State Preschool Program,other,48,48,,,,,,English,,,,,,,,,,,,Spanish,,,,,Child Care Food Program (CCFP),,,,,,,,,,Part time,,School year only,,,,CA State Preschool Program,,,,,,,,,,,,,,,,,,,,,,,,,,,,,,,,,,,,,,,,,,,,,,,,,,,,,other,,,,,,,,,,,,,,,,,,,,,,,,,,,,,,,
12071,5,0,0,48,Preschool (2 to 5 years)Contact provider for details,,2 to 5 years,5,525,930,33.75,"English, Spanish","Full Time, Part time, Drop in, Rotating Schedule, Full year, School year only, Summer only",other,Accepts Subsidized Payment,3 years - 5 years,36,60,,,,,,English,,,,,,,,,,,,Spanish,,,,Breakfast,Child Care Food Program (CCFP),,,,,,Drop in,,Full Time,Full year,Part time,Rotating Schedule,School year only,,Summer only,Accepts Subsidized Payment,,,,,,,,,,,,,,,,,,,,,,,,,,,,,,,,,,,,,,,,,,,,,,,,,,,,,,other,,,,,,,,,,,,,,,,,,,,,,,,,,,,,,,
16526,4,1,0,48,Preschool (2 to 5 years)Contact provider for details,,2 to 5 years,5,495,915,35.0,"English, Spanish",other,"AM Snack, Lunch","Other Public Contract, Accepts Subsidized Payment",0 months - 11 months,0,11,,,,,,English,,,,,,,,,,,,Spanish,,,AM Snack,,,,Lunch,,,,Drop in,,Full Time,,Part time,Rotating Schedule,School year only,,,Accepts Subsidized Payment,,,,Other Public Contract,,,,,,Co-op,,,,,,,,,,,,,,,,,,,,,,,,,,,,,,,,,,,,,,,,,,,,other,,,,,,,,,,,,,,,,,,,,,,,,,,,,,,,
11409,5,0,0,100,Preschool (2 to 5 years)Contact provider for details,,2 to 5 years,5,480,900,35.0,English,"Full Time, Full year",Not provided,Accepts Subsidized Payment,0 months - 11 months,0,11,,,,,,English,,,,,,,,,,,,,,,,,,,,,,,,,Full Time,Full year,,,,,,Accepts Subsidized Payment,,,,,,,,,,,,,,,,,,,,,,,,,,,,,,,,,,,,,,,,Fr 08:00 AM - 03:00 PM,,,,,,,,,,Mo 08:00 AM - 03:00 PM,,,,,,,,,,,,Th 08:00 AM - 03:00 PM,,,,,,,,,,Tu 08:00 AM - 03:00 PM,,,,,,,,,We 08:00 AM - 03:00 PM,,,,
3834,5,1,0,16,Preschool (2 to 5 years)Contact provider for details,,2 to 5 years,5,540,780,20.0,other,"Part time, School year only","AM Snack, Lunch",Accepts Subsidized Payment,2 years - 5 years,24,60,,,,,,,,,,,,,,,,,,Spanish,,,AM Snack,,,,Lunch,,,,,,,,Part time,,School year only,,,Accepts Subsidized Payment,,,,,,Art based,Bilingual,,,Co-op,,,,,,,,,,,Play based,,Potty training,,,,,,,,Bus,,,,,,,,,,,,,,,,,,,,,,,other,,,,,,,,,,,,,,,,,,,,,,,,,,,,,,,
10779,3,1,0,81,Infants (0 to 23 months)Contact provider for details Preschool (2 to 5 years)Contact provider for details,,0 to 23 months,5,450,1050,50.0,"English, Spanish","Full Time, Part time, Full year","Breakfast, Lunch, PM Snack, Child Care Food Program (CCFP)","CA State Preschool Program, Other Child Care and Development Program funded by the CDE, Other Public Contract, Accepts Subsidized Payment",2 years - 5 years,24,60,,,,,,English,,,,,,,,,,,,Spanish,,,,Breakfast,Child Care Food Program (CCFP),,Lunch,PM Snack,,,,,Full Time,Full year,Part time,,,,,Accepts Subsidized Payment,CA State Preschool Program,,Other Child Care and Development Program funded by the CDE,Other Public Contract,,,Bilingual,Child Development,,,,,,,,,,,,,Play based,,Potty training,Pre-kindergarten/Preschool,,,,,,,,,,,,,,,Fr 07:30 AM - 05:30 PM,,,,,,,,,,Mo 07:30 AM - 05:30 PM,,,,,,,,,,,,Th 07:30 AM - 05:30 PM,,,,,,,,,,Tu 07:30 AM - 05:30 PM,,,,,,,,,We 07:30 AM - 05:30 PM,,,,,
12258,4,0,0,114,Infants (0 to 23 months)Contact provider for details Preschool (2 to 5 years)Contact provider for details,,0 to 23 months,5,465,1020,46.25,"English, Spanish","Full Time, Part time, Full year, School year only, Summer only","Breakfast, Lunch, PM Snack, Child Care Food Program (CCFP)","CA State Preschool Program, Other Child Care and Development Program funded by the CDE",1 years - 5 years,12,60,,,,,,English,,,,,,,,,,,,Spanish,,,,Breakfast,Child Care Food Program (CCFP),,Lunch,PM Snack,,,,,Full Time,Full year,Part time,,School year only,,Summer only,,CA State Preschool Program,,Other Child Care and Development Program funded by the CDE,,,,,Child Development,,,,,,,,,,,,Parent Involvement,,,,Pre-kindergarten/Preschool,,,,,,,,,,,,,,,,,,,,,,,,,,,,,,other,,,,,,,,,,,,,,,,,,,,,,,,,,,,,,,
1953,4,0,0,27,Preschool (2 to 5 years)Contact provider for details,,2 to 5 years,5,510,690,15.0,"English, Spanish","Part time, Full year, School year only, Summer only","AM Snack, PM Snack, Child Care Food Program (CCFP)",CA State Preschool Program,2 years - 5 years,24,60,,,,,,English,,,,,,,,,,,,Spanish,,,AM Snack,,Child Care Food Program (CCFP),,,PM Snack,,,,,,Full year,Part time,,School year only,,Summer only,,CA State Preschool Program,,,,Academic,,,,,,,,,,,,,,,Parent Involvement,,,,Pre-kindergarten/Preschool,,,,,,,,,,,,,,,,,,Fr 08:30 AM - 11:30 AM,,,,,,,,,,,Mo 08:30 AM - 11:30 AM,,,,,,,,,,,,Th 08:30 AM - 11:30 AM,,,,,,,,,,Tu 08:30 AM - 11:30 AM,,,,,,,,,We 08:30 AM - 11:30 AM,
16856,4,1,0,24,Preschool (2 to 5 years)Contact provider for details,,2 to 5 years,5,495,885,32.5,"English, Spanish","Full Time, School year only","Breakfast, Lunch, PM Snack, Child Care Food Program (CCFP)","Head Start, CA State Preschool Program",2 years - 5 years,24,60,,,,,,English,,,,,,,,,,,,Spanish,,,,Breakfast,Child Care Food Program (CCFP),,Lunch,PM Snack,,,,,Full Time,,,,School year only,,,,CA State Preschool Program,Head Start,,,,,Bilingual,Child Development,,,,,,,,,,,,Parent Involvement,Play based,,Potty training,Pre-kindergarten/Preschool,,,,,,,,,,,,,,,,,,,,,,,,,,,,,,other,,,,,,,,,,,,,,,,,,,,,,,,,,,,,,,
3892,4,1,0,41,Preschool (2 to 5 years)Contact provider for details,,2 to 5 years,5,495,915,35.0,other,"Full Time, Part time, Full year","AM Snack, Lunch, PM Snack",,2 years - 5 years,24,60,,,,,,English,,,,,,,other,,,,,,,,AM Snack,,,,Lunch,PM Snack,,,,,Full Time,Full year,Part time,,,,,,,,,,,,,Child Development,,,,,,,,,,,,,,,,,,,,,,,,,,,,,,,,,,,,,,,,,,,,,,other,,,,,,,,,,,,,,,,,,,,,,,,,,,,,,,
12431,4,1,0,56,Preschool (2 to 5 years)Contact provider for details,,2 to 5 years,5,450,1080,52.5,other,"Full Time, Part time, Full year",other,Accepts Subsidized Payment,2 years - 5 years,24,60,,,Chinese (Cantonese),Chinese (Mandarin),,English,,,,,Japanese,,,,,,,Spanish,,,AM Snack,,,,,PM Snack,,,,,Full Time,Full year,Part time,,,,,Accepts Subsidized Payment,,,,,,Art based,,,,,,,,,,,,,,,Play based,,Potty training,,,,,,,,Bus,,Walking,,,,,,,,,,,,,,,,,,,,,other,,,,,,,,,,,,,,,,,,,,,,,,,,,,,,,other
17018,4,1,0,36,Preschool (2 to 5 years)Contact provider for details,,2 to 5 years,5,450,1080,52.5,other,"Full Time, Part time, Full year","AM Snack, PM Snack",Accepts Subsidized Payment,2 years - 5 years,24,60,,,Chinese (Cantonese),Chinese (Mandarin),,English,,,,,Japanese,,,,,,,Spanish,,,AM Snack,,,,,PM Snack,,,,,Full Time,Full year,Part time,,,,,Accepts Subsidized Payment,,,,,,Art based,,Child Development,,,,,,,,,,,,,Play based,,Potty training,,,,,,,,,,,,,,,,,,,,,,,,,,,,,,,other,,,,,,,,,,,,,,,,,,,,,,,,,,,,,,,
640,2,0,0,92,Preschool (2 to 5 years)Contact provider for details,,2 to 5 years,,,,,English,"Part time, Full year, School year only, Summer only",AM Snack,Accepts Subsidized Payment,2 years - 5 years,24,60,,,,,,English,,,,,,,,,,,,,,,AM Snack,,,,,,,,,,,Full year,Part time,,School year only,,Summer only,Accepts Subsidized Payment,,,,,,,,,,,,,,,,,,,,,,,,,,,,,,,,,,,,,,,,,,,,,,,,,,,,,,,,,,,,,,,,,,,,,,,,,,,,,,,,,,,,,
19067,3,1,0,107,Infants (0 to 23 months)Contact provider for details Preschool (2 to 5 years)Contact provider for details,,0 to 23 months,5,450,1080,52.5,other,"Full Time, Full year","AM Snack, PM Snack",,3 months - 5 years,3,60,,,,Chinese (Mandarin),,English,Farsi,,Hindi,,,,other,,,,,Spanish,,,AM Snack,,,,,PM Snack,,,,,Full Time,Full year,,,,,,,,,,,,Art based,,Child Development,,,,,,,,,,,,Parent Involvement,Play based,,,,,Reggio Emilia,,,,,,,,,,,,,,,,,,,,,,,,,,,,other,,,,,,,,,,,,,,,,,,,,,,,,,,,,,,,
11073,5,0,0,20,Preschool (2 to 5 years)Contact provider for details,,2 to 5 years,4,480,960,32.0,"English, Spanish","Part time, Full year",Not provided,,2 years - 5 years,24,60,,,,,,English,,,,,,,,,,,,Spanish,,,,,,,,,,,,,,Full year,Part time,,,,,,,,,,,,,,,,,,,,,,,,,,,,,,,,,,,,,,,,,,,,,,,,,,,,,,,,Mo 08:00 AM - 04:00 PM,,,,,,,,,,,,Th 08:00 AM - 04:00 PM,,,,,,,,,,Tu 08:00 AM - 04:00 PM,,,,,,,,,We 08:00 AM - 04:00 PM,,,
14219,4,0,1,103,Infants (0 to 23 months)Contact provider for details Preschool (2 to 5 years)Contact provider for details School Age (6 years and older)Contact provider for details,,0 to 23 months,5,420,1080,55.0,other,"Full Time, Part time, Before School, After School, Full year","AM Snack, PM Snack",Accepts Subsidized Payment,other,12,132,,,,Chinese (Mandarin),,English,,,,,,,other,,,,,Spanish,,,AM Snack,,,,,PM Snack,After School,Before School,,,Full Time,Full year,Part time,,,,,Accepts Subsidized Payment,,,,,,,,Child Development,,,,,,,,Kindergarten,Montessori,,,,,,,,,,,,,,,,,,,,,Fr 07:00 AM - 06:00 PM,,,,,,,,,Mo 07:00 AM - 06:00 PM,,,,,,,,,,,,Th 07:00 AM - 06:00 PM,,,,,,,,,,,Tu 07:00 AM - 06:00 PM,,,,,,,,,We 07:00 AM - 06:00 PM,,,,,,
13503,5,0,0,20,Preschool (2 to 5 years)No Openings,0,2 to 5 years,5,480,720,20.0,English,"Part time, School year only","AM Snack, PM Snack","CA State Preschool Program, Accepts Subsidized Payment",3 years - 5 years,36,60,,,,,,English,,,,,,,,,,,,,,,AM Snack,,,,,PM Snack,,,,,,,Part time,,School year only,,,Accepts Subsidized Payment,CA State Preschool Program,,,,,,,Child Development,Child Directed,,,,Developmentally Appropriate Practices,,,,,,,,Play based,,,Pre-kindergarten/Preschool,,,,,,,,,Walking,,,,,,,,,,,,,,,,,,,,,other,,,,,,,,,,,,,,,,,,,,,,,,,,,,,,,
2894,2,0,0,195,Infants (0 to 23 months)Contact provider for details Preschool (2 to 5 years)Contact provider for details School Age (6 years and older)Contact provider for details,,0 to 23 months,5,390,1110,60.0,English,"Full Time, Part time, Before School, After School, Full year, School year only, Summer only","Breakfast, Lunch, PM Snack",Accepts Subsidized Payment,1 months - 12 years,1,144,,,,,,English,,,,,,,,,,,,,,,,Breakfast,,,Lunch,PM Snack,After School,Before School,,,Full Time,Full year,Part time,,School year only,,Summer only,Accepts Subsidized Payment,,,,,,,,,,,,,,,,,,,,,,,,,,,,,,,,,,,,,,,,,,,,,,,,,,,,,,other,,,,,,,,,,,,,,,,,,,,,,,,,,,,,,,
16520,5,1,0,148,Infants (0 to 23 months)Contact provider for details Preschool (2 to 5 years)Contact provider for details School Age (6 years and older)Contact provider for details,,0 to 23 months,5,390,1050,55.0,"English, Spanish",other,"Breakfast, Lunch, PM Snack, Child Care Food Program (CCFP)","Other Child Care and Development Program funded by the CDE, Accepts Subsidized Payment",2 months - 9 years,2,108,,,,,,English,,,,,,,,,,,,Spanish,,,,Breakfast,Child Care Food Program (CCFP),,Lunch,PM Snack,After School,Before School,Drop in,,Full Time,Full year,Part time,,School year only,Seasonal,Summer only,Accepts Subsidized Payment,,,Other Child Care and Development Program funded by the CDE,,,Art based,,,,,,,,,Homework/Study time,,,,,,Play based,Playgroup,Potty training,,,,,Special Needs,Subsidize,,Bus,,,,,,,,,,,,,,,,,,,,,,,other,,,,,,,,,,,,,,,,,,,,,,,,,,,,,,,
6543,5,1,0,100,Infants (0 to 23 months)Contact provider for details Preschool (2 to 5 years)Contact provider for details,,0 to 23 months,5,360,660,25.0,"English, Spanish, Tagalog","Full Time, Part time, Rotating Schedule, Full year, School year only, Summer only","Breakfast, AM Snack, Lunch, PM Snack, Child Care Food Program (CCFP)",Accepts Subsidized Payment,2 months - 5 years,2,60,,,,,,English,,,,,,,,,,,,Spanish,Tagalog,,AM Snack,Breakfast,Child Care Food Program (CCFP),,Lunch,PM Snack,,,,,Full Time,Full year,Part time,Rotating Schedule,School year only,,Summer only,Accepts Subsidized Payment,,,,,,,,,,,,COVID-19 Emergency Response Care,,,,,,,,,,,,,,,,Special Needs,,,,,,,,,,,,,,,,,,,,,,,,,,other,,,,,,,,,,,,,,,,,,,,,,,,,,,,,,,
18820,5,1,0,238,Infants (0 to 23 months)Contact provider for details Preschool (2 to 5 years)Contact provider for details School Age (6 years and older)Contact provider for details,,0 to 23 months,5,360,1080,60.0,"English, Spanish",other,"Breakfast, Lunch, PM Snack","CA State Preschool Program, Accepts Subsidized Payment",2 months - 9 years,2,108,,,,,,English,,,,,,,,,,,,Spanish,,,,Breakfast,,,Lunch,PM Snack,After School,Before School,Drop in,,Full Time,Full year,Part time,,School year only,Seasonal,Summer only,Accepts Subsidized Payment,CA State Preschool Program,,,,,,,,,,,,,,,,,,,,,,,,,Reggio Emilia,,Special Needs,Subsidize,,Bus,Car,,Fr 06:00 AM - 06:00 PM,,,,,,,,,Mo 06:00 AM - 06:00 PM,,,,,,,,,,,,Th 06:00 AM - 06:00 PM,,,,,,,,,,,Tu 06:00 AM - 06:00 PM,,,,,,,,,,We 06:00 AM - 06:00 PM,,,,,,,,,
13511,5,1,0,184,Infants (0 to 23 months)Contact provider for details Preschool (2 to 5 years)Contact provider for details School Age (6 years and older)Contact provider for details,,0 to 23 months,5,360,1080,60.0,"English, Spanish",other,"Breakfast, Lunch, PM Snack","CA State Preschool Program, Accepts Subsidized Payment",2 months - 9 years,2,108,,,,,,English,,,,,,,,,,,,Spanish,,,,Breakfast,,,Lunch,PM Snack,After School,Before School,Drop in,,Full Time,Full year,Part time,,School year only,Seasonal,Summer only,Accepts Subsidized Payment,CA State Preschool Program,,,,,,,,,,,,,,,,,,,,,,,,,Reggio Emilia,,Special Needs,Subsidize,,Bus,Car,,Fr 06:00 AM - 06:00 PM,,,,,,,,,Mo 06:00 AM - 06:00 PM,,,,,,,,,,,,Th 06:00 AM - 06:00 PM,,,,,,,,,,,Tu 06:00 AM - 06:00 PM,,,,,,,,,,We 06:00 AM - 06:00 PM,,,,,,,,,
3552,5,1,0,216,Infants (0 to 23 months)Contact provider for details Preschool (2 to 5 years)Contact provider for details School Age (6 years and older)Contact provider for details,,0 to 23 months,5,360,1080,60.0,"English, Spanish",other,"Breakfast, Lunch, PM Snack, Child Care Food Program (CCFP)","Head Start, CA State Preschool Program, Accepts Subsidized Payment",2 months - 9 years,2,108,,,,,,English,,,,,,,,,,,,Spanish,,,,Breakfast,Child Care Food Program (CCFP),,Lunch,PM Snack,After School,Before School,Drop in,,Full Time,Full year,Part time,Rotating Schedule,School year only,Seasonal,Summer only,Accepts Subsidized Payment,CA State Preschool Program,Head Start,,,,,,,,,,,,,,,,No Pets,,,,,,,,,,Special Needs,Subsidize,,,Car,,Fr 06:00 AM - 06:00 PM,,,,,,,,,Mo 06:00 AM - 06:00 PM,,,,,,,,,,,,Th 06:00 AM - 06:00 PM,,,,,,,,,,,Tu 06:00 AM - 06:00 PM,,,,,,,,,,We 06:00 AM - 06:00 PM,,,,,,,,,
8670,5,0,0,212,Infants (0 to 23 months)Contact provider for details Preschool (2 to 5 years)Contact provider for details School Age (6 years and older)Contact provider for details,,0 to 23 months,5,420,1080,55.0,"English, Spanish",other,"AM Snack, PM Snack",Accepts Subsidized Payment,2 months - 9 years,2,108,,,,,,English,,,,,,,,,,,,Spanish,,,AM Snack,,,,,PM Snack,After School,Before School,Drop in,,Full Time,Full year,Part time,Rotating Schedule,School year only,Seasonal,Summer only,Accepts Subsidized Payment,,,,,Academic,,,Child Development,Child Directed,,,,Developmentally Appropriate Practices,,,,Montessori,,,,,,Potty training,Pre-kindergarten/Preschool,,,,,,,,,,,,,,Fr 07:00 AM - 06:00 PM,,,,,,,,,Mo 07:00 AM - 06:00 PM,,,,,,,,,,,,Th 07:00 AM - 06:00 PM,,,,,,,,,,,Tu 07:00 AM - 06:00 PM,,,,,,,,,We 07:00 AM - 06:00 PM,,,,,,
15707,5,1,0,157,Infants (0 to 23 months)Contact provider for details Preschool (2 to 5 years)Contact provider for details School Age (6 years and older)Contact provider for details,,0 to 23 months,5,360,1080,60.0,"English, Spanish, Other",other,"Breakfast, Lunch, PM Snack, Child Care Food Program (CCFP)","CA State Preschool Program, Accepts Subsidized Payment",other,1,108,,,,,,English,,,,,,,other,,,,,Spanish,,,,Breakfast,Child Care Food Program (CCFP),,Lunch,PM Snack,After School,Before School,Drop in,,Full Time,Full year,Part time,Rotating Schedule,School year only,Seasonal,Summer only,Accepts Subsidized Payment,CA State Preschool Program,,,,,,,,,,,,,High Scope,,,,,,,,,,,,,,Special Needs,Subsidize,,Bus,,,Fr 06:00 AM - 06:00 PM,,,,,,,,,Mo 06:00 AM - 06:00 PM,,,,,,,,,,,,Th 06:00 AM - 06:00 PM,,,,,,,,,,,Tu 06:00 AM - 06:00 PM,,,,,,,,,,We 06:00 AM - 06:00 PM,,,,,,,,,
15827,4,1,0,116,Infants (0 to 23 months) Immediate Openings Preschool (2 to 5 years) Immediate Openings,1,0 to 23 months,5,420,1080,55.0,"English, Spanish",other,"AM Snack, Lunch, PM Snack",Accepts Subsidized Payment,0 months - 11 months,0,11,,,,,,English,,,,,,,,,,,,Spanish,,,AM Snack,,,,Lunch,PM Snack,,,Drop in,,Full Time,Full year,Part time,,,,Summer only,Accepts Subsidized Payment,,,,,,,,,,,,,,,,,,,,,,,,,,,,,,,,,,,,,,Fr 07:00 AM - 06:00 PM,,,,,,,,,Mo 07:00 AM - 06:00 PM,,,,,,,,,,,,Th 07:00 AM - 06:00 PM,,,,,,,,,,,Tu 07:00 AM - 06:00 PM,,,,,,,,,We 07:00 AM - 06:00 PM,,,,,,
568,3,1,0,144,Infants (0 to 23 months)Contact provider for details Preschool (2 to 5 years)Contact provider for details,,0 to 23 months,5,360,1080,60.0,English,"Full Time, Part time, Full year, School year only, Summer only","Breakfast, AM Snack, Lunch, PM Snack","CA State Preschool Program, Accepts Subsidized Payment",2 months - 5 years,2,60,,,,,,English,,,,,,,,,,,,,,,AM Snack,Breakfast,,,Lunch,PM Snack,,,,,Full Time,Full year,Part time,,School year only,,Summer only,Accepts Subsidized Payment,CA State Preschool Program,,,,,,,Child Development,,,,,,,,,,,,,,,,,,,,Special Needs,Subsidize,,,,,Fr 06:00 AM - 06:00 PM,,,,,,,,,Mo 06:00 AM - 06:00 PM,,,,,,,,,,,,Th 06:00 AM - 06:00 PM,,,,,,,,,,,Tu 06:00 AM - 06:00 PM,,,,,,,,,,We 06:00 AM - 06:00 PM,,,,,,,,,
6690,4,1,0,60,Preschool (2 to 5 years)Contact provider for details,,2 to 5 years,5,450,1050,50.0,other,"Full Time, Full year","Breakfast, Lunch, PM Snack, Child Care Food Program (CCFP)","CA State Preschool Program, Other Child Care and Development Program funded by the CDE, Other Public Contract, Accepts Subsidized Payment",2 years - 5 years,24,60,,,Chinese (Cantonese),Chinese (Mandarin),,English,,,,,,,,,,,,Spanish,,,,Breakfast,Child Care Food Program (CCFP),,Lunch,PM Snack,,,,,Full Time,Full year,,,,,,Accepts Subsidized Payment,CA State Preschool Program,,Other Child Care and Development Program funded by the CDE,Other Public Contract,,,Bilingual,Child Development,,,,,Developmentally Appropriate Practices,,,,,,,Parent Involvement,Play based,,,,Project based,,,,,,Bus,,,,,,,,Fr 07:30 AM - 05:30 PM,,,,,,,,,,Mo 07:30 AM - 05:30 PM,,,,,,,,,,,,Th 07:30 AM - 05:30 PM,,,,,,,,,,Tu 07:30 AM - 05:30 PM,,,,,,,,,We 07:30 AM - 05:30 PM,,,,,
1897,4,1,0,24,Preschool (2 to 5 years)Contact provider for details,,2 to 5 years,5,480,1050,47.5,other,"Full Time, Full year","Breakfast, Lunch, PM Snack, Child Care Food Program (CCFP)","CA State Preschool Program, Other Child Care and Development Program funded by the CDE, Other Public Contract, Accepts Subsidized Payment",2 years - 5 years,24,60,,,Chinese (Cantonese),Chinese (Mandarin),,English,,,,,,,,,,,,,,,,Breakfast,Child Care Food Program (CCFP),,Lunch,PM Snack,,,,,Full Time,Full year,,,,,,Accepts Subsidized Payment,CA State Preschool Program,,Other Child Care and Development Program funded by the CDE,Other Public Contract,,,Bilingual,,,,,,,,,,,,,,Play based,,,,,,,,,,Bus,,Walking,,,,,,,,,,,,,,,,,,,,,other,,,,,,,,,,,,,,,,,,,,,,,,,,,,,,,
7952,2,1,0,83,Preschool (2 to 5 years)Contact provider for details,,2 to 5 years,5,420,1080,55.0,"English, Spanish","Full Time, Part time, Full year","AM Snack, PM Snack",Accepts Subsidized Payment,3 years - 5 years,36,60,,,,,,English,,,,,,,,,,,,Spanish,,,AM Snack,,,,,PM Snack,,,,,Full Time,Full year,Part time,,,,,Accepts Subsidized Payment,,,,,Academic,,,,,,,,,,,,,,,,,,,,,,Religious,,,,,,,,,,,Fr 07:00 AM - 06:00 PM,,,,,,,,,Mo 07:00 AM - 06:00 PM,,,,,,,,,,,,Th 07:00 AM - 06:00 PM,,,,,,,,,,,Tu 07:00 AM - 06:00 PM,,,,,,,,,We 07:00 AM - 06:00 PM,,,,,,
9481,4,0,0,48,Preschool (2 to 5 years)Contact provider for details,,2 to 5 years,,,,,English,"Full Time, Full year",Not provided,"Head Start, Accepts Subsidized Payment",0 months - 11 months,0,11,,,,,,English,,,,,,,,,,,,,,,,,,,,,,,,,Full Time,Full year,,,,,,Accepts Subsidized Payment,,Head Start,,,,,,,,,,,,,,,,,,,,,,,,,,,,,,,,,,,,,,,,,,,,,,,,,,,,,,,,,,,,,,,,,,,,,,,,,,,,,,,,,,,
1003,4,0,0,181,other,0,2 to 5 years,5,360,1080,60.0,English,"Full Time, Full year",Not provided,Accepts Subsidized Payment,3 years - 12 years,36,144,,,,,,English,,,,,,,,,,,,,,,,,,,,,,,,,Full Time,Full year,,,,,,Accepts Subsidized Payment,,,,,,,,,,,,,,,,,,,,,,,,,,,,,,,,,,Fr 06:00 AM - 06:00 PM,,,,,,,,,Mo 06:00 AM - 06:00 PM,,,,,,,,,,,,Th 06:00 AM - 06:00 PM,,,,,,,,,,,Tu 06:00 AM - 06:00 PM,,,,,,,,,,We 06:00 AM - 06:00 PM,,,,,,,,,
15871,4,0,0,39,Preschool (2 to 5 years)Contact provider for details,,2 to 5 years,5,375,1050,56.25,"English, Spanish","Full Time, Part time, Drop in, Rotating Schedule, Full year, School year only, Summer only","Breakfast, AM Snack, Lunch",Accepts Subsidized Payment,0 months - 11 months,0,11,,,,,,English,,,,,,,,,,,,Spanish,,,AM Snack,Breakfast,,,Lunch,,,,Drop in,,Full Time,Full year,Part time,Rotating Schedule,School year only,,Summer only,Accepts Subsidized Payment,,,,,,,,,,Co-op,,,,,,,,,,,,,,,,,,,,,,,,,,,,,,,,,,,,,,,,,,,,other,,,,,,,,,,,,,,,,,,,,,,,,,,,,,,,
17141,4,0,0,95,Preschool (2 to 5 years)Contact provider for details School Age (6 years and older)Contact provider for details,,2 to 5 years,5,540,720,15.0,English,"Full Time, Part time, Before School, After School, Full year","AM Snack, PM Snack, Child Care Food Program (CCFP)","CA State Preschool Program, Other Child Care and Development Program funded by the CDE, Accepts Subsidized Payment",other,36,156,,,,,,English,,,,,,,,,,,,,,,AM Snack,,Child Care Food Program (CCFP),,,PM Snack,After School,Before School,,,Full Time,Full year,Part time,,,,,Accepts Subsidized Payment,CA State Preschool Program,,Other Child Care and Development Program funded by the CDE,,,,,,,,,,Developmentally Appropriate Practices,,,,,,,,Play based,,,,,,,,,,,,,,,,,,,,,,,,,,,,,,,,,other,,,,,,,,,,,,,,,,,,,,,,,,,,,,,,,
8050,4,0,0,126,Preschool (2 to 5 years)Contact provider for details School Age (6 years and older)Contact provider for details,,2 to 5 years,7,420,1080,77.0,English,other,"AM Snack, PM Snack","CA State Preschool Program, Accepts Subsidized Payment",other,60,168,,,,,,English,,,,,,,,,,,,,,,AM Snack,,,,,PM Snack,After School,Before School,,,Full Time,Full year,Part time,,,,,Accepts Subsidized Payment,CA State Preschool Program,,,,,,,,,,,,Developmentally Appropriate Practices,,,,,,,,Play based,,,,,,,,,,,,,,,,,Fr 07:00 AM - 06:00 PM,,,,,,,,,Mo 07:00 AM - 06:00 PM,,,,,,,other,,,,,Th 07:00 AM - 06:00 PM,,,,,,,,,,,Tu 07:00 AM - 06:00 PM,,,,,,,,,We 07:00 AM - 06:00 PM,,,,,,
1189,5,1,0,72,Preschool (2 to 5 years)Contact provider for details,,2 to 5 years,5,450,1050,50.0,"English, Spanish","Full Time, Part time, Full year, School year only, Summer only","Breakfast, Lunch, PM Snack","CA State Preschool Program, Accepts Subsidized Payment",2 years - 5 years,24,60,,,,,,English,,,,,,,,,,,,Spanish,,,,Breakfast,,,Lunch,PM Snack,,,,,Full Time,Full year,Part time,,School year only,,Summer only,Accepts Subsidized Payment,CA State Preschool Program,,,,,,,,,,,,,,,,,,,,,,,,,,,,,,,,,,,,,,Fr 07:30 AM - 05:30 PM,,,,,,,,,,Mo 07:30 AM - 05:30 PM,,,,,,,,,,,,Th 07:30 AM - 05:30 PM,,,,,,,,,,Tu 07:30 AM - 05:30 PM,,,,,,,,,We 07:30 AM - 05:30 PM,,,,,
17441,4,1,0,47,Infants (0 to 23 months)Contact provider for details Preschool (2 to 5 years)Contact provider for details,,0 to 23 months,5,480,1020,45.0,"English, Spanish","Full Time, Full year","AM Snack, Lunch, PM Snack, Child Care Food Program (CCFP)","Other Public Contract, Accepts Subsidized Payment",other,2,72,,,,,,English,,,,,,,,,,,,Spanish,,,AM Snack,,Child Care Food Program (CCFP),,Lunch,PM Snack,,,,,Full Time,Full year,,,,,,Accepts Subsidized Payment,,,,Other Public Contract,,,,,,,,,Developmentally Appropriate Practices,,,,,,,,,,,,,,,Special Needs,,,,,,,,,,,,,,,,,,,,,,,,,,other,,,,,,,,,,,,,,,,,,,,,,,,,,,,,,,
87,4,1,0,48,Preschool (2 to 5 years)Contact provider for details,,2 to 5 years,5,465,1020,45.25,other,"Full Time, Part time, Full year",other,"CA State Preschool Program, Other Public Contract, Accepts Subsidized Payment",2 years - 5 years,24,60,,,,,,English,,,,,,,,,,Sign Language,,Spanish,Tagalog,,,Breakfast,,,,PM Snack,,,,,Full Time,Full year,Part time,,,,,Accepts Subsidized Payment,CA State Preschool Program,,,Other Public Contract,,,,Child Development,Child Directed,,Constructivist,,Developmentally Appropriate Practices,,,,,,other,Parent Involvement,Play based,,,Pre-kindergarten/Preschool,Project based,Reggio Emilia,,,,,,,,,,,,,,,,,,,,,,,,,,,,other,,,,,,,,,,,,,,,,,,,,,,,,,,,,,,,
519,5,1,0,122,Infants (0 to 23 months)Contact provider for details Preschool (2 to 5 years)Contact provider for details,,0 to 23 months,5,450,975,43.75,"Arabic, English, Spanish","Full Time, Part time, Full year, School year only, Summer only","Breakfast, AM Snack, Lunch, PM Snack, Child Care Food Program (CCFP)",Accepts Subsidized Payment,1 months - 5 years,1,60,,Arabic,,,,English,,,,,,,,,,,,Spanish,,,AM Snack,Breakfast,Child Care Food Program (CCFP),,Lunch,PM Snack,,,,,Full Time,Full year,Part time,,School year only,,Summer only,Accepts Subsidized Payment,,,,,,,,,,,,,,,,,,,,,,,,,,,,,,,,,,,,,,,,,,,,,,,,,,,,,,other,,,,,,,,,,,,,,,,,,,,,,,,,,,,,,,
7730,5,1,1,100,Infants (0 to 23 months)Contact provider for details Preschool (2 to 5 years)Contact provider for details,,0 to 23 months,5,480,990,42.5,other,"Full Time, Part time, Full year","Breakfast, Lunch, PM Snack, Child Care Food Program (CCFP)","Head Start, CA State Preschool Program, Other Child Care and Development Program funded by the CDE, Accepts Subsidized Payment",1 years - 5 years,12,60,National Association for the Education of Young Children,,,,,English,,,,,,,other,,,Sign Language,,Spanish,,,,Breakfast,Child Care Food Program (CCFP),,Lunch,PM Snack,,,,,Full Time,Full year,Part time,,,,,Accepts Subsidized Payment,CA State Preschool Program,Head Start,Other Child Care and Development Program funded by the CDE,,,,,Child Development,,,,,Developmentally Appropriate Practices,,Homework/Study time,,,,,Parent Involvement,Play based,,Potty training,,Project based,,,Special Needs,,,Bus,,,,,,,,,,,,,,,,,,,,,,,other,,,,,,,,,,,,,,,,,,,,,,,,,,,,,,,
12215,4,,0,95,Infants (0 to 23 months)No Openings Preschool (2 to 5 years)No Openings,0,0 to 23 months,5,460,990,42.17,other,"Full Time, Part time, Full year","Breakfast, Lunch, PM Snack, Child Care Food Program (CCFP)",Other Child Care and Development Program funded by the CDE,2 months - 5 years,2,60,,,,,,English,,,,,,,,,,Sign Language,,Spanish,,,,Breakfast,Child Care Food Program (CCFP),,Lunch,PM Snack,,,,,Full Time,Full year,Part time,,,,,,,,Other Child Care and Development Program funded by the CDE,,,,,Child Development,Child Directed,,,,,,,,,,,,,,,,,,,,,,,,,,,,,,,,,,,,,,,,,,,,,other,,,,,,,,,,,,,,,,,,,,,,,,,,,,,,,
11781,5,0,0,24,Preschool (2 to 5 years)No Openings,0,2 to 5 years,5,360,1080,60.0,English,"Full Time, Full year",Not provided,Accepts Subsidized Payment,0 months - 11 months,0,11,,,,,,English,,,,,,,,,,,,,,,,,,,,,,,,,Full Time,Full year,,,,,,Accepts Subsidized Payment,,,,,,,,,,,,,,,,,,,,,,,,,,,,,,,,,,Fr 06:00 AM - 06:00 PM,,,,,,,,,Mo 06:00 AM - 06:00 PM,,,,,,,,,,,,Th 06:00 AM - 06:00 PM,,,,,,,,,,,Tu 06:00 AM - 06:00 PM,,,,,,,,,,We 06:00 AM - 06:00 PM,,,,,,,,,
9899,4,1,0,30,Preschool (2 to 5 years)Contact provider for details,,2 to 5 years,5,480,1080,50.0,"English, Spanish","Full Time, Part time, Before School, After School, Full year","Breakfast, AM Snack, Lunch, PM Snack",Accepts Subsidized Payment,3 years - 5 years,36,60,,,,,,English,,,,,,,,,,,,Spanish,,,AM Snack,Breakfast,,,Lunch,PM Snack,After School,Before School,,,Full Time,Full year,Part time,,,,,Accepts Subsidized Payment,,,,,,Art based,,,,,,,,,,,,,,,,,,,,,,,,,,,,,,,,,,,,,,,,,,,,,,,,other,,,,,,,,,,,,,,,,,,,,,,,,,,,,,,,
17305,4,0,0,54,Infants (0 to 23 months)Contact provider for details Preschool (2 to 5 years)Contact provider for details,,0 to 23 months,5,420,1020,50.0,other,"Full Time, Part time, Full year","Breakfast, AM Snack, Lunch, PM Snack, Child Care Food Program (CCFP)",,1 years - 5 years,12,60,,,Chinese (Cantonese),,,English,,,Hindi,,,,,,,,,Spanish,Tagalog,,AM Snack,Breakfast,Child Care Food Program (CCFP),,Lunch,PM Snack,,,,,Full Time,Full year,Part time,,,,,,,,,,,,,Child Development,,,,,Developmentally Appropriate Practices,,,,,,,,Play based,,,,,,,,,,,,,,,Fr 07:00 AM - 05:00 PM,,,,,,,,,Mo 07:00 AM - 05:00 PM,,,,,,,,,other,,,Th 07:00 AM - 05:00 PM,,,,,,,,,,,Tu 07:00 AM - 05:00 PM,,,,,,,,,,,,,,,,,
3451,3,0,0,103,Infants (0 to 23 months)Contact provider for details Preschool (2 to 5 years)Contact provider for details,,0 to 23 months,5,480,1020,45.0,"English, Spanish",other,"AM Snack, PM Snack",Accepts Subsidized Payment,2 months - 5 years,2,60,,,,,,English,,,,,,,,,,,,Spanish,,,AM Snack,,,,,PM Snack,,,,,Full Time,Full year,,,School year only,Seasonal,Summer only,Accepts Subsidized Payment,,,,,,,,Child Development,Child Directed,,,,Developmentally Appropriate Practices,,,,,,other,,Play based,,,,,,,,,,,,,,,,,,,,,,,,,,,,,,,,,other,,,,,,,,,,,,,,,,,,,,,,,,,,,,,,,
866,5,0,0,32,Preschool (2 to 5 years)Contact provider for details,,2 to 5 years,5,450,960,42.5,English,"Full Time, Part time, Full year",Not provided,,2 years - 5 years,24,60,,,,,,English,,,,,,,,,,,,,,,,,,,,,,,,,Full Time,Full year,Part time,,,,,,,,,,,,,,,,,,,,,,,,,,,,,,,,,,,,,,,,,,,,,,,,,,,,,,,,,,,other,,,,,,,,,,,,,,,,,,,,,,,,,,,,,,,
583,2,1,0,39,Infants (0 to 23 months)Contact provider for details Preschool (2 to 5 years)Contact provider for details School Age (6 years and older)Contact provider for details,,0 to 23 months,5,420,1080,55.0,"English, Spanish",other,"AM Snack, PM Snack",Accepts Subsidized Payment,other,11,60,,,,,,English,,,,,,,,,,,,Spanish,,,AM Snack,,,,,PM Snack,After School,Before School,Drop in,,Full Time,Full year,Part time,Rotating Schedule,,,,Accepts Subsidized Payment,,,,,,,,Child Development,,,,,,,,,,,,,,,,Pre-kindergarten/Preschool,,,,,,,,,,,,,,Fr 07:00 AM - 06:00 PM,,,,,,,,,Mo 07:00 AM - 06:00 PM,,,,,,,,,,,,Th 07:00 AM - 06:00 PM,,,,,,,,,,,Tu 07:00 AM - 06:00 PM,,,,,,,,,We 07:00 AM - 06:00 PM,,,,,,
14213,5,0,0,24,Preschool (2 to 5 years)No Openings,0,2 to 5 years,5,360,1080,60.0,English,"Full Time, Full year",Not provided,Accepts Subsidized Payment,0 months - 11 months,0,11,,,,,,English,,,,,,,,,,,,,,,,,,,,,,,,,Full Time,Full year,,,,,,Accepts Subsidized Payment,,,,,,,,,,,,,,,,,,,,,,,,,,,,,,,,,,Fr 06:00 AM - 06:00 PM,,,,,,,,,Mo 06:00 AM - 06:00 PM,,,,,,,,,,,,Th 06:00 AM - 06:00 PM,,,,,,,,,,,Tu 06:00 AM - 06:00 PM,,,,,,,,,,We 06:00 AM - 06:00 PM,,,,,,,,,
12272,4,1,0,63,Infants (0 to 23 months)Contact provider for details Preschool (2 to 5 years)Contact provider for details,,0 to 23 months,5,420,1065,53.75,"English, Spanish","Full Time, Full year","Breakfast, Lunch, PM Snack, Child Care Food Program (CCFP)","Other Child Care and Development Program funded by the CDE, Accepts Subsidized Payment",other,12,36,,,,,,English,,,,,,,,,,,,Spanish,,,,Breakfast,Child Care Food Program (CCFP),,Lunch,PM Snack,,,,,Full Time,Full year,,,,,,Accepts Subsidized Payment,,,Other Child Care and Development Program funded by the CDE,,,,,,,,,,,,,,,,,,,,,,,,,,,,,,,,,,,,,,,,,,,,,,,,,,,other,,,,,,,,,,,,,,,,,,,,,,,,,,,,,,,
378,4,0,0,40,Preschool (2 to 5 years)Contact provider for details,,2 to 5 years,5,420,1065,53.75,"English, Spanish","Full Time, Full year, School year only, Summer only","Breakfast, Lunch, PM Snack, Child Care Food Program (CCFP)","Other Child Care and Development Program funded by the CDE, Accepts Subsidized Payment",3 years - 5 years,36,60,,,,,,English,,,,,,,,,,,,Spanish,,,,Breakfast,Child Care Food Program (CCFP),,Lunch,PM Snack,,,,,Full Time,Full year,,,School year only,,Summer only,Accepts Subsidized Payment,,,Other Child Care and Development Program funded by the CDE,,,,,,,,,,,,,,,,,,,,,,,,,,,,,,,,,,,,,,,,,,,,,,,,,,,other,,,,,,,,,,,,,,,,,,,,,,,,,,,,,,,
17196,5,1,0,24,Preschool (2 to 5 years)Contact provider for details,,2 to 5 years,5,450,1050,50.0,English,"Full Time, Full year, School year only, Summer only","Breakfast, Lunch, PM Snack, Child Care Food Program (CCFP)",Other Child Care and Development Program funded by the CDE,3 years - 5 years,36,60,,,,,,English,,,,,,,,,,,,,,,,Breakfast,Child Care Food Program (CCFP),,Lunch,PM Snack,,,,,Full Time,Full year,,,School year only,,Summer only,,,,Other Child Care and Development Program funded by the CDE,,,,,,,,,,,,,,,,,,,,,,,,,,,,,,,,,,,,Fr 07:30 AM - 05:30 PM,,,,,,,,,,Mo 07:30 AM - 05:30 PM,,,,,,,,,,,,Th 07:30 AM - 05:30 PM,,,,,,,,,,Tu 07:30 AM - 05:30 PM,,,,,,,,,We 07:30 AM - 05:30 PM,,,,,
11961,5,0,0,62,Infants (0 to 23 months)Contact provider for details Preschool (2 to 5 years)Contact provider for details,,0 to 23 months,5,420,1050,52.5,"English, Spanish","Full Time, Full year","Breakfast, Lunch, PM Snack",Accepts Subsidized Payment,1 years - 5 years,12,60,,,,,,English,,,,,,,,,,,,Spanish,,,,Breakfast,,,Lunch,PM Snack,,,,,Full Time,Full year,,,,,,Accepts Subsidized Payment,,,,,,,,,,,,,,,,,,,,,,,,,,,,,,,,,,,,,Fr 07:00 AM - 05:30 PM,,,,,,,,,Mo 07:00 AM - 05:30 PM,,,,,,,,,,,,Th 07:00 AM - 05:30 PM,,,,,,,,,,,Tu 07:00 AM - 05:30 PM,,,,,,,,,We 07:00 AM - 05:30 PM,,,,,,,
1940,4,1,0,75,Preschool (2 to 5 years)Contact provider for details,,2 to 5 years,5,450,1020,47.5,other,"Full Time, Part time, Full year, School year only, Summer only","Breakfast, Lunch, PM Snack","CA State Preschool Program, Accepts Subsidized Payment",1 years - 5 years,12,60,,Arabic,,,,English,,,,,,,other,,,,,Spanish,,,,Breakfast,,,Lunch,PM Snack,,,,,Full Time,Full year,Part time,,School year only,,Summer only,Accepts Subsidized Payment,CA State Preschool Program,,,,,,,,,,,,,,,,,,,,Play based,,Potty training,Pre-kindergarten/Preschool,,,,Special Needs,Subsidize,,,,,,,,,,,,,,,,,,,,,,,,,other,,,,,,,,,,,,,,,,,,,,,,,,,,,,,,,
6831,4,0,0,40,Preschool (2 to 5 years)Contact provider for details,,2 to 5 years,5,360,1080,60.0,English,"Full Time, School year only",Not provided,Accepts Subsidized Payment,2 years - 5 years,24,60,,,,,,English,,,,,,,,,,,,,,,,,,,,,,,,,Full Time,,,,School year only,,,Accepts Subsidized Payment,,,,,,,,,,,,,,,,,,,,,,,,,,,,,,,,,,Fr 06:00 AM - 06:00 PM,,,,,,,,,Mo 06:00 AM - 06:00 PM,,,,,,,,,,,,Th 06:00 AM - 06:00 PM,,,,,,,,,,,Tu 06:00 AM - 06:00 PM,,,,,,,,,,We 06:00 AM - 06:00 PM,,,,,,,,,
9633,4,0,0,32,Preschool (2 to 5 years)Contact provider for details,,2 to 5 years,5,360,1080,60.0,"English, Spanish","Full Time, School year only",Not provided,"Head Start, Accepts Subsidized Payment",2 years - 5 years,24,60,,,,,,English,,,,,,,,,,,,Spanish,,,,,,,,,,,,,Full Time,,,,School year only,,,Accepts Subsidized Payment,,Head Start,,,,,,,,,,,,,,,,,,,,,,,,,,,,,,,,Fr 06:00 AM - 06:00 PM,,,,,,,,,Mo 06:00 AM - 06:00 PM,,,,,,,,,,,,Th 06:00 AM - 06:00 PM,,,,,,,,,,,Tu 06:00 AM - 06:00 PM,,,,,,,,,,We 06:00 AM - 06:00 PM,,,,,,,,,
8657,4,0,0,48,Preschool (2 to 5 years)Contact provider for details,,2 to 5 years,5,360,1080,60.0,"English, Spanish","Full Time, School year only",Not provided,Accepts Subsidized Payment,2 years - 5 years,24,60,,,,,,English,,,,,,,,,,,,Spanish,,,,,,,,,,,,,Full Time,,,,School year only,,,Accepts Subsidized Payment,,,,,,,,,,,,,,,,,,,,,,,,,,,,,,,,,,Fr 06:00 AM - 06:00 PM,,,,,,,,,Mo 06:00 AM - 06:00 PM,,,,,,,,,,,,Th 06:00 AM - 06:00 PM,,,,,,,,,,,Tu 06:00 AM - 06:00 PM,,,,,,,,,,We 06:00 AM - 06:00 PM,,,,,,,,,
1438,4,0,0,40,Preschool (2 to 5 years)Contact provider for details,,2 to 5 years,5,360,1080,60.0,"English, Spanish","Full Time, School year only",Not provided,"Head Start, Accepts Subsidized Payment",2 years - 5 years,24,60,,,,,,English,,,,,,,,,,,,Spanish,,,,,,,,,,,,,Full Time,,,,School year only,,,Accepts Subsidized Payment,,Head Start,,,,,,,,,,,,,,,,,,,,,,,,,,,,,,,,Fr 06:00 AM - 06:00 PM,,,,,,,,,Mo 06:00 AM - 06:00 PM,,,,,,,,,,,,Th 06:00 AM - 06:00 PM,,,,,,,,,,,Tu 06:00 AM - 06:00 PM,,,,,,,,,,We 06:00 AM - 06:00 PM,,,,,,,,,
39,4,0,0,24,Preschool (2 to 5 years)Contact provider for details,,2 to 5 years,5,360,1080,60.0,,Full Time,Not provided,Accepts Subsidized Payment,0 months - 11 months,0,11,,,,,,,,,,,,,,,,,,,,,,,,,,,,,,,Full Time,,,,,,,Accepts Subsidized Payment,,,,,,,,,,,,,,,,,,,,,,,,,,,,,,,,,,Fr 06:00 AM - 06:00 PM,,,,,,,,,Mo 06:00 AM - 06:00 PM,,,,,,,,,,,,Th 06:00 AM - 06:00 PM,,,,,,,,,,,Tu 06:00 AM - 06:00 PM,,,,,,,,,,We 06:00 AM - 06:00 PM,,,,,,,,,
13724,4,0,0,72,Preschool (2 to 5 years)Contact provider for details,,2 to 5 years,5,360,1080,60.0,"English, Spanish","Full Time, School year only",Not provided,Accepts Subsidized Payment,3 years - 5 years,36,60,,,,,,English,,,,,,,,,,,,Spanish,,,,,,,,,,,,,Full Time,,,,School year only,,,Accepts Subsidized Payment,,,,,,,,,,,,,,,,,,,,,,,,,,,,,,,,,,Fr 06:00 AM - 06:00 PM,,,,,,,,,Mo 06:00 AM - 06:00 PM,,,,,,,,,,,,Th 06:00 AM - 06:00 PM,,,,,,,,,,,Tu 06:00 AM - 06:00 PM,,,,,,,,,,We 06:00 AM - 06:00 PM,,,,,,,,,
13946,4,0,0,40,Preschool (2 to 5 years)Contact provider for details,,2 to 5 years,5,360,1080,60.0,English,"Full Time, School year only",Not provided,Accepts Subsidized Payment,2 years - 5 years,24,60,,,,,,English,,,,,,,,,,,,,,,,,,,,,,,,,Full Time,,,,School year only,,,Accepts Subsidized Payment,,,,,,,,,,,,,,,,,,,,,,,,,,,,,,,,,,Fr 06:00 AM - 06:00 PM,,,,,,,,,Mo 06:00 AM - 06:00 PM,,,,,,,,,,,,Th 06:00 AM - 06:00 PM,,,,,,,,,,,Tu 06:00 AM - 06:00 PM,,,,,,,,,,We 06:00 AM - 06:00 PM,,,,,,,,,
9593,5,0,0,22,Preschool (2 to 5 years)Contact provider for details,,2 to 5 years,5,480,660,15.0,English,"Part time, School year only","Breakfast, Lunch, Child Care Food Program (CCFP)","CA State Preschool Program, Accepts Subsidized Payment",3 years - 5 years,36,60,,,,,,English,,,,,,,,,,,,,,,,Breakfast,Child Care Food Program (CCFP),,Lunch,,,,,,,,Part time,,School year only,,,Accepts Subsidized Payment,CA State Preschool Program,,,,,,,,,,,,,,,,,,,,,,,,,,,,Subsidize,,,,,,,,,,,,Fr 08:00 AM - 11:00 AM,,,,,,,,,,,Mo 08:00 AM - 11:00 AM,,,,,,,,,,,,Th 08:00 AM - 11:00 AM,,,,,,,,,,Tu 08:00 AM - 11:00 AM,,,,,,,,,We 08:00 AM - 11:00 AM,,
17392,4,0,0,72,Preschool (2 to 5 years)Contact provider for details,,2 to 5 years,5,360,1080,60.0,English,"Full Time, Full year",Not provided,Accepts Subsidized Payment,0 months - 11 months,0,11,,,,,,English,,,,,,,,,,,,,,,,,,,,,,,,,Full Time,Full year,,,,,,Accepts Subsidized Payment,,,,,,,,,,,,,,,,,,,,,,,,,,,,,,,,,,Fr 06:00 AM - 06:00 PM,,,,,,,,,Mo 06:00 AM - 06:00 PM,,,,,,,,,,,,Th 06:00 AM - 06:00 PM,,,,,,,,,,,Tu 06:00 AM - 06:00 PM,,,,,,,,,,We 06:00 AM - 06:00 PM,,,,,,,,,
18072,4,,0,46,Preschool (2 to 5 years)Contact provider for details,,2 to 5 years,5,450,1050,50.0,"English, Spanish, Other","Full Time, Part time, Full year","Breakfast, AM Snack, Lunch, PM Snack, Child Care Food Program (CCFP)",Other Child Care and Development Program funded by the CDE,3 years - 5 years,36,60,,,,,,English,,,,,,,other,,,,,Spanish,,,AM Snack,Breakfast,Child Care Food Program (CCFP),,Lunch,PM Snack,,,,,Full Time,Full year,Part time,,,,,,,,Other Child Care and Development Program funded by the CDE,,,,,Child Development,,,,,,,,,,,,Parent Involvement,,,,Pre-kindergarten/Preschool,,,,,,,,,Walking,,,,,,Fr 07:30 AM - 05:30 PM,,,,,,,,,,Mo 07:30 AM - 05:30 PM,,,,,,,,,,,,Th 07:30 AM - 05:30 PM,,,,,,,,,,Tu 07:30 AM - 05:30 PM,,,,,,,,,We 07:30 AM - 05:30 PM,,,,,
9229,5,0,0,48,Preschool (2 to 5 years)Contact provider for details,,2 to 5 years,5,360,1080,60.0,English,"Full Time, School year only",Not provided,Accepts Subsidized Payment,2 years - 5 years,24,60,,,,,,English,,,,,,,,,,,,,,,,,,,,,,,,,Full Time,,,,School year only,,,Accepts Subsidized Payment,,,,,,,,,,,,,,,,,,,,,,,,,,,,,,,,,,Fr 06:00 AM - 06:00 PM,,,,,,,,,Mo 06:00 AM - 06:00 PM,,,,,,,,,,,,Th 06:00 AM - 06:00 PM,,,,,,,,,,,Tu 06:00 AM - 06:00 PM,,,,,,,,,,We 06:00 AM - 06:00 PM,,,,,,,,,
12503,5,1,0,42,Preschool (2 to 5 years)Contact provider for details,,2 to 5 years,5,390,1080,57.5,other,other,"AM Snack, PM Snack",CA State Preschool Program,3 years - 5 years,36,60,,,,,,English,,,,,,,other,,,,,,,,AM Snack,,,,,PM Snack,,,Drop in,,Full Time,Full year,,Rotating Schedule,School year only,,Summer only,,CA State Preschool Program,,,,,,,,,,,,,,,,,,,,,,,,,,,Special Needs,Subsidize,,Bus,,Walking,,Fr 06:30 AM - 06:00 PM,,,,,,,,,Mo 06:30 AM - 06:00 PM,,,,,,,,,,,,Th 06:30 AM - 06:00 PM,,,,,,,,,,,Tu 06:30 AM - 06:00 PM,,,,,,,,,,We 06:30 AM - 06:00 PM,,,,,,,,
5668,5,,0,30,Preschool (2 to 5 years)Contact provider for details,,2 to 5 years,5,480,660,15.0,"English, Spanish","Part time, School year only",Child Care Food Program (CCFP),CA State Preschool Program,3 years - 4 years,36,48,,,,,,English,,,,,,,,,,,,Spanish,,,,,Child Care Food Program (CCFP),,,,,,,,,,Part time,,School year only,,,,CA State Preschool Program,,,,,,,,,,,,,,,,,,,,,,,,,,,,,,,,,,,,,,,,Fr 08:00 AM - 11:00 AM,,,,,,,,,,,Mo 08:00 AM - 11:00 AM,,,,,,,,,,,,Th 08:00 AM - 11:00 AM,,,,,,,,,,Tu 08:00 AM - 11:00 AM,,,,,,,,,We 08:00 AM - 11:00 AM,,
3778,5,0,0,54,Preschool (2 to 5 years)Contact provider for details,,2 to 5 years,5,465,645,15.0,"English, Spanish","Part time, School year only","Breakfast, Lunch","CA State Preschool Program, Other Child Care and Development Program funded by the CDE, Other Public Contract, Accepts Subsidized Payment",3 years - 5 years,36,60,,,,,,English,,,,,,,,,,,,Spanish,,,,Breakfast,,,Lunch,,,,,,,,Part time,,School year only,,,Accepts Subsidized Payment,CA State Preschool Program,,Other Child Care and Development Program funded by the CDE,Other Public Contract,,,,,,,,,,,,,,,,,,,,,,,,,,,,,,,,,,,,,,,,,,,,,,,,,,other,,,,,,,,,,,,,,,,,,,,,,,,,,,,,,,
19027,4,,0,104,Preschool (2 to 5 years)Contact provider for details,,2 to 5 years,5,450,1020,47.5,"Arabic, English, Spanish","Full Time, Part time, School year only","Breakfast, AM Snack, Lunch, PM Snack, Child Care Food Program (CCFP)",CA State Preschool Program,2 years - 5 years,24,60,,Arabic,,,,English,,,,,,,,,,,,Spanish,,,AM Snack,Breakfast,Child Care Food Program (CCFP),,Lunch,PM Snack,,,,,Full Time,,Part time,,School year only,,,,CA State Preschool Program,,,,,,Bilingual,Child Development,,,,,,,,,,,,Parent Involvement,,Playgroup,,Pre-kindergarten/Preschool,,,,,,,,,,,,,,,,,,,,,,,,,,,,,,other,,,,,,,,,,,,,,,,,,,,,,,,,,,,,,,
15226,5,0,0,30,Infants (0 to 23 months)Contact provider for details Preschool (2 to 5 years)Contact provider for details,,0 to 23 months,5,450,990,45.0,"English, Spanish",other,"Breakfast, AM Snack, Lunch, PM Snack",other,0 months - 5 years,0,60,,,,,,English,,,,,,,,,,,,Spanish,,,AM Snack,Breakfast,,,Lunch,PM Snack,,,,,Full Time,Full year,,Rotating Schedule,,,,,CA State Preschool Program,,Other Child Care and Development Program funded by the CDE,Other Public Contract,,,,,,,,,,,,,,,,,,,,,,,,,,,,Car,,,,,,,,,,,,,,,,Mo 07:30 AM - 04:30 PM,,,,,,other,,,,,,Th 07:30 AM - 04:30 PM,,,,,,,,,,,,,,,,,,,,,,,,,
16880,2,0,0,232,Infants (0 to 23 months)Contact provider for details Preschool (2 to 5 years)Contact provider for details,,0 to 23 months,5,420,1080,55.0,English,"Full Time, Part time, Full year, School year only, Summer only","Breakfast, AM Snack, PM Snack",Accepts Subsidized Payment,1 months - 5 years,1,60,,,,,,English,,,,,,,,,,,,,,,AM Snack,Breakfast,,,,PM Snack,,,,,Full Time,Full year,Part time,,School year only,,Summer only,Accepts Subsidized Payment,,,,,,,,,,,,,,,,,,,,,,,,,,,,,,,,,,,,,,Fr 07:00 AM - 06:00 PM,,,,,,,,,Mo 07:00 AM - 06:00 PM,,,,,,,,,,,,Th 07:00 AM - 06:00 PM,,,,,,,,,,,Tu 07:00 AM - 06:00 PM,,,,,,,,,We 07:00 AM - 06:00 PM,,,,,,
1093,5,0,0,23,Preschool (2 to 5 years)Contact provider for details,,2 to 5 years,,,,,English,"Full Time, Part time, Full year","Breakfast, AM Snack, Lunch, PM Snack","Head Start, CA State Preschool Program, Accepts Subsidized Payment",3 years - 5 years,36,60,,,,,,English,,,,,,,,,,,,,,,AM Snack,Breakfast,,,Lunch,PM Snack,,,,,Full Time,Full year,Part time,,,,,Accepts Subsidized Payment,CA State Preschool Program,Head Start,,,Academic,,,,,,,,,,,,,,,,,,,,,,,,,,,,,,,,,,,,,,,,,,,,,,,,,,,,,,,,,,,,,,,,,,,,,,,,,,,,,,,,
12232,5,0,0,24,Preschool (2 to 5 years)No Openings,0,2 to 5 years,5,480,940,38.33,"English, Spanish","Part time, School year only","Breakfast, Lunch",Accepts Subsidized Payment,3 years - 5 years,36,60,,,,,,English,,,,,,,,,,,,Spanish,,,,Breakfast,,,Lunch,,,,,,,,Part time,,School year only,,,Accepts Subsidized Payment,,,,,,,,,,,,,,,,,,,,,,,,,,,,,,,,,,,,,,,,,,,,,,,,,,,,,,other,,,,,,,,,,,,,,,,,,,,,,,,,,,,,,,
15412,3,1,0,38,Infants (0 to 23 months)Contact provider for details Preschool (2 to 5 years)Contact provider for details,,0 to 23 months,5,420,1080,55.0,"English, Spanish","Full Time, Part time, Full year","Breakfast, AM Snack, Lunch, PM Snack",Accepts Subsidized Payment,3 years - 5 years,36,60,,,,,,English,,,,,,,,,,,,Spanish,,,AM Snack,Breakfast,,,Lunch,PM Snack,,,,,Full Time,Full year,Part time,,,,,Accepts Subsidized Payment,,,,,,,,,,,,,,,,,,,,,,,,,,,Religious,,,,,,,,,,,Fr 07:00 AM - 06:00 PM,,,,,,,,,Mo 07:00 AM - 06:00 PM,,,,,,,,,,,,Th 07:00 AM - 06:00 PM,,,,,,,,,,,Tu 07:00 AM - 06:00 PM,,,,,,,,,We 07:00 AM - 06:00 PM,,,,,,
16565,5,0,0,72,Preschool (2 to 5 years)Contact provider for details,,2 to 5 years,5,480,900,35.0,"English, Spanish","Part time, School year only","Breakfast, Lunch",Accepts Subsidized Payment,3 years - 5 years,36,60,,,,,,English,,,,,,,,,,,,Spanish,,,,Breakfast,,,Lunch,,,,,,,,Part time,,School year only,,,Accepts Subsidized Payment,,,,,,,,,,,,,,,,,,,,,,,,,,,,,,,,,,,,,,,,Fr 08:00 AM - 03:00 PM,,,,,,,,,,Mo 08:00 AM - 03:00 PM,,,,,,,,,,,,Th 08:00 AM - 03:00 PM,,,,,,,,,,Tu 08:00 AM - 03:00 PM,,,,,,,,,We 08:00 AM - 03:00 PM,,,,
11867,4,0,0,24,Preschool (2 to 5 years)Contact provider for details,,2 to 5 years,5,495,1395,75.0,"English, Spanish","Part time, School year only",AM Snack,Accepts Subsidized Payment,3 years - 5 years,36,60,,,,,,English,,,,,,,,,,,,Spanish,,,AM Snack,,,,,,,,,,,,Part time,,School year only,,,Accepts Subsidized Payment,,,,,,,,,,,,,,,,,,,,,,,,,,,,,,,,,,,,,,,,,,,,,,,,,,,,,,other,,,,,,,,,,,,,,,,,,,,,,,,,,,,,,,
16528,5,0,0,24,Preschool (2 to 5 years)Contact provider for details,,2 to 5 years,5,480,940,38.33,"English, Spanish","Part time, School year only","Breakfast, Lunch",Accepts Subsidized Payment,3 years - 5 years,36,60,,,,,,English,,,,,,,,,,,,Spanish,,,,Breakfast,,,Lunch,,,,,,,,Part time,,School year only,,,Accepts Subsidized Payment,,,,,,,,,,,,,,,,,,,,,,,,,,,,,,,,,,,,,,,,,,,,,,,,,,,,,,other,,,,,,,,,,,,,,,,,,,,,,,,,,,,,,,
10648,5,0,0,32,Preschool (2 to 5 years)Contact provider for details,,2 to 5 years,5,360,1080,60.0,"English, Spanish","Full Time, School year only",Not provided,Accepts Subsidized Payment,2 years - 5 years,24,60,,,,,,English,,,,,,,,,,,,Spanish,,,,,,,,,,,,,Full Time,,,,School year only,,,Accepts Subsidized Payment,,,,,,,,,,,,,,,,,,,,,,,,,,,,,,,,,,Fr 06:00 AM - 06:00 PM,,,,,,,,,Mo 06:00 AM - 06:00 PM,,,,,,,,,,,,Th 06:00 AM - 06:00 PM,,,,,,,,,,,Tu 06:00 AM - 06:00 PM,,,,,,,,,,We 06:00 AM - 06:00 PM,,,,,,,,,
4802,4,0,0,60,Preschool (2 to 5 years)Contact provider for details,,2 to 5 years,5,360,1080,60.0,"English, Spanish","Full Time, School year only",Not provided,Accepts Subsidized Payment,4 years - 5 years,48,60,,,,,,English,,,,,,,,,,,,Spanish,,,,,,,,,,,,,Full Time,,,,School year only,,,Accepts Subsidized Payment,,,,,,,,,,,,,,,,,,,,,,,,,,,,,,,,,,Fr 06:00 AM - 06:00 PM,,,,,,,,,Mo 06:00 AM - 06:00 PM,,,,,,,,,,,,Th 06:00 AM - 06:00 PM,,,,,,,,,,,Tu 06:00 AM - 06:00 PM,,,,,,,,,,We 06:00 AM - 06:00 PM,,,,,,,,,
11843,4,,0,24,Preschool (2 to 5 years)Contact provider for details,,2 to 5 years,5,450,1050,50.0,English,"Full Time, Part time, Full year",Child Care Food Program (CCFP),CA State Preschool Program,3 years - 4 years,36,48,,,,,,English,,,,,,,,,,,,,,,,,Child Care Food Program (CCFP),,,,,,,,Full Time,Full year,Part time,,,,,,CA State Preschool Program,,,,,,,,,,,,,,,,,,,,,,,,,,,,,,,,,,,,,,,,,,,,,,,,,,,,,other,,,,,,,,,,,,,,,,,,,,,,,,,,,,,,,
4786,5,0,0,100,Preschool (2 to 5 years)Contact provider for details,,2 to 5 years,5,300,960,55.0,English,"Full Time, Part time, Full year","Breakfast, AM Snack, Lunch, PM Snack","Head Start, CA State Preschool Program, Accepts Subsidized Payment",3 years - 5 years,36,60,,,,,,English,,,,,,,,,,,,,,,AM Snack,Breakfast,,,Lunch,PM Snack,,,,,Full Time,Full year,Part time,,,,,Accepts Subsidized Payment,CA State Preschool Program,Head Start,,,Academic,,,,,,,,,,,,,,,,,,,,,,,,,,,,,,,,,,,,,,,,,,,,,,,,,other,,,,,,,,,,,,,,,,,,,,,,,,,,,,,,,
471,5,0,0,24,Preschool (2 to 5 years)No Openings,0,2 to 5 years,5,360,1080,60.0,English,"Full Time, Full year",Not provided,Accepts Subsidized Payment,0 months - 11 months,0,11,,,,,,English,,,,,,,,,,,,,,,,,,,,,,,,,Full Time,Full year,,,,,,Accepts Subsidized Payment,,,,,,,,,,,,,,,,,,,,,,,,,,,,,,,,,,Fr 06:00 AM - 06:00 PM,,,,,,,,,Mo 06:00 AM - 06:00 PM,,,,,,,,,,,,Th 06:00 AM - 06:00 PM,,,,,,,,,,,Tu 06:00 AM - 06:00 PM,,,,,,,,,,We 06:00 AM - 06:00 PM,,,,,,,,,
16847,4,0,0,100,Preschool (2 to 5 years)Contact provider for details,,2 to 5 years,5,450,1050,50.0,"English, Spanish","Full Time, Full year","AM Snack, Lunch, PM Snack",CA State Preschool Program,2 years - 5 years,24,60,,,,,,English,,,,,,,,,,,,Spanish,,,AM Snack,,,,Lunch,PM Snack,,,,,Full Time,Full year,,,,,,,CA State Preschool Program,,,,,,,,,,,,,,,,,,,,,,,,,,,,,,,,,,,,,,Fr 07:30 AM - 05:30 PM,,,,,,,,,,Mo 07:30 AM - 05:30 PM,,,,,,,,,,,,Th 07:30 AM - 05:30 PM,,,,,,,,,,Tu 07:30 AM - 05:30 PM,,,,,,,,,We 07:30 AM - 05:30 PM,,,,,
19351,4,1,0,96,Preschool (2 to 5 years)Contact provider for details,,2 to 5 years,5,495,885,32.5,English,"Full Time, School year only","Breakfast, Lunch, PM Snack, Child Care Food Program (CCFP)","Head Start, CA State Preschool Program",2 years - 5 years,24,60,,,,,,English,,,,,,,,,,,,,,,,Breakfast,Child Care Food Program (CCFP),,Lunch,PM Snack,,,,,Full Time,,,,School year only,,,,CA State Preschool Program,Head Start,,,,,,Child Development,,,,,Developmentally Appropriate Practices,,,,,,,Parent Involvement,Play based,,,Pre-kindergarten/Preschool,,,,,,,,,,,,,,,,,,,,,,,,,,,,,,other,,,,,,,,,,,,,,,,,,,,,,,,,,,,,,,
17014,4,1,0,120,Infants (0 to 23 months)Contact provider for details Preschool (2 to 5 years)Contact provider for details,,0 to 23 months,5,450,960,42.0,other,"Full Time, Part time, Full year, School year only","Breakfast, AM Snack, Lunch, PM Snack, Child Care Food Program (CCFP)","Head Start, CA State Preschool Program, Other Child Care and Development Program funded by the CDE, Accepts Subsidized Payment",1 years - 5 years,12,60,,,,,,English,,,Hindi,,,,other,Punjabi,,Sign Language,,Spanish,,,AM Snack,Breakfast,Child Care Food Program (CCFP),,Lunch,PM Snack,,,,,Full Time,Full year,Part time,,School year only,,,Accepts Subsidized Payment,CA State Preschool Program,Head Start,Other Child Care and Development Program funded by the CDE,,,,,,,,,COVID-19 Emergency Response Care,,,,,,,,,,,,,,,,,,,,,,,,,,,,,,,,,,,,,,,,,,other,,,,,,,,,,,,,,,,,,,,,,,,,,,,,,,
11065,2,0,0,30,Preschool (2 to 5 years)Contact provider for details,,2 to 5 years,5,450,1080,52.5,other,"Full Time, Part time, Full year","Breakfast, Lunch, PM Snack",Accepts Subsidized Payment,2 years - 6 years,24,72,,,Chinese (Cantonese),Chinese (Mandarin),,English,,,,,,,,,,,,,,Vietnamese,,Breakfast,,,Lunch,PM Snack,,,,,Full Time,Full year,Part time,,,,,Accepts Subsidized Payment,,,,,Academic,,,Child Development,,,,,,,,,,,,,,,,,,,,,,,,,,,,,,,,,,,,,,,,,,,,,,other,,,,,,,,,,,,,,,,,,,,,,,,,,,,,,,
5439,4,0,0,23,Preschool (2 to 5 years)Contact provider for details,,2 to 5 years,5,480,675,16.25,"English, Spanish","Part time, School year only",Not provided,Accepts Subsidized Payment,3 years - 5 years,36,60,,,,,,English,,,,,,,,,,,,Spanish,,,,,,,,,,,,,,,Part time,,School year only,,,Accepts Subsidized Payment,,,,,,,,,,,,,,,,,,,,,,,,,,,,,,,,,,,,,,,,,,,,,,,,,,,,,,other,,,,,,,,,,,,,,,,,,,,,,,,,,,,,,,
13291,5,1,0,49,Preschool (2 to 5 years)Contact provider for details,,2 to 5 years,5,480,870,32.5,"English, Spanish","Full Time, Full year, School year only, Summer only","Breakfast, Lunch",Head Start,2 years - 5 years,24,60,,,,,,English,,,,,,,,,,,,Spanish,,,,Breakfast,,,Lunch,,,,,,Full Time,Full year,,,School year only,,Summer only,,,Head Start,,,,,,Child Development,,,,,,,,,,,,,,,,,,,,Special Needs,Subsidize,,,,,,,,,,,,,,,,,,,,,,,,,other,,,,,,,,,,,,,,,,,,,,,,,,,,,,,,,
15528,4,1,0,45,Preschool (2 to 5 years)Contact provider for details,,2 to 5 years,5,480,870,32.5,"English, Spanish","Full Time, School year only","Breakfast, AM Snack, Lunch, PM Snack","Head Start, Accepts Subsidized Payment",3 years - 5 years,36,60,,,,,,English,,,,,,,,,,,,Spanish,,,AM Snack,Breakfast,,,Lunch,PM Snack,,,,,Full Time,,,,School year only,,,Accepts Subsidized Payment,,Head Start,,,,,,,,,,,,,,,,,,,,,,,,,Religious,Special Needs,Subsidize,,,,,,,,,,,,,,,,,,,,,,,,,other,,,,,,,,,,,,,,,,,,,,,,,,,,,,,,,
9060,4,1,0,51,Preschool (2 to 5 years)Contact provider for details,,2 to 5 years,5,480,870,32.5,"English, Spanish","Full Time, Part time, School year only","Breakfast, AM Snack, Lunch, PM Snack","Head Start, Accepts Subsidized Payment",3 years - 5 years,36,60,,,,,,English,,,,,,,,,,,,Spanish,,,AM Snack,Breakfast,,,Lunch,PM Snack,,,,,Full Time,,Part time,,School year only,,,Accepts Subsidized Payment,,Head Start,,,,,,,,,,,,,,,,,,,,,,,,,,Special Needs,Subsidize,,,,,,,,,,,,,,,,,,,,,,,,,other,,,,,,,,,,,,,,,,,,,,,,,,,,,,,,,
5836,5,1,0,37,Preschool (2 to 5 years)Contact provider for details,,2 to 5 years,5,480,690,17.5,"English, Spanish","Part time, School year only","Breakfast, Lunch, PM Snack","Head Start, Accepts Subsidized Payment",3 years - 5 years,36,60,,,,,,English,,,,,,,,,,,,Spanish,,,,Breakfast,,,Lunch,PM Snack,,,,,,,Part time,,School year only,,,Accepts Subsidized Payment,,Head Start,,,,,,,,,,,,,,,,,,,,,,,,,Religious,Special Needs,Subsidize,,Bus,,Walking,,,,,,,,,,,,,,,,,,,,,other,,,,,,,,,,,,,,,,,,,,,,,,,,,,,,,
4917,4,1,0,78,Preschool (2 to 5 years)Contact provider for details,,2 to 5 years,5,480,900,35.0,"English, Spanish","Full Time, Part time, Full year, School year only","Breakfast, Lunch, PM Snack","Head Start, Accepts Subsidized Payment",2 years - 5 years,24,60,,,,,,English,,,,,,,,,,,,Spanish,,,,Breakfast,,,Lunch,PM Snack,,,,,Full Time,Full year,Part time,,School year only,,,Accepts Subsidized Payment,,Head Start,,,,,,,,,,,,,,,,,,,,,,,,,,Special Needs,Subsidize,,,,,,,,,,,Fr 08:00 AM - 03:00 PM,,,,,,,,,,Mo 08:00 AM - 03:00 PM,,,,,,,,,,,,Th 08:00 AM - 03:00 PM,,,,,,,,,,Tu 08:00 AM - 03:00 PM,,,,,,,,,We 08:00 AM - 03:00 PM,,,,
9684,4,1,0,120,Preschool (2 to 5 years)Contact provider for details,,2 to 5 years,5,450,960,42.5,"English, Spanish","Full Time, School year only","Breakfast, Lunch, PM Snack","Head Start, Accepts Subsidized Payment",3 years - 5 years,36,60,,,,,,English,,,,,,,,,,,,Spanish,,,,Breakfast,,,Lunch,PM Snack,,,,,Full Time,,,,School year only,,,Accepts Subsidized Payment,,Head Start,,,,,,,,,,,,,,,,,,,,,,,,,,Special Needs,Subsidize,,,,,,,,,,,,,,,,,,,,,,,,,other,,,,,,,,,,,,,,,,,,,,,,,,,,,,,,,
10742,4,1,0,75,Preschool (2 to 5 years)Contact provider for details,,2 to 5 years,5,480,930,37.5,"English, Spanish",other,"Breakfast, Lunch, PM Snack","Head Start, Accepts Subsidized Payment",2 years - 5 years,24,60,,,,,,English,,,,,,,,,,,,Spanish,,,,Breakfast,,,Lunch,PM Snack,,,,,Full Time,Full year,,,School year only,,,Accepts Subsidized Payment,,Head Start,,,,,,,,,,,,,,,,,,,,,,,,,Religious,Special Needs,Subsidize,,,,,,,,,,,,,,,,,,,,,,,,,other,,,,,,,,,,,,,,,,,,,,,,,,,,,,,,,
1816,4,1,0,80,Preschool (2 to 5 years)Contact provider for details,,2 to 5 years,5,480,870,20.5,"English, Spanish, Tagalog","Full Time, Part time, Full year, School year only","Breakfast, AM Snack, Lunch, PM Snack","Head Start, Accepts Subsidized Payment",3 years - 5 years,36,60,,,,,,English,,,,,,,,,,,,Spanish,Tagalog,,AM Snack,Breakfast,,,Lunch,PM Snack,,,,,Full Time,Full year,Part time,,School year only,,,Accepts Subsidized Payment,,Head Start,,,,,,,,,,,,,,,,,,,,,,,,,,Special Needs,Subsidize,,,,,,,,,,,,,,,,,,,,,,,,,other,,,,,,,,,,,,,,,,,,,,,,,,,,,,,,,
13459,4,0,0,55,Preschool (2 to 5 years)Contact provider for details,,2 to 5 years,5,360,1080,60.0,English,Full Time,Not provided,Accepts Subsidized Payment,3 years - 5 years,36,60,,,,,,English,,,,,,,,,,,,,,,,,,,,,,,,,Full Time,,,,,,,Accepts Subsidized Payment,,,,,,,,,,,,,,,,,,,,,,,,,,,,,,,,,,Fr 06:00 AM - 06:00 PM,,,,,,,,,Mo 06:00 AM - 06:00 PM,,,,,,,,,,,,Th 06:00 AM - 06:00 PM,,,,,,,,,,,Tu 06:00 AM - 06:00 PM,,,,,,,,,,We 06:00 AM - 06:00 PM,,,,,,,,,
11314,4,0,0,128,Preschool (2 to 5 years)Contact provider for details,,2 to 5 years,5,390,990,50.0,"English, Spanish","Full Time, Full year","Breakfast, AM Snack, Lunch, PM Snack","CA State Preschool Program, Accepts Subsidized Payment",other,12,48,,,,,,English,,,,,,,,,,,,Spanish,,,AM Snack,Breakfast,,,Lunch,PM Snack,,,,,Full Time,Full year,,,,,,Accepts Subsidized Payment,CA State Preschool Program,,,,,,,,,,,,,,,,,,,,,,,,,,,,,,,,,,,,,,,,,,,,,,,,,,,,,other,,,,,,,,,,,,,,,,,,,,,,,,,,,,,,,
18743,4,,0,96,Preschool (2 to 5 years)Contact provider for details,,2 to 5 years,5,465,675,17.5,"Arabic, English, Spanish","Full Time, Part time, Full year","Breakfast, AM Snack, Lunch, PM Snack, Child Care Food Program (CCFP)",Other Child Care and Development Program funded by the CDE,3 years - 5 years,36,60,,Arabic,,,,English,,,,,,,,,,,,Spanish,,,AM Snack,Breakfast,Child Care Food Program (CCFP),,Lunch,PM Snack,,,,,Full Time,Full year,Part time,,,,,,,,Other Child Care and Development Program funded by the CDE,,,,,,,,,,,,,,,,,,,,,,,,,,,,,,,,,,,,,,,,,,,,,,,,,,,other,,,,,,,,,,,,,,,,,,,,,,,,,,,,,,,
171,4,0,0,48,Preschool (2 to 5 years)Contact provider for details,,2 to 5 years,5,510,690,15.0,"English, Spanish","Part time, School year only","Breakfast, AM Snack, Lunch, PM Snack","CA State Preschool Program, Accepts Subsidized Payment",3 years - 5 years,36,60,,,,,,English,,,,,,,,,,,,Spanish,,,AM Snack,Breakfast,,,Lunch,PM Snack,,,,,,,Part time,,School year only,,,Accepts Subsidized Payment,CA State Preschool Program,,,,,,,Child Development,,,,,,,,,,,,,,,,,,,,,Subsidize,Virtual/Distance Learning,Bus,,Walking,,,,,,,,,Fr 08:30 AM - 11:30 AM,,,,,,,,,,,Mo 08:30 AM - 11:30 AM,,,,,,,,,,,,Th 08:30 AM - 11:30 AM,,,,,,,,,,Tu 08:30 AM - 11:30 AM,,,,,,,,,We 08:30 AM - 11:30 AM,
579,5,0,0,24,Preschool (2 to 5 years)Contact provider for details,,2 to 5 years,5,495,675,15.0,"English, Spanish","Part time, School year only","Breakfast, AM Snack, Lunch, PM Snack","CA State Preschool Program, Accepts Subsidized Payment",3 years - 5 years,36,60,,,,,,English,,,,,,,,,,,,Spanish,,,AM Snack,Breakfast,,,Lunch,PM Snack,,,,,,,Part time,,School year only,,,Accepts Subsidized Payment,CA State Preschool Program,,,,,,,Child Development,,,,,,,,,,,,,,,,,,,,,Subsidize,Virtual/Distance Learning,Bus,,Walking,,,,,,,,,,,,,,,,,,,,,other,,,,,,,,,,,,,,,,,,,,,,,,,,,,,,,
4726,5,0,0,21,Preschool (2 to 5 years)Contact provider for details,,2 to 5 years,5,510,690,15.0,"English, Spanish","Part time, School year only","Breakfast, AM Snack, Lunch, PM Snack","CA State Preschool Program, Accepts Subsidized Payment",3 years - 5 years,36,60,,,,,,English,,,,,,,,,,,,Spanish,,,AM Snack,Breakfast,,,Lunch,PM Snack,,,,,,,Part time,,School year only,,,Accepts Subsidized Payment,CA State Preschool Program,,,,,,,Child Development,,,,,,,,,,,,,,,,Pre-kindergarten/Preschool,,,,,Subsidize,,,,,,,,,,,,,Fr 08:30 AM - 11:30 AM,,,,,,,,,,,Mo 08:30 AM - 11:30 AM,,,,,,,,,,,,Th 08:30 AM - 11:30 AM,,,,,,,,,,Tu 08:30 AM - 11:30 AM,,,,,,,,,We 08:30 AM - 11:30 AM,
15183,4,1,0,102,Preschool (2 to 5 years)Contact provider for details,,2 to 5 years,5,420,1050,52.5,"English, Spanish","Full Time, Part time, Full year, School year only, Summer only","Breakfast, Lunch, PM Snack","CA State Preschool Program, Other Child Care and Development Program funded by the CDE, Accepts Subsidized Payment",2 years - 5 years,24,60,,,,,,English,,,,,,,,,,,,Spanish,,,,Breakfast,,,Lunch,PM Snack,,,,,Full Time,Full year,Part time,,School year only,,Summer only,Accepts Subsidized Payment,CA State Preschool Program,,Other Child Care and Development Program funded by the CDE,,,,,,Child Directed,,,,,,,,,,,,,,,,,,,Special Needs,Subsidize,,Bus,,Walking,,,,Fr 07:00 AM - 05:30 PM,,,,,,,,,Mo 07:00 AM - 05:30 PM,,,,,,,,,,,,Th 07:00 AM - 05:30 PM,,,,,,,,,,,Tu 07:00 AM - 05:30 PM,,,,,,,,,We 07:00 AM - 05:30 PM,,,,,,,
18408,4,1,0,144,Preschool (2 to 5 years)Contact provider for details,,2 to 5 years,5,420,1050,52.5,"English, Spanish","Full Time, Part time, Full year, School year only, Seasonal, Summer only","Breakfast, Lunch, PM Snack, Child Care Food Program (CCFP)","CA State Preschool Program, Other Child Care and Development Program funded by the CDE, Accepts Subsidized Payment",2 years - 5 years,24,60,,,,,,English,,,,,,,,,,,,Spanish,,,,Breakfast,Child Care Food Program (CCFP),,Lunch,PM Snack,,,,,Full Time,Full year,Part time,,School year only,Seasonal,Summer only,Accepts Subsidized Payment,CA State Preschool Program,,Other Child Care and Development Program funded by the CDE,,,,,Child Development,,,,,,,,,,,,,,,Potty training,Pre-kindergarten/Preschool,,,,Special Needs,Subsidize,,,,,,,,Fr 07:00 AM - 05:30 PM,,,,,,,,,Mo 07:00 AM - 05:30 PM,,,,,,,,,,,,Th 07:00 AM - 05:30 PM,,,,,,,,,,,Tu 07:00 AM - 05:30 PM,,,,,,,,,We 07:00 AM - 05:30 PM,,,,,,,
11334,5,0,0,48,Preschool (2 to 5 years)Contact provider for details,,2 to 5 years,5,420,1050,52.5,English,"Full Time, Part time, Full year, School year only, Summer only","AM Snack, Lunch, PM Snack, Child Care Food Program (CCFP)","CA State Preschool Program, Accepts Subsidized Payment",3 years - 5 years,36,60,,,,,,English,,,,,,,,,,,,,,,AM Snack,,Child Care Food Program (CCFP),,Lunch,PM Snack,,,,,Full Time,Full year,Part time,,School year only,,Summer only,Accepts Subsidized Payment,CA State Preschool Program,,,,,,,,,,,,,,,,,,,,,,,Pre-kindergarten/Preschool,,,,,Subsidize,,,,,,,,Fr 07:00 AM - 05:30 PM,,,,,,,,,Mo 07:00 AM - 05:30 PM,,,,,,,,,,,,Th 07:00 AM - 05:30 PM,,,,,,,,,,,Tu 07:00 AM - 05:30 PM,,,,,,,,,We 07:00 AM - 05:30 PM,,,,,,,
9545,4,1,1,48,Preschool (2 to 5 years)Contact provider for details,,2 to 5 years,5,420,1050,52.5,"English, Spanish",other,"Breakfast, AM Snack, Lunch, PM Snack, Child Care Food Program (CCFP)","CA State Preschool Program, Other Child Care and Development Program funded by the CDE, Accepts Subsidized Payment",3 years - 5 years,36,60,National Association for the Education of Young Children,,,,,English,,,,,,,,,,,,Spanish,,,AM Snack,Breakfast,Child Care Food Program (CCFP),,Lunch,PM Snack,,,Drop in,,Full Time,Full year,Part time,Rotating Schedule,School year only,Seasonal,Summer only,Accepts Subsidized Payment,CA State Preschool Program,,Other Child Care and Development Program funded by the CDE,,,,,,,,,,,,,,,,,,,,,,,,,Special Needs,Subsidize,,,,,,,,Fr 07:00 AM - 05:30 PM,,,,,,,,,Mo 07:00 AM - 05:30 PM,,,,,,,,,,,,Th 07:00 AM - 05:30 PM,,,,,,,,,,,Tu 07:00 AM - 05:30 PM,,,,,,,,,We 07:00 AM - 05:30 PM,,,,,,,
13163,5,1,0,24,Preschool (2 to 5 years)Contact provider for details,,2 to 5 years,5,480,660,15.0,"English, Spanish","Part time, School year only","Breakfast, AM Snack, Lunch, PM Snack","CA State Preschool Program, Accepts Subsidized Payment",3 years - 5 years,36,60,,,,,,English,,,,,,,,,,,,Spanish,,,AM Snack,Breakfast,,,Lunch,PM Snack,,,,,,,Part time,,School year only,,,Accepts Subsidized Payment,CA State Preschool Program,,,,,,,Child Development,,,,,,,,,,,,,,,,Pre-kindergarten/Preschool,,,,Special Needs,Subsidize,,,,Walking,,,,,,,,Fr 08:00 AM - 11:00 AM,,,,,,,,,,,Mo 08:00 AM - 11:00 AM,,,,,,,,,,,,Th 08:00 AM - 11:00 AM,,,,,,,,,,Tu 08:00 AM - 11:00 AM,,,,,,,,,We 08:00 AM - 11:00 AM,,
8758,5,0,0,24,Preschool (2 to 5 years)Contact provider for details,,2 to 5 years,5,480,660,15.0,"English, Spanish","Part time, School year only","Breakfast, AM Snack, Lunch, PM Snack","CA State Preschool Program, Accepts Subsidized Payment",3 years - 5 years,36,60,,,,,,English,,,,,,,,,,,,Spanish,,,AM Snack,Breakfast,,,Lunch,PM Snack,,,,,,,Part time,,School year only,,,Accepts Subsidized Payment,CA State Preschool Program,,,,,,,Child Development,,,,,,,,,,,,,,,,Pre-kindergarten/Preschool,,,,,Subsidize,,,,Walking,,,,,,,,Fr 08:00 AM - 11:00 AM,,,,,,,,,,,Mo 08:00 AM - 11:00 AM,,,,,,,,,,,,Th 08:00 AM - 11:00 AM,,,,,,,,,,Tu 08:00 AM - 11:00 AM,,,,,,,,,We 08:00 AM - 11:00 AM,,
10531,4,1,0,96,Preschool (2 to 5 years)Contact provider for details,,2 to 5 years,5,390,1080,57.5,"English, Spanish, Tagalog","Full Time, Part time, Full year, School year only, Summer only","Breakfast, Lunch, PM Snack","CA State Preschool Program, Other Child Care and Development Program funded by the CDE, Accepts Subsidized Payment",2 years - 5 years,24,60,,,,,,English,,,,,,,,,,,,Spanish,Tagalog,,,Breakfast,,,Lunch,PM Snack,,,,,Full Time,Full year,Part time,,School year only,,Summer only,Accepts Subsidized Payment,CA State Preschool Program,,Other Child Care and Development Program funded by the CDE,,,,,Child Development,,,,,,,,,,,,,,,,Pre-kindergarten/Preschool,,,,Special Needs,Subsidize,,,,Walking,,Fr 06:30 AM - 06:00 PM,,,,,,,,,Mo 06:30 AM - 06:00 PM,,,,,,,,,,,,Th 06:30 AM - 06:00 PM,,,,,,,,,,,Tu 06:30 AM - 06:00 PM,,,,,,,,,,We 06:30 AM - 06:00 PM,,,,,,,,
14322,5,1,0,24,Preschool (2 to 5 years)Contact provider for details,,2 to 5 years,5,495,675,15.0,"English, Spanish","Part time, School year only","Breakfast, AM Snack, Lunch, PM Snack","CA State Preschool Program, Accepts Subsidized Payment",3 years - 5 years,36,60,,,,,,English,,,,,,,,,,,,Spanish,,,AM Snack,Breakfast,,,Lunch,PM Snack,,,,,,,Part time,,School year only,,,Accepts Subsidized Payment,CA State Preschool Program,,,,,,,Child Development,,,,,,,,,,,,,,,,,,,,Special Needs,Subsidize,Virtual/Distance Learning,,,Walking,,,,,,,,,,,,,,,,,,,,,other,,,,,,,,,,,,,,,,,,,,,,,,,,,,,,,
13495,5,1,0,72,Preschool (2 to 5 years)Contact provider for details,,2 to 5 years,5,420,1050,52.5,"English, Spanish, Tagalog",other,"Breakfast, Lunch, PM Snack","CA State Preschool Program, Other Child Care and Development Program funded by the CDE, Accepts Subsidized Payment",2 years - 5 years,24,60,,,,,,English,,,,,,,,,,,,Spanish,Tagalog,,,Breakfast,,,Lunch,PM Snack,,,,,Full Time,Full year,Part time,Rotating Schedule,School year only,Seasonal,Summer only,Accepts Subsidized Payment,CA State Preschool Program,,Other Child Care and Development Program funded by the CDE,,,,,Child Development,,,,,,,,,,,,,,,,,,,,Special Needs,Subsidize,,,,,,,,Fr 07:00 AM - 05:30 PM,,,,,,,,,Mo 07:00 AM - 05:30 PM,,,,,,,,,,,,Th 07:00 AM - 05:30 PM,,,,,,,,,,,Tu 07:00 AM - 05:30 PM,,,,,,,,,We 07:00 AM - 05:30 PM,,,,,,,
18445,5,0,0,51,Infants (0 to 23 months)Contact provider for details Preschool (2 to 5 years)Contact provider for details,,0 to 23 months,5,420,1050,52.5,"English, Spanish",other,"Breakfast, Lunch, PM Snack, Child Care Food Program (CCFP)",CA State Preschool Program,3 months - 5 years,3,60,,,,,,English,,,,,,,,,,,,Spanish,,,,Breakfast,Child Care Food Program (CCFP),,Lunch,PM Snack,,,,,Full Time,,Part time,Rotating Schedule,School year only,,,,CA State Preschool Program,,,,,,,Child Development,,,,,,,,,,,,,,,,,,,,,Subsidize,,,,,,,,Fr 07:00 AM - 05:30 PM,,,,,,,,,Mo 07:00 AM - 05:30 PM,,,,,,,,,,,,Th 07:00 AM - 05:30 PM,,,,,,,,,,,Tu 07:00 AM - 05:30 PM,,,,,,,,,We 07:00 AM - 05:30 PM,,,,,,,
10201,4,0,0,24,Preschool (2 to 5 years)Contact provider for details,,2 to 5 years,5,495,885,32.5,"English, Spanish","Part time, School year only","AM Snack, PM Snack",Accepts Subsidized Payment,3 years - 5 years,36,60,,,,,,English,,,,,,,,,,,,Spanish,,,AM Snack,,,,,PM Snack,,,,,,,Part time,,School year only,,,Accepts Subsidized Payment,,,,,,,,,,,,,,,,,,,,,,,,,,,,,,,,,,,,,,,,,,,,,,,,,,,,,,other,,,,,,,,,,,,,,,,,,,,,,,,,,,,,,,
420,5,1,0,48,Preschool (2 to 5 years)Contact provider for details,,2 to 5 years,5,480,900,35.0,"English, Spanish","Part time, School year only","Breakfast, Lunch","Head Start, CA State Preschool Program, Accepts Subsidized Payment",3 years - 5 years,36,60,,,,,,English,,,,,,,,,,,,Spanish,,,,Breakfast,,,Lunch,,,,,,,,Part time,,School year only,,,Accepts Subsidized Payment,CA State Preschool Program,Head Start,,,,,,Child Development,,,,,,,,,,,,,,,,,,,,Special Needs,Subsidize,,Bus,,Walking,,,,,,,Fr 08:00 AM - 03:00 PM,,,,,,,,,,Mo 08:00 AM - 03:00 PM,,,,,,,,,,,,Th 08:00 AM - 03:00 PM,,,,,,,,,,Tu 08:00 AM - 03:00 PM,,,,,,,,,We 08:00 AM - 03:00 PM,,,,
17605,4,0,0,60,Preschool (2 to 5 years)Contact provider for details,,2 to 5 years,5,510,930,35.0,"English, Spanish","Full Time, Part time, School year only",Not provided,Accepts Subsidized Payment,other,36,72,,,,,,English,,,,,,,,,,,,Spanish,,,,,,,,,,,,,Full Time,,Part time,,School year only,,,Accepts Subsidized Payment,,,,,,,,,,,,,,,,,,,,,,,,,,,,,,,,,,,,,,,,,,,,,,,,,,,,,,other,,,,,,,,,,,,,,,,,,,,,,,,,,,,,,,
10056,5,1,0,36,Preschool (2 to 5 years)Contact provider for details School Age (6 years and older)Contact provider for details,,2 to 5 years,5,420,1080,55.0,other,other,"Breakfast, AM Snack, Lunch, PM Snack, Child Care Food Program (CCFP)","CA State Preschool Program, Other Child Care and Development Program funded by the CDE, Other Public Contract, Accepts Subsidized Payment",other,24,132,,,,,,English,,,,,,,other,,,,,Spanish,Tagalog,,AM Snack,Breakfast,Child Care Food Program (CCFP),,Lunch,PM Snack,After School,Before School,Drop in,,Full Time,Full year,Part time,Rotating Schedule,,,,Accepts Subsidized Payment,CA State Preschool Program,,Other Child Care and Development Program funded by the CDE,Other Public Contract,Academic,Art based,Bilingual,Child Development,Child Directed,,,COVID-19 Emergency Response Care,Developmentally Appropriate Practices,,Homework/Study time,,,,other,Parent Involvement,Play based,,,Pre-kindergarten/Preschool,Project based,,,Special Needs,,,Bus,,Walking,,,,,Fr 07:00 AM - 06:00 PM,,,,,,,,,Mo 07:00 AM - 06:00 PM,,,,,,,,,,,,Th 07:00 AM - 06:00 PM,,,,,,,,,,,Tu 07:00 AM - 06:00 PM,,,,,,,,,We 07:00 AM - 06:00 PM,,,,,,
2063,4,1,0,30,Preschool (2 to 5 years)Contact provider for details,,2 to 5 years,5,480,930,37.5,"English, Spanish, Tagalog","Full Time, Part time, Full year, School year only, Summer only","Breakfast, Lunch, PM Snack","Head Start, Accepts Subsidized Payment",other,36,36,,,,,,English,,,,,,,,,,,,Spanish,Tagalog,,,Breakfast,,,Lunch,PM Snack,,,,,Full Time,Full year,Part time,,School year only,,Summer only,Accepts Subsidized Payment,,Head Start,,,,,,,,,,,,,,,,,,,,,,,,,,Special Needs,Subsidize,,,,,,,,,,,,,,,,,,,,,,,,,other,,,,,,,,,,,,,,,,,,,,,,,,,,,,,,,
10524,4,1,0,176,Infants (0 to 23 months)Contact provider for details Preschool (2 to 5 years)Contact provider for details,,0 to 23 months,5,390,1050,55.0,"English, Spanish","Full Time, Part time, Rotating Schedule, Full year, School year only, Summer only","Breakfast, AM Snack, Lunch, PM Snack","Other Child Care and Development Program funded by the CDE, Accepts Subsidized Payment",other,4,60,,,,,,English,,,,,,,,,,,,Spanish,,,AM Snack,Breakfast,,,Lunch,PM Snack,,,,,Full Time,Full year,Part time,Rotating Schedule,School year only,,Summer only,Accepts Subsidized Payment,,,Other Child Care and Development Program funded by the CDE,,,,,Child Development,,,,,,,,,,,,,,,,,,,,Special Needs,Subsidize,,Bus,,Walking,,,,,,,,,,,,,,,,,,,,,other,,,,,,,,,,,,,,,,,,,,,,,,,,,,,,,
18801,5,0,0,30,Preschool (2 to 5 years)Contact provider for details,,2 to 5 years,5,465,645,15.0,"English, Spanish","Part time, School year only","Breakfast, Lunch","CA State Preschool Program, Accepts Subsidized Payment",3 years - 5 years,36,60,,,,,,English,,,,,,,,,,,,Spanish,,,,Breakfast,,,Lunch,,,,,,,,Part time,,School year only,,,Accepts Subsidized Payment,CA State Preschool Program,,,,,,,Child Development,,,,,,,,,,,,,,,,,,,,,Subsidize,Virtual/Distance Learning,,,,,,,,,,,,,,,,,,,,,,,,other,,,,,,,,,,,,,,,,,,,,,,,,,,,,,,,
2031,5,1,0,30,Preschool (2 to 5 years)Contact provider for details,,2 to 5 years,5,465,645,15.0,"English, Spanish","Part time, School year only","Breakfast, Lunch","CA State Preschool Program, Accepts Subsidized Payment",3 years - 5 years,36,60,,,,,,English,,,,,,,,,,,,Spanish,,,,Breakfast,,,Lunch,,,,,,,,Part time,,School year only,,,Accepts Subsidized Payment,CA State Preschool Program,,,,,,,,,,,,,,,,,,,,,,,,,,,Special Needs,Subsidize,Virtual/Distance Learning,,,,,,,,,,,,,,,,,,,,,,,,other,,,,,,,,,,,,,,,,,,,,,,,,,,,,,,,
15976,5,1,0,24,Preschool (2 to 5 years)Contact provider for details,,2 to 5 years,5,465,645,15.0,"English, Spanish","Part time, School year only","Breakfast, Lunch","CA State Preschool Program, Accepts Subsidized Payment",3 years - 5 years,36,60,,,,,,English,,,,,,,,,,,,Spanish,,,,Breakfast,,,Lunch,,,,,,,,Part time,,School year only,,,Accepts Subsidized Payment,CA State Preschool Program,,,,,,,,,,,,,,,,,,,,,,,Pre-kindergarten/Preschool,,,,Special Needs,Subsidize,,,,,,,,,,,,,,,,,,,,,,,,,other,,,,,,,,,,,,,,,,,,,,,,,,,,,,,,,
16484,5,1,0,48,Preschool (2 to 5 years)Contact provider for details,,2 to 5 years,5,465,645,15.0,"English, Spanish","Part time, School year only","Breakfast, AM Snack, Lunch, PM Snack","CA State Preschool Program, Accepts Subsidized Payment",3 years - 5 years,36,60,,,,,,English,,,,,,,,,,,,Spanish,,,AM Snack,Breakfast,,,Lunch,PM Snack,,,,,,,Part time,,School year only,,,Accepts Subsidized Payment,CA State Preschool Program,,,,,,,,,,,,,High Scope,,,,,,,,,,,,,,Special Needs,Subsidize,,,,,,,,,,,,,,,,,,,,,,,,,other,,,,,,,,,,,,,,,,,,,,,,,,,,,,,,,
9483,4,0,0,37,Infants (0 to 23 months)Contact provider for details Preschool (2 to 5 years)Contact provider for details,,0 to 23 months,5,390,1050,55.0,"English, Spanish","Full Time, School year only","Breakfast, AM Snack, Lunch, PM Snack, Dinner, Child Care Food Program (CCFP)",Accepts Subsidized Payment,1 months - 5 years,1,60,,,,,,English,,,,,,,,,,,,Spanish,,,AM Snack,Breakfast,Child Care Food Program (CCFP),Dinner,Lunch,PM Snack,,,,,Full Time,,,,School year only,,,Accepts Subsidized Payment,,,,,,,,,,,,,,,,,,,,,,,,,,,,,,,,,,,,,,,,,,,,,,,,,,,,,,other,,,,,,,,,,,,,,,,,,,,,,,,,,,,,,,
2071,4,0,0,70,Preschool (2 to 5 years)Contact provider for details,,2 to 5 years,5,360,1080,60.0,"English, Spanish","Full Time, Full year, School year only, Summer only",Not provided,Accepts Subsidized Payment,1 months - 5 years,1,60,,,,,,English,,,,,,,,,,,,Spanish,,,,,,,,,,,,,Full Time,Full year,,,School year only,,Summer only,Accepts Subsidized Payment,,,,,,,,,,,,,,,,,,,,,,,,,,,,,,,,,,Fr 06:00 AM - 06:00 PM,,,,,,,,,Mo 06:00 AM - 06:00 PM,,,,,,,,,,,,Th 06:00 AM - 06:00 PM,,,,,,,,,,,Tu 06:00 AM - 06:00 PM,,,,,,,,,,We 06:00 AM - 06:00 PM,,,,,,,,,
7321,4,,0,72,other,1,2 to 5 years,5,420,1050,52.5,"English, Spanish","Full Time, Full year","Breakfast, AM Snack, PM Snack",Accepts Subsidized Payment,2 years - 6 years,24,72,,,,,,English,,,,,,,,,,,,Spanish,,,AM Snack,Breakfast,,,,PM Snack,,,,,Full Time,Full year,,,,,,Accepts Subsidized Payment,,,,,Academic,,,,,,,,,,,,,,,,,,Potty training,Pre-kindergarten/Preschool,,,,,,,,,,,,,Fr 07:00 AM - 05:30 PM,,,,,,,,,Mo 07:00 AM - 05:30 PM,,,,,,,,,,,,Th 07:00 AM - 05:30 PM,,,,,,,,,,,Tu 07:00 AM - 05:30 PM,,,,,,,,,We 07:00 AM - 05:30 PM,,,,,,,
12682,4,0,0,24,Preschool (2 to 5 years)Contact provider for details,,2 to 5 years,5,480,660,15.0,"English, Spanish","Part time, School year only","Breakfast, AM Snack, Lunch, PM Snack","CA State Preschool Program, Accepts Subsidized Payment",3 years - 5 years,36,60,,,,,,English,,,,,,,,,,,,Spanish,,,AM Snack,Breakfast,,,Lunch,PM Snack,,,,,,,Part time,,School year only,,,Accepts Subsidized Payment,CA State Preschool Program,,,,,,,Child Development,,,,,,,,,,,,,,,,,,,,,Subsidize,,Bus,,Walking,,,,,,,,Fr 08:00 AM - 11:00 AM,,,,,,,,,,,Mo 08:00 AM - 11:00 AM,,,,,,,,,,,,Th 08:00 AM - 11:00 AM,,,,,,,,,,Tu 08:00 AM - 11:00 AM,,,,,,,,,We 08:00 AM - 11:00 AM,,
904,4,0,0,23,Preschool (2 to 5 years)Contact provider for details,,2 to 5 years,5,480,660,15.0,"English, Spanish","Part time, School year only","Breakfast, AM Snack, Lunch, PM Snack","CA State Preschool Program, Accepts Subsidized Payment",3 years - 5 years,36,60,,,,,,English,,,,,,,,,,,,Spanish,,,AM Snack,Breakfast,,,Lunch,PM Snack,,,,,,,Part time,,School year only,,,Accepts Subsidized Payment,CA State Preschool Program,,,,,,,Child Development,,,,,,,,,,,,,,,,,,,,,Subsidize,Virtual/Distance Learning,,,Walking,,,,,,,,Fr 08:00 AM - 11:00 AM,,,,,,,,,,,Mo 08:00 AM - 11:00 AM,,,,,,,,,,,,Th 08:00 AM - 11:00 AM,,,,,,,,,,Tu 08:00 AM - 11:00 AM,,,,,,,,,We 08:00 AM - 11:00 AM,,
13254,5,0,0,23,Preschool (2 to 5 years)Contact provider for details,,2 to 5 years,5,495,675,15.0,"English, Spanish","Part time, School year only","Breakfast, AM Snack, Lunch, PM Snack","CA State Preschool Program, Accepts Subsidized Payment",3 years - 5 years,36,60,,,,,,English,,,,,,,,,,,,Spanish,,,AM Snack,Breakfast,,,Lunch,PM Snack,,,,,,,Part time,,School year only,,,Accepts Subsidized Payment,CA State Preschool Program,,,,,,,Child Development,,,,,,,,,,,,,,,,,,,,,Subsidize,,,,Walking,,,,,,,,,,,,,,,,,,,,,other,,,,,,,,,,,,,,,,,,,,,,,,,,,,,,,
5905,5,0,0,40,Preschool (2 to 5 years)Contact provider for details,,2 to 5 years,5,480,840,30.0,English,"Part time, School year only",Not provided,other,2 years - 5 years,24,60,,,,,,English,,,,,,,,,,,,,,,,,,,,,,,,,,,Part time,,School year only,,,,CA State Preschool Program,Head Start,Other Child Care and Development Program funded by the CDE,,,,,,,,,,,,,,,,,,,,,,,,,,,,,,,,,,,,,,,,,,,,,,,,,,,other,,,,,,,,,,,,,,,,,,,,,,,,,,,,,,,
17301,5,0,0,92,Preschool (2 to 5 years)Contact provider for details,,2 to 5 years,5,450,1050,50.0,"English, Spanish","Full Time, Part time, Full year, School year only","Breakfast, Lunch, PM Snack",other,2 years - 5 years,24,60,,,,,,English,,,,,,,,,,,,Spanish,,,,Breakfast,,,Lunch,PM Snack,,,,,Full Time,Full year,Part time,,School year only,,,,CA State Preschool Program,Head Start,Other Child Care and Development Program funded by the CDE,,,,,Child Development,,,,,,,,,,,,,,,,,,,,,,,,,,,,,,,Fr 07:30 AM - 05:30 PM,,,,,,,,,,Mo 07:30 AM - 05:30 PM,,,,,,,,,,,,Th 07:30 AM - 05:30 PM,,,,,,,,,,Tu 07:30 AM - 05:30 PM,,,,,,,,,We 07:30 AM - 05:30 PM,,,,,
6848,4,0,0,44,Preschool (2 to 5 years)Contact provider for details,,2 to 5 years,5,450,990,45.0,English,"Full Time, Part time, Full year","Breakfast, AM Snack, Lunch, PM Snack","Head Start, CA State Preschool Program, Accepts Subsidized Payment",3 years - 5 years,36,60,,,,,,English,,,,,,,,,,,,,,,AM Snack,Breakfast,,,Lunch,PM Snack,,,,,Full Time,Full year,Part time,,,,,Accepts Subsidized Payment,CA State Preschool Program,Head Start,,,Academic,,,,,,,,,,,,,,,,,,,,,,,,,,,,,,,,,,,,,,,,,,,Mo 07:30 AM - 04:30 PM,,,,,,other,,,,,,Th 07:30 AM - 04:30 PM,,,,,,,,,,,,,,,,,,,,,,,,,
6312,4,1,0,48,Infants (0 to 23 months)Contact provider for details Preschool (2 to 5 years)Contact provider for details,,0 to 23 months,5,390,1020,52.5,"English, Spanish",other,"Breakfast, Lunch, PM Snack, Child Care Food Program (CCFP)","CA State Preschool Program, Other Child Care and Development Program funded by the CDE, Accepts Subsidized Payment",1 years - 5 years,12,60,,,,,,English,,,,,,,,,,,,Spanish,,,,Breakfast,Child Care Food Program (CCFP),,Lunch,PM Snack,,,,,Full Time,Full year,,,School year only,Seasonal,Summer only,Accepts Subsidized Payment,CA State Preschool Program,,Other Child Care and Development Program funded by the CDE,,Academic,,,,,,,,Developmentally Appropriate Practices,,,,,,,,Play based,,,,,,,Special Needs,Subsidize,,,,,,,,,,,,,,,,,,,,,,,,,other,,,,,,,,,,,,,,,,,,,,,,,,,,,,,,,
1669,5,0,0,24,Preschool (2 to 5 years)Contact provider for details,,2 to 5 years,5,480,690,17.5,"English, Spanish","Part time, School year only","Breakfast, Lunch, Child Care Food Program (CCFP)","CA State Preschool Program, Other Child Care and Development Program funded by the CDE, Accepts Subsidized Payment",3 years - 4 years,36,48,,,,,,English,,,,,,,,,,,,Spanish,,,,Breakfast,Child Care Food Program (CCFP),,Lunch,,,,,,,,Part time,,School year only,,,Accepts Subsidized Payment,CA State Preschool Program,,Other Child Care and Development Program funded by the CDE,,,,,,,,,,,,,,,,,,,,,,,,,,,,,,,,,,,,,,,,,,,,,,,,,,,other,,,,,,,,,,,,,,,,,,,,,,,,,,,,,,,
13846,4,1,0,112,Preschool (2 to 5 years) Immediate Openings,1,2 to 5 years,,,,,"English, Spanish, Vietnamese","Full Time, Part time, Rotating Schedule, Full year, School year only, Summer only","Breakfast, AM Snack, Lunch, PM Snack, Child Care Food Program (CCFP)",Accepts Subsidized Payment,3 years - 5 years,36,60,,,,,,English,,,,,,,,,,,,Spanish,,Vietnamese,AM Snack,Breakfast,Child Care Food Program (CCFP),,Lunch,PM Snack,,,,,Full Time,Full year,Part time,Rotating Schedule,School year only,,Summer only,Accepts Subsidized Payment,,,,,,,,,,,,,,,,,,,,,,,,,,,,,,,,,,,,,,,,,,,,,,,,,,,,,,,,,,,,,,,,,,,,,,,,,,,,,,,,,,,,,
9928,1,1,0,58,Infants (0 to 23 months)Contact provider for details Preschool (2 to 5 years)Contact provider for details School Age (6 years and older)Contact provider for details,,0 to 23 months,5,360,1080,60.0,"English, Spanish",other,"Breakfast, Lunch, PM Snack, Child Care Food Program (CCFP)","Other Child Care and Development Program funded by the CDE, Accepts Subsidized Payment",other,12,144,,,,,,English,,,,,,,,,,,,Spanish,,,,Breakfast,Child Care Food Program (CCFP),,Lunch,PM Snack,After School,Before School,Drop in,,Full Time,Full year,Part time,Rotating Schedule,,,,Accepts Subsidized Payment,,,Other Child Care and Development Program funded by the CDE,,,,,Child Development,,,,,Developmentally Appropriate Practices,,,,,,,,,,,,,,,,,,Bus,,,Fr 06:00 AM - 06:00 PM,,,,,,,,,Mo 06:00 AM - 06:00 PM,,,,,,,,,,,,Th 06:00 AM - 06:00 PM,,,,,,,,,,,Tu 06:00 AM - 06:00 PM,,,,,,,,,,We 06:00 AM - 06:00 PM,,,,,,,,,
18646,4,,0,16,Infants (0 to 23 months)Contact provider for details Preschool (2 to 5 years)Contact provider for details,,0 to 23 months,5,450,1050,50.0,"English, Spanish","Full Time, Full year, School year only, Summer only",Child Care Food Program (CCFP),other,0 months - 5 years,0,60,,,,,,English,,,,,,,,,,,,Spanish,,,,,Child Care Food Program (CCFP),,,,,,,,Full Time,Full year,,,School year only,,Summer only,Accepts Subsidized Payment,,Head Start,,Other Public Contract,,,,,,,,,,,,,,,,,,,,,,,,,,,,,,,,,,,,,,,,,,,,,,,,,,other,,,,,,,,,,,,,,,,,,,,,,,,,,,,,,,
7596,5,1,0,24,Preschool (2 to 5 years)Contact provider for details,,2 to 5 years,5,390,1080,57.5,"English, Spanish","Full Time, Part time, Full year, School year only, Seasonal, Summer only","Breakfast, Lunch","CA State Preschool Program, Accepts Subsidized Payment",3 years - 5 years,36,60,,,,,,English,,,,,,,,,,,,Spanish,,,,Breakfast,,,Lunch,,,,,,Full Time,Full year,Part time,,School year only,Seasonal,Summer only,Accepts Subsidized Payment,CA State Preschool Program,,,,,,,Child Development,,,,,,,,,,No Pets,,,,,,Pre-kindergarten/Preschool,,,,Special Needs,Subsidize,,,,Walking,,Fr 06:30 AM - 06:00 PM,,,,,,,,,Mo 06:30 AM - 06:00 PM,,,,,,,,,,,,Th 06:30 AM - 06:00 PM,,,,,,,,,,,Tu 06:30 AM - 06:00 PM,,,,,,,,,,We 06:30 AM - 06:00 PM,,,,,,,,
7036,4,,0,144,Preschool (2 to 5 years)Contact provider for details,,2 to 5 years,5,405,1050,53.75,"English, Spanish","Full Time, Part time, Full year, School year only, Summer only",Child Care Food Program (CCFP),CA State Preschool Program,2 years - 5 years,24,60,,,,,,English,,,,,,,,,,,,Spanish,,,,,Child Care Food Program (CCFP),,,,,,,,Full Time,Full year,Part time,,School year only,,Summer only,,CA State Preschool Program,,,,,,,,,,,,,,,,,,,,,,,,,,,,,,,,,,,,,,,,,,,,,,,,,,,,,other,,,,,,,,,,,,,,,,,,,,,,,,,,,,,,,
12825,4,,0,44,Infants (0 to 23 months)Contact provider for details Preschool (2 to 5 years)Contact provider for details,,0 to 23 months,5,465,960,41.25,"English, Spanish","Full Time, Full year",Child Care Food Program (CCFP),"Head Start, Other Public Contract",0 months - 5 years,0,60,,,,,,English,,,,,,,,,,,,Spanish,,,,,Child Care Food Program (CCFP),,,,,,,,Full Time,Full year,,,,,,,,Head Start,,Other Public Contract,,,,,,,,,,,,,,,,,,,,,,,,,,,,,,,,,,,,,,,,,,,,,,,,,,other,,,,,,,,,,,,,,,,,,,,,,,,,,,,,,,
18054,5,1,0,100,Infants (0 to 23 months) Immediate Openings Preschool (2 to 5 years) Immediate Openings,1,0 to 23 months,5,450,1050,50.0,"English, Spanish","Full Time, Part time, Drop in, Full year","AM Snack, PM Snack",Accepts Subsidized Payment,3 months - 5 years,3,60,,,,,,English,,,,,,,,,,,,Spanish,,,AM Snack,,,,,PM Snack,,,Drop in,,Full Time,Full year,Part time,,,,,Accepts Subsidized Payment,,,,,,,,Child Development,,,,,,,,,,,,,,,,,,,Religious,,,,,,,,,,,,Fr 07:30 AM - 05:30 PM,,,,,,,,,,Mo 07:30 AM - 05:30 PM,,,,,,,,,,,,Th 07:30 AM - 05:30 PM,,,,,,,,,,Tu 07:30 AM - 05:30 PM,,,,,,,,,We 07:30 AM - 05:30 PM,,,,,
11050,3,0,0,74,Preschool (2 to 5 years)Contact provider for details,,2 to 5 years,5,390,1080,57.5,"English, Spanish","Full Time, Part time, Full year, School year only, Summer only","AM Snack, PM Snack",Accepts Subsidized Payment,2 years - 5 years,24,60,,,,,,English,,,,,,,,,,,,Spanish,,,AM Snack,,,,,PM Snack,,,,,Full Time,Full year,Part time,,School year only,,Summer only,Accepts Subsidized Payment,,,,,,,,,,,,,,,,,,,,,,,,,,,,,,,,,,,Fr 06:30 AM - 06:00 PM,,,,,,,,,Mo 06:30 AM - 06:00 PM,,,,,,,,,,,,Th 06:30 AM - 06:00 PM,,,,,,,,,,,Tu 06:30 AM - 06:00 PM,,,,,,,,,,We 06:30 AM - 06:00 PM,,,,,,,,
2344,3,0,0,60,Preschool (2 to 5 years)Contact provider for details,,2 to 5 years,,,,,"English, Spanish","Full Time, Part time, Full year, School year only, Summer only",Not provided,Accepts Subsidized Payment,3 years - 5 years,36,60,,,,,,English,,,,,,,,,,,,Spanish,,,,,,,,,,,,,Full Time,Full year,Part time,,School year only,,Summer only,Accepts Subsidized Payment,,,,,,,,,,,,,,,,,,,,,,,,,,,,,,,,,,,,,,,,,,,,,,,,,,,,,,,,,,,,,,,,,,,,,,,,,,,,,,,,,,,,,
6014,3,0,0,96,Preschool (2 to 5 years)Contact provider for details,,2 to 5 years,5,420,1080,55.0,"English, Spanish","Full Time, Part time, Full year, School year only, Summer only",Not provided,Accepts Subsidized Payment,3 years - 5 years,36,60,,,,,,English,,,,,,,,,,,,Spanish,,,,,,,,,,,,,Full Time,Full year,Part time,,School year only,,Summer only,Accepts Subsidized Payment,,,,,,,,,,,,,,,,,,,,,,,,,,,,,,,,,,,,,,Fr 07:00 AM - 06:00 PM,,,,,,,,,Mo 07:00 AM - 06:00 PM,,,,,,,,,,,,Th 07:00 AM - 06:00 PM,,,,,,,,,,,Tu 07:00 AM - 06:00 PM,,,,,,,,,We 07:00 AM - 06:00 PM,,,,,,
17623,3,0,0,145,Preschool (2 to 5 years)Contact provider for details,,2 to 5 years,5,390,1080,57.5,English,"Full Time, Part time, Full year, School year only, Summer only",Not provided,Accepts Subsidized Payment,3 years - 5 years,36,60,,,,,,English,,,,,,,,,,,,,,,,,,,,,,,,,Full Time,Full year,Part time,,School year only,,Summer only,Accepts Subsidized Payment,,,,,,,,,,,,,,,,,,,,,,,,,,,,,,,,,,,Fr 06:30 AM - 06:00 PM,,,,,,,,,Mo 06:30 AM - 06:00 PM,,,,,,,,,,,,Th 06:30 AM - 06:00 PM,,,,,,,,,,,Tu 06:30 AM - 06:00 PM,,,,,,,,,,We 06:30 AM - 06:00 PM,,,,,,,,
12853,3,0,0,30,Preschool (2 to 5 years)Contact provider for details,,2 to 5 years,5,390,1050,55.0,"English, Spanish","Full Time, Full year, School year only, Summer only","Breakfast, AM Snack, Lunch, PM Snack, Child Care Food Program (CCFP)",Accepts Subsidized Payment,3 years - 5 years,36,60,,,,,,English,,,,,,,,,,,,Spanish,,,AM Snack,Breakfast,Child Care Food Program (CCFP),,Lunch,PM Snack,,,,,Full Time,Full year,,,School year only,,Summer only,Accepts Subsidized Payment,,,,,,,,,,,,,,,,,,,,,,,,,,,,,,,,,,,,,,,,,,,,,,,,,,,,,,other,,,,,,,,,,,,,,,,,,,,,,,,,,,,,,,
5989,4,,0,40,Infants (0 to 23 months)Contact provider for details Preschool (2 to 5 years)Contact provider for details,,0 to 23 months,5,420,960,45.0,"English, Spanish",other,Child Care Food Program (CCFP),"Head Start, Other Public Contract",0 months - 5 years,0,60,,,,,,English,,,,,,,,,,,,Spanish,,,,,Child Care Food Program (CCFP),,,,,,,,Full Time,Full year,,,,,Summer only,,,Head Start,,Other Public Contract,,,,,,,,,,,,,,,,,,,,,,,,,,,,,,,,,,,,,,,,,,,,,,,,,,other,,,,,,,,,,,,,,,,,,,,,,,,,,,,,,,
15947,4,0,0,72,Preschool (2 to 5 years)Contact provider for details,,2 to 5 years,5,480,960,40.0,English,"Full Time, Full year","Breakfast, AM Snack, Lunch, PM Snack, Child Care Food Program (CCFP)",Accepts Subsidized Payment,3 years - 5 years,36,60,,,,,,English,,,,,,,,,,,,,,,AM Snack,Breakfast,Child Care Food Program (CCFP),,Lunch,PM Snack,,,,,Full Time,Full year,,,,,,Accepts Subsidized Payment,,,,,,,,,,,,,,,,,,,,,,,,,,,,,,,,,,,,,,,,,,,,,,,,,,,Mo 08:00 AM - 04:00 PM,,,other,,,,,,,,,Th 08:00 AM - 04:00 PM,,,,,,,,,,Tu 08:00 AM - 04:00 PM,,,,,,,,,We 08:00 AM - 04:00 PM,,,
13964,4,0,0,24,Preschool (2 to 5 years)No Openings,0,2 to 5 years,5,420,1020,50.0,English,"Full Time, Part time, Before School, After School, Full year, School year only, Summer only",Breakfast,Accepts Subsidized Payment,0 months - 11 months,0,11,,,,,,English,,,,,,,,,,,,,,,,Breakfast,,,,,After School,Before School,,,Full Time,Full year,Part time,,School year only,,Summer only,Accepts Subsidized Payment,,,,,,,,,,Co-op,,,,,,,,,,,,,,,,,,,,,,,,,,Fr 07:00 AM - 05:00 PM,,,,,,,,,Mo 07:00 AM - 05:00 PM,,,,,,,,,other,,,Th 07:00 AM - 05:00 PM,,,,,,,,,,,Tu 07:00 AM - 05:00 PM,,,,,,,,,,,,,,,,,
19248,4,0,0,24,Preschool (2 to 5 years)Contact provider for details,,2 to 5 years,,,,,English,"Full Time, School year only",Not provided,Accepts Subsidized Payment,2 years - 5 years,24,60,,,,,,English,,,,,,,,,,,,,,,,,,,,,,,,,Full Time,,,,School year only,,,Accepts Subsidized Payment,,,,,Academic,,,,,,,,,,,,,,,,,,,,,,,,,,,,,,,,,,,,,,,,,,,,,,,,,,,,,,,,,,,,,,,,,,,,,,,,,,,,,,,,
17061,5,0,0,40,Preschool (2 to 5 years)Contact provider for details,,2 to 5 years,5,510,930,35.0,"English, Spanish","Part time, School year only","AM Snack, PM Snack",Accepts Subsidized Payment,3 years - 5 years,36,60,,,,,,English,,,,,,,,,,,,Spanish,,,AM Snack,,,,,PM Snack,,,,,,,Part time,,School year only,,,Accepts Subsidized Payment,,,,,,,,,,,,,,,,,,,,,,,,,,,,,,,,,,,,,,,,,,,,,,,,,,,,,,other,,,,,,,,,,,,,,,,,,,,,,,,,,,,,,,
8322,5,0,0,27,Preschool (2 to 5 years)Contact provider for details,,2 to 5 years,5,450,990,45.0,"English, Spanish","Full Time, Full year","Breakfast, Lunch, PM Snack","CA State Preschool Program, Other Child Care and Development Program funded by the CDE, Accepts Subsidized Payment",3 years - 5 years,36,60,,,,,,English,,,,,,,,,,,,Spanish,,,,Breakfast,,,Lunch,PM Snack,,,,,Full Time,Full year,,,,,,Accepts Subsidized Payment,CA State Preschool Program,,Other Child Care and Development Program funded by the CDE,,,,,,,,,,,,,,,,,,,,,,,,,,,,,,,,,,,,,,,,,,,,,Mo 07:30 AM - 04:30 PM,,,,,,other,,,,,,Th 07:30 AM - 04:30 PM,,,,,,,,,,,,,,,,,,,,,,,,,
14763,4,0,0,40,Preschool (2 to 5 years)Contact provider for details,,2 to 5 years,5,495,960,38.75,"English, Spanish","Part time, School year only","AM Snack, PM Snack",Accepts Subsidized Payment,3 years - 5 years,36,60,,,,,,English,,,,,,,,,,,,Spanish,,,AM Snack,,,,,PM Snack,,,,,,,Part time,,School year only,,,Accepts Subsidized Payment,,,,,,,,,,,,,,,,,,,,,,,,,,,,,,,,,,,,,,,,,,,,,,,,,,,,,,other,,,,,,,,,,,,,,,,,,,,,,,,,,,,,,,
1053,5,,0,50,Preschool (2 to 5 years)Contact provider for details,,2 to 5 years,5,480,690,17.5,English,"Part time, School year only",Not provided,"Head Start, Other Public Contract",3 years - 5 years,36,60,,,,,,English,,,,,,,,,,,,,,,,,,,,,,,,,,,Part time,,School year only,,,,,Head Start,,Other Public Contract,,,,,,,,,,,,,,,,,,,,,,,,,,,,,,,,,,,,,,,,,,,,,,,,,,other,,,,,,,,,,,,,,,,,,,,,,,,,,,,,,,
4668,4,,0,135,Preschool (2 to 5 years)Contact provider for details,,2 to 5 years,5,420,1080,55.0,English,"Full Time, Part time, School year only",Not provided,"Head Start, Other Public Contract",2 years - 5 years,24,60,,,,,,English,,,,,,,,,,,,,,,,,,,,,,,,,Full Time,,Part time,,School year only,,,,,Head Start,,Other Public Contract,,,,,,,,,,,,,,,,,,,,,,,,,,,,,,,,,,,,,,,,,,,,,,,,,,other,,,,,,,,,,,,,,,,,,,,,,,,,,,,,,,
6807,4,,0,44,Preschool (2 to 5 years)Contact provider for details,,2 to 5 years,5,480,690,17.5,English,"Full Time, Part time, School year only",Not provided,"Head Start, Other Public Contract",3 years - 5 years,36,60,,,,,,English,,,,,,,,,,,,,,,,,,,,,,,,,Full Time,,Part time,,School year only,,,,,Head Start,,Other Public Contract,,,,,,,,,,,,,,,,,,,,,,,,,,,,,,,,,,,,,,,,,,,,,,,,,,other,,,,,,,,,,,,,,,,,,,,,,,,,,,,,,,
12548,4,,0,92,Preschool (2 to 5 years)Contact provider for details,,2 to 5 years,5,480,840,30.0,English,"Full Time, Part time, School year only",Child Care Food Program (CCFP),"Head Start, Other Public Contract",3 years - 5 years,36,60,,,,,,English,,,,,,,,,,,,,,,,,Child Care Food Program (CCFP),,,,,,,,Full Time,,Part time,,School year only,,,,,Head Start,,Other Public Contract,,,,,,,,,,,,,,,,,,,,,,,,,,,,,,,,,,,,,,,,,,,,,,,,,,other,,,,,,,,,,,,,,,,,,,,,,,,,,,,,,,
6265,4,,0,96,Preschool (2 to 5 years)Contact provider for details,,2 to 5 years,5,480,690,17.5,"English, Spanish","Part time, School year only",Not provided,"Head Start, Other Public Contract",3 years - 5 years,36,60,,,,,,English,,,,,,,,,,,,Spanish,,,,,,,,,,,,,,,Part time,,School year only,,,,,Head Start,,Other Public Contract,,,,,,,,,,,,,,,,,,,,,,,,,,,,,,,,,,,,,,,,,,,,,,,,,,other,,,,,,,,,,,,,,,,,,,,,,,,,,,,,,,
711,4,,0,48,Preschool (2 to 5 years)Contact provider for details,,2 to 5 years,5,480,690,17.5,English,"Part time, School year only",Not provided,"Head Start, Other Public Contract",3 years - 5 years,36,60,,,,,,English,,,,,,,,,,,,,,,,,,,,,,,,,,,Part time,,School year only,,,,,Head Start,,Other Public Contract,,,,,,,,,,,,,,,,,,,,,,,,,,,,,,,,,,,,,,,,,,,,,,,,,,other,,,,,,,,,,,,,,,,,,,,,,,,,,,,,,,
18460,4,,0,45,Preschool (2 to 5 years)Contact provider for details,,2 to 5 years,5,480,1065,48.75,"English, Spanish","Part time, Full year",Not provided,"Head Start, Other Public Contract",3 years - 5 years,36,60,,,,,,English,,,,,,,,,,,,Spanish,,,,,,,,,,,,,,Full year,Part time,,,,,,,Head Start,,Other Public Contract,,,,,,,,,,,,,,,,,,,,,,,,,,,,,,,,,,,,,,,,,,,,,,,,,,other,,,,,,,,,,,,,,,,,,,,,,,,,,,,,,,
18063,4,1,0,38,Preschool (2 to 5 years)Contact provider for details,,2 to 5 years,5,450,1050,50.0,other,"Full Time, Full year","Breakfast, AM Snack, Lunch, PM Snack, Child Care Food Program (CCFP)","CA State Preschool Program, Accepts Subsidized Payment",2 years - 5 years,24,60,,,Chinese (Cantonese),Chinese (Mandarin),,English,,,,,,,,,,,,Spanish,,,AM Snack,Breakfast,Child Care Food Program (CCFP),,Lunch,PM Snack,,,,,Full Time,Full year,,,,,,Accepts Subsidized Payment,CA State Preschool Program,,,,,Art based,,Child Development,,,,,,,,,,,other,,Play based,,Potty training,,,,,,,,Bus,,Walking,,,,,,Fr 07:30 AM - 05:30 PM,,,,,,,,,,Mo 07:30 AM - 05:30 PM,,,,,,,,,,,,Th 07:30 AM - 05:30 PM,,,,,,,,,,Tu 07:30 AM - 05:30 PM,,,,,,,,,We 07:30 AM - 05:30 PM,,,,,
1075,5,0,0,52,Preschool (2 to 5 years)Contact provider for details,,2 to 5 years,5,360,1080,60.0,English,Full Time,Not provided,Accepts Subsidized Payment,3 years - 5 years,36,60,,,,,,English,,,,,,,,,,,,,,,,,,,,,,,,,Full Time,,,,,,,Accepts Subsidized Payment,,,,,,,,,,,,,,,,,,,,,,,,,,,,,,,,,,Fr 06:00 AM - 06:00 PM,,,,,,,,,Mo 06:00 AM - 06:00 PM,,,,,,,,,,,,Th 06:00 AM - 06:00 PM,,,,,,,,,,,Tu 06:00 AM - 06:00 PM,,,,,,,,,,We 06:00 AM - 06:00 PM,,,,,,,,,
12818,4,0,0,126,Infants (0 to 23 months)Contact provider for details Preschool (2 to 5 years)Contact provider for details,,0 to 23 months,5,360,1080,60.0,English,"Part time, School year only",Not provided,Accepts Subsidized Payment,1 months - 5 years,1,60,,,,,,English,,,,,,,,,,,,,,,,,,,,,,,,,,,Part time,,School year only,,,Accepts Subsidized Payment,,,,,,,,,,,,,,,,,,,,,,,,,,,,,,,,,,Fr 06:00 AM - 06:00 PM,,,,,,,,,Mo 06:00 AM - 06:00 PM,,,,,,,,,,,,Th 06:00 AM - 06:00 PM,,,,,,,,,,,Tu 06:00 AM - 06:00 PM,,,,,,,,,,We 06:00 AM - 06:00 PM,,,,,,,,,
15300,4,0,0,135,Infants (0 to 23 months)Contact provider for details Preschool (2 to 5 years)Contact provider for details,,0 to 23 months,5,360,1080,60.0,English,"Part time, School year only",Not provided,Accepts Subsidized Payment,1 months - 5 years,1,60,,,,,,English,,,,,,,,,,,,,,,,,,,,,,,,,,,Part time,,School year only,,,Accepts Subsidized Payment,,,,,,,,,,,,,,,,,,,,,,,,,,,,,,,,,,Fr 06:00 AM - 06:00 PM,,,,,,,,,Mo 06:00 AM - 06:00 PM,,,,,,,,,,,,Th 06:00 AM - 06:00 PM,,,,,,,,,,,Tu 06:00 AM - 06:00 PM,,,,,,,,,,We 06:00 AM - 06:00 PM,,,,,,,,,
7385,5,0,0,144,Preschool (2 to 5 years)Contact provider for details,,2 to 5 years,5,360,1080,60.0,English,"Part time, School year only",Not provided,Accepts Subsidized Payment,3 years - 5 years,36,60,,,,,,English,,,,,,,,,,,,,,,,,,,,,,,,,,,Part time,,School year only,,,Accepts Subsidized Payment,,,,,,,,,,,,,,,,,,,,,,,,,,,,,,,,,,Fr 06:00 AM - 06:00 PM,,,,,,,,,Mo 06:00 AM - 06:00 PM,,,,,,,,,,,,Th 06:00 AM - 06:00 PM,,,,,,,,,,,Tu 06:00 AM - 06:00 PM,,,,,,,,,,We 06:00 AM - 06:00 PM,,,,,,,,,
19071,4,0,0,120,Preschool (2 to 5 years)Contact provider for details,,2 to 5 years,5,360,1080,60.0,English,"Part time, School year only",Not provided,Accepts Subsidized Payment,3 years - 5 years,36,60,,,,,,English,,,,,,,,,,,,,,,,,,,,,,,,,,,Part time,,School year only,,,Accepts Subsidized Payment,,,,,,,,,,,,,,,,,,,,,,,,,,,,,,,,,,Fr 06:00 AM - 06:00 PM,,,,,,,,,Mo 06:00 AM - 06:00 PM,,,,,,,,,,,,Th 06:00 AM - 06:00 PM,,,,,,,,,,,Tu 06:00 AM - 06:00 PM,,,,,,,,,,We 06:00 AM - 06:00 PM,,,,,,,,,
2321,4,0,0,48,Preschool (2 to 5 years)Contact provider for details,,2 to 5 years,5,360,1080,60.0,English,"Part time, School year only",Not provided,Accepts Subsidized Payment,3 years - 5 years,36,60,,,,,,English,,,,,,,,,,,,,,,,,,,,,,,,,,,Part time,,School year only,,,Accepts Subsidized Payment,,,,,,,,,,,,,,,,,,,,,,,,,,,,,,,,,,Fr 06:00 AM - 06:00 PM,,,,,,,,,Mo 06:00 AM - 06:00 PM,,,,,,,,,,,,Th 06:00 AM - 06:00 PM,,,,,,,,,,,Tu 06:00 AM - 06:00 PM,,,,,,,,,,We 06:00 AM - 06:00 PM,,,,,,,,,
4035,4,0,0,143,Infants (0 to 23 months)Contact provider for details Preschool (2 to 5 years)Contact provider for details,,0 to 23 months,5,360,1080,60.0,English,"Full Time, Full year, School year only, Summer only","Breakfast, AM Snack, Lunch, PM Snack",Accepts Subsidized Payment,1 months - 5 years,1,60,,,,,,English,,,,,,,,,,,,,,,AM Snack,Breakfast,,,Lunch,PM Snack,,,,,Full Time,Full year,,,School year only,,Summer only,Accepts Subsidized Payment,,,,,,,,,,,,,,,,,,,,,,,,,,,,,,,,,,Fr 06:00 AM - 06:00 PM,,,,,,,,,Mo 06:00 AM - 06:00 PM,,,,,,,,,,,,Th 06:00 AM - 06:00 PM,,,,,,,,,,,Tu 06:00 AM - 06:00 PM,,,,,,,,,,We 06:00 AM - 06:00 PM,,,,,,,,,
17484,4,0,0,156,Preschool (2 to 5 years)Contact provider for details,,2 to 5 years,5,360,1080,60.0,English,"Part time, School year only",Not provided,Accepts Subsidized Payment,3 years - 5 years,36,60,,,,,,English,,,,,,,,,,,,,,,,,,,,,,,,,,,Part time,,School year only,,,Accepts Subsidized Payment,,,,,,,,,,,,,,,,,,,,,,,,,,,,,,,,,,Fr 06:00 AM - 06:00 PM,,,,,,,,,Mo 06:00 AM - 06:00 PM,,,,,,,,,,,,Th 06:00 AM - 06:00 PM,,,,,,,,,,,Tu 06:00 AM - 06:00 PM,,,,,,,,,,We 06:00 AM - 06:00 PM,,,,,,,,,
16634,4,0,0,168,Infants (0 to 23 months)Contact provider for details Preschool (2 to 5 years)Contact provider for details,,0 to 23 months,5,360,1080,60.0,English,"Part time, School year only",Not provided,Accepts Subsidized Payment,1 months - 5 years,1,60,,,,,,English,,,,,,,,,,,,,,,,,,,,,,,,,,,Part time,,School year only,,,Accepts Subsidized Payment,,,,,,,,,,,,,,,,,,,,,,,,,,,,,,,,,,Fr 06:00 AM - 06:00 PM,,,,,,,,,Mo 06:00 AM - 06:00 PM,,,,,,,,,,,,Th 06:00 AM - 06:00 PM,,,,,,,,,,,Tu 06:00 AM - 06:00 PM,,,,,,,,,,We 06:00 AM - 06:00 PM,,,,,,,,,
10727,4,1,0,120,Preschool (2 to 5 years)Contact provider for details,,2 to 5 years,4,495,930,29.0,"English, Spanish","Part time, School year only",Not provided,CA State Preschool Program,4 years - 5 years,48,60,,,,,,English,,,,,,,,,,,,Spanish,,,,,,,,,,,,,,,Part time,,School year only,,,,CA State Preschool Program,,,,,,,Child Development,,,,,,,,,,,,,,,,,,,,Special Needs,Subsidize,,,,Walking,,,,,,,,,,,,,,,,,,,,,other,,,,,,,,,,,,,,,,,,,,,,,,,,,,,,,
14627,3,1,0,60,Preschool (2 to 5 years)Contact provider for details,,2 to 5 years,5,450,1080,52.5,other,"Full Time, Part time, Drop in, Rotating Schedule, Full year, School year only, Summer only",other,Accepts Subsidized Payment,0 months - 11 months,0,11,,,,,,English,,,,,Japanese,,,,,,,Spanish,,,AM Snack,Breakfast,Child Care Food Program (CCFP),Dinner,Lunch,,,,Drop in,,Full Time,Full year,Part time,Rotating Schedule,School year only,,Summer only,Accepts Subsidized Payment,,,,,,,,,,,,,,,,,,,,,,,,,,,,,,,,,,,,,,,,,,,,,,,,,,,,,,other,,,,,,,,,,,,,,,,,,,,,,,,,,,,,,,
384,4,0,0,27,Preschool (2 to 5 years)Contact provider for details,,2 to 5 years,5,360,1080,60.0,English,"Full Time, Full year",Not provided,Accepts Subsidized Payment,0 months - 11 months,0,11,,,,,,English,,,,,,,,,,,,,,,,,,,,,,,,,Full Time,Full year,,,,,,Accepts Subsidized Payment,,,,,,,,,,,,,,,,,,,,,,,,,,,,,,,,,,Fr 06:00 AM - 06:00 PM,,,,,,,,,Mo 06:00 AM - 06:00 PM,,,,,,,,,,,,Th 06:00 AM - 06:00 PM,,,,,,,,,,,Tu 06:00 AM - 06:00 PM,,,,,,,,,,We 06:00 AM - 06:00 PM,,,,,,,,,
3477,5,0,0,48,Preschool (2 to 5 years)Contact provider for details,,2 to 5 years,5,360,1080,60.0,English,"Full Time, Full year",Not provided,Accepts Subsidized Payment,0 months - 11 months,0,11,,,,,,English,,,,,,,,,,,,,,,,,,,,,,,,,Full Time,Full year,,,,,,Accepts Subsidized Payment,,,,,,,,,,,,,,,,,,,,,,,,,,,,,,,,,,Fr 06:00 AM - 06:00 PM,,,,,,,,,Mo 06:00 AM - 06:00 PM,,,,,,,,,,,,Th 06:00 AM - 06:00 PM,,,,,,,,,,,Tu 06:00 AM - 06:00 PM,,,,,,,,,,We 06:00 AM - 06:00 PM,,,,,,,,,
1918,5,,0,24,Preschool (2 to 5 years)Contact provider for details,,2 to 5 years,5,480,660,15.0,English,"Part time, School year only",Child Care Food Program (CCFP),CA State Preschool Program,4 years - 5 years,48,60,,,,,,English,,,,,,,,,,,,,,,,,Child Care Food Program (CCFP),,,,,,,,,,Part time,,School year only,,,,CA State Preschool Program,,,,,,,,,,,,,,,,,,,,,,,,,,,,,,,,,,,,,,,,,,,,,,,,,,,,,other,,,,,,,,,,,,,,,,,,,,,,,,,,,,,,,
2361,4,,0,22,Preschool (2 to 5 years)Contact provider for details,,2 to 5 years,5,480,660,15.0,English,"Part time, School year only",Child Care Food Program (CCFP),CA State Preschool Program,4 years - 5 years,48,60,,,,,,English,,,,,,,,,,,,,,,,,Child Care Food Program (CCFP),,,,,,,,,,Part time,,School year only,,,,CA State Preschool Program,,,,,,,,,,,,,,,,,,,,,,,,,,,,,,,,,,,,,,,,,,,,,,,,,,,,,other,,,,,,,,,,,,,,,,,,,,,,,,,,,,,,,
19126,4,,0,30,Preschool (2 to 5 years)Contact provider for details,,2 to 5 years,5,480,1380,75.0,"English, Spanish","Part time, School year only",Child Care Food Program (CCFP),Other Child Care and Development Program funded by the CDE,2 years - 5 years,24,60,,,,,,English,,,,,,,,,,,,Spanish,,,,,Child Care Food Program (CCFP),,,,,,,,,,Part time,,School year only,,,,,,Other Child Care and Development Program funded by the CDE,,,,,,,,,,,,,,,,,,,,,,,,,,,,,,,,,,,,,,,,,,,,,,,,,,,other,,,,,,,,,,,,,,,,,,,,,,,,,,,,,,,
16838,5,,0,22,Preschool (2 to 5 years)Contact provider for details,,2 to 5 years,5,480,660,15.0,English,"Part time, School year only",Not provided,CA State Preschool Program,4 years - 5 years,48,60,,,,,,English,,,,,,,,,,,,,,,,,,,,,,,,,,,Part time,,School year only,,,,CA State Preschool Program,,,,,,,,,,,,,,,,,,,,,,,,,,,,,,,,,,,,,,,,,,,,,,,,,,,,,other,,,,,,,,,,,,,,,,,,,,,,,,,,,,,,,
6296,4,,0,27,Preschool (2 to 5 years)Contact provider for details,,2 to 5 years,5,480,660,15.0,"English, Spanish","Part time, School year only",Child Care Food Program (CCFP),CA State Preschool Program,4 years - 5 years,48,60,,,,,,English,,,,,,,,,,,,Spanish,,,,,Child Care Food Program (CCFP),,,,,,,,,,Part time,,School year only,,,,CA State Preschool Program,,,,,,,,,,,,,,,,,,,,,,,,,,,,,,,,,,,,,,,,,,,,,,,,,,,,,other,,,,,,,,,,,,,,,,,,,,,,,,,,,,,,,
13273,4,,0,81,Preschool (2 to 5 years)Contact provider for details School Age (6 years and older)Contact provider for details,,2 to 5 years,5,420,1050,52.5,"English, Spanish",other,Child Care Food Program (CCFP),Other Child Care and Development Program funded by the CDE,3 years - 12 years,36,144,,,,,,English,,,,,,,,,,,,Spanish,,,,,Child Care Food Program (CCFP),,,,After School,Before School,,,Full Time,,,,School year only,,,,,,Other Child Care and Development Program funded by the CDE,,,,,,,,,,,,,,,,,,,,,,,,,,,,,,,,,,,,,,,,,,,,,,,,,,,other,,,,,,,,,,,,,,,,,,,,,,,,,,,,,,,
11792,4,,0,22,Preschool (2 to 5 years)Contact provider for details,,2 to 5 years,5,480,660,15.0,English,"Part time, School year only",Child Care Food Program (CCFP),CA State Preschool Program,4 years - 5 years,48,60,,,,,,English,,,,,,,,,,,,,,,,,Child Care Food Program (CCFP),,,,,,,,,,Part time,,School year only,,,,CA State Preschool Program,,,,,,,,,,,,,,,,,,,,,,,,,,,,,,,,,,,,,,,,,,,,,,,,,,,,,other,,,,,,,,,,,,,,,,,,,,,,,,,,,,,,,
18983,5,,0,24,Preschool (2 to 5 years)Contact provider for details,,2 to 5 years,5,480,660,15.0,"English, Spanish","Part time, School year only",Child Care Food Program (CCFP),CA State Preschool Program,4 years - 5 years,48,60,,,,,,English,,,,,,,,,,,,Spanish,,,,,Child Care Food Program (CCFP),,,,,,,,,,Part time,,School year only,,,,CA State Preschool Program,,,,,,,,,,,,,,,,,,,,,,,,,,,,,,,,,,,,,,,,,,,,,,,,,,,,,other,,,,,,,,,,,,,,,,,,,,,,,,,,,,,,,
7000,4,,0,130,Infants (0 to 23 months)Contact provider for details Preschool (2 to 5 years)Contact provider for details,,0 to 23 months,5,420,1080,55.0,"English, Spanish",other,Child Care Food Program (CCFP),Other Child Care and Development Program funded by the CDE,2 years - 5 years,24,60,,,,,,English,,,,,,,,,,,,Spanish,,,,,Child Care Food Program (CCFP),,,,,,,,Full Time,Full year,,,School year only,,,,,,Other Child Care and Development Program funded by the CDE,,,,,,,,,,,,,,,,,,,,,,,,,,,,,,,,,,,,,,,,,,,,,,,,,,,other,,,,,,,,,,,,,,,,,,,,,,,,,,,,,,,
593,5,,0,20,Preschool (2 to 5 years)Contact provider for details,,2 to 5 years,5,495,675,15.0,English,"Part time, School year only",Not provided,CA State Preschool Program,4 years - 5 years,48,60,,,,,,English,,,,,,,,,,,,,,,,,,,,,,,,,,,Part time,,School year only,,,,CA State Preschool Program,,,,,,,,,,,,,,,,,,,,,,,,,,,,,,,,,,,,,,,,,,,,,,,,,,,,,other,,,,,,,,,,,,,,,,,,,,,,,,,,,,,,,
13836,5,,0,22,Preschool (2 to 5 years)Contact provider for details,,2 to 5 years,5,480,660,15.0,"English, Spanish","Part time, School year only",Child Care Food Program (CCFP),CA State Preschool Program,4 years - 5 years,48,60,,,,,,English,,,,,,,,,,,,Spanish,,,,,Child Care Food Program (CCFP),,,,,,,,,,Part time,,School year only,,,,CA State Preschool Program,,,,,,,,,,,,,,,,,,,,,,,,,,,,,,,,,,,,,,,,,,,,,,,,,,,,,other,,,,,,,,,,,,,,,,,,,,,,,,,,,,,,,
16267,4,,0,42,Preschool (2 to 5 years)Contact provider for details,,2 to 5 years,5,480,660,15.0,English,"Part time, School year only",Child Care Food Program (CCFP),CA State Preschool Program,4 years - 5 years,48,60,,,,,,English,,,,,,,,,,,,,,,,,Child Care Food Program (CCFP),,,,,,,,,,Part time,,School year only,,,,CA State Preschool Program,,,,,,,,,,,,,,,,,,,,,,,,,,,,,,,,,,,,,,,,,,,,,,,,,,,,,other,,,,,,,,,,,,,,,,,,,,,,,,,,,,,,,
1270,4,,0,53,Preschool (2 to 5 years)Contact provider for details,,2 to 5 years,5,420,1050,52.5,"English, Spanish","Full Time, Part time, School year only",Child Care Food Program (CCFP),Other Child Care and Development Program funded by the CDE,3 years - 4 years,36,48,,,,,,English,,,,,,,,,,,,Spanish,,,,,Child Care Food Program (CCFP),,,,,,,,Full Time,,Part time,,School year only,,,,,,Other Child Care and Development Program funded by the CDE,,,,,,,,,,,,,,,,,,,,,,,,,,,,,,,,,,,,,,,,,,,,,,,,,,,other,,,,,,,,,,,,,,,,,,,,,,,,,,,,,,,
7152,4,,0,53,Preschool (2 to 5 years)Contact provider for details,,2 to 5 years,5,480,660,15.0,English,"Part time, School year only",Child Care Food Program (CCFP),CA State Preschool Program,4 years - 5 years,48,60,,,,,,English,,,,,,,,,,,,,,,,,Child Care Food Program (CCFP),,,,,,,,,,Part time,,School year only,,,,CA State Preschool Program,,,,,,,,,,,,,,,,,,,,,,,,,,,,,,,,,,,,,,,,,,,,,,,,,,,,,other,,,,,,,,,,,,,,,,,,,,,,,,,,,,,,,
13103,4,,0,27,Preschool (2 to 5 years)Contact provider for details,,2 to 5 years,5,505,685,15.0,English,"Part time, School year only",Child Care Food Program (CCFP),CA State Preschool Program,4 years - 5 years,48,60,,,,,,English,,,,,,,,,,,,,,,,,Child Care Food Program (CCFP),,,,,,,,,,Part time,,School year only,,,,CA State Preschool Program,,,,,,,,,,,,,,,,,,,,,,,,,,,,,,,,,,,,,,,,,,,,,,,,,,,,,other,,,,,,,,,,,,,,,,,,,,,,,,,,,,,,,
16501,5,,0,21,Preschool (2 to 5 years)Contact provider for details,,2 to 5 years,5,480,660,15.0,English,"Part time, School year only",Child Care Food Program (CCFP),CA State Preschool Program,4 years - 5 years,48,60,,,,,,English,,,,,,,,,,,,,,,,,Child Care Food Program (CCFP),,,,,,,,,,Part time,,School year only,,,,CA State Preschool Program,,,,,,,,,,,,,,,,,,,,,,,,,,,,,,,,,,,,,,,,,,,,,,,,,,,,,other,,,,,,,,,,,,,,,,,,,,,,,,,,,,,,,
2197,5,,0,42,Preschool (2 to 5 years)Contact provider for details,,2 to 5 years,5,480,660,15.0,English,"Part time, School year only",Child Care Food Program (CCFP),CA State Preschool Program,4 years - 5 years,48,60,,,,,,English,,,,,,,,,,,,,,,,,Child Care Food Program (CCFP),,,,,,,,,,Part time,,School year only,,,,CA State Preschool Program,,,,,,,,,,,,,,,,,,,,,,,,,,,,,,,,,,,,,,,,,,,,,,,,,,,,,other,,,,,,,,,,,,,,,,,,,,,,,,,,,,,,,
10719,4,,0,27,Preschool (2 to 5 years)Contact provider for details,,2 to 5 years,5,420,1080,55.0,"English, Spanish",Full Time,Not provided,,other,0,0,,,,,,English,,,,,,,,,,,,Spanish,,,,,,,,,,,,,Full Time,,,,,,,,,,,,,,,,,,,,,,,,,,,,,,,,,,,,,,,,,,,,,,,,,,,,,,,,,,,,,other,,,,,,,,,,,,,,,,,,,,,,,,,,,,,,,
19046,4,,0,94,Preschool (2 to 5 years)Contact provider for details School Age (6 years and older)Contact provider for details,,2 to 5 years,5,480,1380,75.0,other,other,Child Care Food Program (CCFP),Other Child Care and Development Program funded by the CDE,other,24,120,,,,,,English,,,,,,,other,,,,,Spanish,,,,,Child Care Food Program (CCFP),,,,After School,Before School,,,Full Time,Full year,Part time,,School year only,,,,,,Other Child Care and Development Program funded by the CDE,,,,,,,,,,,,,,,,,,,,,,,,,,,,,,,,,,,,,,,,,,,,,,,,,,,other,,,,,,,,,,,,,,,,,,,,,,,,,,,,,,,
8682,5,,0,24,Preschool (2 to 5 years)Contact provider for details,,2 to 5 years,5,480,660,15.0,English,"Part time, School year only",Child Care Food Program (CCFP),CA State Preschool Program,4 years - 5 years,48,60,,,,,,English,,,,,,,,,,,,,,,,,Child Care Food Program (CCFP),,,,,,,,,,Part time,,School year only,,,,CA State Preschool Program,,,,,,,,,,,,,,,,,,,,,,,,,,,,,,,,,,,,,,,,,,,,,,,,,,,,,other,,,,,,,,,,,,,,,,,,,,,,,,,,,,,,,
1183,4,,0,42,Preschool (2 to 5 years)Contact provider for details,,2 to 5 years,5,480,660,15.0,English,"Part time, School year only",Child Care Food Program (CCFP),CA State Preschool Program,4 years - 5 years,48,60,,,,,,English,,,,,,,,,,,,,,,,,Child Care Food Program (CCFP),,,,,,,,,,Part time,,School year only,,,,CA State Preschool Program,,,,,,,,,,,,,,,,,,,,,,,,,,,,,,,,,,,,,,,,,,,,,,,,,,,,,other,,,,,,,,,,,,,,,,,,,,,,,,,,,,,,,
1610,5,0,0,120,Preschool (2 to 5 years)Contact provider for details,,2 to 5 years,5,510,930,35.0,"English, Spanish","Part time, School year only","AM Snack, PM Snack",Accepts Subsidized Payment,3 years - 5 years,36,60,,,,,,English,,,,,,,,,,,,Spanish,,,AM Snack,,,,,PM Snack,,,,,,,Part time,,School year only,,,Accepts Subsidized Payment,,,,,,,,,,,,,,,,,,,,,,,,,,,,,,,,,,,,,,,,,,,,,,,,,,,,,,other,,,,,,,,,,,,,,,,,,,,,,,,,,,,,,,
2765,4,0,0,24,Preschool (2 to 5 years)Contact provider for details,,2 to 5 years,5,480,660,15.0,"English, Spanish","Part time, School year only","Breakfast, Lunch, PM Snack",Accepts Subsidized Payment,3 years - 4 years,36,48,,,,,,English,,,,,,,,,,,,Spanish,,,,Breakfast,,,Lunch,PM Snack,,,,,,,Part time,,School year only,,,Accepts Subsidized Payment,,,,,,,,,,,,,,,,,,,,,,,,,,,,,,,,,,,,,,,,,Fr 08:00 AM - 11:00 AM,,,,,,,,,,,Mo 08:00 AM - 11:00 AM,,,,,,,,,,,,Th 08:00 AM - 11:00 AM,,,,,,,,,,Tu 08:00 AM - 11:00 AM,,,,,,,,,We 08:00 AM - 11:00 AM,,
4285,4,0,0,72,Preschool (2 to 5 years)No Openings,0,2 to 5 years,5,480,885,33.75,English,"Full Time, Full year",Not provided,Accepts Subsidized Payment,0 months - 11 months,0,11,,,,,,English,,,,,,,,,,,,,,,,,,,,,,,,,Full Time,Full year,,,,,,Accepts Subsidized Payment,,,,,,,,,,,,,,,,,,,,,,,,,,,,,,,,,,,,,,,,,,,,,,,,,,,,,,other,,,,,,,,,,,,,,,,,,,,,,,,,,,,,,,
15860,4,1,0,168,Preschool (2 to 5 years)No Openings,0,2 to 5 years,5,360,1080,60.0,English,"Full Time, Full year",Not provided,Accepts Subsidized Payment,3 years - 5 years,36,60,,,,,,English,,,,,,,,,,,,,,,,,,,,,,,,,Full Time,Full year,,,,,,Accepts Subsidized Payment,,,,,,,,,,,,,,,,,,,,,,,,,,,,,,,,,,Fr 06:00 AM - 06:00 PM,,,,,,,,,Mo 06:00 AM - 06:00 PM,,,,,,,,,,,,Th 06:00 AM - 06:00 PM,,,,,,,,,,,Tu 06:00 AM - 06:00 PM,,,,,,,,,,We 06:00 AM - 06:00 PM,,,,,,,,,
6795,4,0,0,48,Preschool (2 to 5 years)No Openings,0,2 to 5 years,5,360,1080,60.0,English,"Full Time, Full year",Not provided,Accepts Subsidized Payment,0 months - 11 months,0,11,,,,,,English,,,,,,,,,,,,,,,,,,,,,,,,,Full Time,Full year,,,,,,Accepts Subsidized Payment,,,,,,,,,,,,,,,,,,,,,,,,,,,,,,,,,,Fr 06:00 AM - 06:00 PM,,,,,,,,,Mo 06:00 AM - 06:00 PM,,,,,,,,,,,,Th 06:00 AM - 06:00 PM,,,,,,,,,,,Tu 06:00 AM - 06:00 PM,,,,,,,,,,We 06:00 AM - 06:00 PM,,,,,,,,,
12370,4,0,0,46,Preschool (2 to 5 years)No Openings,0,2 to 5 years,5,360,1080,60.0,English,Full Time,Not provided,Accepts Subsidized Payment,3 years - 5 years,36,60,,,,,,English,,,,,,,,,,,,,,,,,,,,,,,,,Full Time,,,,,,,Accepts Subsidized Payment,,,,,,,,,,,,,,,,,,,,,,,,,,,,,,,,,,Fr 06:00 AM - 06:00 PM,,,,,,,,,Mo 06:00 AM - 06:00 PM,,,,,,,,,,,,Th 06:00 AM - 06:00 PM,,,,,,,,,,,Tu 06:00 AM - 06:00 PM,,,,,,,,,,We 06:00 AM - 06:00 PM,,,,,,,,,
6575,5,0,0,48,Preschool (2 to 5 years)No Openings,0,2 to 5 years,5,495,900,33.75,English,"Full Time, Full year",Not provided,Accepts Subsidized Payment,0 months - 11 months,0,11,,,,,,English,,,,,,,,,,,,,,,,,,,,,,,,,Full Time,Full year,,,,,,Accepts Subsidized Payment,,,,,,,,,,,,,,,,,,,,,,,,,,,,,,,,,,,,,,,,,,,,,,,,,,,,,,other,,,,,,,,,,,,,,,,,,,,,,,,,,,,,,,
15743,4,0,0,72,Preschool (2 to 5 years)No Openings,0,2 to 5 years,5,360,1080,60.0,English,"Full Time, Full year",Not provided,Accepts Subsidized Payment,0 months - 11 months,0,11,,,,,,English,,,,,,,,,,,,,,,,,,,,,,,,,Full Time,Full year,,,,,,Accepts Subsidized Payment,,,,,,,,,,,,,,,,,,,,,,,,,,,,,,,,,,Fr 06:00 AM - 06:00 PM,,,,,,,,,Mo 06:00 AM - 06:00 PM,,,,,,,,,,,,Th 06:00 AM - 06:00 PM,,,,,,,,,,,Tu 06:00 AM - 06:00 PM,,,,,,,,,,We 06:00 AM - 06:00 PM,,,,,,,,,
8826,4,0,0,72,Preschool (2 to 5 years)No Openings,0,2 to 5 years,5,360,1080,60.0,English,Full Time,Not provided,Accepts Subsidized Payment,0 months - 11 months,0,11,,,,,,English,,,,,,,,,,,,,,,,,,,,,,,,,Full Time,,,,,,,Accepts Subsidized Payment,,,,,,,,,,,,,,,,,,,,,,,,,,,,,,,,,,Fr 06:00 AM - 06:00 PM,,,,,,,,,Mo 06:00 AM - 06:00 PM,,,,,,,,,,,,Th 06:00 AM - 06:00 PM,,,,,,,,,,,Tu 06:00 AM - 06:00 PM,,,,,,,,,,We 06:00 AM - 06:00 PM,,,,,,,,,
9382,5,0,0,48,Preschool (2 to 5 years)No Openings,0,2 to 5 years,5,360,1080,60.0,English,"Full Time, Full year",Not provided,Accepts Subsidized Payment,0 months - 11 months,0,11,,,,,,English,,,,,,,,,,,,,,,,,,,,,,,,,Full Time,Full year,,,,,,Accepts Subsidized Payment,,,,,,,,,,,,,,,,,,,,,,,,,,,,,,,,,,Fr 06:00 AM - 06:00 PM,,,,,,,,,Mo 06:00 AM - 06:00 PM,,,,,,,,,,,,Th 06:00 AM - 06:00 PM,,,,,,,,,,,Tu 06:00 AM - 06:00 PM,,,,,,,,,,We 06:00 AM - 06:00 PM,,,,,,,,,
3469,4,1,0,56,Preschool (2 to 5 years)Contact provider for details,,2 to 5 years,5,465,1035,47.5,"English, Spanish","Full Time, Part time, Drop in, Full year",Not provided,"CA State Preschool Program, Accepts Subsidized Payment",2 years - 6 years,24,72,,,,,,English,,,,,,,,,,,,Spanish,,,,,,,,,,,Drop in,,Full Time,Full year,Part time,,,,,Accepts Subsidized Payment,CA State Preschool Program,,,,,,,Child Development,,,,,,,,,,,,,,,,,,,,,,,,,,,,,,,,,,,,,,,,,,,,,,other,,,,,,,,,,,,,,,,,,,,,,,,,,,,,,,
18271,4,1,1,111,Infants (0 to 23 months)Contact provider for details Preschool (2 to 5 years)Contact provider for details,,0 to 23 months,5,450,1080,52.5,other,"Full Time, Part time, Drop in, Full year","AM Snack, PM Snack",other,other,3,72,National Association for the Education of Young Children,,Chinese (Cantonese),Chinese (Mandarin),,English,,,,,,,other,,,,,Spanish,Tagalog,Vietnamese,AM Snack,,,,,PM Snack,,,Drop in,,Full Time,Full year,Part time,,,,,Accepts Subsidized Payment,,,Other Child Care and Development Program funded by the CDE,Other Public Contract,,,,,,,,,Developmentally Appropriate Practices,,,,,,other,,,,,,,Reggio Emilia,,Special Needs,,,,,,,,,,,,,,,,,,,,,,,,,,other,,,,,,,,,,,,,,,,,,,,,,,,,,,,,,,
10249,4,1,0,20,Preschool (2 to 5 years)Contact provider for details,,2 to 5 years,5,480,870,32.5,English,"Full Time, School year only","Breakfast, Lunch, Child Care Food Program (CCFP)","Head Start, CA State Preschool Program",2 years - 5 years,24,60,,,,,,English,,,,,,,,,,,,,,,,Breakfast,Child Care Food Program (CCFP),,Lunch,,,,,,Full Time,,,,School year only,,,,CA State Preschool Program,Head Start,,,,,,Child Development,,,,,Developmentally Appropriate Practices,,,,,,,Parent Involvement,Play based,,Potty training,Pre-kindergarten/Preschool,,,,,,,,,,,,,,,,,,,,,,,,,,,,,,other,,,,,,,,,,,,,,,,,,,,,,,,,,,,,,,
15512,4,0,0,24,Preschool (2 to 5 years)No Openings,0,2 to 5 years,5,360,1080,60.0,English,Full Time,Not provided,Accepts Subsidized Payment,0 months - 11 months,0,11,,,,,,English,,,,,,,,,,,,,,,,,,,,,,,,,Full Time,,,,,,,Accepts Subsidized Payment,,,,,,,,,,,,,,,,,,,,,,,,,,,,,,,,,,Fr 06:00 AM - 06:00 PM,,,,,,,,,Mo 06:00 AM - 06:00 PM,,,,,,,,,,,,Th 06:00 AM - 06:00 PM,,,,,,,,,,,Tu 06:00 AM - 06:00 PM,,,,,,,,,,We 06:00 AM - 06:00 PM,,,,,,,,,
11816,5,0,0,24,Preschool (2 to 5 years)Contact provider for details,,2 to 5 years,5,510,930,35.0,English,"Full Time, Full year",Not provided,Accepts Subsidized Payment,3 years - 5 years,36,60,,,,,,English,,,,,,,,,,,,,,,,,,,,,,,,,Full Time,Full year,,,,,,Accepts Subsidized Payment,,,,,,,,,,,,,,,,,,,,,,,,,,,,,,,,,,,,,,,,,,,,,,,,,,,,,,other,,,,,,,,,,,,,,,,,,,,,,,,,,,,,,,
6084,5,1,0,24,Preschool (2 to 5 years)Contact provider for details,,2 to 5 years,5,460,640,15.0,English,"Part time, School year only","Breakfast, AM Snack, Lunch, PM Snack","CA State Preschool Program, Accepts Subsidized Payment",3 years - 5 years,36,60,,,,,,English,,,,,,,,,,,,,,,AM Snack,Breakfast,,,Lunch,PM Snack,,,,,,,Part time,,School year only,,,Accepts Subsidized Payment,CA State Preschool Program,,,,,,,,,,,,,,,,,,,,,,,,,,,Special Needs,Subsidize,,,,,,,,,,,,,,,,,,,,,,,,,other,,,,,,,,,,,,,,,,,,,,,,,,,,,,,,,
9395,4,0,0,52,Preschool (2 to 5 years)Contact provider for details,,2 to 5 years,5,450,990,45.0,English,"Full Time, Part time, School year only","AM Snack, PM Snack",Accepts Subsidized Payment,2 years - 5 years,24,60,,,,,,English,,,,,,,,,,,,,,,AM Snack,,,,,PM Snack,,,,,Full Time,,Part time,,School year only,,,Accepts Subsidized Payment,,,,,Academic,,,,,,,,,,,,,,,,,,,,,,Religious,,,,,,,,,,,,,,,,,,,,,Mo 07:30 AM - 04:30 PM,,,,,,other,,,,,,Th 07:30 AM - 04:30 PM,,,,,,,,,,,,,,,,,,,,,,,,,
19089,4,1,0,22,Preschool (2 to 5 years)Contact provider for details,,2 to 5 years,5,480,870,32.5,English,"Full Time, School year only","Breakfast, Lunch, PM Snack, Child Care Food Program (CCFP)","Head Start, CA State Preschool Program",2 years - 5 years,24,60,,,,,,English,,,,,,,,,,,,,,,,Breakfast,Child Care Food Program (CCFP),,Lunch,PM Snack,,,,,Full Time,,,,School year only,,,,CA State Preschool Program,Head Start,,,,,,Child Development,,,,,Developmentally Appropriate Practices,,,,,,,Parent Involvement,Play based,,Potty training,Pre-kindergarten/Preschool,,,,,,,,,,,,,,,,,,,,,,,,,,,,,,other,,,,,,,,,,,,,,,,,,,,,,,,,,,,,,,
18812,4,0,0,96,Preschool (2 to 5 years)Contact provider for details,,2 to 5 years,5,480,915,36.25,English,"Full Time, Part time, Full year",AM Snack,Accepts Subsidized Payment,2 years - 5 years,24,60,,,,,,English,,,,,,,,,,,,,,,AM Snack,,,,,,,,,,Full Time,Full year,Part time,,,,,Accepts Subsidized Payment,,,,,,,,,,,,,,,,,,,,,,,,,,,,,,,,,,,,,,,,,,,,,,,,,,,,,,other,,,,,,,,,,,,,,,,,,,,,,,,,,,,,,,
364,5,0,0,40,Preschool (2 to 5 years)Contact provider for details,,2 to 5 years,5,510,930,35.0,"English, Spanish","Part time, School year only","AM Snack, PM Snack",Accepts Subsidized Payment,3 years - 5 years,36,60,,,,,,English,,,,,,,,,,,,Spanish,,,AM Snack,,,,,PM Snack,,,,,,,Part time,,School year only,,,Accepts Subsidized Payment,,,,,,,,,,,,,,,,,,,,,,,,,,,,,,,,,,,,,,,,,,,,,,,,,,,,,,other,,,,,,,,,,,,,,,,,,,,,,,,,,,,,,,
12311,4,1,0,36,Preschool (2 to 5 years)Contact provider for details,,2 to 5 years,5,480,1065,48.75,"English, Spanish","Full Time, Full year","Breakfast, AM Snack, Lunch, PM Snack, Child Care Food Program (CCFP)","CA State Preschool Program, Other Child Care and Development Program funded by the CDE, Accepts Subsidized Payment",2 years - 4 years,24,48,,,,,,English,,,,,,,,,,,,Spanish,,,AM Snack,Breakfast,Child Care Food Program (CCFP),,Lunch,PM Snack,,,,,Full Time,Full year,,,,,,Accepts Subsidized Payment,CA State Preschool Program,,Other Child Care and Development Program funded by the CDE,,Academic,Art based,Bilingual,,,,,,,,,,,,,,,,,,,,,,,,Bus,,,,,,,,,,,,,,,,,,,,,,,other,,,,,,,,,,,,,,,,,,,,,,,,,,,,,,,
5275,2,0,0,74,Infants (0 to 23 months)Contact provider for details Preschool (2 to 5 years)Contact provider for details,,0 to 23 months,5,360,1080,60.0,English,"Full Time, Part time, Full year, School year only, Summer only","Breakfast, Lunch, PM Snack, Child Care Food Program (CCFP)",Accepts Subsidized Payment,1 months - 5 years,1,60,,,,,,English,,,,,,,,,,,,,,,,Breakfast,Child Care Food Program (CCFP),,Lunch,PM Snack,,,,,Full Time,Full year,Part time,,School year only,,Summer only,Accepts Subsidized Payment,,,,,Academic,,,Child Development,,,,,,,,,,,,,Play based,,,,,,Religious,,,,,,,Fr 06:00 AM - 06:00 PM,,,,,,,,,Mo 06:00 AM - 06:00 PM,,,,,,,,,,,,Th 06:00 AM - 06:00 PM,,,,,,,,,,,Tu 06:00 AM - 06:00 PM,,,,,,,,,,We 06:00 AM - 06:00 PM,,,,,,,,,
18141,5,,0,25,School Age (6 years and older)Contact provider for details,,6 years and older,5,450,1050,50.0,English,"Full Time, Part time, Before School, After School, Full year","AM Snack, Lunch, PM Snack",Accepts Subsidized Payment,2 years - 5 years,24,60,,,,,,English,,,,,,,,,,,,,,,AM Snack,,,,Lunch,PM Snack,After School,Before School,,,Full Time,Full year,Part time,,,,,Accepts Subsidized Payment,,,,,,,,,,,,,,,,,,,,,,,,,,,,,,,,,,,,,,,Fr 07:30 AM - 05:30 PM,,,,,,,,,,Mo 07:30 AM - 05:30 PM,,,,,,,,,,,,Th 07:30 AM - 05:30 PM,,,,,,,,,,Tu 07:30 AM - 05:30 PM,,,,,,,,,We 07:30 AM - 05:30 PM,,,,,
7941,5,0,0,25,Preschool (2 to 5 years)Contact provider for details,,2 to 5 years,5,480,960,40.0,English,"Full Time, Part time, Full year","Breakfast, AM Snack, Lunch, PM Snack","Head Start, CA State Preschool Program, Accepts Subsidized Payment",3 years - 5 years,36,60,,,,,,English,,,,,,,,,,,,,,,AM Snack,Breakfast,,,Lunch,PM Snack,,,,,Full Time,Full year,Part time,,,,,Accepts Subsidized Payment,CA State Preschool Program,Head Start,,,Academic,,,,,,,,,,,,,,,,,,,,,,,,,,,,,,,,,,,,,,,,,,,,,,Mo 08:00 AM - 04:00 PM,,,other,,,,,,,,,Th 08:00 AM - 04:00 PM,,,,,,,,,,Tu 08:00 AM - 04:00 PM,,,,,,,,,We 08:00 AM - 04:00 PM,,,
5192,5,1,1,28,Preschool (2 to 5 years)Contact provider for details,,2 to 5 years,5,525,945,35.0,English,"Full Time, Part time, School year only","AM Snack, Lunch, PM Snack, Child Care Food Program (CCFP)","Head Start, CA State Preschool Program",3 years - 5 years,36,60,,,,,,English,,,,,,,,,,,,,,,AM Snack,,Child Care Food Program (CCFP),,Lunch,PM Snack,,,,,Full Time,,Part time,,School year only,,,,CA State Preschool Program,Head Start,,,,,,,,,,,Developmentally Appropriate Practices,,,,,,,,,,,,,,,,,,,,,,,,,,,,,,,,,,,,,,,,,other,,,,,,,,,,,,,,,,,,,,,,,,,,,,,,,
7472,4,,0,24,Preschool (2 to 5 years)Contact provider for details,,2 to 5 years,5,420,1080,55.0,other,"Full Time, Full year",Not provided,CA State Preschool Program,3 years - 5 years,36,60,,,,,,,,,,,,,other,,,,,,,,,,,,,,,,,,Full Time,Full year,,,,,,,CA State Preschool Program,,,,,,,,,,,,,,,,,,,,,,,,,,,,,,,,,,,,,,,,,,,,,,,,,,,,,other,,,,,,,,,,,,,,,,,,,,,,,,,,,,,,,
13335,4,1,0,21,Preschool (2 to 5 years)Contact provider for details,,2 to 5 years,5,510,900,32.5,English,"Full Time, School year only","Breakfast, Lunch, PM Snack, Child Care Food Program (CCFP)",other,2 years - 5 years,24,60,,,,,,English,,,,,,,,,,,,,,,,Breakfast,Child Care Food Program (CCFP),,Lunch,PM Snack,,,,,Full Time,,,,School year only,,,,CA State Preschool Program,Head Start,Other Child Care and Development Program funded by the CDE,,,,,Child Development,,,,,Developmentally Appropriate Practices,,,,,,,Parent Involvement,Play based,,Potty training,Pre-kindergarten/Preschool,,,,,,,,,,,,,,,,,,,,,,,,,,,,,,other,,,,,,,,,,,,,,,,,,,,,,,,,,,,,,,
10301,4,0,0,24,Preschool (2 to 5 years)Contact provider for details,,2 to 5 years,5,420,1050,52.5,"English, Spanish","Full Time, Full year, School year only, Summer only","Breakfast, Lunch, PM Snack","CA State Preschool Program, Accepts Subsidized Payment",3 years - 4 years,36,48,,,,,,English,,,,,,,,,,,,Spanish,,,,Breakfast,,,Lunch,PM Snack,,,,,Full Time,Full year,,,School year only,,Summer only,Accepts Subsidized Payment,CA State Preschool Program,,,,,,,,,,,,,,,,,,,,,,,Pre-kindergarten/Preschool,,,,,,,,,,,,,Fr 07:00 AM - 05:30 PM,,,,,,,,,Mo 07:00 AM - 05:30 PM,,,,,,,,,,,,Th 07:00 AM - 05:30 PM,,,,,,,,,,,Tu 07:00 AM - 05:30 PM,,,,,,,,,We 07:00 AM - 05:30 PM,,,,,,,
3722,4,0,0,45,Preschool (2 to 5 years)Contact provider for details,,2 to 5 years,5,465,885,35.0,"English, Spanish","Full Time, School year only","AM Snack, PM Snack",Accepts Subsidized Payment,3 years - 5 years,36,60,,,,,,English,,,,,,,,,,,,Spanish,,,AM Snack,,,,,PM Snack,,,,,Full Time,,,,School year only,,,Accepts Subsidized Payment,,,,,,,,,,,,,,,,,,,,,,,,,,,,,,,,,,,,,,,,,,,,,,,,,,,,,,other,,,,,,,,,,,,,,,,,,,,,,,,,,,,,,,
18711,5,1,0,30,Preschool (2 to 5 years)Contact provider for details,,2 to 5 years,5,360,1080,60.0,"English, Spanish","Full Time, Part time, School year only","Breakfast, Lunch","CA State Preschool Program, Accepts Subsidized Payment",3 years - 5 years,36,60,,,,,,English,,,,,,,,,,,,Spanish,,,,Breakfast,,,Lunch,,,,,,Full Time,,Part time,,School year only,,,Accepts Subsidized Payment,CA State Preschool Program,,,,,,,Child Development,,,,,,,,,,,,,,,,Pre-kindergarten/Preschool,,,,Special Needs,Subsidize,,,,,Fr 06:00 AM - 06:00 PM,,,,,,,,,Mo 06:00 AM - 06:00 PM,,,,,,,,,,,,Th 06:00 AM - 06:00 PM,,,,,,,,,,,Tu 06:00 AM - 06:00 PM,,,,,,,,,,We 06:00 AM - 06:00 PM,,,,,,,,,
15928,4,1,0,18,Preschool (2 to 5 years)Contact provider for details,,2 to 5 years,5,465,690,18.75,English,"Part time, School year only",AM Snack,CA State Preschool Program,3 years - 5 years,36,60,,,,,,English,,,,,,,,,,,,,,,AM Snack,,,,,,,,,,,,Part time,,School year only,,,,CA State Preschool Program,,,,,,,,,,,,,,,,,,,,,,,Pre-kindergarten/Preschool,,,,,,,,,,,,,,,,,,,,,,,,,,,,,,other,,,,,,,,,,,,,,,,,,,,,,,,,,,,,,,
17745,4,1,0,18,Preschool (2 to 5 years)Contact provider for details,,2 to 5 years,5,465,690,18.75,English,"Part time, School year only",AM Snack,CA State Preschool Program,3 years - 5 years,36,60,,,,,,English,,,,,,,,,,,,,,,AM Snack,,,,,,,,,,,,Part time,,School year only,,,,CA State Preschool Program,,,,,,,,,,,,,,,,,,,,,,,Pre-kindergarten/Preschool,,,,,,,,,,,,,,,,,,,,,,,,,,,,,,other,,,,,,,,,,,,,,,,,,,,,,,,,,,,,,,
3465,3,1,0,24,Preschool (2 to 5 years)Contact provider for details,,2 to 5 years,5,465,690,18.75,"English, Spanish","Part time, School year only",AM Snack,CA State Preschool Program,3 years - 5 years,36,60,,,,,,English,,,,,,,,,,,,Spanish,,,AM Snack,,,,,,,,,,,,Part time,,School year only,,,,CA State Preschool Program,,,,,,,,,,,,,,,,,,,,,,,Pre-kindergarten/Preschool,,,,,,,,,,,,,,,,,,,,,,,,,,,,,,other,,,,,,,,,,,,,,,,,,,,,,,,,,,,,,,
10111,4,,0,34,Preschool (2 to 5 years)Contact provider for details,,2 to 5 years,5,420,1020,50.0,other,"Full Time, Part time, Full year, School year only, Summer only",Child Care Food Program (CCFP),Other Child Care and Development Program funded by the CDE,2 years - 5 years,24,60,,,,,,English,,,,,,,other,,,,,Spanish,,,,,Child Care Food Program (CCFP),,,,,,,,Full Time,Full year,Part time,,School year only,,Summer only,,,,Other Child Care and Development Program funded by the CDE,,,,,,,,,,,,,,,,,,,,,,,,,,,,,,,,,Fr 07:00 AM - 05:00 PM,,,,,,,,,Mo 07:00 AM - 05:00 PM,,,,,,,,,other,,,Th 07:00 AM - 05:00 PM,,,,,,,,,,,Tu 07:00 AM - 05:00 PM,,,,,,,,,,,,,,,,,
14312,4,1,0,38,Infants (0 to 23 months)Contact provider for details Preschool (2 to 5 years)Contact provider for details,,0 to 23 months,5,390,1080,57.5,"English, Spanish, Other","Full Time, Full year","Breakfast, AM Snack, Lunch, PM Snack, Child Care Food Program (CCFP)","Head Start, Other Child Care and Development Program funded by the CDE, Accepts Subsidized Payment",1 months - 5 years,1,60,,,,,,English,,,,,,,other,,,,,Spanish,,,AM Snack,Breakfast,Child Care Food Program (CCFP),,Lunch,PM Snack,,,,,Full Time,Full year,,,,,,Accepts Subsidized Payment,,Head Start,Other Child Care and Development Program funded by the CDE,,,,,Child Development,,,,,,High Scope,,,,,other,Parent Involvement,,,Potty training,,,,,,,,,,,,Fr 06:30 AM - 06:00 PM,,,,,,,,,Mo 06:30 AM - 06:00 PM,,,,,,,,,,,,Th 06:30 AM - 06:00 PM,,,,,,,,,,,Tu 06:30 AM - 06:00 PM,,,,,,,,,,We 06:30 AM - 06:00 PM,,,,,,,,
4924,4,0,0,30,Preschool (2 to 5 years)Contact provider for details,,2 to 5 years,5,360,1080,60.0,English,"Full Time, Full year","Breakfast, Lunch, PM Snack, Child Care Food Program (CCFP)",,2 years - 4 years,24,48,,,,,,English,,,,,,,,,,,,,,,,Breakfast,Child Care Food Program (CCFP),,Lunch,PM Snack,,,,,Full Time,Full year,,,,,,,,,,,,,,,,,,,,,,,,,,,Play based,,,,,,,,,,,,,Fr 06:00 AM - 06:00 PM,,,,,,,,,Mo 06:00 AM - 06:00 PM,,,,,,,,,,,,Th 06:00 AM - 06:00 PM,,,,,,,,,,,Tu 06:00 AM - 06:00 PM,,,,,,,,,,We 06:00 AM - 06:00 PM,,,,,,,,,
4176,5,0,0,46,Infants (0 to 23 months)Contact provider for details Preschool (2 to 5 years)Contact provider for details,,0 to 23 months,5,390,1080,57.5,"English, Spanish","Full Time, Part time, Full year","Breakfast, Lunch, PM Snack, Child Care Food Program (CCFP)","CA State Preschool Program, Accepts Subsidized Payment",other,6,60,,,,,,English,,,,,,,,,,,,Spanish,,,,Breakfast,Child Care Food Program (CCFP),,Lunch,PM Snack,,,,,Full Time,Full year,Part time,,,,,Accepts Subsidized Payment,CA State Preschool Program,,,,Academic,,,,Child Directed,,,,,,,,,,,,,,,,,,,,,,,,,,Fr 06:30 AM - 06:00 PM,,,,,,,,,Mo 06:30 AM - 06:00 PM,,,,,,,,,,,,Th 06:30 AM - 06:00 PM,,,,,,,,,,,Tu 06:30 AM - 06:00 PM,,,,,,,,,,We 06:30 AM - 06:00 PM,,,,,,,,
17629,4,0,0,96,Infants (0 to 23 months)Contact provider for details Preschool (2 to 5 years)Contact provider for details,,0 to 23 months,5,390,1080,57.5,"English, Spanish","Full Time, Full year","Breakfast, Lunch, PM Snack, Child Care Food Program (CCFP)","CA State Preschool Program, Accepts Subsidized Payment",other,6,60,,,,,,English,,,,,,,,,,,,Spanish,,,,Breakfast,Child Care Food Program (CCFP),,Lunch,PM Snack,,,,,Full Time,Full year,,,,,,Accepts Subsidized Payment,CA State Preschool Program,,,,,,,,,,,,,,,,,,,,,,,,,,,,,,,,,,Fr 06:30 AM - 06:00 PM,,,,,,,,,Mo 06:30 AM - 06:00 PM,,,,,,,,,,,,Th 06:30 AM - 06:00 PM,,,,,,,,,,,Tu 06:30 AM - 06:00 PM,,,,,,,,,,We 06:30 AM - 06:00 PM,,,,,,,,
9350,5,1,0,24,Preschool (2 to 5 years)Contact provider for details,,2 to 5 years,5,465,645,15.0,"English, Spanish",other,"Breakfast, Lunch","CA State Preschool Program, Accepts Subsidized Payment",3 years - 5 years,36,60,,,,,,English,,,,,,,,,,,,Spanish,,,,Breakfast,,,Lunch,,,,Drop in,,,,Part time,,School year only,,,Accepts Subsidized Payment,CA State Preschool Program,,,,,,,Child Development,,,,,,,,,,,,,,,,,,,,Special Needs,Subsidize,,,,,,,,,,,,,,,,,,,,,,,,,other,,,,,,,,,,,,,,,,,,,,,,,,,,,,,,,
14016,5,0,0,60,Preschool (2 to 5 years)Contact provider for details,,2 to 5 years,5,510,930,35.0,"English, Spanish","Part time, School year only","AM Snack, Lunch",Accepts Subsidized Payment,2 years - 5 years,24,60,,,,,,English,,,,,,,,,,,,Spanish,,,AM Snack,,,,Lunch,,,,,,,,Part time,,School year only,,,Accepts Subsidized Payment,,,,,,,,,,,,,,,,,,,,,,,,,,,,,,,,,,,,,,,,,,,,,,,,,,,,,,other,,,,,,,,,,,,,,,,,,,,,,,,,,,,,,,
11803,4,0,0,52,Preschool (2 to 5 years)Contact provider for details,,2 to 5 years,5,540,780,20.0,English,"Full Time, Part time, School year only","AM Snack, PM Snack",Accepts Subsidized Payment,3 years - 5 years,36,60,,,,,,English,,,,,,,,,,,,,,,AM Snack,,,,,PM Snack,,,,,Full Time,,Part time,,School year only,,,Accepts Subsidized Payment,,,,,Academic,,,,,,,,,,,,,,,,,,,,,,,,,,,,,,,,,,,,,,,,,,,,,,,,,other,,,,,,,,,,,,,,,,,,,,,,,,,,,,,,,
9096,4,0,0,124,Preschool (2 to 5 years) Immediate Openings,1,2 to 5 years,5,540,780,20.0,English,"Full Time, Part time, Full year, School year only, Summer only",AM Snack,Accepts Subsidized Payment,0 months - 11 months,0,11,,,,,,English,,,,,,,,,,,,,,,AM Snack,,,,,,,,,,Full Time,Full year,Part time,,School year only,,Summer only,Accepts Subsidized Payment,,,,,Academic,,,,,,,,,,,,,,,,,,,,,,,,,,,,,,,,,,,,,,,,,,,,,,,,,other,,,,,,,,,,,,,,,,,,,,,,,,,,,,,,,
3508,4,1,0,22,Infants (0 to 23 months)Contact provider for details Preschool (2 to 5 years)Contact provider for details School Age (6 years and older)Contact provider for details,,0 to 23 months,4,450,1035,39.0,"English, Spanish",other,"AM Snack, Lunch, PM Snack, Child Care Food Program (CCFP)",Accepts Subsidized Payment,1 years - 6 years,12,72,,,,,,English,,,,,,,,,,,,Spanish,,,AM Snack,,Child Care Food Program (CCFP),,Lunch,PM Snack,After School,Before School,,,Full Time,Full year,,,,,,Accepts Subsidized Payment,,,,,,,Bilingual,Child Development,,,,,,,,,,,,,Play based,,Potty training,,,,,Special Needs,,,,,,,,,,,,,,,,,,,,,,,,,,other,,,,,,,,,,,,,,,,,,,,,,,,,,,,,,,
1432,4,0,0,106,Preschool (2 to 5 years)Contact provider for details,,2 to 5 years,5,360,1080,60.0,,"Full Time, School year only",Not provided,Accepts Subsidized Payment,3 years - 5 years,36,60,,,,,,,,,,,,,,,,,,,,,,,,,,,,,,,Full Time,,,,School year only,,,Accepts Subsidized Payment,,,,,,,,,,,,,,,,,,,,,,,,,,,,,,,,,,Fr 06:00 AM - 06:00 PM,,,,,,,,,Mo 06:00 AM - 06:00 PM,,,,,,,,,,,,Th 06:00 AM - 06:00 PM,,,,,,,,,,,Tu 06:00 AM - 06:00 PM,,,,,,,,,,We 06:00 AM - 06:00 PM,,,,,,,,,
6286,5,0,0,54,Preschool (2 to 5 years)Contact provider for details,,2 to 5 years,5,360,1080,60.0,English,"Full Time, School year only",Not provided,Accepts Subsidized Payment,2 years - 5 years,24,60,,,,,,English,,,,,,,,,,,,,,,,,,,,,,,,,Full Time,,,,School year only,,,Accepts Subsidized Payment,,,,,,,,,,,,,,,,,,,,,,,,,,,,,,,,,,Fr 06:00 AM - 06:00 PM,,,,,,,,,Mo 06:00 AM - 06:00 PM,,,,,,,,,,,,Th 06:00 AM - 06:00 PM,,,,,,,,,,,Tu 06:00 AM - 06:00 PM,,,,,,,,,,We 06:00 AM - 06:00 PM,,,,,,,,,
11262,4,0,0,24,Preschool (2 to 5 years)Contact provider for details,,2 to 5 years,5,480,900,35.0,"English, Spanish","Part time, School year only","AM Snack, PM Snack",Accepts Subsidized Payment,2 years - 5 years,24,60,,,,,,English,,,,,,,,,,,,Spanish,,,AM Snack,,,,,PM Snack,,,,,,,Part time,,School year only,,,Accepts Subsidized Payment,,,,,,,,,,,,,,,,,,,,,,,,,,,,,,,,,,,,,,,,Fr 08:00 AM - 03:00 PM,,,,,,,,,,Mo 08:00 AM - 03:00 PM,,,,,,,,,,,,Th 08:00 AM - 03:00 PM,,,,,,,,,,Tu 08:00 AM - 03:00 PM,,,,,,,,,We 08:00 AM - 03:00 PM,,,,
3643,4,0,0,55,Preschool (2 to 5 years)Contact provider for details,,2 to 5 years,5,360,1050,57.5,"English, Spanish","Full Time, Part time, Full year","Breakfast, AM Snack, Lunch, PM Snack, Child Care Food Program (CCFP)","CA State Preschool Program, Other Child Care and Development Program funded by the CDE",2 years - 5 years,24,60,,,,,,English,,,,,,,,,,,,Spanish,,,AM Snack,Breakfast,Child Care Food Program (CCFP),,Lunch,PM Snack,,,,,Full Time,Full year,Part time,,,,,,CA State Preschool Program,,Other Child Care and Development Program funded by the CDE,,,,,,,,,,,,,,,,,,,,,,,,,,,,,,,,,,,,,,,,,,,,,,,,,,,other,,,,,,,,,,,,,,,,,,,,,,,,,,,,,,,
13237,4,0,0,36,Preschool (2 to 5 years)Contact provider for details,,2 to 5 years,5,420,1050,52.5,"English, Spanish","Full Time, Part time, Full year","Breakfast, Lunch, PM Snack",Accepts Subsidized Payment,2 years - 6 years,24,72,,,,,,English,,,,,,,,,,,,Spanish,,,,Breakfast,,,Lunch,PM Snack,,,,,Full Time,Full year,Part time,,,,,Accepts Subsidized Payment,,,,,,,,,,,,,,,,,,,,,,,,,,,,,,,,,,,,,Fr 07:00 AM - 05:30 PM,,,,,,,,,Mo 07:00 AM - 05:30 PM,,,,,,,,,,,,Th 07:00 AM - 05:30 PM,,,,,,,,,,,Tu 07:00 AM - 05:30 PM,,,,,,,,,We 07:00 AM - 05:30 PM,,,,,,,
6626,4,1,0,28,Preschool (2 to 5 years)Contact provider for details,,2 to 5 years,5,420,1065,53.75,English,"Full Time, School year only",Not provided,Accepts Subsidized Payment,3 years - 5 years,36,60,,,,,,English,,,,,,,,,,,,,,,,,,,,,,,,,Full Time,,,,School year only,,,Accepts Subsidized Payment,,,,,Academic,,,,,,,,,,,,,,,,,,,,,,Religious,,,,,,,,,,,,,,,,,,,,,,,,,,,other,,,,,,,,,,,,,,,,,,,,,,,,,,,,,,,
10435,5,0,0,40,Preschool (2 to 5 years)Contact provider for details,,2 to 5 years,4,480,870,26.0,"English, Spanish","Full Time, Full year",Not provided,Head Start,3 years - 5 years,36,60,,,,,,English,,,,,,,,,,,,Spanish,,,,,,,,,,,,,Full Time,Full year,,,,,,,,Head Start,,,,,,,,,,,,,,,,,,,,,,,,,,,,,,,,,,,,,,,,,,,,,,,,,,,,other,,,,,,,,,,,,,,,,,,,,,,,,,,,,,,,
3785,4,0,0,26,Preschool (2 to 5 years)Contact provider for details,,2 to 5 years,5,360,1080,60.0,English,"Full Time, Part time, Before School, After School, Full year, School year only, Summer only",Not provided,Accepts Subsidized Payment,3 years - 5 years,36,60,,,,,,English,,,,,,,,,,,,,,,,,,,,,After School,Before School,,,Full Time,Full year,Part time,,School year only,,Summer only,Accepts Subsidized Payment,,,,,,,,,,,,,,,,,,,,,,,,,,,,,,,,,,Fr 06:00 AM - 06:00 PM,,,,,,,,,Mo 06:00 AM - 06:00 PM,,,,,,,,,,,,Th 06:00 AM - 06:00 PM,,,,,,,,,,,Tu 06:00 AM - 06:00 PM,,,,,,,,,,We 06:00 AM - 06:00 PM,,,,,,,,,
19183,4,,0,51,Infants (0 to 23 months)Contact provider for details Preschool (2 to 5 years)Contact provider for details,,0 to 23 months,5,420,990,47.5,"English, Spanish","Full Time, Part time, Full year",Not provided,"Head Start, Other Public Contract",0 months - 5 years,0,60,,,,,,English,,,,,,,,,,,,Spanish,,,,,,,,,,,,,Full Time,Full year,Part time,,,,,,,Head Start,,Other Public Contract,,,,,,,,,,,,,,,,,,,,,,,,,,,,,,,,,,,,,,,,,,,,,,,,,,other,,,,,,,,,,,,,,,,,,,,,,,,,,,,,,,
18551,5,0,0,24,Preschool (2 to 5 years)Contact provider for details,,2 to 5 years,5,480,690,17.5,"English, Spanish","Part time, School year only","Breakfast, Lunch","CA State Preschool Program, Accepts Subsidized Payment",3 years - 4 years,36,48,,,,,,English,,,,,,,,,,,,Spanish,,,,Breakfast,,,Lunch,,,,,,,,Part time,,School year only,,,Accepts Subsidized Payment,CA State Preschool Program,,,,Academic,,,,,,,,,,,,,,,,,,,Pre-kindergarten/Preschool,,,,,,,,,,,,,,,,,,,,,,,,,,,,,,other,,,,,,,,,,,,,,,,,,,,,,,,,,,,,,,
15363,4,0,0,61,Infants (0 to 23 months)Contact provider for details Preschool (2 to 5 years)Contact provider for details,,0 to 23 months,5,420,1080,55.0,"English, Farsi, Spanish","Full Time, Part time, Full year, School year only, Summer only","Breakfast, Lunch, PM Snack",Accepts Subsidized Payment,3 years - 5 years,36,60,,,,,,English,Farsi,,,,,,,,,,,Spanish,,,,Breakfast,,,Lunch,PM Snack,,,,,Full Time,Full year,Part time,,School year only,,Summer only,Accepts Subsidized Payment,,,,,Academic,,,,,,,,,,,,,,,,,,,,,,Religious,,,,,,,,,,,Fr 07:00 AM - 06:00 PM,,,,,,,,,Mo 07:00 AM - 06:00 PM,,,,,,,,,,,,Th 07:00 AM - 06:00 PM,,,,,,,,,,,Tu 07:00 AM - 06:00 PM,,,,,,,,,We 07:00 AM - 06:00 PM,,,,,,
11366,4,1,0,152,Preschool (2 to 5 years)Contact provider for details,,2 to 5 years,5,495,900,33.75,English,"Full Time, Full year",Not provided,Accepts Subsidized Payment,0 months - 11 months,0,11,,,,,,English,,,,,,,,,,,,,,,,,,,,,,,,,Full Time,Full year,,,,,,Accepts Subsidized Payment,,,,,,,,,,,,,,,,,,,,,,,,,,,,,,,,,,,,,,,,,,,,,,,,,,,,,,other,,,,,,,,,,,,,,,,,,,,,,,,,,,,,,,
12248,5,0,0,50,Preschool (2 to 5 years)Contact provider for details,,2 to 5 years,,,,,English,"Full Time, Part time, Full year","Breakfast, AM Snack, Lunch, PM Snack","Head Start, CA State Preschool Program, Accepts Subsidized Payment",3 years - 5 years,36,60,,,,,,English,,,,,,,,,,,,,,,AM Snack,Breakfast,,,Lunch,PM Snack,,,,,Full Time,Full year,Part time,,,,,Accepts Subsidized Payment,CA State Preschool Program,Head Start,,,Academic,,,,,,,,,,,,,,,,,,,,,,,,,,,,,,,,,,,,,,,,,,,,,,,,,,,,,,,,,,,,,,,,,,,,,,,,,,,,,,,,
7204,4,0,0,24,Preschool (2 to 5 years)Contact provider for details,,2 to 5 years,,,,,English,"Full Time, School year only",Not provided,,other,0,0,,,,,,English,,,,,,,,,,,,,,,,,,,,,,,,,Full Time,,,,School year only,,,,,,,,Academic,,,,,,,,,,,,,,,,,,,,,,,,,,,,,,,,,,,,,,,,,,,,,,,,,,,,,,,,,,,,,,,,,,,,,,,,,,,,,,,,
544,4,1,0,24,Preschool (2 to 5 years)Contact provider for details,,2 to 5 years,5,510,720,17.5,English,"Part time, School year only","AM Snack, Child Care Food Program (CCFP)","Head Start, CA State Preschool Program",2 years - 5 years,24,60,,,,,,English,,,,,,,,,,,,,,,AM Snack,,Child Care Food Program (CCFP),,,,,,,,,,Part time,,School year only,,,,CA State Preschool Program,Head Start,,,,,,Child Development,,,,,Developmentally Appropriate Practices,,,,,,,Parent Involvement,Play based,,Potty training,Pre-kindergarten/Preschool,,,,,,,,,,,,,,,,,,,,,,,,,,,,,,other,,,,,,,,,,,,,,,,,,,,,,,,,,,,,,,
3941,5,0,0,24,Preschool (2 to 5 years)Contact provider for details,,2 to 5 years,5,360,1080,60.0,English,"Full Time, School year only",Not provided,Accepts Subsidized Payment,3 years - 5 years,36,60,,,,,,English,,,,,,,,,,,,,,,,,,,,,,,,,Full Time,,,,School year only,,,Accepts Subsidized Payment,,,,,,,,,,,,,,,,,,,,,,,,,,,,,,,,,,Fr 06:00 AM - 06:00 PM,,,,,,,,,Mo 06:00 AM - 06:00 PM,,,,,,,,,,,,Th 06:00 AM - 06:00 PM,,,,,,,,,,,Tu 06:00 AM - 06:00 PM,,,,,,,,,,We 06:00 AM - 06:00 PM,,,,,,,,,
1534,4,,0,30,Preschool (2 to 5 years)Contact provider for details,,2 to 5 years,5,480,660,15.0,English,"Part time, School year only",Child Care Food Program (CCFP),CA State Preschool Program,3 years - 4 years,36,48,,,,,,English,,,,,,,,,,,,,,,,,Child Care Food Program (CCFP),,,,,,,,,,Part time,,School year only,,,,CA State Preschool Program,,,,,,,,,,,,,,,,,,,,,,,,,,,,,,,,,,,,,,,,Fr 08:00 AM - 11:00 AM,,,,,,,,,,,Mo 08:00 AM - 11:00 AM,,,,,,,,,,,,Th 08:00 AM - 11:00 AM,,,,,,,,,,Tu 08:00 AM - 11:00 AM,,,,,,,,,We 08:00 AM - 11:00 AM,,
5383,4,,0,36,Preschool (2 to 5 years)Contact provider for details,,2 to 5 years,5,420,1080,55.0,English,"Part time, School year only",Not provided,CA State Preschool Program,2 years - 5 years,24,60,,,,,,English,,,,,,,,,,,,,,,,,,,,,,,,,,,Part time,,School year only,,,,CA State Preschool Program,,,,,,,,,,,,,,,,,,,,,,,,,,,,,,,,,,,,,,,,,,,,,,,,,,,,,other,,,,,,,,,,,,,,,,,,,,,,,,,,,,,,,
6049,5,1,0,24,Preschool (2 to 5 years)Contact provider for details,,2 to 5 years,5,480,900,35.0,English,"Part time, School year only","Breakfast, AM Snack, PM Snack","Head Start, CA State Preschool Program, Accepts Subsidized Payment",3 years - 5 years,36,60,,,,,,English,,,,,,,,,,,,,,,AM Snack,Breakfast,,,,PM Snack,,,,,,,Part time,,School year only,,,Accepts Subsidized Payment,CA State Preschool Program,Head Start,,,,,,,,,,,,,,,,,,,,,,,,,,Special Needs,Subsidize,,,,,,,,,,,Fr 08:00 AM - 03:00 PM,,,,,,,,,,Mo 08:00 AM - 03:00 PM,,,,,,,,,,,,Th 08:00 AM - 03:00 PM,,,,,,,,,,Tu 08:00 AM - 03:00 PM,,,,,,,,,We 08:00 AM - 03:00 PM,,,,
18266,5,,0,124,Infants (0 to 23 months)Contact provider for details Preschool (2 to 5 years)Contact provider for details School Age (6 years and older)Contact provider for details,,0 to 23 months,5,450,1080,52.5,English,"Full Time, Part time, Before School, After School, Full year, School year only, Summer only",Child Care Food Program (CCFP),,other,0,144,,,,,,English,,,,,,,,,,,,,,,,,Child Care Food Program (CCFP),,,,After School,Before School,,,Full Time,Full year,Part time,,School year only,,Summer only,,,,,,,,,,,,,,,,,,,,,,,,,,,,,,,,,,,,,,,,,,,,,,,,,,,,,,,other,,,,,,,,,,,,,,,,,,,,,,,,,,,,,,,
14768,3,1,0,61,Infants (0 to 23 months)Contact provider for details Preschool (2 to 5 years)Contact provider for details School Age (6 years and older)Contact provider for details,,0 to 23 months,5,480,990,42.5,"English, Spanish","Full Time, Part time, Before School, After School, Full year","Breakfast, AM Snack, PM Snack",Accepts Subsidized Payment,other,3,72,,,,,,English,,,,,,,,,,,,Spanish,,,AM Snack,Breakfast,,,,PM Snack,After School,Before School,,,Full Time,Full year,Part time,,,,,Accepts Subsidized Payment,,,,,,,,,Child Directed,,,,Developmentally Appropriate Practices,,,,,,,,Play based,,Potty training,Pre-kindergarten/Preschool,,,,,,,,,,,,,,,,,,,,,,,,,,,,,,other,,,,,,,,,,,,,,,,,,,,,,,,,,,,,,,
1401,4,0,0,48,Preschool (2 to 5 years)Contact provider for details,,2 to 5 years,5,360,1080,60.0,English,"Full Time, School year only",Not provided,Accepts Subsidized Payment,2 years - 5 years,24,60,,,,,,English,,,,,,,,,,,,,,,,,,,,,,,,,Full Time,,,,School year only,,,Accepts Subsidized Payment,,,,,,,,,,,,,,,,,,,,,,,,,,,,,,,,,,Fr 06:00 AM - 06:00 PM,,,,,,,,,Mo 06:00 AM - 06:00 PM,,,,,,,,,,,,Th 06:00 AM - 06:00 PM,,,,,,,,,,,Tu 06:00 AM - 06:00 PM,,,,,,,,,,We 06:00 AM - 06:00 PM,,,,,,,,,
8456,5,0,0,48,Preschool (2 to 5 years)Contact provider for details,,2 to 5 years,5,360,1080,60.0,English,other,Not provided,Accepts Subsidized Payment,3 years - 5 years,36,60,,,,,,English,,,,,,,,,,,,,,,,,,,,,After School,Before School,,,Full Time,,,,School year only,,,Accepts Subsidized Payment,,,,,,,,,,,,,,,,,,,,,,,,,,,,,,,,,,Fr 06:00 AM - 06:00 PM,,,,,,,,,Mo 06:00 AM - 06:00 PM,,,,,,,,,,,,Th 06:00 AM - 06:00 PM,,,,,,,,,,,Tu 06:00 AM - 06:00 PM,,,,,,,,,,We 06:00 AM - 06:00 PM,,,,,,,,,
6535,5,0,0,24,Preschool (2 to 5 years)Contact provider for details,,2 to 5 years,5,360,1080,60.0,English,"Full Time, School year only",Not provided,Accepts Subsidized Payment,3 years - 5 years,36,60,,,,,,English,,,,,,,,,,,,,,,,,,,,,,,,,Full Time,,,,School year only,,,Accepts Subsidized Payment,,,,,,,,,,,,,,,,,,,,,,,,,,,,,,,,,,Fr 06:00 AM - 06:00 PM,,,,,,,,,Mo 06:00 AM - 06:00 PM,,,,,,,,,,,,Th 06:00 AM - 06:00 PM,,,,,,,,,,,Tu 06:00 AM - 06:00 PM,,,,,,,,,,We 06:00 AM - 06:00 PM,,,,,,,,,
13867,4,0,0,24,Preschool (2 to 5 years)Contact provider for details,,2 to 5 years,5,360,1080,60.0,English,Full Time,Not provided,Accepts Subsidized Payment,3 years - 5 years,36,60,,,,,,English,,,,,,,,,,,,,,,,,,,,,,,,,Full Time,,,,,,,Accepts Subsidized Payment,,,,,,,,,,,,,,,,,,,,,,,,,,,,,,,,,,Fr 06:00 AM - 06:00 PM,,,,,,,,,Mo 06:00 AM - 06:00 PM,,,,,,,,,,,,Th 06:00 AM - 06:00 PM,,,,,,,,,,,Tu 06:00 AM - 06:00 PM,,,,,,,,,,We 06:00 AM - 06:00 PM,,,,,,,,,
13301,4,0,0,46,Preschool (2 to 5 years)Contact provider for details,,2 to 5 years,5,360,1080,60.0,English,Full Time,Not provided,Accepts Subsidized Payment,3 years - 5 years,36,60,,,,,,English,,,,,,,,,,,,,,,,,,,,,,,,,Full Time,,,,,,,Accepts Subsidized Payment,,,,,,,,,,,,,,,,,,,,,,,,,,,,,,,,,,Fr 06:00 AM - 06:00 PM,,,,,,,,,Mo 06:00 AM - 06:00 PM,,,,,,,,,,,,Th 06:00 AM - 06:00 PM,,,,,,,,,,,Tu 06:00 AM - 06:00 PM,,,,,,,,,,We 06:00 AM - 06:00 PM,,,,,,,,,
13215,4,0,0,24,Preschool (2 to 5 years)Contact provider for details,,2 to 5 years,5,510,690,15.0,"English, Spanish","Part time, School year only","Breakfast, Lunch",CA State Preschool Program,3 years - 5 years,36,60,,,,,,English,,,,,,,,,,,,Spanish,,,,Breakfast,,,Lunch,,,,,,,,Part time,,School year only,,,,CA State Preschool Program,,,,,,,Child Development,,,,,,,,,,,,,,,,,,,,,,,,,,,,,,,,,,Fr 08:30 AM - 11:30 AM,,,,,,,,,,,Mo 08:30 AM - 11:30 AM,,,,,,,,,,,,Th 08:30 AM - 11:30 AM,,,,,,,,,,Tu 08:30 AM - 11:30 AM,,,,,,,,,We 08:30 AM - 11:30 AM,
10846,4,1,0,24,Preschool (2 to 5 years)Contact provider for details,,2 to 5 years,5,480,660,15.0,English,other,other,"CA State Preschool Program, Accepts Subsidized Payment",3 years - 5 years,36,60,,,,,,English,,,,,,,,,,,,,,,,Breakfast,Child Care Food Program (CCFP),,Lunch,,,,Drop in,,,Full year,Part time,,School year only,,Summer only,Accepts Subsidized Payment,CA State Preschool Program,,,,,,,,,,,COVID-19 Emergency Response Care,,,,,,,,,,,,,,,,Special Needs,Subsidize,,,,,,,,,,,,Fr 08:00 AM - 11:00 AM,,,,,,,,,,,Mo 08:00 AM - 11:00 AM,,,,,,,,,,,,Th 08:00 AM - 11:00 AM,,,,,,,,,,Tu 08:00 AM - 11:00 AM,,,,,,,,,We 08:00 AM - 11:00 AM,,
18751,5,0,0,24,Preschool (2 to 5 years)Contact provider for details,,2 to 5 years,5,450,1050,50.0,"English, Spanish","Full Time, Part time, Full year",Not provided,,2 years - 5 years,24,60,,,,,,English,,,,,,,,,,,,Spanish,,,,,,,,,,,,,Full Time,Full year,Part time,,,,,,,,,,,,,,,,,,,,,,,,,,,,,,,,,,,,,,,,,,,,Fr 07:30 AM - 05:30 PM,,,,,,,,,,Mo 07:30 AM - 05:30 PM,,,,,,,,,,,,Th 07:30 AM - 05:30 PM,,,,,,,,,,Tu 07:30 AM - 05:30 PM,,,,,,,,,We 07:30 AM - 05:30 PM,,,,,
7400,5,0,0,24,Preschool (2 to 5 years)Contact provider for details,,2 to 5 years,5,510,690,15.0,English,"Part time, Full year",Not provided,,2 years - 6 years,24,72,,,,,,English,,,,,,,,,,,,,,,,,,,,,,,,,,Full year,Part time,,,,,,,,,,,,,,,,,,,,,,,,,,,,,,,,,,,,,,,,,,,,,,,Fr 08:30 AM - 11:30 AM,,,,,,,,,,,Mo 08:30 AM - 11:30 AM,,,,,,,,,,,,Th 08:30 AM - 11:30 AM,,,,,,,,,,Tu 08:30 AM - 11:30 AM,,,,,,,,,We 08:30 AM - 11:30 AM,
3867,5,0,0,48,Preschool (2 to 5 years)Contact provider for details,,2 to 5 years,5,450,1050,50.0,"English, Spanish","Full Time, Part time, Full year, School year only","Breakfast, Lunch, PM Snack",CA State Preschool Program,2 years - 5 years,24,60,,,,,,English,,,,,,,,,,,,Spanish,,,,Breakfast,,,Lunch,PM Snack,,,,,Full Time,Full year,Part time,,School year only,,,,CA State Preschool Program,,,,,,,,,,,,,,,,,,,,,,,,,,,,,,,,,,,,,,Fr 07:30 AM - 05:30 PM,,,,,,,,,,Mo 07:30 AM - 05:30 PM,,,,,,,,,,,,Th 07:30 AM - 05:30 PM,,,,,,,,,,Tu 07:30 AM - 05:30 PM,,,,,,,,,We 07:30 AM - 05:30 PM,,,,,
9865,3,1,0,52,Preschool (2 to 5 years)Contact provider for details,,2 to 5 years,5,450,660,17.5,"English, Spanish","Part time, School year only","Breakfast, AM Snack, Lunch, PM Snack",,3 years - 5 years,36,60,,,,,,English,,,,,,,,,,,,Spanish,,,AM Snack,Breakfast,,,Lunch,PM Snack,,,,,,,Part time,,School year only,,,,,,,,,,,,,,,,,,,,,,,,,,,,,,,,,,,,,,,,,,,,,,,,,,,,,,,,,other,,,,,,,,,,,,,,,,,,,,,,,,,,,,,,,
7125,2,0,0,132,Infants (0 to 23 months)Contact provider for details Preschool (2 to 5 years)Contact provider for details School Age (6 years and older)Contact provider for details,,0 to 23 months,5,390,1110,60.0,English,"Full Time, Part time, Before School, After School, Full year, School year only, Summer only","Breakfast, AM Snack, Lunch, PM Snack, Dinner, Child Care Food Program (CCFP)",Accepts Subsidized Payment,1 months - 12 years,1,144,,,,,,English,,,,,,,,,,,,,,,AM Snack,Breakfast,Child Care Food Program (CCFP),Dinner,Lunch,PM Snack,After School,Before School,,,Full Time,Full year,Part time,,School year only,,Summer only,Accepts Subsidized Payment,,,,,,,,,,,,,,,,,,,,,,,,,,,,,,,,,,,,,,,,,,,,,,,,,,,,,,other,,,,,,,,,,,,,,,,,,,,,,,,,,,,,,,
7909,3,0,0,90,Infants (0 to 23 months)Contact provider for details Preschool (2 to 5 years)Contact provider for details,,0 to 23 months,5,390,1080,57.5,"English, Spanish",other,"Breakfast, AM Snack, Lunch, PM Snack",Accepts Subsidized Payment,1 months - 5 years,1,60,,,,,,English,,,,,,,,,,,,Spanish,,,AM Snack,Breakfast,,,Lunch,PM Snack,,,Drop in,,Full Time,Full year,Part time,,School year only,,Summer only,Accepts Subsidized Payment,,,,,Academic,,,,,,,,,,,,,,,,,,,,,,,,,,,,,,Fr 06:30 AM - 06:00 PM,,,,,,,,,Mo 06:30 AM - 06:00 PM,,,,,,,,,,,,Th 06:30 AM - 06:00 PM,,,,,,,,,,,Tu 06:30 AM - 06:00 PM,,,,,,,,,,We 06:30 AM - 06:00 PM,,,,,,,,
5349,3,0,1,128,other,1,0 to 23 months,5,390,1080,57.5,"English, Spanish","Full Time, Part time, Before School, After School, Full year","Breakfast, Lunch, PM Snack, Child Care Food Program (CCFP)",Accepts Subsidized Payment,1 months - 12 years,1,144,National Association for the Education of Young Children,,,,,English,,,,,,,,,,,,Spanish,,,,Breakfast,Child Care Food Program (CCFP),,Lunch,PM Snack,After School,Before School,,,Full Time,Full year,Part time,,,,,Accepts Subsidized Payment,,,,,Academic,,Bilingual,Child Development,Child Directed,,,,Developmentally Appropriate Practices,,Homework/Study time,,,,,Parent Involvement,Play based,Playgroup,Potty training,Pre-kindergarten/Preschool,,,,,,,Bus,,,,Fr 06:30 AM - 06:00 PM,,,,,,,,,Mo 06:30 AM - 06:00 PM,,,,,,,,,,,,Th 06:30 AM - 06:00 PM,,,,,,,,,,,Tu 06:30 AM - 06:00 PM,,,,,,,,,,We 06:30 AM - 06:00 PM,,,,,,,,
12379,2,0,0,84,Infants (0 to 23 months)Contact provider for details Preschool (2 to 5 years)Contact provider for details,,0 to 23 months,5,390,1110,60.0,"English, Spanish","Full Time, Part time, Drop in, Before School, After School, Rotating Schedule, Full year, School year only, Summer only","Breakfast, AM Snack, Lunch, PM Snack",Accepts Subsidized Payment,0 months - 11 months,0,11,,,,,,English,,,,,,,,,,,,Spanish,,,AM Snack,Breakfast,,,Lunch,PM Snack,After School,Before School,Drop in,,Full Time,Full year,Part time,Rotating Schedule,School year only,,Summer only,Accepts Subsidized Payment,,,,,Academic,,,,,,,,,,,,,,,,,,,,,,,,,,,,,,,,,,,,,,,,,,,,,,,,,other,,,,,,,,,,,,,,,,,,,,,,,,,,,,,,,
2376,2,0,0,80,Infants (0 to 23 months) Immediate Openings Preschool (2 to 5 years) Immediate Openings,1,0 to 23 months,5,420,1080,55.0,other,"Full Time, Part time, Drop in, Rotating Schedule, Full year, School year only, Summer only","Breakfast, AM Snack, Lunch, PM Snack",Accepts Subsidized Payment,0 months - 11 months,0,11,,,,,,English,,,Hindi,,,,,,,,,Spanish,,,AM Snack,Breakfast,,,Lunch,PM Snack,,,Drop in,,Full Time,Full year,Part time,Rotating Schedule,School year only,,Summer only,Accepts Subsidized Payment,,,,,Academic,,,,,,,,,,,,,,,,,,,,,,,,,,,,,,,,,Fr 07:00 AM - 06:00 PM,,,,,,,,,Mo 07:00 AM - 06:00 PM,,,,,,,,,,,,Th 07:00 AM - 06:00 PM,,,,,,,,,,,Tu 07:00 AM - 06:00 PM,,,,,,,,,We 07:00 AM - 06:00 PM,,,,,,
2676,2,1,0,98,Infants (0 to 23 months)Contact provider for details Preschool (2 to 5 years)Contact provider for details,,0 to 23 months,5,390,1110,60.0,English,"Full Time, Part time, Drop in, Before School, After School, Rotating Schedule, Full year, School year only, Summer only","Breakfast, AM Snack, Lunch",Accepts Subsidized Payment,0 months - 11 months,0,11,,,,,,English,,,,,,,,,,,,,,,AM Snack,Breakfast,,,Lunch,,After School,Before School,Drop in,,Full Time,Full year,Part time,Rotating Schedule,School year only,,Summer only,Accepts Subsidized Payment,,,,,,,,,,,,,,,,,,,,,,,,,,,,,,,,,,,,,,,,,,,,,,,,,,,,,,other,,,,,,,,,,,,,,,,,,,,,,,,,,,,,,,
17226,3,1,0,168,Infants (0 to 23 months)Contact provider for details Preschool (2 to 5 years)Contact provider for details School Age (6 years and older)Contact provider for details,,0 to 23 months,5,390,1110,60.0,"English, Spanish","Full Time, Part time, Drop in, Before School, After School, Rotating Schedule, Full year, School year only, Summer only","Breakfast, AM Snack, Lunch, PM Snack","Other Public Contract, Accepts Subsidized Payment",other,0,144,,,,,,English,,,,,,,,,,,,Spanish,,,AM Snack,Breakfast,,,Lunch,PM Snack,After School,Before School,Drop in,,Full Time,Full year,Part time,Rotating Schedule,School year only,,Summer only,Accepts Subsidized Payment,,,,Other Public Contract,Academic,,,,,Co-op,,,,,,,,,,,,,,,,,,,,,,,,,,,,,,,,,,,,,,,,,,,,other,,,,,,,,,,,,,,,,,,,,,,,,,,,,,,,
9926,2,1,0,134,Infants (0 to 23 months)No Openings Preschool (2 to 5 years)No Openings,0,0 to 23 months,5,390,1110,60.0,other,"Full Time, Part time, Drop in, Evening, Before School, After School, Rotating Schedule, Full year, School year only, Summer only","Breakfast, AM Snack, Lunch, PM Snack",Accepts Subsidized Payment,1 months - 5 years,1,60,,,,,Chinese (Other),English,Farsi,,,,,,,,,,,Spanish,,,AM Snack,Breakfast,,,Lunch,PM Snack,After School,Before School,Drop in,Evening,Full Time,Full year,Part time,Rotating Schedule,School year only,,Summer only,Accepts Subsidized Payment,,,,,Academic,,,,,,,,,,,,,,,,,,,,,,,,,,,,,,,,,,,,,,,,,,,,,,,,,other,,,,,,,,,,,,,,,,,,,,,,,,,,,,,,,
561,2,1,0,160,Infants (0 to 23 months)Contact provider for details Preschool (2 to 5 years)Contact provider for details School Age (6 years and older)Contact provider for details,,0 to 23 months,5,420,1080,55.0,other,other,"Breakfast, AM Snack, Lunch, PM Snack",Accepts Subsidized Payment,1 months - 12 years,1,144,,,,,,English,Farsi,French,,,,,other,,,,,Spanish,,,AM Snack,Breakfast,,,Lunch,PM Snack,After School,Before School,,Evening,Full Time,Full year,Part time,Rotating Schedule,School year only,,Summer only,Accepts Subsidized Payment,,,,,Academic,,,,,,,,,,,,,,,,,,,,,,,,,,,,,,,,,Fr 07:00 AM - 06:00 PM,,,,,,,,,Mo 07:00 AM - 06:00 PM,,,,,,,,,,,,Th 07:00 AM - 06:00 PM,,,,,,,,,,,Tu 07:00 AM - 06:00 PM,,,,,,,,,We 07:00 AM - 06:00 PM,,,,,,
6570,2,0,0,144,Infants (0 to 23 months)Contact provider for details Preschool (2 to 5 years)Contact provider for details,,0 to 23 months,5,390,1080,57.5,other,other,"Breakfast, AM Snack, Lunch, PM Snack",Accepts Subsidized Payment,other,1,72,,,,,Chinese (Other),English,Farsi,,,,,Korean,,,,,,,,,AM Snack,Breakfast,,,Lunch,PM Snack,,,Drop in,,Full Time,Full year,Part time,,School year only,,Summer only,Accepts Subsidized Payment,,,,,Academic,,,,,,,,,,,,,,,,,,,,,,,,,,,,,,Fr 06:30 AM - 06:00 PM,,,,,,,,,Mo 06:30 AM - 06:00 PM,,,,,,,,,,,,Th 06:30 AM - 06:00 PM,,,,,,,,,,,Tu 06:30 AM - 06:00 PM,,,,,,,,,,We 06:30 AM - 06:00 PM,,,,,,,,
2165,4,1,0,24,Preschool (2 to 5 years)Contact provider for details,,2 to 5 years,5,480,960,40.0,"English, Spanish","Part time, School year only","Breakfast, Lunch, PM Snack",Accepts Subsidized Payment,3 years - 5 years,36,60,,,,,,English,,,,,,,,,,,,Spanish,,,,Breakfast,,,Lunch,PM Snack,,,,,,,Part time,,School year only,,,Accepts Subsidized Payment,,,,,,,,,,,,,,,,,,,,,,,,,,,,,,,,,,,,,,,,,,,,,,,,,,,Mo 08:00 AM - 04:00 PM,,,other,,,,,,,,,Th 08:00 AM - 04:00 PM,,,,,,,,,,Tu 08:00 AM - 04:00 PM,,,,,,,,,We 08:00 AM - 04:00 PM,,,
3014,4,0,0,34,Preschool (2 to 5 years)Contact provider for details,,2 to 5 years,5,480,930,37.5,other,"Full Time, Part time, School year only","AM Snack, PM Snack",,2 years - 5 years,24,60,,,,,,English,,,,,,,other,,Russian,,,,,,AM Snack,,,,,PM Snack,,,,,Full Time,,Part time,,School year only,,,,,,,,,,Bilingual,,,,,,,,,Kindergarten,,,,,Play based,,,Pre-kindergarten/Preschool,,,Religious,,,,,,,,,,,,,,,,,,,,,,,,,,,other,,,,,,,,,,,,,,,,,,,,,,,,,,,,,,,
7899,5,1,0,24,Preschool (2 to 5 years)Contact provider for details,,2 to 5 years,5,510,690,15.0,English,"Part time, School year only",AM Snack,"CA State Preschool Program, Accepts Subsidized Payment",3 years - 5 years,36,60,,,,,,English,,,,,,,,,,,,,,,AM Snack,,,,,,,,,,,,Part time,,School year only,,,Accepts Subsidized Payment,CA State Preschool Program,,,,,,,Child Development,,,,,,,,,,,,,,,,,,,,Special Needs,Subsidize,,,,Walking,,,,,,,,,Fr 08:30 AM - 11:30 AM,,,,,,,,,,,Mo 08:30 AM - 11:30 AM,,,,,,,,,,,,Th 08:30 AM - 11:30 AM,,,,,,,,,,Tu 08:30 AM - 11:30 AM,,,,,,,,,We 08:30 AM - 11:30 AM,
12946,2,1,0,105,Preschool (2 to 5 years)Contact provider for details,,2 to 5 years,5,540,915,31.25,"English, English","Full Time, Part time, School year only","AM Snack, PM Snack",Accepts Subsidized Payment,3 years - 5 years,36,60,,,,,,English,,,,,,,,,,,,,,,AM Snack,,,,,PM Snack,,,,,Full Time,,Part time,,School year only,,,Accepts Subsidized Payment,,,,,Academic,,,,,,,,,,,,,,,,,,,,,,Religious,,,,,,,,,,,,,,,,,,,,,,,,,,,other,,,,,,,,,,,,,,,,,,,,,,,,,,,,,,,
8844,3,1,0,46,Infants (0 to 23 months)Contact provider for details Preschool (2 to 5 years)Contact provider for details,,0 to 23 months,5,450,1080,52.5,"English, Spanish","Full Time, Part time, Full year","Breakfast, Lunch, PM Snack, Child Care Food Program (CCFP)",other,other,2,72,,,,,,English,,,,,,,,,,,,Spanish,,,,Breakfast,Child Care Food Program (CCFP),,Lunch,PM Snack,,,,,Full Time,Full year,Part time,,,,,Accepts Subsidized Payment,CA State Preschool Program,Head Start,Other Child Care and Development Program funded by the CDE,Other Public Contract,,,,Child Development,,,,,Developmentally Appropriate Practices,,,,,,,,Play based,,,Pre-kindergarten/Preschool,,,,,,,,,,,,,,,,,,,,,,,,,,,,,,other,,,,,,,,,,,,,,,,,,,,,,,,,,,,,,,
1781,3,1,0,49,Preschool (2 to 5 years)Contact provider for details,,2 to 5 years,5,480,1020,45.0,other,"Full Time, Full year","AM Snack, PM Snack",Accepts Subsidized Payment,2 years - 5 years,24,60,,,,,,English,,,,,,,,,,Sign Language,,Spanish,,,AM Snack,,,,,PM Snack,,,,,Full Time,Full year,,,,,,Accepts Subsidized Payment,,,,,Academic,,Bilingual,Child Development,Child Directed,,,,Developmentally Appropriate Practices,,,,Montessori,,,,Play based,,,Pre-kindergarten/Preschool,,,,,,,Bus,,,,,,,,,,,,,,,,,,,,,,,other,,,,,,,,,,,,,,,,,,,,,,,,,,,,,,,
11942,4,0,0,72,Preschool (2 to 5 years)Contact provider for details,,2 to 5 years,5,450,1050,50.0,"English, Spanish","Full Time, Part time, Full year, School year only, Summer only","Breakfast, AM Snack, Lunch, PM Snack","CA State Preschool Program, Other Child Care and Development Program funded by the CDE, Accepts Subsidized Payment",3 years - 5 years,36,60,,,,,,English,,,,,,,,,,,,Spanish,,,AM Snack,Breakfast,,,Lunch,PM Snack,,,,,Full Time,Full year,Part time,,School year only,,Summer only,Accepts Subsidized Payment,CA State Preschool Program,,Other Child Care and Development Program funded by the CDE,,Academic,,,,,,,,,,,,,,,,,,,Pre-kindergarten/Preschool,,,,,,,,,,,,,,,Fr 07:30 AM - 05:30 PM,,,,,,,,,,Mo 07:30 AM - 05:30 PM,,,,,,,,,,,,Th 07:30 AM - 05:30 PM,,,,,,,,,,Tu 07:30 AM - 05:30 PM,,,,,,,,,We 07:30 AM - 05:30 PM,,,,,
10340,4,1,1,48,Infants (0 to 23 months)Contact provider for details Preschool (2 to 5 years)Contact provider for details,,0 to 23 months,5,450,1080,52.5,English,"Full Time, Full year","AM Snack, PM Snack",Accepts Subsidized Payment,3 months - 5 years,3,60,National Association for the Education of Young Children,,,,,English,,,,,,,,,,,,,,,AM Snack,,,,,PM Snack,,,,,Full Time,Full year,,,,,,Accepts Subsidized Payment,,,,,,,,,,,,,,,,,,,,,Play based,,,,,,,,,,,,,,,,,,,,,,,,,,,,,,,,,other,,,,,,,,,,,,,,,,,,,,,,,,,,,,,,,
17177,3,1,0,98,Preschool (2 to 5 years) Immediate Openings,1,2 to 5 years,,,,,other,"Full Time, Part time, School year only","Breakfast, Lunch, PM Snack, Child Care Food Program (CCFP)","Other Child Care and Development Program funded by the CDE, Accepts Subsidized Payment",2 years - 5 years,24,60,,,Chinese (Cantonese),Chinese (Mandarin),Chinese (Other),English,Farsi,,,,,,other,,,,,Spanish,,Vietnamese,,Breakfast,Child Care Food Program (CCFP),,Lunch,PM Snack,,,,,Full Time,,Part time,,School year only,,,Accepts Subsidized Payment,,,Other Child Care and Development Program funded by the CDE,,,,,,,,,,,,,,,,,,,,,,,,,,,,Bus,,,,,,,,,,,,,,,,,,,,,,,,,,,,,,,,,,,,,,,,,,,,,,,,,,,,,,
18478,2,0,0,120,Preschool (2 to 5 years)No Openings,0,2 to 5 years,5,450,1080,52.5,English,"Full Time, Part time, Full year, School year only","AM Snack, PM Snack",Accepts Subsidized Payment,2 years - 6 years,24,72,,,,,,English,,,,,,,,,,,,,,,AM Snack,,,,,PM Snack,,,,,Full Time,Full year,Part time,,School year only,,,Accepts Subsidized Payment,,,,,,,,,,,,,,,,,,,,,,,,,,,Religious,,,,,,,,,,,,,,,,,,,,,,,,,,,other,,,,,,,,,,,,,,,,,,,,,,,,,,,,,,,
12549,5,1,0,24,Preschool (2 to 5 years)Contact provider for details,,2 to 5 years,5,480,900,35.0,"English, Spanish","Full Time, Part time, School year only","Breakfast, Lunch","Head Start, CA State Preschool Program, Accepts Subsidized Payment",3 years - 5 years,36,60,,,,,,English,,,,,,,,,,,,Spanish,,,,Breakfast,,,Lunch,,,,,,Full Time,,Part time,,School year only,,,Accepts Subsidized Payment,CA State Preschool Program,Head Start,,,,,,,,,,,,,,,,,,,,,,,,,,Special Needs,Subsidize,,Bus,,,,,,,,,Fr 08:00 AM - 03:00 PM,,,,,,,,,,Mo 08:00 AM - 03:00 PM,,,,,,,,,,,,Th 08:00 AM - 03:00 PM,,,,,,,,,,Tu 08:00 AM - 03:00 PM,,,,,,,,,We 08:00 AM - 03:00 PM,,,,
10436,3,1,0,132,Preschool (2 to 5 years)No Openings,0,2 to 5 years,5,420,1050,52.5,other,"Full Time, Part time, Full year",other,"CA State Preschool Program, Accepts Subsidized Payment",1 years - 5 years,12,60,,,,Chinese (Mandarin),,English,Farsi,,,,,,,Punjabi,,,,Spanish,,,,Breakfast,,,,PM Snack,,,,,Full Time,Full year,Part time,,,,,Accepts Subsidized Payment,CA State Preschool Program,,,,,,,,,,,COVID-19 Emergency Response Care,Developmentally Appropriate Practices,,,,,,,,,,,,,,,,,,,,,,,,Fr 07:00 AM - 05:30 PM,,,,,,,,,Mo 07:00 AM - 05:30 PM,,,,,,,,,,,,Th 07:00 AM - 05:30 PM,,,,,,,,,,,Tu 07:00 AM - 05:30 PM,,,,,,,,,We 07:00 AM - 05:30 PM,,,,,,,
16461,5,1,0,48,Preschool (2 to 5 years)Contact provider for details,,2 to 5 years,5,480,660,15.0,"English, Spanish","Part time, School year only","Breakfast, Lunch","CA State Preschool Program, Accepts Subsidized Payment",3 years - 5 years,36,60,,,,,,English,,,,,,,,,,,,Spanish,,,,Breakfast,,,Lunch,,,,,,,,Part time,,School year only,,,Accepts Subsidized Payment,CA State Preschool Program,,,,,,,Child Development,,,,,,,,,,,,,,,,,,,,Special Needs,Subsidize,,,,Walking,,,,,,,,Fr 08:00 AM - 11:00 AM,,,,,,,,,,,Mo 08:00 AM - 11:00 AM,,,,,,,,,,,,Th 08:00 AM - 11:00 AM,,,,,,,,,,Tu 08:00 AM - 11:00 AM,,,,,,,,,We 08:00 AM - 11:00 AM,,
7284,4,1,1,129,Infants (0 to 23 months)Contact provider for details Preschool (2 to 5 years)Contact provider for details,,0 to 23 months,4,390,1080,46.0,other,"Full Time, Part time, Drop in, Full year","AM Snack, PM Snack","Other Child Care and Development Program funded by the CDE, Accepts Subsidized Payment",other,4,60,National Association for the Education of Young Children,,,Chinese (Mandarin),,English,,,,,,,,,,,,Spanish,Tagalog,,AM Snack,,,,,PM Snack,,,Drop in,,Full Time,Full year,Part time,,,,,Accepts Subsidized Payment,,,Other Child Care and Development Program funded by the CDE,,,Art based,,,,,,,,,,,,,,,Play based,,Potty training,,,,,,,,Bus,,,,Fr 06:30 AM - 06:00 PM,,,,,,,,,,,,,,,,,,,,,Th 06:30 AM - 06:00 PM,,,,,,,,,,,Tu 06:30 AM - 06:00 PM,,,,,,,,,,We 06:30 AM - 06:00 PM,,,,,,,,
7630,4,1,0,60,Preschool (2 to 5 years)Contact provider for details,,2 to 5 years,5,510,1410,75.0,English,"Part time, School year only",Not provided,CA State Preschool Program,2 years - 5 years,24,60,,,,,,English,,,,,,,,,,,,,,,,,,,,,,,,,,,Part time,,School year only,,,,CA State Preschool Program,,,,,,,Child Development,,,,,Developmentally Appropriate Practices,,,,,,,,Play based,,,Pre-kindergarten/Preschool,,,,,,,Bus,,,,,,,,,,,,,,,,,,,,,,,other,,,,,,,,,,,,,,,,,,,,,,,,,,,,,,,
15092,3,0,0,66,Preschool (2 to 5 years) Immediate Openings,1,2 to 5 years,5,390,1080,57.5,"English, Spanish","Full Time, Part time, Drop in, Rotating Schedule, Full year, School year only, Summer only","Breakfast, Lunch, PM Snack",Accepts Subsidized Payment,0 months - 11 months,0,11,,,,,,English,,,,,,,,,,,,Spanish,,,,Breakfast,,,Lunch,PM Snack,,,Drop in,,Full Time,Full year,Part time,Rotating Schedule,School year only,,Summer only,Accepts Subsidized Payment,,,,,Academic,,,,,,,,,,,,,,,,,,,,,,,,,,,,,,Fr 06:30 AM - 06:00 PM,,,,,,,,,Mo 06:30 AM - 06:00 PM,,,,,,,,,,,,Th 06:30 AM - 06:00 PM,,,,,,,,,,,Tu 06:30 AM - 06:00 PM,,,,,,,,,,We 06:30 AM - 06:00 PM,,,,,,,,
15140,4,1,0,16,Preschool (2 to 5 years)Contact provider for details,,2 to 5 years,5,510,720,17.5,English,"Part time, School year only","Breakfast, Lunch, Child Care Food Program (CCFP)",CA State Preschool Program,2 years - 5 years,24,60,,,,,,English,,,,,,,,,,,,,,,,Breakfast,Child Care Food Program (CCFP),,Lunch,,,,,,,,Part time,,School year only,,,,CA State Preschool Program,,,,,,,Child Development,,,,,Developmentally Appropriate Practices,,,,Montessori,,,Parent Involvement,Play based,,,Pre-kindergarten/Preschool,,,,,,,,,Walking,,,,,,,,,,,,,,,,,,,,,other,,,,,,,,,,,,,,,,,,,,,,,,,,,,,,,
12436,5,0,0,24,Preschool (2 to 5 years)Contact provider for details,,2 to 5 years,5,360,1080,60.0,English,"Full Time, School year only",Not provided,Accepts Subsidized Payment,3 years - 5 years,36,60,,,,,,English,,,,,,,,,,,,,,,,,,,,,,,,,Full Time,,,,School year only,,,Accepts Subsidized Payment,,,,,,,,,,,,,,,,,,,,,,,,,,,,,,,,,,Fr 06:00 AM - 06:00 PM,,,,,,,,,Mo 06:00 AM - 06:00 PM,,,,,,,,,,,,Th 06:00 AM - 06:00 PM,,,,,,,,,,,Tu 06:00 AM - 06:00 PM,,,,,,,,,,We 06:00 AM - 06:00 PM,,,,,,,,,
6708,5,0,0,24,Preschool (2 to 5 years)Contact provider for details,,2 to 5 years,5,495,855,30.0,English,"Full Time, School year only","Breakfast, Lunch",Accepts Subsidized Payment,3 years - 5 years,36,60,,,,,,English,,,,,,,,,,,,,,,,Breakfast,,,Lunch,,,,,,Full Time,,,,School year only,,,Accepts Subsidized Payment,,,,,,,,,,,,,,,,,,,,,,,,,,,,,,,,,,,,,,,,,,,,,,,,,,,,,,other,,,,,,,,,,,,,,,,,,,,,,,,,,,,,,,
5902,5,0,0,63,Preschool (2 to 5 years)Contact provider for details,,2 to 5 years,5,420,1050,52.5,English,other,Not provided,Accepts Subsidized Payment,3 years - 5 years,36,60,,,,,,English,,,,,,,,,,,,,,,,,,,,,,,,,Full Time,Full year,,,School year only,,,Accepts Subsidized Payment,,,,,,,,,,,,,,,,,,,,,,,,,,,,,,,,,,,,,Fr 07:00 AM - 05:30 PM,,,,,,,,,Mo 07:00 AM - 05:30 PM,,,,,,,,,,,,Th 07:00 AM - 05:30 PM,,,,,,,,,,,Tu 07:00 AM - 05:30 PM,,,,,,,,,We 07:00 AM - 05:30 PM,,,,,,,
17984,4,0,0,81,Preschool (2 to 5 years)Contact provider for details,,2 to 5 years,5,360,1080,60.0,English,"Full Time, School year only",Not provided,Accepts Subsidized Payment,3 years - 5 years,36,60,,,,,,English,,,,,,,,,,,,,,,,,,,,,,,,,Full Time,,,,School year only,,,Accepts Subsidized Payment,,,,,,,,,,,,,,,,,,,,,,,,,,,,,,,,,,Fr 06:00 AM - 06:00 PM,,,,,,,,,Mo 06:00 AM - 06:00 PM,,,,,,,,,,,,Th 06:00 AM - 06:00 PM,,,,,,,,,,,Tu 06:00 AM - 06:00 PM,,,,,,,,,,We 06:00 AM - 06:00 PM,,,,,,,,,
17997,5,1,0,29,Preschool (2 to 5 years)Contact provider for details,,2 to 5 years,5,495,855,30.0,"English, Spanish",other,other,Accepts Subsidized Payment,3 years - 5 years,36,60,,,,,,English,,,,,,,,,,,,Spanish,,,AM Snack,Breakfast,Child Care Food Program (CCFP),,Lunch,,,,Drop in,,Full Time,,,,School year only,,,Accepts Subsidized Payment,,,,,,,,,,,,,,,,,,,,,,,,,,,,,,,,,,,,,,,,,,,,,,,,,,,,,,other,,,,,,,,,,,,,,,,,,,,,,,,,,,,,,,
14957,4,0,0,48,Preschool (2 to 5 years)Contact provider for details,,2 to 5 years,5,360,1080,60.0,English,other,Not provided,Accepts Subsidized Payment,0 months - 11 months,0,11,,,,,,English,,,,,,,,,,,,,,,,,,,,,,,,,Full Time,,,,School year only,,Summer only,Accepts Subsidized Payment,,,,,,,,,,,,,,,,,,,,,,,,,,,,,,,,,,Fr 06:00 AM - 06:00 PM,,,,,,,,,Mo 06:00 AM - 06:00 PM,,,,,,,,,,,,Th 06:00 AM - 06:00 PM,,,,,,,,,,,Tu 06:00 AM - 06:00 PM,,,,,,,,,,We 06:00 AM - 06:00 PM,,,,,,,,,
7590,4,0,0,24,Preschool (2 to 5 years)Contact provider for details,,2 to 5 years,5,360,1080,60.0,English,"Full Time, School year only",Not provided,Accepts Subsidized Payment,3 years - 5 years,36,60,,,,,,English,,,,,,,,,,,,,,,,,,,,,,,,,Full Time,,,,School year only,,,Accepts Subsidized Payment,,,,,,,,,,,,,,,,,,,,,,,,,,,,,,,,,,Fr 06:00 AM - 06:00 PM,,,,,,,,,Mo 06:00 AM - 06:00 PM,,,,,,,,,,,,Th 06:00 AM - 06:00 PM,,,,,,,,,,,Tu 06:00 AM - 06:00 PM,,,,,,,,,,We 06:00 AM - 06:00 PM,,,,,,,,,
4041,4,0,0,24,Preschool (2 to 5 years)Contact provider for details,,2 to 5 years,5,360,1080,60.0,,"Full Time, School year only",Not provided,Accepts Subsidized Payment,3 years - 5 years,36,60,,,,,,,,,,,,,,,,,,,,,,,,,,,,,,,Full Time,,,,School year only,,,Accepts Subsidized Payment,,,,,,,,,,,,,,,,,,,,,,,,,,,,,,,,,,Fr 06:00 AM - 06:00 PM,,,,,,,,,Mo 06:00 AM - 06:00 PM,,,,,,,,,,,,Th 06:00 AM - 06:00 PM,,,,,,,,,,,Tu 06:00 AM - 06:00 PM,,,,,,,,,,We 06:00 AM - 06:00 PM,,,,,,,,,
13849,4,,0,42,Preschool (2 to 5 years)Contact provider for details,,2 to 5 years,5,480,660,15.0,"English, Spanish","Part time, School year only",Child Care Food Program (CCFP),CA State Preschool Program,3 years - 4 years,36,48,,,,,,English,,,,,,,,,,,,Spanish,,,,,Child Care Food Program (CCFP),,,,,,,,,,Part time,,School year only,,,,CA State Preschool Program,,,,,,,,,,,,,,,,,,,,,,,,,,,,,,,,,,,,,,,,Fr 08:00 AM - 11:00 AM,,,,,,,,,,,Mo 08:00 AM - 11:00 AM,,,,,,,,,,,,Th 08:00 AM - 11:00 AM,,,,,,,,,,Tu 08:00 AM - 11:00 AM,,,,,,,,,We 08:00 AM - 11:00 AM,,
10464,5,1,0,52,Preschool (2 to 5 years)Contact provider for details,,2 to 5 years,5,460,640,15.0,other,"Part time, School year only","AM Snack, PM Snack","CA State Preschool Program, Accepts Subsidized Payment",3 years - 5 years,36,60,,,,,,English,,,,,,,other,,,,,Spanish,,Vietnamese,AM Snack,,,,,PM Snack,,,,,,,Part time,,School year only,,,Accepts Subsidized Payment,CA State Preschool Program,,,,,,,Child Development,,,,,,High Scope,,,,,,,,,,,,,,Special Needs,Subsidize,,,,,,,,,,,,,,,,,,,,,,,,,other,,,,,,,,,,,,,,,,,,,,,,,,,,,,,,,
8695,4,1,0,48,Preschool (2 to 5 years)Contact provider for details,,2 to 5 years,,,,,other,"Part time, School year only","Breakfast, Lunch, PM Snack, Child Care Food Program (CCFP)",Accepts Subsidized Payment,3 years - 5 years,36,60,,,,,,English,,,,,,,,Punjabi,,,,Spanish,,,,Breakfast,Child Care Food Program (CCFP),,Lunch,PM Snack,,,,,,,Part time,,School year only,,,Accepts Subsidized Payment,,,,,,,,,,,,,,,,,,,,,,,,,,,,,,,,,,,,,,,,,,,,,,,,,,,,,,,,,,,,,,,,,,,,,,,,,,,,,,,,,,,,,
17567,4,,0,20,Preschool (2 to 5 years)Contact provider for details,,2 to 5 years,5,480,1380,75.0,"English, Spanish","Part time, School year only",Child Care Food Program (CCFP),CA State Preschool Program,3 years - 5 years,36,60,,,,,,English,,,,,,,,,,,,Spanish,,,,,Child Care Food Program (CCFP),,,,,,,,,,Part time,,School year only,,,,CA State Preschool Program,,,,,,,,,,,,,,,,,,,,,,,,,,,,,,,,,,,,,,,,,,,,,,,,,,,,,other,,,,,,,,,,,,,,,,,,,,,,,,,,,,,,,
2146,4,1,0,88,Preschool (2 to 5 years)Contact provider for details,,2 to 5 years,5,480,720,20.0,"English, Spanish","Full Time, Part time, Full year, School year only, Summer only",other,"CA State Preschool Program, Accepts Subsidized Payment",2 years - 5 years,24,60,,,,,,English,,,,,,,,,,,,Spanish,,,,Breakfast,,Dinner,Lunch,,,,,,Full Time,Full year,Part time,,School year only,,Summer only,Accepts Subsidized Payment,CA State Preschool Program,,,,,,,Child Development,,,,,,,,,,,,,Play based,,,Pre-kindergarten/Preschool,,,,Special Needs,,,,,,,,,,,,,,,,,,,,,,,,,,other,,,,,,,,,,,,,,,,,,,,,,,,,,,,,,,
4872,4,1,0,63,Infants (0 to 23 months) Immediate Openings Preschool (2 to 5 years) Immediate Openings,1,0 to 23 months,5,420,1080,55.0,"English, Spanish","Full Time, Part time, Full year","Breakfast, AM Snack, PM Snack",Accepts Subsidized Payment,other,1,72,,,,,,English,,,,,,,,,,,,Spanish,,,AM Snack,Breakfast,,,,PM Snack,,,,,Full Time,Full year,Part time,,,,,Accepts Subsidized Payment,,,,,,,,Child Development,,,,,Developmentally Appropriate Practices,,,,,,,,Play based,,Potty training,Pre-kindergarten/Preschool,,,,,,,,,,,,,,Fr 07:00 AM - 06:00 PM,,,,,,,,,Mo 07:00 AM - 06:00 PM,,,,,,,,,,,,Th 07:00 AM - 06:00 PM,,,,,,,,,,,Tu 07:00 AM - 06:00 PM,,,,,,,,,We 07:00 AM - 06:00 PM,,,,,,
10989,4,0,0,84,other,1,2 to 5 years,,,,,other,"Full Time, Part time, Before School, After School, Full year, School year only, Summer only","Breakfast, AM Snack, Lunch, PM Snack, Child Care Food Program (CCFP)",Accepts Subsidized Payment,2 years - 12 years,24,144,,,,,,English,,,,,,,,Punjabi,,,,Spanish,,,AM Snack,Breakfast,Child Care Food Program (CCFP),,Lunch,PM Snack,After School,Before School,,,Full Time,Full year,Part time,,School year only,,Summer only,Accepts Subsidized Payment,,,,,,,,,,,,,,,,,,,,,,,,,,,,,,,Bus,,,,,,,,,,,,,,,,,,,,,,,,,,,,,,,,,,,,,,,,,,,,,,,,,,,,,,
8453,5,0,0,23,Preschool (2 to 5 years)Contact provider for details,,2 to 5 years,5,510,690,15.0,English,"Part time, School year only",Breakfast,"CA State Preschool Program, Accepts Subsidized Payment",3 years - 5 years,36,60,,,,,,English,,,,,,,,,,,,,,,,Breakfast,,,,,,,,,,,Part time,,School year only,,,Accepts Subsidized Payment,CA State Preschool Program,,,,,,,,,,,,,,,,,,,,,,,,,,,,Subsidize,,,,,,,,,,,,,Fr 08:30 AM - 11:30 AM,,,,,,,,,,,Mo 08:30 AM - 11:30 AM,,,,,,,,,,,,Th 08:30 AM - 11:30 AM,,,,,,,,,,Tu 08:30 AM - 11:30 AM,,,,,,,,,We 08:30 AM - 11:30 AM,
15812,5,1,0,24,Preschool (2 to 5 years)Contact provider for details,,2 to 5 years,5,510,690,15.0,"English, Spanish","Part time, School year only",Breakfast,Accepts Subsidized Payment,3 years - 4 years,36,48,,,,,,English,,,,,,,,,,,,Spanish,,,,Breakfast,,,,,,,,,,,Part time,,School year only,,,Accepts Subsidized Payment,,,,,,,,Child Development,,,,,,,,,,,,,,,,,,,,Special Needs,Subsidize,,,,,,,,,,,,,Fr 08:30 AM - 11:30 AM,,,,,,,,,,,Mo 08:30 AM - 11:30 AM,,,,,,,,,,,,Th 08:30 AM - 11:30 AM,,,,,,,,,,Tu 08:30 AM - 11:30 AM,,,,,,,,,We 08:30 AM - 11:30 AM,
15112,5,1,0,24,Preschool (2 to 5 years)Contact provider for details,,2 to 5 years,5,510,690,15.0,"English, Spanish","Part time, School year only",Breakfast,Accepts Subsidized Payment,3 years - 4 years,36,48,,,,,,English,,,,,,,,,,,,Spanish,,,,Breakfast,,,,,,,,,,,Part time,,School year only,,,Accepts Subsidized Payment,,,,,,,,Child Development,,,,,,,,,,,,,,,,,,,,Special Needs,Subsidize,,,,,,,,,,,,,Fr 08:30 AM - 11:30 AM,,,,,,,,,,,Mo 08:30 AM - 11:30 AM,,,,,,,,,,,,Th 08:30 AM - 11:30 AM,,,,,,,,,,Tu 08:30 AM - 11:30 AM,,,,,,,,,We 08:30 AM - 11:30 AM,
10757,5,1,0,24,Preschool (2 to 5 years)Contact provider for details,,2 to 5 years,5,510,690,15.0,English,"Part time, School year only",Lunch,"CA State Preschool Program, Accepts Subsidized Payment",3 years - 5 years,36,60,,,,,,English,,,,,,,,,,,,,,,,,,,Lunch,,,,,,,,Part time,,School year only,,,Accepts Subsidized Payment,CA State Preschool Program,,,,,,,,,,,,,,,,,,,,,,,,,,,Special Needs,Subsidize,,,,,,,,,,,,,Fr 08:30 AM - 11:30 AM,,,,,,,,,,,Mo 08:30 AM - 11:30 AM,,,,,,,,,,,,Th 08:30 AM - 11:30 AM,,,,,,,,,,Tu 08:30 AM - 11:30 AM,,,,,,,,,We 08:30 AM - 11:30 AM,
8506,5,1,0,24,Preschool (2 to 5 years)Contact provider for details,,2 to 5 years,5,510,690,15.0,English,"Part time, School year only",Lunch,"CA State Preschool Program, Accepts Subsidized Payment",3 years - 5 years,36,60,,,,,,English,,,,,,,,,,,,,,,,,,,Lunch,,,,,,,,Part time,,School year only,,,Accepts Subsidized Payment,CA State Preschool Program,,,,,,,Child Development,,,,,,,,,,,,,,,,,,,,Special Needs,Subsidize,,,,Walking,,,,,,,,,Fr 08:30 AM - 11:30 AM,,,,,,,,,,,Mo 08:30 AM - 11:30 AM,,,,,,,,,,,,Th 08:30 AM - 11:30 AM,,,,,,,,,,Tu 08:30 AM - 11:30 AM,,,,,,,,,We 08:30 AM - 11:30 AM,
9987,4,1,0,24,Preschool (2 to 5 years)Contact provider for details,,2 to 5 years,5,510,900,32.5,"English, Spanish","Part time, Full year, School year only, Summer only","Car, Child Care Food Program (CCFP)","CA State Preschool Program, Accepts Subsidized Payment",3 years - 4 years,36,48,,,,,,English,,,,,,,,,,,,Spanish,,,,,Child Care Food Program (CCFP),,,,,,,,,Full year,Part time,,School year only,,Summer only,Accepts Subsidized Payment,CA State Preschool Program,,,,,,,,,Co-op,,,,,,,,,,,,,,,,,,,,,Bus,Car,Walking,,,,,,,,,,,,,,,,,,,,,other,,,,,,,,,,,,,,,,,,,,,,,,,,,,,,,
2497,5,1,0,24,Preschool (2 to 5 years)Contact provider for details,,2 to 5 years,5,450,630,15.0,"English, Spanish","Part time, School year only","Breakfast, Lunch","CA State Preschool Program, Accepts Subsidized Payment",3 years - 5 years,36,60,,,,,,English,,,,,,,,,,,,Spanish,,,,Breakfast,,,Lunch,,,,,,,,Part time,,School year only,,,Accepts Subsidized Payment,CA State Preschool Program,,,,,,,Child Development,,,,,,,,,,,,,,,,Pre-kindergarten/Preschool,,,,Special Needs,Subsidize,,,,Walking,,,,,,,,,,,,,,,,,,,,,other,,,,,,,,,,,,,,,,,,,,,,,,,,,,,,,
5750,4,0,0,30,Preschool (2 to 5 years)Contact provider for details,,2 to 5 years,5,480,885,33.75,"English, Spanish, Labels, Labels English","Part time, School year only","AM Snack, PM Snack",Accepts Subsidized Payment,3 years - 4 years,36,48,,,,,,English,,,,,,,,,,,,Spanish,,,AM Snack,,,,,PM Snack,,,,,,,Part time,,School year only,,,Accepts Subsidized Payment,,,,,,,,,,,,,,,,,,,,,,,,,,,,,,,,,,,,,,,,,,,,,,,,,,,,,,other,,,,,,,,,,,,,,,,,,,,,,,,,,,,,,,
15458,4,1,0,24,Preschool (2 to 5 years)No Openings,0,2 to 5 years,5,390,1080,57.5,"English, Spanish","Full Time, Part time, Full year","AM Snack, Lunch, PM Snack",Accepts Subsidized Payment,2 years - 5 years,24,60,,,,,,English,,,,,,,,,,,,Spanish,,,AM Snack,,,,Lunch,PM Snack,,,,,Full Time,Full year,Part time,,,,,Accepts Subsidized Payment,,,,,Academic,,,,,,,,,,,,,,,,,,,,,,,,,,,,,,Fr 06:30 AM - 06:00 PM,,,,,,,,,Mo 06:30 AM - 06:00 PM,,,,,,,,,,,,Th 06:30 AM - 06:00 PM,,,,,,,,,,,Tu 06:30 AM - 06:00 PM,,,,,,,,,,We 06:30 AM - 06:00 PM,,,,,,,,
14769,4,1,0,24,Preschool (2 to 5 years) Immediate Openings,1,2 to 5 years,5,480,660,15.0,English,"Part time, School year only","AM Snack, PM Snack",Accepts Subsidized Payment,2 years - 5 years,24,60,,,,,,English,,,,,,,,,,,,,,,AM Snack,,,,,PM Snack,,,,,,,Part time,,School year only,,,Accepts Subsidized Payment,,,,,Academic,,,,,Co-op,,,,,,,,,,,,,,,,,,,,,,,,,,,,,,,Fr 08:00 AM - 11:00 AM,,,,,,,,,,,Mo 08:00 AM - 11:00 AM,,,,,,,,,,,,Th 08:00 AM - 11:00 AM,,,,,,,,,,Tu 08:00 AM - 11:00 AM,,,,,,,,,We 08:00 AM - 11:00 AM,,
15221,4,1,0,48,Preschool (2 to 5 years)Contact provider for details,,2 to 5 years,5,390,1080,57.5,"English, Spanish","Full Time, Part time, Full year, School year only, Summer only","Breakfast, AM Snack, Lunch",Accepts Subsidized Payment,0 months - 11 months,0,11,,,,,,English,,,,,,,,,,,,Spanish,,,AM Snack,Breakfast,,,Lunch,,,,,,Full Time,Full year,Part time,,School year only,,Summer only,Accepts Subsidized Payment,,,,,,,,,,,,,,,,,,,,,,,,,,,,,,,,,,,Fr 06:30 AM - 06:00 PM,,,,,,,,,Mo 06:30 AM - 06:00 PM,,,,,,,,,,,,Th 06:30 AM - 06:00 PM,,,,,,,,,,,Tu 06:30 AM - 06:00 PM,,,,,,,,,,We 06:30 AM - 06:00 PM,,,,,,,,
16569,5,1,0,48,Preschool (2 to 5 years)No Openings,0,2 to 5 years,5,390,1080,57.5,"English, Spanish","Full Time, Part time, Drop in, Rotating Schedule, Full year, School year only, Summer only","AM Snack, Lunch, PM Snack","Other Public Contract, Accepts Subsidized Payment",2 years - 5 years,24,60,,,,,,English,,,,,,,,,,,,Spanish,,,AM Snack,,,,Lunch,PM Snack,,,Drop in,,Full Time,Full year,Part time,Rotating Schedule,School year only,,Summer only,Accepts Subsidized Payment,,,,Other Public Contract,Academic,,,,,Co-op,,,,,,,,,,,,,,,,,,,,,,,,,Fr 06:30 AM - 06:00 PM,,,,,,,,,Mo 06:30 AM - 06:00 PM,,,,,,,,,,,,Th 06:30 AM - 06:00 PM,,,,,,,,,,,Tu 06:30 AM - 06:00 PM,,,,,,,,,,We 06:30 AM - 06:00 PM,,,,,,,,
7612,5,1,0,57,Preschool (2 to 5 years)No Openings,0,2 to 5 years,5,390,1080,57.5,"English, Spanish","Part time, Full year","AM Snack, Lunch, PM Snack",Accepts Subsidized Payment,2 years - 5 years,24,60,,,,,,English,,,,,,,,,,,,Spanish,,,AM Snack,,,,Lunch,PM Snack,,,,,,Full year,Part time,,,,,Accepts Subsidized Payment,,,,,Academic,,,,,,,,,,,,,,,,,,,,,,,,,,,,,,Fr 06:30 AM - 06:00 PM,,,,,,,,,Mo 06:30 AM - 06:00 PM,,,,,,,,,,,,Th 06:30 AM - 06:00 PM,,,,,,,,,,,Tu 06:30 AM - 06:00 PM,,,,,,,,,,We 06:30 AM - 06:00 PM,,,,,,,,
16761,4,0,0,24,Preschool (2 to 5 years)Contact provider for details,,2 to 5 years,5,495,900,33.75,"English, Spanish, Labels, Labels English","Part time, School year only","AM Snack, PM Snack",Accepts Subsidized Payment,2 years - 5 years,24,60,,,,,,English,,,,,,,,,,,,Spanish,,,AM Snack,,,,,PM Snack,,,,,,,Part time,,School year only,,,Accepts Subsidized Payment,,,,,,,,,,,,,,,,,,,,,,,,,,,,,,,,,,,,,,,,,,,,,,,,,,,,,,other,,,,,,,,,,,,,,,,,,,,,,,,,,,,,,,
7429,5,0,0,20,Preschool (2 to 5 years)Contact provider for details,,2 to 5 years,5,360,1080,60.0,English,"Full Time, Part time, School year only","AM Snack, Lunch, PM Snack","CA State Preschool Program, Accepts Subsidized Payment",3 years - 4 years,36,48,,,,,,English,,,,,,,,,,,,,,,AM Snack,,,,Lunch,PM Snack,,,,,Full Time,,Part time,,School year only,,,Accepts Subsidized Payment,CA State Preschool Program,,,,,,,,,,,,,,,,,,,,,,,,,,,,Subsidize,,,,,Fr 06:00 AM - 06:00 PM,,,,,,,,,Mo 06:00 AM - 06:00 PM,,,,,,,,,,,,Th 06:00 AM - 06:00 PM,,,,,,,,,,,Tu 06:00 AM - 06:00 PM,,,,,,,,,,We 06:00 AM - 06:00 PM,,,,,,,,,
15652,4,0,0,20,Preschool (2 to 5 years)Contact provider for details,,2 to 5 years,5,435,1035,50.0,"English, Spanish","Part time, School year only","Breakfast, Lunch, PM Snack",Accepts Subsidized Payment,2 years - 5 years,24,60,,,,,,English,,,,,,,,,,,,Spanish,,,,Breakfast,,,Lunch,PM Snack,,,,,,,Part time,,School year only,,,Accepts Subsidized Payment,,,,,,,,,,,,,,,,,,,,,,,,,,,,,,,,,,,,,,,,,,,,,,,,,,,,,,other,,,,,,,,,,,,,,,,,,,,,,,,,,,,,,,
3206,4,1,0,121,Infants (0 to 23 months)Contact provider for details Preschool (2 to 5 years)Contact provider for details,,0 to 23 months,5,420,1020,50.0,"English, Farsi, Spanish",other,"Breakfast, Lunch, PM Snack, Child Care Food Program (CCFP)","Head Start, Other Child Care and Development Program funded by the CDE",1 years - 5 years,12,60,,,,,,English,Farsi,,,,,,,,,,,Spanish,,,,Breakfast,Child Care Food Program (CCFP),,Lunch,PM Snack,,,,,Full Time,Full year,,,School year only,Seasonal,Summer only,,,Head Start,Other Child Care and Development Program funded by the CDE,,,,,Child Development,,,,,,,,,,,,,,,,Pre-kindergarten/Preschool,,,,Special Needs,Subsidize,,,,,,,Fr 07:00 AM - 05:00 PM,,,,,,,,,Mo 07:00 AM - 05:00 PM,,,,,,,,,other,,,Th 07:00 AM - 05:00 PM,,,,,,,,,,,Tu 07:00 AM - 05:00 PM,,,,,,,,,,,,,,,,,
7634,5,1,0,40,Preschool (2 to 5 years)Contact provider for details,,2 to 5 years,5,420,1020,50.0,"English, Spanish","Full Time, School year only","AM Snack, Lunch, PM Snack, Child Care Food Program (CCFP)","Head Start, CA State Preschool Program, Accepts Subsidized Payment",3 years - 5 years,36,60,,,,,,English,,,,,,,,,,,,Spanish,,,AM Snack,,Child Care Food Program (CCFP),,Lunch,PM Snack,,,,,Full Time,,,,School year only,,,Accepts Subsidized Payment,CA State Preschool Program,Head Start,,,,,,Child Development,,,,,,,,,,,,,,,,Pre-kindergarten/Preschool,,,,Special Needs,Subsidize,,,,,,,Fr 07:00 AM - 05:00 PM,,,,,,,,,Mo 07:00 AM - 05:00 PM,,,,,,,,,other,,,Th 07:00 AM - 05:00 PM,,,,,,,,,,,Tu 07:00 AM - 05:00 PM,,,,,,,,,,,,,,,,,
17841,4,1,0,82,Preschool (2 to 5 years)Contact provider for details,,2 to 5 years,5,390,1020,52.5,"English, Spanish","Full Time, Part time, Full year, School year only, Seasonal, Summer only",other,"Head Start, CA State Preschool Program",3 years - 5 years,36,60,,,,,,English,,,,,,,,,,,,Spanish,,,,Breakfast,Child Care Food Program (CCFP),,Lunch,PM Snack,,,,,Full Time,Full year,Part time,,School year only,Seasonal,Summer only,,CA State Preschool Program,Head Start,,,,,,,,,,,,,,,,,,,,,,Pre-kindergarten/Preschool,,,,Special Needs,Subsidize,,Bus,,Walking,,,,,,,,,,,,,,,,,,,,,other,,,,,,,,,,,,,,,,,,,,,,,,,,,,,,,other
16642,4,1,0,75,Infants (0 to 23 months)Contact provider for details Preschool (2 to 5 years)Contact provider for details,,0 to 23 months,5,420,1020,50.0,"English, Spanish","Full Time, Part time, Full year, School year only, Seasonal, Summer only","Breakfast, AM Snack, Lunch, PM Snack, Child Care Food Program (CCFP)","Head Start, CA State Preschool Program",other,12,48,,,,,,English,,,,,,,,,,,,Spanish,,,AM Snack,Breakfast,Child Care Food Program (CCFP),,Lunch,PM Snack,,,,,Full Time,Full year,Part time,,School year only,Seasonal,Summer only,,CA State Preschool Program,Head Start,,,,,,Child Development,,,,,,,,,,,,,,,,Pre-kindergarten/Preschool,,,,Special Needs,Subsidize,,,,,,,Fr 07:00 AM - 05:00 PM,,,,,,,,,Mo 07:00 AM - 05:00 PM,,,,,,,,,other,,,Th 07:00 AM - 05:00 PM,,,,,,,,,,,Tu 07:00 AM - 05:00 PM,,,,,,,,,,,,,,,,,
12476,5,1,0,76,Infants (0 to 23 months)Contact provider for details Preschool (2 to 5 years)Contact provider for details,,0 to 23 months,7,360,1320,112.0,other,"Full Time, Part time, School year only",other,"Head Start, CA State Preschool Program",1 years - 5 years,12,60,,Arabic,,,,English,,,,,,,other,,,,,Spanish,Tagalog,,AM Snack,Breakfast,Child Care Food Program (CCFP),,Lunch,PM Snack,,,,,Full Time,,Part time,,School year only,,,,CA State Preschool Program,Head Start,,,,,,Child Development,,,,,,,,,,,,,,,,Pre-kindergarten/Preschool,,,,Special Needs,Subsidize,,Bus,,Walking,,,,,,,,,,,,,,,,,,,,,other,,,,,,,,,,,,,,,,,,,,,,,,,,,,,,,other
6926,4,1,0,60,Preschool (2 to 5 years)Contact provider for details,,2 to 5 years,5,450,990,45.0,"English, Spanish","Full Time, Part time, School year only","AM Snack, Lunch, PM Snack, Child Care Food Program (CCFP)","Head Start, Other Child Care and Development Program funded by the CDE",3 years - 5 years,36,60,,,,,,English,,,,,,,,,,,,Spanish,,,AM Snack,,Child Care Food Program (CCFP),,Lunch,PM Snack,,,,,Full Time,,Part time,,School year only,,,,,Head Start,Other Child Care and Development Program funded by the CDE,,,,,Child Development,,,,,,,,,,,,,,,,Pre-kindergarten/Preschool,,,,Special Needs,Subsidize,,,,,,,,,,,,,,,,,,,Mo 07:30 AM - 04:30 PM,,,,,,other,,,,,,Th 07:30 AM - 04:30 PM,,,,,,,,,,,,,,,,,,,,,,,,,
12098,5,1,0,58,Infants (0 to 23 months)Contact provider for details Preschool (2 to 5 years)Contact provider for details,,0 to 23 months,5,450,870,35.0,"English, Spanish","Full Time, Part time, Full year, School year only, Seasonal, Summer only","Breakfast, Lunch, PM Snack, Child Care Food Program (CCFP)","Head Start, Other Child Care and Development Program funded by the CDE",1 years - 5 years,12,60,,,,,,English,,,,,,,,,,,,Spanish,,,,Breakfast,Child Care Food Program (CCFP),,Lunch,PM Snack,,,,,Full Time,Full year,Part time,,School year only,Seasonal,Summer only,,,Head Start,Other Child Care and Development Program funded by the CDE,,,,,Child Development,,,,,,,,,,,,,,,Potty training,Pre-kindergarten/Preschool,,,,Special Needs,Subsidize,,,,,,,,,,,,,,,,,,,,,,,,,other,,,,,,,,,,,,,,,,,,,,,,,,,,,,,,,
10483,4,1,0,50,Preschool (2 to 5 years)Contact provider for details,,2 to 5 years,5,450,690,20.0,"English, Spanish","Part time, School year only",other,"Head Start, Accepts Subsidized Payment",3 years - 5 years,36,60,,,,,,English,,,,,,,,,,,,Spanish,,,AM Snack,Breakfast,Child Care Food Program (CCFP),,Lunch,PM Snack,,,,,,,Part time,,School year only,,,Accepts Subsidized Payment,,Head Start,,,,,,Child Development,,,,,,,,,,,,,,,,Pre-kindergarten/Preschool,,,,Special Needs,Subsidize,,Bus,,Walking,,,,,,,,,,,,,,,,,,,,,other,,,,,,,,,,,,,,,,,,,,,,,,,,,,,,,other
9863,4,1,0,40,Preschool (2 to 5 years)Contact provider for details,,2 to 5 years,5,450,840,32.5,"English, Spanish","Part time, School year only","Breakfast, AM Snack, Lunch, PM Snack, Child Care Food Program (CCFP)","Head Start, Other Child Care and Development Program funded by the CDE",3 years - 5 years,36,60,,,,,,English,,,,,,,,,,,,Spanish,,,AM Snack,Breakfast,Child Care Food Program (CCFP),,Lunch,PM Snack,,,,,,,Part time,,School year only,,,,,Head Start,Other Child Care and Development Program funded by the CDE,,,,,Child Development,,,,,,,,,,No Pets,,,,,,,,,,Special Needs,Subsidize,,,,,,,,,,,,,,,,,,,,,,,,,other,,,,,,,,,,,,,,,,,,,,,,,,,,,,,,,
12113,5,1,0,72,Infants (0 to 23 months)Contact provider for details Preschool (2 to 5 years)Contact provider for details,,0 to 23 months,5,420,1020,50.0,"English, Spanish","Full Time, Part time, School year only",other,"Head Start, CA State Preschool Program",other,11,60,,,,,,English,,,,,,,,,,,,Spanish,,,,Breakfast,Child Care Food Program (CCFP),,Lunch,PM Snack,,,,,Full Time,,Part time,,School year only,,,,CA State Preschool Program,Head Start,,,,,,Child Development,,,,,,,,,,,,,,,,Pre-kindergarten/Preschool,,,,Special Needs,Subsidize,,Bus,,Walking,,,Fr 07:00 AM - 05:00 PM,,,,,,,,,Mo 07:00 AM - 05:00 PM,,,,,,,,,other,,,Th 07:00 AM - 05:00 PM,,,,,,,,,,,Tu 07:00 AM - 05:00 PM,,,,,,,,,,,,,,,,,
17794,2,1,0,46,Preschool (2 to 5 years)Contact provider for details,,2 to 5 years,5,450,930,40.0,"English, Spanish","Full Time, Part time, Full year","Breakfast, Lunch, PM Snack, Child Care Food Program (CCFP)",,2 years - 5 years,24,60,,,,,,English,,,,,,,,,,,,Spanish,,,,Breakfast,Child Care Food Program (CCFP),,Lunch,PM Snack,,,,,Full Time,Full year,Part time,,,,,,,,,,,,,,,,,,,,,,,,,,,,,,,,,,,,,,,,,,,,,,,,,,,,,,,,,,,other,,,,,,,,,,,,,,,,,,,,,,,,,,,,,,,
16618,4,0,0,50,Preschool (2 to 5 years)Contact provider for details,,2 to 5 years,5,510,960,37.5,"English, Spanish","Part time, Full year, School year only, Summer only","Breakfast, AM Snack, Lunch, PM Snack",Accepts Subsidized Payment,3 years - 5 years,36,60,,,,,,English,,,,,,,,,,,,Spanish,,,AM Snack,Breakfast,,,Lunch,PM Snack,,,,,,Full year,Part time,,School year only,,Summer only,Accepts Subsidized Payment,,,,,Academic,,,,,Co-op,,,,,,,,,,,,,,,,,,,,,,,,,,,,,,,,,,,,,,,,,,,,other,,,,,,,,,,,,,,,,,,,,,,,,,,,,,,,
4711,4,0,0,48,Preschool (2 to 5 years)Contact provider for details,,2 to 5 years,5,360,1050,57.5,"English, Spanish, Labels, Labels English","Full Time, Full year","AM Snack, PM Snack",Accepts Subsidized Payment,3 years - 5 years,36,60,,,,,,English,,,,,,,,,,,,Spanish,,,AM Snack,,,,,PM Snack,,,,,Full Time,Full year,,,,,,Accepts Subsidized Payment,,,,,,,,,,,,,,,,,,,,,,,,,,,,,,,,,,,,,,,,,,,,,,,,,,,,,,other,,,,,,,,,,,,,,,,,,,,,,,,,,,,,,,
9415,4,1,0,90,Preschool (2 to 5 years)Contact provider for details,,2 to 5 years,5,390,1050,55.0,"English, Spanish","Full Time, Part time, Rotating Schedule, Full year, School year only, Summer only","Breakfast, Lunch, PM Snack, Child Care Food Program (CCFP)","Head Start, Other Child Care and Development Program funded by the CDE",2 years - 5 years,24,60,,,,,,English,,,,,,,,,,,,Spanish,,,,Breakfast,Child Care Food Program (CCFP),,Lunch,PM Snack,,,,,Full Time,Full year,Part time,Rotating Schedule,School year only,,Summer only,,,Head Start,Other Child Care and Development Program funded by the CDE,,,,,Child Development,,,,,,,,,,,,,,,Potty training,Pre-kindergarten/Preschool,,,,Special Needs,Subsidize,,,,,,,,,,,,,,,,,,,,,,,,,other,,,,,,,,,,,,,,,,,,,,,,,,,,,,,,,
14855,3,0,0,42,Infants (0 to 23 months)Contact provider for details Preschool (2 to 5 years)Contact provider for details,,0 to 23 months,5,420,960,45.0,"English, Spanish","Full Time, Part time, Full year, School year only, Summer only","Breakfast, Lunch, PM Snack","Head Start, Other Child Care and Development Program funded by the CDE, Accepts Subsidized Payment",1 years - 5 years,12,60,,,,,,English,,,,,,,,,,,,Spanish,,,,Breakfast,,,Lunch,PM Snack,,,,,Full Time,Full year,Part time,,School year only,,Summer only,Accepts Subsidized Payment,,Head Start,Other Child Care and Development Program funded by the CDE,,,,,,,,,,,,,,,,,,,,,,,,,,,,,,,,,,,,,,,,,,,,,,,,,,,other,,,,,,,,,,,,,,,,,,,,,,,,,,,,,,,
19202,5,0,0,44,Preschool (2 to 5 years)Contact provider for details,,2 to 5 years,5,360,990,52.5,"English, Spanish","Full Time, Part time, Full year","Breakfast, Lunch, PM Snack, Child Care Food Program (CCFP)",CA State Preschool Program,2 years - 5 years,24,60,,,,,,English,,,,,,,,,,,,Spanish,,,,Breakfast,Child Care Food Program (CCFP),,Lunch,PM Snack,,,,,Full Time,Full year,Part time,,,,,,CA State Preschool Program,,,,,,,,,,,,,,,,,,other,,,,,,,,,,,,,,,,,,,,,,,,,,,,,,,,,,,other,,,,,,,,,,,,,,,,,,,,,,,,,,,,,,,
5605,4,1,0,96,Preschool (2 to 5 years)Contact provider for details,,2 to 5 years,5,390,1050,55.0,"English, Spanish","Full Time, Part time, Full year, School year only, Summer only","Breakfast, Lunch, PM Snack, Child Care Food Program (CCFP)","Head Start, CA State Preschool Program",1 years - 5 years,12,60,,,,,,English,,,,,,,,,,,,Spanish,,,,Breakfast,Child Care Food Program (CCFP),,Lunch,PM Snack,,,,,Full Time,Full year,Part time,,School year only,,Summer only,,CA State Preschool Program,Head Start,,,,,,,,,,,,,,,,No Pets,,,,,Potty training,Pre-kindergarten/Preschool,,,,Special Needs,Subsidize,,,,,,,,,,,,,,,,,,,,,,,,,other,,,,,,,,,,,,,,,,,,,,,,,,,,,,,,,
2282,3,0,0,74,Infants (0 to 23 months)Contact provider for details Preschool (2 to 5 years)Contact provider for details,,0 to 23 months,5,420,1050,52.5,"English, Spanish, Labels, Labels English","Full Time, Part time, Full year",Not provided,Accepts Subsidized Payment,0 months - 5 years,0,60,,,,,,English,,,,,,,,,,,,Spanish,,,,,,,,,,,,,Full Time,Full year,Part time,,,,,Accepts Subsidized Payment,,,,,,,,,,,,,,,,,,,,,,,,,,,,,,,,,,,,,Fr 07:00 AM - 05:30 PM,,,,,,,,,Mo 07:00 AM - 05:30 PM,,,,,,,,,,,,Th 07:00 AM - 05:30 PM,,,,,,,,,,,Tu 07:00 AM - 05:30 PM,,,,,,,,,We 07:00 AM - 05:30 PM,,,,,,,
4433,4,1,0,24,Preschool (2 to 5 years)Contact provider for details,,2 to 5 years,5,480,930,37.5,"English, Spanish","Part time, School year only","AM Snack, PM Snack",Accepts Subsidized Payment,0 months - 11 months,0,11,,,,,,English,,,,,,,,,,,,Spanish,,,AM Snack,,,,,PM Snack,,,,,,,Part time,,School year only,,,Accepts Subsidized Payment,,,,,Academic,,,,,,,,,,,,,,,,,,,,,,,,,,,,,,,,,,,,,,,,,,,,,,,,,other,,,,,,,,,,,,,,,,,,,,,,,,,,,,,,,
13324,4,0,0,36,Preschool (2 to 5 years)Contact provider for details,,2 to 5 years,5,510,690,15.0,English,"Part time, School year only",AM Snack,Accepts Subsidized Payment,2 years - 6 years,24,72,,,,,,English,,,,,,,,,,,,,,,AM Snack,,,,,,,,,,,,Part time,,School year only,,,Accepts Subsidized Payment,,,,,,,,,,,,,,,,,,,,,,,,,,,,,,,,,,,,,,,,,,Fr 08:30 AM - 11:30 AM,,,,,,,,,,,Mo 08:30 AM - 11:30 AM,,,,,,,,,,,,Th 08:30 AM - 11:30 AM,,,,,,,,,,Tu 08:30 AM - 11:30 AM,,,,,,,,,We 08:30 AM - 11:30 AM,
7654,4,0,0,132,Preschool (2 to 5 years)Contact provider for details,,2 to 5 years,5,450,1050,50.0,"English, Spanish, Labels, Labels English","Full Time, Part time, Full year","AM Snack, Lunch, PM Snack",Accepts Subsidized Payment,other,36,11,,,,,,English,,,,,,,,,,,,Spanish,,,AM Snack,,,,Lunch,PM Snack,,,,,Full Time,Full year,Part time,,,,,Accepts Subsidized Payment,,,,,,,,,,,,,,,,,,,,,,,,,,,,,,,,,,,,,,,Fr 07:30 AM - 05:30 PM,,,,,,,,,,Mo 07:30 AM - 05:30 PM,,,,,,,,,,,,Th 07:30 AM - 05:30 PM,,,,,,,,,,Tu 07:30 AM - 05:30 PM,,,,,,,,,We 07:30 AM - 05:30 PM,,,,,
19104,4,1,0,178,Infants (0 to 23 months)Contact provider for details Preschool (2 to 5 years)Contact provider for details,,0 to 23 months,5,435,1050,51.25,English,"Full Time, Part time, Full year, School year only","AM Snack, PM Snack",Accepts Subsidized Payment,other,2,48,,,,,,English,,,,,,,,,,,,,,,AM Snack,,,,,PM Snack,,,,,Full Time,Full year,Part time,,School year only,,,Accepts Subsidized Payment,,,,,,,,,,,,,,,,,,,,,,,,,,,Religious,,,,,,,,,,,,,,,,,,,,,,,,,,,other,,,,,,,,,,,,,,,,,,,,,,,,,,,,,,,
1130,4,0,0,55,Infants (0 to 23 months) Immediate Openings Preschool (2 to 5 years) Immediate Openings,1,0 to 23 months,5,480,1080,50.0,"English, Spanish","Full Time, Part time, Full year, School year only, Summer only","Breakfast, Lunch, Child Care Food Program (CCFP)",Accepts Subsidized Payment,1 months - 5 years,1,60,,,,,,English,,,,,,,,,,,,Spanish,,,,Breakfast,Child Care Food Program (CCFP),,Lunch,,,,,,Full Time,Full year,Part time,,School year only,,Summer only,Accepts Subsidized Payment,,,,,,,,,,,,,,,,,,,,,,,,,,,,,,,,,,,,,,,,,,,,,,,,,,,,,,other,,,,,,,,,,,,,,,,,,,,,,,,,,,,,,,
1114,5,1,0,127,Infants (0 to 23 months) Immediate Openings Preschool (2 to 5 years) Immediate Openings,1,0 to 23 months,5,420,1020,50.0,other,"Full Time, Part time, Full year","Breakfast, AM Snack, Lunch, PM Snack, Child Care Food Program (CCFP)","CA State Preschool Program, Other Child Care and Development Program funded by the CDE",1 years - 5 years,12,60,,,,,,English,Farsi,French,,,,,other,,,,,Spanish,Tagalog,,AM Snack,Breakfast,Child Care Food Program (CCFP),,Lunch,PM Snack,,,,,Full Time,Full year,Part time,,,,,,CA State Preschool Program,,Other Child Care and Development Program funded by the CDE,,,,,Child Development,,,,,,,,,,,,,,,,,,,,,,,,,,,,Fr 07:00 AM - 05:00 PM,,,,,,,,,Mo 07:00 AM - 05:00 PM,,,,,,,,,other,,,Th 07:00 AM - 05:00 PM,,,,,,,,,,,Tu 07:00 AM - 05:00 PM,,,,,,,,,,,,,,,,,
371,4,1,0,24,Preschool (2 to 5 years)Contact provider for details,,2 to 5 years,5,480,930,37.5,"English, Spanish","Part time, School year only","Breakfast, Lunch",Accepts Subsidized Payment,0 months - 11 months,0,11,,,,,,English,,,,,,,,,,,,Spanish,,,,Breakfast,,,Lunch,,,,,,,,Part time,,School year only,,,Accepts Subsidized Payment,,,,,,,,,,,,,,,,,,,,,,,,,,,,,,,,,,,,,,,,,,,,,,,,,,,,,,other,,,,,,,,,,,,,,,,,,,,,,,,,,,,,,,
10605,4,,0,21,Preschool (2 to 5 years)Contact provider for details,,2 to 5 years,5,420,1020,50.0,"English, Spanish","Full Time, Part time, Full year","Breakfast, Lunch, PM Snack, Child Care Food Program (CCFP)","Other Child Care and Development Program funded by the CDE, Accepts Subsidized Payment",3 years - 5 years,36,60,,,,,,English,,,,,,,,,,,,Spanish,,,,Breakfast,Child Care Food Program (CCFP),,Lunch,PM Snack,,,,,Full Time,Full year,Part time,,,,,Accepts Subsidized Payment,,,Other Child Care and Development Program funded by the CDE,,,,,,,,,,Developmentally Appropriate Practices,,,,,,,,,,,,,,,,,,,,,,,Fr 07:00 AM - 05:00 PM,,,,,,,,,Mo 07:00 AM - 05:00 PM,,,,,,,,,other,,,Th 07:00 AM - 05:00 PM,,,,,,,,,,,Tu 07:00 AM - 05:00 PM,,,,,,,,,,,,,,,,,
5280,4,,0,24,Preschool (2 to 5 years)Contact provider for details,,2 to 5 years,5,450,1050,50.0,English,"Full Time, School year only",Child Care Food Program (CCFP),CA State Preschool Program,2 years - 5 years,24,60,,,,,,English,,,,,,,,,,,,,,,,,Child Care Food Program (CCFP),,,,,,,,Full Time,,,,School year only,,,,CA State Preschool Program,,,,,,,,,,,,,,,,,,,,,,,,,,,,,,,,,,,,,,,,,,,,,,,,,,,,,other,,,,,,,,,,,,,,,,,,,,,,,,,,,,,,,
8799,3,1,0,96,Preschool (2 to 5 years)Contact provider for details,,2 to 5 years,5,480,1050,47.5,"Arabic, English, Spanish","Full Time, Part time, Full year, School year only, Summer only","AM Snack, PM Snack",Accepts Subsidized Payment,2 years - 5 years,24,60,,Arabic,,,,English,,,,,,,,,,,,Spanish,,,AM Snack,,,,,PM Snack,,,,,Full Time,Full year,Part time,,School year only,,Summer only,Accepts Subsidized Payment,,,,,,,,Child Development,Child Directed,,,,Developmentally Appropriate Practices,,,,,,other,,Play based,,Potty training,Pre-kindergarten/Preschool,,,,Special Needs,,,,,,,,,,,,,,,,,,,,,,,,,,other,,,,,,,,,,,,,,,,,,,,,,,,,,,,,,,
11468,5,0,0,57,Infants (0 to 23 months)Contact provider for details Preschool (2 to 5 years)Contact provider for details,,0 to 23 months,5,465,1035,47.5,"English, Spanish","Full Time, Part time, Full year","Breakfast, Lunch, PM Snack","CA State Preschool Program, Other Child Care and Development Program funded by the CDE, Accepts Subsidized Payment",1 years - 6 years,12,72,,,,,,English,,,,,,,,,,,,Spanish,,,,Breakfast,,,Lunch,PM Snack,,,,,Full Time,Full year,Part time,,,,,Accepts Subsidized Payment,CA State Preschool Program,,Other Child Care and Development Program funded by the CDE,,Academic,,,Child Development,Child Directed,,,,Developmentally Appropriate Practices,,,,,,,Parent Involvement,Play based,,Potty training,Pre-kindergarten/Preschool,,,,Special Needs,,,,,,,,,,,,,,,,,,,,,,,,,,other,,,,,,,,,,,,,,,,,,,,,,,,,,,,,,,
5538,4,,0,30,Preschool (2 to 5 years)Contact provider for details,,2 to 5 years,5,450,960,42.5,"English, Spanish",other,Child Care Food Program (CCFP),"Head Start, Other Public Contract",2 years - 5 years,24,60,,,,,,English,,,,,,,,,,,,Spanish,,,,,Child Care Food Program (CCFP),,,,,,,,Full Time,,,,,,Summer only,,,Head Start,,Other Public Contract,,,,,,,,,,,,,,,,,,,,,,,,,,,,,,,,,,,,,,,,,,,,,,,,,,other,,,,,,,,,,,,,,,,,,,,,,,,,,,,,,,
7969,4,0,0,90,Preschool (2 to 5 years)Contact provider for details,,2 to 5 years,5,360,1080,60.0,English,"Full Time, School year only",Not provided,Accepts Subsidized Payment,3 years - 5 years,36,60,,,,,,English,,,,,,,,,,,,,,,,,,,,,,,,,Full Time,,,,School year only,,,Accepts Subsidized Payment,,,,,,,,,,,,,,,,,,,,,,,,,,,,,,,,,,Fr 06:00 AM - 06:00 PM,,,,,,,,,Mo 06:00 AM - 06:00 PM,,,,,,,,,,,,Th 06:00 AM - 06:00 PM,,,,,,,,,,,Tu 06:00 AM - 06:00 PM,,,,,,,,,,We 06:00 AM - 06:00 PM,,,,,,,,,
3417,5,0,0,24,Preschool (2 to 5 years)Contact provider for details,,2 to 5 years,5,360,1080,60.0,English,"Full Time, School year only",Not provided,Accepts Subsidized Payment,0 months - 11 months,0,11,,,,,,English,,,,,,,,,,,,,,,,,,,,,,,,,Full Time,,,,School year only,,,Accepts Subsidized Payment,,,,,,,,,,,,,,,,,,,,,,,,,,,,,,,,,,Fr 06:00 AM - 06:00 PM,,,,,,,,,Mo 06:00 AM - 06:00 PM,,,,,,,,,,,,Th 06:00 AM - 06:00 PM,,,,,,,,,,,Tu 06:00 AM - 06:00 PM,,,,,,,,,,We 06:00 AM - 06:00 PM,,,,,,,,,
222,4,1,1,150,Infants (0 to 23 months)Contact provider for details Preschool (2 to 5 years)Contact provider for details,,0 to 23 months,5,450,990,45.0,other,"Full Time, Part time, School year only","Breakfast, Lunch, PM Snack, Child Care Food Program (CCFP)","Head Start, CA State Preschool Program",3 months - 5 years,3,60,,,,,,English,,,,Hmong,,,,,,,,Spanish,,,,Breakfast,Child Care Food Program (CCFP),,Lunch,PM Snack,,,,,Full Time,,Part time,,School year only,,,,CA State Preschool Program,Head Start,,,Academic,Art based,Bilingual,Child Development,Child Directed,,Constructivist,,Developmentally Appropriate Practices,,,,,,,Parent Involvement,Play based,,Potty training,Pre-kindergarten/Preschool,Project based,,,Special Needs,,Virtual/Distance Learning,,,,,,,,,,,,,,,,,,Mo 07:30 AM - 04:30 PM,,,,,,other,,,,,,Th 07:30 AM - 04:30 PM,,,,,,,,,,,,,,,,,,,,,,,,,
7950,4,1,0,40,Preschool (2 to 5 years)Contact provider for details,,2 to 5 years,5,450,990,45.0,other,"Full Time, Part time, School year only","Breakfast, AM Snack, Lunch, PM Snack","Head Start, CA State Preschool Program, Accepts Subsidized Payment",1 years - 5 years,12,60,,,,,,English,,French,,,,,,,,,,Spanish,,,AM Snack,Breakfast,,,Lunch,PM Snack,,,,,Full Time,,Part time,,School year only,,,Accepts Subsidized Payment,CA State Preschool Program,Head Start,,,,,,,,,,,,,,,,,,,,,,,,,Religious,Special Needs,Subsidize,,,,,,,,,,,,,,,,,,,Mo 07:30 AM - 04:30 PM,,,,,,other,,,,,,Th 07:30 AM - 04:30 PM,,,,,,,,,,,,,,,,,,,,,,,,,
9916,5,1,0,76,Preschool (2 to 5 years)Contact provider for details,,2 to 5 years,5,480,930,37.5,other,"Full Time, Part time, School year only","Breakfast, AM Snack, Lunch, PM Snack","Head Start, Accepts Subsidized Payment",2 years - 5 years,24,60,,,,,Chinese (Other),English,,,,,,,,,,,,Spanish,,Vietnamese,AM Snack,Breakfast,,,Lunch,PM Snack,,,,,Full Time,,Part time,,School year only,,,Accepts Subsidized Payment,,Head Start,,,,,Bilingual,,,,,,,,,,,,,,,,,Pre-kindergarten/Preschool,,,,Special Needs,Subsidize,,Bus,,Walking,,,,,,,,,,,,,,,,,,,,,other,,,,,,,,,,,,,,,,,,,,,,,,,,,,,,,
8170,5,1,0,88,Preschool (2 to 5 years)Contact provider for details,,2 to 5 years,5,420,1020,50.0,other,"Full Time, School year only","Breakfast, Lunch, PM Snack","Head Start, Accepts Subsidized Payment",3 years - 5 years,36,60,,,,,,English,,,,,,,,,Russian,,Somali,Spanish,,,,Breakfast,,,Lunch,PM Snack,,,,,Full Time,,,,School year only,,,Accepts Subsidized Payment,,Head Start,,,,,,Child Development,,,,,,,,,,,,,,,,Pre-kindergarten/Preschool,,,,Special Needs,Subsidize,,,,,,,Fr 07:00 AM - 05:00 PM,,,,,,,,,Mo 07:00 AM - 05:00 PM,,,,,,,,,other,,,Th 07:00 AM - 05:00 PM,,,,,,,,,,,Tu 07:00 AM - 05:00 PM,,,,,,,,,,,,,,,,,
13804,4,1,0,120,Preschool (2 to 5 years)Contact provider for details,,2 to 5 years,5,450,900,37.5,"English, Spanish","Full Time, Part time, School year only",other,"Head Start, Other Child Care and Development Program funded by the CDE, Accepts Subsidized Payment",2 years - 5 years,24,60,,,,,,English,,,,,,,,,,,,Spanish,,,AM Snack,Breakfast,Child Care Food Program (CCFP),,Lunch,PM Snack,,,,,Full Time,,Part time,,School year only,,,Accepts Subsidized Payment,,Head Start,Other Child Care and Development Program funded by the CDE,,,,,Child Development,,,,,,,,,,,,,,,,,,,,Special Needs,Subsidize,,Bus,,,,,,,,,,,,,,,,,,,,,,,other,,,,,,,,,,,,,,,,,,,,,,,,,,,,,,,other
18197,4,1,0,60,Preschool (2 to 5 years)Contact provider for details,,2 to 5 years,5,390,1080,57.5,"English, Spanish","Full Time, Part time, School year only","Breakfast, AM Snack, Lunch, PM Snack","Head Start, CA State Preschool Program, Accepts Subsidized Payment",3 years - 5 years,36,60,,,,,,English,,,,,,,,,,,,Spanish,,,AM Snack,Breakfast,,,Lunch,PM Snack,,,,,Full Time,,Part time,,School year only,,,Accepts Subsidized Payment,CA State Preschool Program,Head Start,,,,,,Child Development,,,,,,,,,,,,,,,,Pre-kindergarten/Preschool,,,,Special Needs,Subsidize,,,,,,Fr 06:30 AM - 06:00 PM,,,,,,,,,Mo 06:30 AM - 06:00 PM,,,,,,,,,,,,Th 06:30 AM - 06:00 PM,,,,,,,,,,,Tu 06:30 AM - 06:00 PM,,,,,,,,,,We 06:30 AM - 06:00 PM,,,,,,,,
19101,5,1,0,40,Preschool (2 to 5 years)Contact provider for details,,2 to 5 years,5,450,900,37.5,"English, Spanish, Tagalog",other,"Breakfast, AM Snack, Lunch, PM Snack","Head Start, CA State Preschool Program, Accepts Subsidized Payment",3 years - 5 years,36,60,,,,,,English,,,,,,,,,,,,Spanish,Tagalog,,AM Snack,Breakfast,,,Lunch,PM Snack,,,,,Full Time,,Part time,Rotating Schedule,School year only,,,Accepts Subsidized Payment,CA State Preschool Program,Head Start,,,,,,Child Development,,,,,,,,,,,,,,,,Pre-kindergarten/Preschool,,,,Special Needs,Subsidize,,,,,,,,,,,,,,,,,,,,,,,,,other,,,,,,,,,,,,,,,,,,,,,,,,,,,,,,,
10309,5,1,0,88,Preschool (2 to 5 years)Contact provider for details,,2 to 5 years,5,360,1080,60.0,other,"Full Time, Part time, School year only","Breakfast, AM Snack, Lunch, PM Snack","Head Start, CA State Preschool Program, Accepts Subsidized Payment",1 years - 5 years,12,60,,,,Chinese (Mandarin),,English,,,,,,,,,,,,Spanish,,Vietnamese,AM Snack,Breakfast,,,Lunch,PM Snack,,,,,Full Time,,Part time,,School year only,,,Accepts Subsidized Payment,CA State Preschool Program,Head Start,,,,,,,,,,,,,,,,,,,,,,,,,,Special Needs,Subsidize,,,,,Fr 06:00 AM - 06:00 PM,,,,,,,,,Mo 06:00 AM - 06:00 PM,,,,,,,,,,,,Th 06:00 AM - 06:00 PM,,,,,,,,,,,Tu 06:00 AM - 06:00 PM,,,,,,,,,,We 06:00 AM - 06:00 PM,,,,,,,,,
3686,4,1,0,91,Preschool (2 to 5 years)Contact provider for details,,2 to 5 years,5,450,1050,50.0,other,"Full Time, Part time, Full year","Breakfast, AM Snack, Lunch, PM Snack, Child Care Food Program (CCFP)","CA State Preschool Program, Accepts Subsidized Payment",2 years - 5 years,24,60,,,Chinese (Cantonese),Chinese (Mandarin),,English,,,,,Japanese,Korean,,,,,,,,,AM Snack,Breakfast,Child Care Food Program (CCFP),,Lunch,PM Snack,,,,,Full Time,Full year,Part time,,,,,Accepts Subsidized Payment,CA State Preschool Program,,,,,Art based,Bilingual,Child Development,,,,,,,,,,,,,Play based,,,,,,,,,,Bus,,,,,,,,Fr 07:30 AM - 05:30 PM,,,,,,,,,,Mo 07:30 AM - 05:30 PM,,,,,,,,,,,,Th 07:30 AM - 05:30 PM,,,,,,,,,,Tu 07:30 AM - 05:30 PM,,,,,,,,,We 07:30 AM - 05:30 PM,,,,,
13249,5,0,0,24,Preschool (2 to 5 years)Contact provider for details,,2 to 5 years,5,360,1080,60.0,English,"Full Time, Full year",Not provided,Accepts Subsidized Payment,0 months - 11 months,0,11,,,,,,English,,,,,,,,,,,,,,,,,,,,,,,,,Full Time,Full year,,,,,,Accepts Subsidized Payment,,,,,,,,,,,,,,,,,,,,,,,,,,,,,,,,,,Fr 06:00 AM - 06:00 PM,,,,,,,,,Mo 06:00 AM - 06:00 PM,,,,,,,,,,,,Th 06:00 AM - 06:00 PM,,,,,,,,,,,Tu 06:00 AM - 06:00 PM,,,,,,,,,,We 06:00 AM - 06:00 PM,,,,,,,,,
7185,5,0,0,24,Preschool (2 to 5 years)No Openings,0,2 to 5 years,5,480,930,37.5,English,"Full Time, Full year",Not provided,Accepts Subsidized Payment,0 months - 11 months,0,11,,,,,,English,,,,,,,,,,,,,,,,,,,,,,,,,Full Time,Full year,,,,,,Accepts Subsidized Payment,,,,,,,,,,,,,,,,,,,,,,,,,,,,,,,,,,,,,,,,,,,,,,,,,,,,,,other,,,,,,,,,,,,,,,,,,,,,,,,,,,,,,,
6135,5,0,0,48,Preschool (2 to 5 years)Contact provider for details,,2 to 5 years,5,360,1080,60.0,English,"Full Time, Full year",Not provided,Accepts Subsidized Payment,0 months - 11 months,0,11,,,,,,English,,,,,,,,,,,,,,,,,,,,,,,,,Full Time,Full year,,,,,,Accepts Subsidized Payment,,,,,,,,,,,,,,,,,,,,,,,,,,,,,,,,,,Fr 06:00 AM - 06:00 PM,,,,,,,,,Mo 06:00 AM - 06:00 PM,,,,,,,,,,,,Th 06:00 AM - 06:00 PM,,,,,,,,,,,Tu 06:00 AM - 06:00 PM,,,,,,,,,,We 06:00 AM - 06:00 PM,,,,,,,,,
6662,5,0,0,24,Preschool (2 to 5 years)Contact provider for details,,2 to 5 years,5,450,960,42.5,English,"Full Time, Full year",Not provided,Accepts Subsidized Payment,0 months - 11 months,0,11,,,,,,English,,,,,,,,,,,,,,,,,,,,,,,,,Full Time,Full year,,,,,,Accepts Subsidized Payment,,,,,,,,,,,,,,,,,,,,,,,,,,,,,,,,,,,,,,,,,,,,,,,,,,,,,,other,,,,,,,,,,,,,,,,,,,,,,,,,,,,,,,
634,5,1,0,24,Preschool (2 to 5 years)Contact provider for details,,2 to 5 years,5,465,900,36.25,English,other,"Breakfast, Lunch",Accepts Subsidized Payment,0 months - 11 months,0,11,,,,,,English,,,,,,,,,,,,,,,,Breakfast,,,Lunch,,,,Drop in,,Full Time,Full year,Part time,Rotating Schedule,School year only,,,Accepts Subsidized Payment,,,,,,,,,,,,,,,,,,,,,,,,,,,,,,,,,,,,,,,,,,,,,,,,,,,,,,other,,,,,,,,,,,,,,,,,,,,,,,,,,,,,,,
9554,5,1,0,72,Preschool (2 to 5 years)Contact provider for details,,2 to 5 years,5,450,960,42.5,"English, Spanish","Part time, School year only",Lunch,Accepts Subsidized Payment,0 months - 11 months,0,11,,,,,,English,,,,,,,,,,,,Spanish,,,,,,,Lunch,,,,,,,,Part time,,School year only,,,Accepts Subsidized Payment,,,,,,,,,,,,,,,,,,,,,,,,,,,,,,,,,,,,,,,,,,,,,,,,,,,,,,other,,,,,,,,,,,,,,,,,,,,,,,,,,,,,,,
19430,5,1,0,48,Preschool (2 to 5 years)Contact provider for details,,2 to 5 years,5,465,930,38.75,English,"Full Time, School year only",Lunch,other,2 years - 5 years,24,60,,,,,,English,,,,,,,,,,,,,,,,,,,Lunch,,,,,,Full Time,,,,School year only,,,Accepts Subsidized Payment,,Head Start,,Other Public Contract,Academic,,,,,Co-op,,,,,,,,,,,,,,,,,,,,,,,,,,,,,,,,,,,,,,,,,,,,other,,,,,,,,,,,,,,,,,,,,,,,,,,,,,,,
11555,4,1,0,48,Preschool (2 to 5 years)No Openings,0,2 to 5 years,5,360,1080,60.0,English,"Full Time, Full year",Not provided,Accepts Subsidized Payment,0 months - 11 months,0,11,,,,,,English,,,,,,,,,,,,,,,,,,,,,,,,,Full Time,Full year,,,,,,Accepts Subsidized Payment,,,,,,,,,,,,,,,,,,,,,,,,,,,,,,,,,,Fr 06:00 AM - 06:00 PM,,,,,,,,,Mo 06:00 AM - 06:00 PM,,,,,,,,,,,,Th 06:00 AM - 06:00 PM,,,,,,,,,,,Tu 06:00 AM - 06:00 PM,,,,,,,,,,We 06:00 AM - 06:00 PM,,,,,,,,,
10035,4,1,0,72,Preschool (2 to 5 years)Contact provider for details,,2 to 5 years,5,480,885,33.75,"English, Spanish",other,Lunch,"Other Public Contract, Accepts Subsidized Payment",2 years - 5 years,24,60,,,,,,English,,,,,,,,,,,,Spanish,,,,,,,Lunch,,,,,,,Full year,Part time,,School year only,,,Accepts Subsidized Payment,,,,Other Public Contract,,,,,,,,,,,,,,,,,,,,,,,,,,,,,,,,,,,,,,,,,,,,,,,,,,other,,,,,,,,,,,,,,,,,,,,,,,,,,,,,,,
15577,4,1,0,48,Preschool (2 to 5 years)Contact provider for details,,2 to 5 years,5,480,900,35.0,"English, Spanish","Part time, School year only",Lunch,Accepts Subsidized Payment,2 years - 5 years,24,60,,,,,,English,,,,,,,,,,,,Spanish,,,,,,,Lunch,,,,,,,,Part time,,School year only,,,Accepts Subsidized Payment,,,,,,,,,,,,,,,,,,,,,,,,,,,,,,,,,,,,,,,,Fr 08:00 AM - 03:00 PM,,,,,,,,,,Mo 08:00 AM - 03:00 PM,,,,,,,,,,,,Th 08:00 AM - 03:00 PM,,,,,,,,,,Tu 08:00 AM - 03:00 PM,,,,,,,,,We 08:00 AM - 03:00 PM,,,,
7822,4,0,0,48,Preschool (2 to 5 years)Contact provider for details,,2 to 5 years,5,495,675,15.0,"English, Spanish","Part time, School year only","Breakfast, AM Snack, Lunch, PM Snack",CA State Preschool Program,2 years - 5 years,24,60,,,,,,English,,,,,,,,,,,,Spanish,,,AM Snack,Breakfast,,,Lunch,PM Snack,,,,,,,Part time,,School year only,,,,CA State Preschool Program,,,,,,,Child Development,,,,,,,,,,,,,,,,,,,,,,,,,,,,,,,,,,,,,,,,,,,,,,other,,,,,,,,,,,,,,,,,,,,,,,,,,,,,,,
2087,4,1,0,207,Preschool (2 to 5 years)Contact provider for details School Age (6 years and older)Contact provider for details,,2 to 5 years,5,480,1020,45.0,"English, Spanish, Tagalog","Full Time, Part time, Before School, After School, Full year","Breakfast, Lunch, PM Snack, Child Care Food Program (CCFP)","CA State Preschool Program, Accepts Subsidized Payment",other,24,168,,,,,,English,,,,,,,,,,,,Spanish,Tagalog,,,Breakfast,Child Care Food Program (CCFP),,Lunch,PM Snack,After School,Before School,,,Full Time,Full year,Part time,,,,,Accepts Subsidized Payment,CA State Preschool Program,,,,,,,Child Development,Child Directed,,,,Developmentally Appropriate Practices,,Homework/Study time,Kindergarten,,,other,Parent Involvement,Play based,Playgroup,Potty training,Pre-kindergarten/Preschool,,,,,,,,Car,Walking,,,,,,,,,,,,,,,,,,,,,other,,,,,,,,,,,,,,,,,,,,,,,,,,,,,,,
11495,4,1,0,48,Preschool (2 to 5 years) Immediate Openings,1,2 to 5 years,5,480,660,15.0,other,"Part time, Full year","AM Snack, PM Snack, Child Care Food Program (CCFP)",Other Child Care and Development Program funded by the CDE,3 years - 5 years,36,60,,,,,,English,,,Hindi,,,,,Punjabi,,,,Spanish,,,AM Snack,,Child Care Food Program (CCFP),,,PM Snack,,,,,,Full year,Part time,,,,,,,,Other Child Care and Development Program funded by the CDE,,,,,Child Development,,,,,,,,,,,,,,,,,,,,,,,,,,,,,,,,,Fr 08:00 AM - 11:00 AM,,,,,,,,,,,Mo 08:00 AM - 11:00 AM,,,,,,,,,,,,Th 08:00 AM - 11:00 AM,,,,,,,,,,Tu 08:00 AM - 11:00 AM,,,,,,,,,We 08:00 AM - 11:00 AM,,
16867,4,0,0,90,Preschool (2 to 5 years)Contact provider for details,,2 to 5 years,5,360,1080,60.0,English,"Full Time, School year only",Not provided,Accepts Subsidized Payment,3 years - 5 years,36,60,,,,,,English,,,,,,,,,,,,,,,,,,,,,,,,,Full Time,,,,School year only,,,Accepts Subsidized Payment,,,,,,,,,,,,,,,,,,,,,,,,,,,,,,,,,,Fr 06:00 AM - 06:00 PM,,,,,,,,,Mo 06:00 AM - 06:00 PM,,,,,,,,,,,,Th 06:00 AM - 06:00 PM,,,,,,,,,,,Tu 06:00 AM - 06:00 PM,,,,,,,,,,We 06:00 AM - 06:00 PM,,,,,,,,,
864,4,0,0,187,Infants (0 to 23 months)Contact provider for details Preschool (2 to 5 years)Contact provider for details,,0 to 23 months,5,360,1080,60.0,English,"Full Time, School year only",Not provided,Accepts Subsidized Payment,1 months - 5 years,1,60,,,,,,English,,,,,,,,,,,,,,,,,,,,,,,,,Full Time,,,,School year only,,,Accepts Subsidized Payment,,,,,,,,,,,,,,,,,,,,,,,,,,,,,,,,,,Fr 06:00 AM - 06:00 PM,,,,,,,,,Mo 06:00 AM - 06:00 PM,,,,,,,,,,,,Th 06:00 AM - 06:00 PM,,,,,,,,,,,Tu 06:00 AM - 06:00 PM,,,,,,,,,,We 06:00 AM - 06:00 PM,,,,,,,,,
15897,5,1,0,16,Preschool (2 to 5 years)Contact provider for details,,2 to 5 years,5,510,990,40.0,other,"Part time, Full year, School year only, Summer only","Car, Child Care Food Program (CCFP)","Head Start, CA State Preschool Program, Accepts Subsidized Payment",3 years - 5 years,36,60,,,,,,English,,,,,,,other,,,,,Spanish,,,,,Child Care Food Program (CCFP),,,,,,,,,Full year,Part time,,School year only,,Summer only,Accepts Subsidized Payment,CA State Preschool Program,Head Start,,,,,,,,,,,,,,,,,,,,,,,,,,,,,Bus,Car,Walking,,,,,,,,,,,,,,,,,,,,,other,,,,,,,,,,,,,,,,,,,,,,,,,,,,,,,
5601,4,1,0,16,Preschool (2 to 5 years)Contact provider for details,,2 to 5 years,4,510,990,32.0,"English, Spanish","Part time, Full year, School year only, Summer only","Car, Child Care Food Program (CCFP)","Head Start, Accepts Subsidized Payment",3 years - 5 years,36,60,,,,,,English,,,,,,,,,,,,Spanish,,,,,Child Care Food Program (CCFP),,,,,,,,,Full year,Part time,,School year only,,Summer only,Accepts Subsidized Payment,,Head Start,,,,,,,,,,,,,,,,,,,,,,,,,,,,,Bus,Car,Walking,,,,,,,,,,,,,,,,,,,,,other,,,,,,,,,,,,,,,,,,,,,,,,,,,,,,,
15474,4,0,0,88,Preschool (2 to 5 years)Contact provider for details,,2 to 5 years,4,480,960,32.0,"English, Spanish","Part time, Full year",Not provided,Head Start,other,36,72,,,,,,English,,,,,,,,,,,,Spanish,,,,,,,,,,,,,,Full year,Part time,,,,,,,Head Start,,,,,,,,,,,,,,,,,,,,,,,,,,,,,,,,,,,,,,,,,,,,,,,,,Mo 08:00 AM - 04:00 PM,,,,,,,,,,,,Th 08:00 AM - 04:00 PM,,,,,,,,,,Tu 08:00 AM - 04:00 PM,,,,,,,,,We 08:00 AM - 04:00 PM,,,
14937,3,0,0,50,Infants (0 to 23 months)Contact provider for details Preschool (2 to 5 years)Contact provider for details,,0 to 23 months,5,420,1050,52.5,"English, Spanish","Full Time, Part time, Full year, School year only, Seasonal, Summer only","Breakfast, Lunch, PM Snack, Child Care Food Program (CCFP)","CA State Preschool Program, Other Public Contract, Accepts Subsidized Payment",3 months - 5 years,3,60,,,,,,English,,,,,,,,,,,,Spanish,,,,Breakfast,Child Care Food Program (CCFP),,Lunch,PM Snack,,,,,Full Time,Full year,Part time,,School year only,Seasonal,Summer only,Accepts Subsidized Payment,CA State Preschool Program,,,Other Public Contract,,,,Child Development,Child Directed,,,,,,,,,,,Parent Involvement,Play based,,Potty training,,,,,Special Needs,Subsidize,,,,,,,,Fr 07:00 AM - 05:30 PM,,,,,,,,,Mo 07:00 AM - 05:30 PM,,,,,,,,,,,,Th 07:00 AM - 05:30 PM,,,,,,,,,,,Tu 07:00 AM - 05:30 PM,,,,,,,,,We 07:00 AM - 05:30 PM,,,,,,,
11226,5,0,0,24,Preschool (2 to 5 years)Contact provider for details,,2 to 5 years,,,,,"English, Spanish","Part time, School year only",other,"CA State Preschool Program, Accepts Subsidized Payment",2 years - 4 years,24,48,,,,,,English,,,,,,,,,,,,Spanish,,,,,Child Care Food Program (CCFP),,Lunch,,,,,,,,Part time,,School year only,,,Accepts Subsidized Payment,CA State Preschool Program,,,,,,,Child Development,,,,,,High Scope,,,,,other,,,,,Pre-kindergarten/Preschool,,,,,Subsidize,,,,Walking,,,,,,,,,,,,,,,,,,,,,,,,,,,,,,,,,,,,,,,,,,,,,,,,,,,,
8979,5,0,0,89,Preschool (2 to 5 years)Contact provider for details School Age (6 years and older)Contact provider for details,,2 to 5 years,5,510,900,32.5,English,other,"AM Snack, PM Snack",Accepts Subsidized Payment,3 years - 12 years,36,144,,,,,,English,,,,,,,,,,,,,,,AM Snack,,,,,PM Snack,After School,Before School,Drop in,,Full Time,Full year,Part time,,School year only,,Summer only,Accepts Subsidized Payment,,,,,,,,,,Co-op,,,,,,,,,,,,,,,,,,,,,,,,,,,,,,,,,,,,,,,,,,,,other,,,,,,,,,,,,,,,,,,,,,,,,,,,,,,,
15342,5,1,0,56,Preschool (2 to 5 years)Contact provider for details,,2 to 5 years,5,450,1080,52.5,other,"Full Time, Full year",other,other,2 years - 5 years,24,60,,,,,,English,,,,,,Korean,,,,,,Spanish,,,,Breakfast,Child Care Food Program (CCFP),Dinner,Lunch,PM Snack,,,,,Full Time,Full year,,,,,,,CA State Preschool Program,,,Other Public Contract,,,,Child Development,Child Directed,Co-op,Constructivist,,Developmentally Appropriate Practices,,,Kindergarten,,,other,Parent Involvement,Play based,Playgroup,Potty training,Pre-kindergarten/Preschool,,,,,,,,,,,,,,,,,,,,,,,,,,,,,,other,,,,,,,,,,,,,,,,,,,,,,,,,,,,,,,
15859,4,1,0,73,Preschool (2 to 5 years)Contact provider for details,,2 to 5 years,5,450,1050,50.0,other,"Part time, School year only","AM Snack, PM Snack, Child Care Food Program (CCFP)",Accepts Subsidized Payment,3 years - 5 years,36,60,,,,,,English,,,,Hmong,,,,,,,,Spanish,,,AM Snack,,Child Care Food Program (CCFP),,,PM Snack,,,,,,,Part time,,School year only,,,Accepts Subsidized Payment,,,,,,,,,,,,,,,,,,,,,,,,,,,,,,,,,,,,,,,Fr 07:30 AM - 05:30 PM,,,,,,,,,,Mo 07:30 AM - 05:30 PM,,,,,,,,,,,,Th 07:30 AM - 05:30 PM,,,,,,,,,,Tu 07:30 AM - 05:30 PM,,,,,,,,,We 07:30 AM - 05:30 PM,,,,,
14939,5,1,0,72,Preschool (2 to 5 years)Contact provider for details,,2 to 5 years,5,480,870,32.5,English,"Full Time, Part time, School year only","AM Snack, Lunch, PM Snack","Head Start, CA State Preschool Program, Accepts Subsidized Payment",3 years - 4 years,36,48,,,,,,English,,,,,,,,,,,,,,,AM Snack,,,,Lunch,PM Snack,,,,,Full Time,,Part time,,School year only,,,Accepts Subsidized Payment,CA State Preschool Program,Head Start,,,,,,Child Development,,,,,,,,,,,,,,,,,,,,Special Needs,Subsidize,,,,,,,,,,,,,,,,,,,,,,,,,other,,,,,,,,,,,,,,,,,,,,,,,,,,,,,,,
10086,4,1,0,26,Preschool (2 to 5 years) Immediate Openings,1,2 to 5 years,5,480,660,15.0,other,"Part time, School year only","AM Snack, PM Snack",CA State Preschool Program,2 years - 5 years,24,60,,,,,,English,,,,,,,,Punjabi,,,,Spanish,,,AM Snack,,,,,PM Snack,,,,,,,Part time,,School year only,,,,CA State Preschool Program,,,,,,,,,,,,,,,,,,,,,,,,,,,,,,,,,,,,,,,,Fr 08:00 AM - 11:00 AM,,,,,,,,,,,Mo 08:00 AM - 11:00 AM,,,,,,,,,,,,Th 08:00 AM - 11:00 AM,,,,,,,,,,Tu 08:00 AM - 11:00 AM,,,,,,,,,We 08:00 AM - 11:00 AM,,
4288,4,1,0,48,Preschool (2 to 5 years) Immediate Openings,1,2 to 5 years,5,480,660,15.0,other,other,"AM Snack, PM Snack, Child Care Food Program (CCFP)",CA State Preschool Program,2 years - 5 years,24,60,,,,,,English,,,,,,,,Punjabi,,,,Spanish,,,AM Snack,,Child Care Food Program (CCFP),,,PM Snack,,,,,Full Time,,Part time,Rotating Schedule,School year only,,,,CA State Preschool Program,,,,,,,,,,,,,,,,,,,,,,,,,,,,,,,,Walking,,,,,,,,Fr 08:00 AM - 11:00 AM,,,,,,,,,,,Mo 08:00 AM - 11:00 AM,,,,,,,,,,,,Th 08:00 AM - 11:00 AM,,,,,,,,,,Tu 08:00 AM - 11:00 AM,,,,,,,,,We 08:00 AM - 11:00 AM,,
13699,4,1,0,24,Preschool (2 to 5 years)Contact provider for details,,2 to 5 years,5,480,870,32.5,English,"Full Time, School year only","Breakfast, Lunch, PM Snack, Child Care Food Program (CCFP)","Head Start, CA State Preschool Program",2 years - 5 years,24,60,,,,,,English,,,,,,,,,,,,,,,,Breakfast,Child Care Food Program (CCFP),,Lunch,PM Snack,,,,,Full Time,,,,School year only,,,,CA State Preschool Program,Head Start,,,,,,Child Development,,,,,Developmentally Appropriate Practices,,,,,,,Parent Involvement,Play based,,Potty training,Pre-kindergarten/Preschool,,,,,,,,,,,,,,,,,,,,,,,,,,,,,,other,,,,,,,,,,,,,,,,,,,,,,,,,,,,,,,
12126,5,1,0,53,Preschool (2 to 5 years)Contact provider for details,,2 to 5 years,5,480,885,33.75,"English, Spanish","Full Time, School year only","Breakfast, Lunch, PM Snack, Child Care Food Program (CCFP)","Head Start, CA State Preschool Program",2 years - 5 years,24,60,,,,,,English,,,,,,,,,,,,Spanish,,,,Breakfast,Child Care Food Program (CCFP),,Lunch,PM Snack,,,,,Full Time,,,,School year only,,,,CA State Preschool Program,Head Start,,,,,Bilingual,Child Development,,,,,Developmentally Appropriate Practices,,,,,,,Parent Involvement,Play based,,Potty training,Pre-kindergarten/Preschool,,,,,,,,,,,,,,,,,,,,,,,,,,,,,,other,,,,,,,,,,,,,,,,,,,,,,,,,,,,,,,
10428,4,1,0,60,Preschool (2 to 5 years)Contact provider for details,,2 to 5 years,5,420,1080,55.0,English,other,"AM Snack, PM Snack",Accepts Subsidized Payment,2 years - 5 years,24,60,,,,,,English,,,,,,,,,,,,,,,AM Snack,,,,,PM Snack,,,Drop in,,Full Time,Full year,,,,,,Accepts Subsidized Payment,,,,,,Art based,,Child Development,,,,,Developmentally Appropriate Practices,,,,,,,,Play based,Playgroup,Potty training,Pre-kindergarten/Preschool,,,,,,,,,,,,,,Fr 07:00 AM - 06:00 PM,,,,,,,,,Mo 07:00 AM - 06:00 PM,,,,,,,,,,,,Th 07:00 AM - 06:00 PM,,,,,,,,,,,Tu 07:00 AM - 06:00 PM,,,,,,,,,We 07:00 AM - 06:00 PM,,,,,,
5194,5,1,0,23,Preschool (2 to 5 years)Contact provider for details,,2 to 5 years,5,480,840,30.0,"English, Spanish",other,"AM Snack, PM Snack","CA State Preschool Program, Accepts Subsidized Payment",3 years - 5 years,36,60,,,,,,English,,,,,,,,,,,,Spanish,,,AM Snack,,,,,PM Snack,,,,,,,Part time,Rotating Schedule,School year only,,,Accepts Subsidized Payment,CA State Preschool Program,,,,,,,,,,,,,,,,,,,,,,,,,,,Special Needs,Subsidize,,,,,,,,,,,,,,,,,,,,,,,,,other,,,,,,,,,,,,,,,,,,,,,,,,,,,,,,,
616,4,1,0,23,Preschool (2 to 5 years)Contact provider for details,,2 to 5 years,5,510,720,17.5,"English, Spanish","Part time, School year only","AM Snack, Lunch, PM Snack","CA State Preschool Program, Accepts Subsidized Payment",3 years - 5 years,36,60,,,,,,English,,,,,,,,,,,,Spanish,,,AM Snack,,,,Lunch,PM Snack,,,,,,,Part time,,School year only,,,Accepts Subsidized Payment,CA State Preschool Program,,,,,,,Child Development,,,,,,,,,,,,,,,,,,,,Special Needs,Subsidize,,,,,,,,,,,,,,,,,,,,,,,,,other,,,,,,,,,,,,,,,,,,,,,,,,,,,,,,,
9914,4,1,0,39,Preschool (2 to 5 years) Immediate Openings,1,2 to 5 years,5,480,660,15.0,"English, Spanish","Part time, School year only",Breakfast,CA State Preschool Program,2 years - 5 years,24,60,,,,,,English,,,,,,,,,,,,Spanish,,,,Breakfast,,,,,,,,,,,Part time,,School year only,,,,CA State Preschool Program,,,,,,Bilingual,,,,,,,,,,,,,Parent Involvement,Play based,,Potty training,,,,,Special Needs,,,Bus,,,,,,,,,,Fr 08:00 AM - 11:00 AM,,,,,,,,,,,Mo 08:00 AM - 11:00 AM,,,,,,,,,,,,Th 08:00 AM - 11:00 AM,,,,,,,,,,Tu 08:00 AM - 11:00 AM,,,,,,,,,We 08:00 AM - 11:00 AM,,
7934,5,0,0,75,Preschool (2 to 5 years)Contact provider for details,,2 to 5 years,5,480,690,17.5,English,"Part time, School year only","Breakfast, AM Snack, Lunch","CA State Preschool Program, Accepts Subsidized Payment",3 years - 5 years,36,60,,,,,,English,,,,,,,,,,,,,,,AM Snack,Breakfast,,,Lunch,,,,,,,,Part time,,School year only,,,Accepts Subsidized Payment,CA State Preschool Program,,,,,,,,,,,,,,,,,,,,,,,,,,,,Subsidize,,,,Walking,,,,,,,,,,,,,,,,,,,,,other,,,,,,,,,,,,,,,,,,,,,,,,,,,,,,,
329,5,0,0,24,Preschool (2 to 5 years)Contact provider for details,,2 to 5 years,5,390,1080,57.5,"English, Spanish","Full Time, Part time, Before School, After School, Full year, School year only, Summer only",Not provided,Accepts Subsidized Payment,3 years - 5 years,36,60,,,,,,English,,,,,,,,,,,,Spanish,,,,,,,,,After School,Before School,,,Full Time,Full year,Part time,,School year only,,Summer only,Accepts Subsidized Payment,,,,,,,,,,,,,,,,,,,,,,,,,,,,,,,,,,,Fr 06:30 AM - 06:00 PM,,,,,,,,,Mo 06:30 AM - 06:00 PM,,,,,,,,,,,,Th 06:30 AM - 06:00 PM,,,,,,,,,,,Tu 06:30 AM - 06:00 PM,,,,,,,,,,We 06:30 AM - 06:00 PM,,,,,,,,
18225,3,0,0,24,Preschool (2 to 5 years)Contact provider for details,,2 to 5 years,5,480,660,15.0,"English, Spanish","Part time, School year only","Breakfast, AM Snack, Lunch, PM Snack",CA State Preschool Program,3 years - 4 years,36,48,,,,,,English,,,,,,,,,,,,Spanish,,,AM Snack,Breakfast,,,Lunch,PM Snack,,,,,,,Part time,,School year only,,,,CA State Preschool Program,,,,,,,Child Development,,,,,,,,,,,,,,,,,,,,,,,,,,,,,,,,,Fr 08:00 AM - 11:00 AM,,,,,,,,,,,Mo 08:00 AM - 11:00 AM,,,,,,,,,,,,Th 08:00 AM - 11:00 AM,,,,,,,,,,Tu 08:00 AM - 11:00 AM,,,,,,,,,We 08:00 AM - 11:00 AM,,
10546,4,1,0,90,Infants (0 to 23 months)Contact provider for details Preschool (2 to 5 years)Contact provider for details,,0 to 23 months,5,330,1110,65.0,English,"Full Time, Part time, Full year, School year only, Summer only","Breakfast, AM Snack, Lunch, PM Snack",Accepts Subsidized Payment,1 months - 5 years,1,60,,,,,,English,,,,,,,,,,,,,,,AM Snack,Breakfast,,,Lunch,PM Snack,,,,,Full Time,Full year,Part time,,School year only,,Summer only,Accepts Subsidized Payment,,,,,,,,,,,,,,,,,,,,,,,,,,,,,,,,,,,,,,,,,,,,,,,,,,,,,,other,,,,,,,,,,,,,,,,,,,,,,,,,,,,,,,
2478,3,0,0,63,Preschool (2 to 5 years)Contact provider for details,,2 to 5 years,5,420,1050,52.5,"English, Spanish","Full Time, Full year, School year only, Summer only",other,Accepts Subsidized Payment,3 years - 5 years,36,60,,,,,,English,,,,,,,,,,,,Spanish,,,AM Snack,Breakfast,Child Care Food Program (CCFP),,,PM Snack,,,,,Full Time,Full year,,,School year only,,Summer only,Accepts Subsidized Payment,,,,,,,,,,,,,,,,,,,,,,,,,,,,,,,,,,,,,Fr 07:00 AM - 05:30 PM,,,,,,,,,Mo 07:00 AM - 05:30 PM,,,,,,,,,,,,Th 07:00 AM - 05:30 PM,,,,,,,,,,,Tu 07:00 AM - 05:30 PM,,,,,,,,,We 07:00 AM - 05:30 PM,,,,,,,
863,4,0,0,60,Preschool (2 to 5 years)Contact provider for details,,2 to 5 years,5,360,1080,60.0,"English, Spanish","Full Time, School year only",Not provided,"Head Start, Accepts Subsidized Payment",3 years - 5 years,36,60,,,,,,English,,,,,,,,,,,,Spanish,,,,,,,,,,,,,Full Time,,,,School year only,,,Accepts Subsidized Payment,,Head Start,,,,,,,,,,,,,,,,,,,,,,,,,,,,,,,,Fr 06:00 AM - 06:00 PM,,,,,,,,,Mo 06:00 AM - 06:00 PM,,,,,,,,,,,,Th 06:00 AM - 06:00 PM,,,,,,,,,,,Tu 06:00 AM - 06:00 PM,,,,,,,,,,We 06:00 AM - 06:00 PM,,,,,,,,,
14393,4,0,0,71,Preschool (2 to 5 years)Contact provider for details,,2 to 5 years,5,360,1080,60.0,English,"Full Time, School year only",Not provided,"Head Start, Accepts Subsidized Payment",2 years - 5 years,24,60,,,,,,English,,,,,,,,,,,,,,,,,,,,,,,,,Full Time,,,,School year only,,,Accepts Subsidized Payment,,Head Start,,,,,,,,,,,,,,,,,,,,,,,,,,,,,,,,Fr 06:00 AM - 06:00 PM,,,,,,,,,Mo 06:00 AM - 06:00 PM,,,,,,,,,,,,Th 06:00 AM - 06:00 PM,,,,,,,,,,,Tu 06:00 AM - 06:00 PM,,,,,,,,,,We 06:00 AM - 06:00 PM,,,,,,,,,
11938,4,0,0,189,Infants (0 to 23 months)Contact provider for details Preschool (2 to 5 years)Contact provider for details,,0 to 23 months,5,360,1080,60.0,"English, Spanish","Full Time, School year only",Not provided,"Head Start, Accepts Subsidized Payment",1 months - 5 years,1,60,,,,,,English,,,,,,,,,,,,Spanish,,,,,,,,,,,,,Full Time,,,,School year only,,,Accepts Subsidized Payment,,Head Start,,,,,,,,,,,,,,,,,,,,,,,,,,,,,,,,Fr 06:00 AM - 06:00 PM,,,,,,,,,Mo 06:00 AM - 06:00 PM,,,,,,,,,,,,Th 06:00 AM - 06:00 PM,,,,,,,,,,,Tu 06:00 AM - 06:00 PM,,,,,,,,,,We 06:00 AM - 06:00 PM,,,,,,,,,
3529,4,0,0,40,Preschool (2 to 5 years)Contact provider for details,,2 to 5 years,5,360,1080,60.0,"English, Spanish","Full Time, School year only",Not provided,"Head Start, Accepts Subsidized Payment",2 years - 5 years,24,60,,,,,,English,,,,,,,,,,,,Spanish,,,,,,,,,,,,,Full Time,,,,School year only,,,Accepts Subsidized Payment,,Head Start,,,,,,,,,,,,,,,,,,,,,,,,,,,,,,,,Fr 06:00 AM - 06:00 PM,,,,,,,,,Mo 06:00 AM - 06:00 PM,,,,,,,,,,,,Th 06:00 AM - 06:00 PM,,,,,,,,,,,Tu 06:00 AM - 06:00 PM,,,,,,,,,,We 06:00 AM - 06:00 PM,,,,,,,,,
1635,4,0,0,77,Preschool (2 to 5 years)Contact provider for details,,2 to 5 years,5,360,1080,60.0,"English, Spanish","Full Time, School year only",Not provided,"Head Start, Accepts Subsidized Payment",3 years - 5 years,36,60,,,,,,English,,,,,,,,,,,,Spanish,,,,,,,,,,,,,Full Time,,,,School year only,,,Accepts Subsidized Payment,,Head Start,,,,,,,,,,,,,,,,,,,,,,,,,,,,,,,,Fr 06:00 AM - 06:00 PM,,,,,,,,,Mo 06:00 AM - 06:00 PM,,,,,,,,,,,,Th 06:00 AM - 06:00 PM,,,,,,,,,,,Tu 06:00 AM - 06:00 PM,,,,,,,,,,We 06:00 AM - 06:00 PM,,,,,,,,,
18680,4,0,0,50,other,,0 to 23 months,5,360,1080,60.0,"English, Spanish","Full Time, School year only",Not provided,"Head Start, Accepts Subsidized Payment",1 months - 12 years,1,144,,,,,,English,,,,,,,,,,,,Spanish,,,,,,,,,,,,,Full Time,,,,School year only,,,Accepts Subsidized Payment,,Head Start,,,,,,,,,,,,,,,,,,,,,,,,,,,,,,,,Fr 06:00 AM - 06:00 PM,,,,,,,,,Mo 06:00 AM - 06:00 PM,,,,,,,,,,,,Th 06:00 AM - 06:00 PM,,,,,,,,,,,Tu 06:00 AM - 06:00 PM,,,,,,,,,,We 06:00 AM - 06:00 PM,,,,,,,,,
19364,4,0,0,48,Preschool (2 to 5 years)Contact provider for details,,2 to 5 years,5,360,1080,60.0,other,"Full Time, School year only",Not provided,"Head Start, Accepts Subsidized Payment",3 years - 5 years,36,60,,,,,Chinese (Other),English,,,,,,,,,,,,,,,,,,,,,,,,,Full Time,,,,School year only,,,Accepts Subsidized Payment,,Head Start,,,,,,,,,,,,,,,,,,,,,,,,,,,,,,,,Fr 06:00 AM - 06:00 PM,,,,,,,,,Mo 06:00 AM - 06:00 PM,,,,,,,,,,,,Th 06:00 AM - 06:00 PM,,,,,,,,,,,Tu 06:00 AM - 06:00 PM,,,,,,,,,,We 06:00 AM - 06:00 PM,,,,,,,,,
3528,4,0,0,47,Preschool (2 to 5 years)Contact provider for details,,2 to 5 years,5,360,1080,60.0,"English, Spanish","Full Time, School year only",Not provided,"Head Start, Accepts Subsidized Payment",6 years - 12 years,72,144,,,,,,English,,,,,,,,,,,,Spanish,,,,,,,,,,,,,Full Time,,,,School year only,,,Accepts Subsidized Payment,,Head Start,,,,,,,,,,,,,,,,,,,,,,,,,,,,,,,,Fr 06:00 AM - 06:00 PM,,,,,,,,,Mo 06:00 AM - 06:00 PM,,,,,,,,,,,,Th 06:00 AM - 06:00 PM,,,,,,,,,,,Tu 06:00 AM - 06:00 PM,,,,,,,,,,We 06:00 AM - 06:00 PM,,,,,,,,,
18886,4,0,0,70,Preschool (2 to 5 years)Contact provider for details School Age (6 years and older)Contact provider for details,,2 to 5 years,5,360,1080,60.0,English,other,Not provided,Accepts Subsidized Payment,3 years - 12 years,36,144,,,,,,English,,,,,,,,,,,,,,,,,,,,,After School,Before School,,,Full Time,,,,,,,Accepts Subsidized Payment,,,,,,,,,,,,,,,,,,,,,,,,,,,,,,,,,,Fr 06:00 AM - 06:00 PM,,,,,,,,,Mo 06:00 AM - 06:00 PM,,,,,,,,,,,,Th 06:00 AM - 06:00 PM,,,,,,,,,,,Tu 06:00 AM - 06:00 PM,,,,,,,,,,We 06:00 AM - 06:00 PM,,,,,,,,,
14564,4,0,0,37,Preschool (2 to 5 years)Contact provider for details,,2 to 5 years,5,360,1080,60.0,"English, Spanish","Full Time, School year only",Not provided,"Head Start, Accepts Subsidized Payment",3 years - 5 years,36,60,,,,,,English,,,,,,,,,,,,Spanish,,,,,,,,,,,,,Full Time,,,,School year only,,,Accepts Subsidized Payment,,Head Start,,,,,,,,,,,,,,,,,,,,,,,,,,,,,,,,Fr 06:00 AM - 06:00 PM,,,,,,,,,Mo 06:00 AM - 06:00 PM,,,,,,,,,,,,Th 06:00 AM - 06:00 PM,,,,,,,,,,,Tu 06:00 AM - 06:00 PM,,,,,,,,,,We 06:00 AM - 06:00 PM,,,,,,,,,
3034,4,0,0,68,Preschool (2 to 5 years)Contact provider for details,,2 to 5 years,5,360,1080,60.0,"English, Spanish","Full Time, School year only",Not provided,"Head Start, Accepts Subsidized Payment",3 years - 5 years,36,60,,,,,,English,,,,,,,,,,,,Spanish,,,,,,,,,,,,,Full Time,,,,School year only,,,Accepts Subsidized Payment,,Head Start,,,,,,,,,,,,,,,,,,,,,,,,,,,,,,,,Fr 06:00 AM - 06:00 PM,,,,,,,,,Mo 06:00 AM - 06:00 PM,,,,,,,,,,,,Th 06:00 AM - 06:00 PM,,,,,,,,,,,Tu 06:00 AM - 06:00 PM,,,,,,,,,,We 06:00 AM - 06:00 PM,,,,,,,,,
15247,4,0,0,24,School Age (6 years and older)Contact provider for details,,6 years and older,5,360,1080,60.0,English,"Full Time, School year only",Not provided,Accepts Subsidized Payment,1 months - 12 years,1,144,,,,,,English,,,,,,,,,,,,,,,,,,,,,,,,,Full Time,,,,School year only,,,Accepts Subsidized Payment,,,,,,,,,,,,,,,,,,,,,,,,,,,,,,,,,,Fr 06:00 AM - 06:00 PM,,,,,,,,,Mo 06:00 AM - 06:00 PM,,,,,,,,,,,,Th 06:00 AM - 06:00 PM,,,,,,,,,,,Tu 06:00 AM - 06:00 PM,,,,,,,,,,We 06:00 AM - 06:00 PM,,,,,,,,,
11795,4,0,0,33,Preschool (2 to 5 years)Contact provider for details,,2 to 5 years,5,360,1080,60.0,"English, Spanish","Full Time, School year only",Not provided,"Head Start, Accepts Subsidized Payment",2 years - 5 years,24,60,,,,,,English,,,,,,,,,,,,Spanish,,,,,,,,,,,,,Full Time,,,,School year only,,,Accepts Subsidized Payment,,Head Start,,,,,,,,,,,,,,,,,,,,,,,,,,,,,,,,Fr 06:00 AM - 06:00 PM,,,,,,,,,Mo 06:00 AM - 06:00 PM,,,,,,,,,,,,Th 06:00 AM - 06:00 PM,,,,,,,,,,,Tu 06:00 AM - 06:00 PM,,,,,,,,,,We 06:00 AM - 06:00 PM,,,,,,,,,
5957,3,0,0,60,Preschool (2 to 5 years)Contact provider for details,,2 to 5 years,5,360,1080,60.0,"English, Spanish","Full Time, School year only",Not provided,"Head Start, Accepts Subsidized Payment",2 years - 5 years,24,60,,,,,,English,,,,,,,,,,,,Spanish,,,,,,,,,,,,,Full Time,,,,School year only,,,Accepts Subsidized Payment,,Head Start,,,,,,,,,,,,,,,,,,,,,,,,,,,,,,,,Fr 06:00 AM - 06:00 PM,,,,,,,,,Mo 06:00 AM - 06:00 PM,,,,,,,,,,,,Th 06:00 AM - 06:00 PM,,,,,,,,,,,Tu 06:00 AM - 06:00 PM,,,,,,,,,,We 06:00 AM - 06:00 PM,,,,,,,,,
424,5,1,0,45,Preschool (2 to 5 years) Immediate Openings,1,2 to 5 years,5,420,1050,52.5,English,"Full Time, Full year","Breakfast, Lunch, PM Snack, Child Care Food Program (CCFP)",CA State Preschool Program,2 years - 5 years,24,60,,,,,,English,,,,,,,,,,,,,,,,Breakfast,Child Care Food Program (CCFP),,Lunch,PM Snack,,,,,Full Time,Full year,,,,,,,CA State Preschool Program,,,,,,,Child Development,,,,,,,,,,,,,,,,Pre-kindergarten/Preschool,,,,,,,,Car,,,,,Fr 07:00 AM - 05:30 PM,,,,,,,,,Mo 07:00 AM - 05:30 PM,,,,,,,,,,,,Th 07:00 AM - 05:30 PM,,,,,,,,,,,Tu 07:00 AM - 05:30 PM,,,,,,,,,We 07:00 AM - 05:30 PM,,,,,,,
19286,5,1,0,48,Preschool (2 to 5 years) Immediate Openings,1,2 to 5 years,5,450,1050,50.0,English,"Full Time, Full year","Breakfast, Lunch, PM Snack, Child Care Food Program (CCFP)",CA State Preschool Program,3 years - 5 years,36,60,,,,,,English,,,,,,,,,,,,,,,,Breakfast,Child Care Food Program (CCFP),,Lunch,PM Snack,,,,,Full Time,Full year,,,,,,,CA State Preschool Program,,,,,,,Child Development,,,,,,,,,,,,,,,,Pre-kindergarten/Preschool,,,,,,,,,,,,,,,Fr 07:30 AM - 05:30 PM,,,,,,,,,,Mo 07:30 AM - 05:30 PM,,,,,,,,,,,,Th 07:30 AM - 05:30 PM,,,,,,,,,,Tu 07:30 AM - 05:30 PM,,,,,,,,,We 07:30 AM - 05:30 PM,,,,,
5917,5,1,0,48,Preschool (2 to 5 years)Contact provider for details,,2 to 5 years,5,495,675,15.0,"English, Spanish","Part time, School year only","Breakfast, Lunch",CA State Preschool Program,2 years - 5 years,24,60,,,,,,English,,,,,,,,,,,,Spanish,,,,Breakfast,,,Lunch,,,,,,,,Part time,,School year only,,,,CA State Preschool Program,,,,,,,Child Development,,,,,Developmentally Appropriate Practices,,,,,,,,Play based,,,Pre-kindergarten/Preschool,,,,Special Needs,,,,,,,,,,,,,,,,,,,,,,,,,,other,,,,,,,,,,,,,,,,,,,,,,,,,,,,,,,
2990,4,1,0,24,Preschool (2 to 5 years)Contact provider for details,,2 to 5 years,5,510,720,17.5,English,"Part time, School year only","AM Snack, Child Care Food Program (CCFP)","Head Start, CA State Preschool Program",2 years - 5 years,24,60,,,,,,English,,,,,,,,,,,,,,,AM Snack,,Child Care Food Program (CCFP),,,,,,,,,,Part time,,School year only,,,,CA State Preschool Program,Head Start,,,,,,Child Development,,,,,Developmentally Appropriate Practices,,,,,,,Parent Involvement,Play based,,Potty training,Pre-kindergarten/Preschool,,,,,,,,,,,,,,,,,,,,,,,,,,,,,,other,,,,,,,,,,,,,,,,,,,,,,,,,,,,,,,
16931,5,0,0,48,Preschool (2 to 5 years)Contact provider for details,,2 to 5 years,5,450,1050,50.0,"English, Spanish","Full Time, Part time, Full year, School year only","Breakfast, Lunch, PM Snack",CA State Preschool Program,2 years - 5 years,24,60,,,,,,English,,,,,,,,,,,,Spanish,,,,Breakfast,,,Lunch,PM Snack,,,,,Full Time,Full year,Part time,,School year only,,,,CA State Preschool Program,,,,,,,Child Development,,,,,,,,,,,,,,,,,,,,,,,,,,,,,,,Fr 07:30 AM - 05:30 PM,,,,,,,,,,Mo 07:30 AM - 05:30 PM,,,,,,,,,,,,Th 07:30 AM - 05:30 PM,,,,,,,,,,Tu 07:30 AM - 05:30 PM,,,,,,,,,We 07:30 AM - 05:30 PM,,,,,
12105,5,0,0,48,Preschool (2 to 5 years)No Openings,0,2 to 5 years,5,480,990,42.5,"English, Spanish","Part time, School year only","Breakfast, Lunch",Accepts Subsidized Payment,3 years - 5 years,36,60,,,,,,English,,,,,,,,,,,,Spanish,,,,Breakfast,,,Lunch,,,,,,,,Part time,,School year only,,,Accepts Subsidized Payment,,,,,,,,,,,,,,,,,,,,,,,,,,,,,,,,,,,,,,,,,,,,,,,,,,,,,,other,,,,,,,,,,,,,,,,,,,,,,,,,,,,,,,
5276,5,1,0,105,Infants (0 to 23 months)Contact provider for details Preschool (2 to 5 years)Contact provider for details,,0 to 23 months,5,390,1050,55.0,"English, Spanish","Full Time, Part time, Full year, School year only, Summer only",other,Accepts Subsidized Payment,1 months - 5 years,1,60,,,,,,English,,,,,,,,,,,,Spanish,,,AM Snack,Breakfast,Child Care Food Program (CCFP),,,PM Snack,,,,,Full Time,Full year,Part time,,School year only,,Summer only,Accepts Subsidized Payment,,,,,,,,,,,,,,,,,,,,,,,,,,,,,,,,,,,,,,,,,,,,,,,,,,,,,,other,,,,,,,,,,,,,,,,,,,,,,,,,,,,,,,
16986,4,0,0,88,Preschool (2 to 5 years)Contact provider for details,,2 to 5 years,5,480,940,38.33,"English, Spanish","Part time, School year only","Breakfast, Lunch",Accepts Subsidized Payment,3 years - 5 years,36,60,,,,,,English,,,,,,,,,,,,Spanish,,,,Breakfast,,,Lunch,,,,,,,,Part time,,School year only,,,Accepts Subsidized Payment,,,,,,,,,,,,,,,,,,,,,,,,,,,,,,,,,,,,,,,,,,,,,,,,,,,,,,other,,,,,,,,,,,,,,,,,,,,,,,,,,,,,,,
1657,5,1,0,84,Preschool (2 to 5 years)Contact provider for details,,2 to 5 years,5,390,1080,57.5,English,"Full Time, Part time, Full year, School year only, Summer only","AM Snack, PM Snack",CA State Preschool Program,2 years - 5 years,24,60,,,,,,English,,,,,,,,,,,,,,,AM Snack,,,,,PM Snack,,,,,Full Time,Full year,Part time,,School year only,,Summer only,,CA State Preschool Program,,,,,,,,,,,,,,,,,,,,,,,,,,,Special Needs,Subsidize,,,,,,Fr 06:30 AM - 06:00 PM,,,,,,,,,Mo 06:30 AM - 06:00 PM,,,,,,,,,,,,Th 06:30 AM - 06:00 PM,,,,,,,,,,,Tu 06:30 AM - 06:00 PM,,,,,,,,,,We 06:30 AM - 06:00 PM,,,,,,,,
10438,4,0,0,23,Preschool (2 to 5 years)Contact provider for details,,2 to 5 years,5,495,930,36.25,other,"Part time, School year only","AM Snack, PM Snack",Accepts Subsidized Payment,3 years - 4 years,36,48,,,,,,English,,,,,,,,,,,,,,,AM Snack,,,,,PM Snack,,,,,,,Part time,,School year only,,,Accepts Subsidized Payment,,,,,,,,,,,,,,,,,,,,,,,,,,,,,,,,,,,,,,,,,,,,,,,,,,,,,,other,,,,,,,,,,,,,,,,,,,,,,,,,,,,,,,
5932,5,1,0,30,Preschool (2 to 5 years)Contact provider for details,,2 to 5 years,5,450,990,45.0,English,"Full Time, School year only","AM Snack, PM Snack",CA State Preschool Program,2 years - 5 years,24,60,,,,,,English,,,,,,,,,,,,,,,AM Snack,,,,,PM Snack,,,,,Full Time,,,,School year only,,,,CA State Preschool Program,,,,,,,Child Development,,,,,Developmentally Appropriate Practices,,,,,,,,Play based,,,Pre-kindergarten/Preschool,,,,Special Needs,,,,,,,,,,,,,,,,,,,,Mo 07:30 AM - 04:30 PM,,,,,,other,,,,,,Th 07:30 AM - 04:30 PM,,,,,,,,,,,,,,,,,,,,,,,,,
11320,5,0,0,100,Preschool (2 to 5 years)Contact provider for details,,2 to 5 years,5,360,1080,60.0,English,"Full Time, Full year",Not provided,Accepts Subsidized Payment,0 months - 11 months,0,11,,,,,,English,,,,,,,,,,,,,,,,,,,,,,,,,Full Time,Full year,,,,,,Accepts Subsidized Payment,,,,,,,,,,,,,,,,,,,,,,,,,,,,,,,,,,Fr 06:00 AM - 06:00 PM,,,,,,,,,Mo 06:00 AM - 06:00 PM,,,,,,,,,,,,Th 06:00 AM - 06:00 PM,,,,,,,,,,,Tu 06:00 AM - 06:00 PM,,,,,,,,,,We 06:00 AM - 06:00 PM,,,,,,,,,
7117,4,0,0,59,Preschool (2 to 5 years)Contact provider for details,,2 to 5 years,5,460,900,36.67,"English, Spanish","Full Time, School year only",Not provided,"Head Start, Accepts Subsidized Payment",3 years - 5 years,36,60,,,,,,English,,,,,,,,,,,,Spanish,,,,,,,,,,,,,Full Time,,,,School year only,,,Accepts Subsidized Payment,,Head Start,,,,,,,,,,,,,,,,,,,,,,,,,,,,,,,,,,,,,,,,,,,,,,,,,,,,other,,,,,,,,,,,,,,,,,,,,,,,,,,,,,,,
11290,4,0,0,36,Preschool (2 to 5 years)Contact provider for details,,2 to 5 years,5,360,960,50.0,"English, Spanish","Full Time, Full year, School year only, Summer only","Breakfast, Lunch, PM Snack",other,2 years - 5 years,24,60,,,,,,English,,,,,,,,,,,,Spanish,,,,Breakfast,,,Lunch,PM Snack,,,,,Full Time,Full year,,,School year only,,Summer only,Accepts Subsidized Payment,CA State Preschool Program,Head Start,Other Child Care and Development Program funded by the CDE,Other Public Contract,,,,,,,,,,,,,,,,,,,,,,,,,,,,,,,,,,,,,,,,,,,,,,,,,,other,,,,,,,,,,,,,,,,,,,,,,,,,,,,,,,
7195,5,0,0,24,Preschool (2 to 5 years)Contact provider for details,,2 to 5 years,5,360,1080,60.0,English,"Full Time, School year only",Not provided,Accepts Subsidized Payment,3 years - 5 years,36,60,,,,,,English,,,,,,,,,,,,,,,,,,,,,,,,,Full Time,,,,School year only,,,Accepts Subsidized Payment,,,,,,,,,,,,,,,,,,,,,,,,,,,,,,,,,,Fr 06:00 AM - 06:00 PM,,,,,,,,,Mo 06:00 AM - 06:00 PM,,,,,,,,,,,,Th 06:00 AM - 06:00 PM,,,,,,,,,,,Tu 06:00 AM - 06:00 PM,,,,,,,,,,We 06:00 AM - 06:00 PM,,,,,,,,,
357,5,0,0,24,Preschool (2 to 5 years)Contact provider for details,,2 to 5 years,5,360,1080,60.0,English,"Full Time, School year only",Not provided,Accepts Subsidized Payment,3 years - 5 years,36,60,,,,,,English,,,,,,,,,,,,,,,,,,,,,,,,,Full Time,,,,School year only,,,Accepts Subsidized Payment,,,,,,,,,,,,,,,,,,,,,,,,,,,,,,,,,,Fr 06:00 AM - 06:00 PM,,,,,,,,,Mo 06:00 AM - 06:00 PM,,,,,,,,,,,,Th 06:00 AM - 06:00 PM,,,,,,,,,,,Tu 06:00 AM - 06:00 PM,,,,,,,,,,We 06:00 AM - 06:00 PM,,,,,,,,,
19121,5,0,0,24,Preschool (2 to 5 years)Contact provider for details,,2 to 5 years,5,360,1080,60.0,English,"Full Time, School year only",Not provided,Accepts Subsidized Payment,3 years - 5 years,36,60,,,,,,English,,,,,,,,,,,,,,,,,,,,,,,,,Full Time,,,,School year only,,,Accepts Subsidized Payment,,,,,,,,,,,,,,,,,,,,,,,,,,,,,,,,,,Fr 06:00 AM - 06:00 PM,,,,,,,,,Mo 06:00 AM - 06:00 PM,,,,,,,,,,,,Th 06:00 AM - 06:00 PM,,,,,,,,,,,Tu 06:00 AM - 06:00 PM,,,,,,,,,,We 06:00 AM - 06:00 PM,,,,,,,,,
18196,5,0,0,24,Preschool (2 to 5 years)Contact provider for details,,2 to 5 years,5,360,1080,60.0,English,"Full Time, School year only",Not provided,"Head Start, Accepts Subsidized Payment",3 years - 5 years,36,60,,,,,,English,,,,,,,,,,,,,,,,,,,,,,,,,Full Time,,,,School year only,,,Accepts Subsidized Payment,,Head Start,,,,,,,,,,,,,,,,,,,,,,,,,,,,,,,,Fr 06:00 AM - 06:00 PM,,,,,,,,,Mo 06:00 AM - 06:00 PM,,,,,,,,,,,,Th 06:00 AM - 06:00 PM,,,,,,,,,,,Tu 06:00 AM - 06:00 PM,,,,,,,,,,We 06:00 AM - 06:00 PM,,,,,,,,,
2546,5,0,0,24,Preschool (2 to 5 years)Contact provider for details,,2 to 5 years,5,360,1080,60.0,English,"Full Time, School year only",Not provided,Accepts Subsidized Payment,3 years - 5 years,36,60,,,,,,English,,,,,,,,,,,,,,,,,,,,,,,,,Full Time,,,,School year only,,,Accepts Subsidized Payment,,,,,,,,,,,,,,,,,,,,,,,,,,,,,,,,,,Fr 06:00 AM - 06:00 PM,,,,,,,,,Mo 06:00 AM - 06:00 PM,,,,,,,,,,,,Th 06:00 AM - 06:00 PM,,,,,,,,,,,Tu 06:00 AM - 06:00 PM,,,,,,,,,,We 06:00 AM - 06:00 PM,,,,,,,,,
538,5,0,0,24,Preschool (2 to 5 years)Contact provider for details,,2 to 5 years,5,360,1080,60.0,,"Full Time, School year only",Not provided,Accepts Subsidized Payment,0 months - 11 months,0,11,,,,,,,,,,,,,,,,,,,,,,,,,,,,,,,Full Time,,,,School year only,,,Accepts Subsidized Payment,,,,,,,,,,,,,,,,,,,,,,,,,,,,,,,,,,Fr 06:00 AM - 06:00 PM,,,,,,,,,Mo 06:00 AM - 06:00 PM,,,,,,,,,,,,Th 06:00 AM - 06:00 PM,,,,,,,,,,,Tu 06:00 AM - 06:00 PM,,,,,,,,,,We 06:00 AM - 06:00 PM,,,,,,,,,
1571,5,0,0,24,Preschool (2 to 5 years)Contact provider for details,,2 to 5 years,5,360,1080,60.0,English,"Full Time, School year only",Not provided,Accepts Subsidized Payment,3 years - 5 years,36,60,,,,,,English,,,,,,,,,,,,,,,,,,,,,,,,,Full Time,,,,School year only,,,Accepts Subsidized Payment,,,,,,,,,,,,,,,,,,,,,,,,,,,,,,,,,,Fr 06:00 AM - 06:00 PM,,,,,,,,,Mo 06:00 AM - 06:00 PM,,,,,,,,,,,,Th 06:00 AM - 06:00 PM,,,,,,,,,,,Tu 06:00 AM - 06:00 PM,,,,,,,,,,We 06:00 AM - 06:00 PM,,,,,,,,,
17334,5,0,0,24,Preschool (2 to 5 years)Contact provider for details,,2 to 5 years,5,360,1080,60.0,English,"Full Time, School year only",Not provided,"Head Start, Accepts Subsidized Payment",3 years - 5 years,36,60,,,,,,English,,,,,,,,,,,,,,,,,,,,,,,,,Full Time,,,,School year only,,,Accepts Subsidized Payment,,Head Start,,,,,,,,,,,,,,,,,,,,,,,,,,,,,,,,Fr 06:00 AM - 06:00 PM,,,,,,,,,Mo 06:00 AM - 06:00 PM,,,,,,,,,,,,Th 06:00 AM - 06:00 PM,,,,,,,,,,,Tu 06:00 AM - 06:00 PM,,,,,,,,,,We 06:00 AM - 06:00 PM,,,,,,,,,
8955,5,0,0,24,Preschool (2 to 5 years)Contact provider for details,,2 to 5 years,5,360,1080,60.0,English,"Full Time, School year only",Not provided,Accepts Subsidized Payment,3 years - 5 years,36,60,,,,,,English,,,,,,,,,,,,,,,,,,,,,,,,,Full Time,,,,School year only,,,Accepts Subsidized Payment,,,,,,,,,,,,,,,,,,,,,,,,,,,,,,,,,,Fr 06:00 AM - 06:00 PM,,,,,,,,,Mo 06:00 AM - 06:00 PM,,,,,,,,,,,,Th 06:00 AM - 06:00 PM,,,,,,,,,,,Tu 06:00 AM - 06:00 PM,,,,,,,,,,We 06:00 AM - 06:00 PM,,,,,,,,,
19288,5,0,0,48,Preschool (2 to 5 years)Contact provider for details,,2 to 5 years,5,360,1080,60.0,English,"Full Time, School year only",Not provided,Accepts Subsidized Payment,3 years - 5 years,36,60,,,,,,English,,,,,,,,,,,,,,,,,,,,,,,,,Full Time,,,,School year only,,,Accepts Subsidized Payment,,,,,,,,,,,,,,,,,,,,,,,,,,,,,,,,,,Fr 06:00 AM - 06:00 PM,,,,,,,,,Mo 06:00 AM - 06:00 PM,,,,,,,,,,,,Th 06:00 AM - 06:00 PM,,,,,,,,,,,Tu 06:00 AM - 06:00 PM,,,,,,,,,,We 06:00 AM - 06:00 PM,,,,,,,,,
3232,5,0,0,24,Preschool (2 to 5 years)Contact provider for details,,2 to 5 years,5,360,1080,60.0,English,"Full Time, School year only",Not provided,Accepts Subsidized Payment,3 years - 5 years,36,60,,,,,,English,,,,,,,,,,,,,,,,,,,,,,,,,Full Time,,,,School year only,,,Accepts Subsidized Payment,,,,,,,,,,,,,,,,,,,,,,,,,,,,,,,,,,Fr 06:00 AM - 06:00 PM,,,,,,,,,Mo 06:00 AM - 06:00 PM,,,,,,,,,,,,Th 06:00 AM - 06:00 PM,,,,,,,,,,,Tu 06:00 AM - 06:00 PM,,,,,,,,,,We 06:00 AM - 06:00 PM,,,,,,,,,
14092,4,0,0,40,Preschool (2 to 5 years)Contact provider for details,,2 to 5 years,5,360,1080,60.0,English,"Full Time, School year only",Not provided,Accepts Subsidized Payment,3 years - 5 years,36,60,,,,,,English,,,,,,,,,,,,,,,,,,,,,,,,,Full Time,,,,School year only,,,Accepts Subsidized Payment,,,,,,,,,,,,,,,,,,,,,,,,,,,,,,,,,,Fr 06:00 AM - 06:00 PM,,,,,,,,,Mo 06:00 AM - 06:00 PM,,,,,,,,,,,,Th 06:00 AM - 06:00 PM,,,,,,,,,,,Tu 06:00 AM - 06:00 PM,,,,,,,,,,We 06:00 AM - 06:00 PM,,,,,,,,,
16110,5,0,0,24,Preschool (2 to 5 years)Contact provider for details,,2 to 5 years,5,360,1080,60.0,,"Full Time, School year only",Not provided,Accepts Subsidized Payment,3 years - 5 years,36,60,,,,,,,,,,,,,,,,,,,,,,,,,,,,,,,Full Time,,,,School year only,,,Accepts Subsidized Payment,,,,,,,,,,,,,,,,,,,,,,,,,,,,,,,,,,Fr 06:00 AM - 06:00 PM,,,,,,,,,Mo 06:00 AM - 06:00 PM,,,,,,,,,,,,Th 06:00 AM - 06:00 PM,,,,,,,,,,,Tu 06:00 AM - 06:00 PM,,,,,,,,,,We 06:00 AM - 06:00 PM,,,,,,,,,
6180,5,0,0,23,Preschool (2 to 5 years)Contact provider for details,,2 to 5 years,5,360,1080,60.0,English,"Full Time, School year only",Not provided,Accepts Subsidized Payment,3 years - 5 years,36,60,,,,,,English,,,,,,,,,,,,,,,,,,,,,,,,,Full Time,,,,School year only,,,Accepts Subsidized Payment,,,,,,,,,,,,,,,,,,,,,,,,,,,,,,,,,,Fr 06:00 AM - 06:00 PM,,,,,,,,,Mo 06:00 AM - 06:00 PM,,,,,,,,,,,,Th 06:00 AM - 06:00 PM,,,,,,,,,,,Tu 06:00 AM - 06:00 PM,,,,,,,,,,We 06:00 AM - 06:00 PM,,,,,,,,,
1352,4,0,0,24,Preschool (2 to 5 years)Contact provider for details,,2 to 5 years,5,360,1080,60.0,English,"Full Time, School year only",Not provided,Accepts Subsidized Payment,3 years - 5 years,36,60,,,,,,English,,,,,,,,,,,,,,,,,,,,,,,,,Full Time,,,,School year only,,,Accepts Subsidized Payment,,,,,,,,,,,,,,,,,,,,,,,,,,,,,,,,,,Fr 06:00 AM - 06:00 PM,,,,,,,,,Mo 06:00 AM - 06:00 PM,,,,,,,,,,,,Th 06:00 AM - 06:00 PM,,,,,,,,,,,Tu 06:00 AM - 06:00 PM,,,,,,,,,,We 06:00 AM - 06:00 PM,,,,,,,,,
8760,5,0,0,24,Preschool (2 to 5 years)Contact provider for details,,2 to 5 years,5,360,1080,60.0,English,"Full Time, School year only",Not provided,Accepts Subsidized Payment,3 years - 5 years,36,60,,,,,,English,,,,,,,,,,,,,,,,,,,,,,,,,Full Time,,,,School year only,,,Accepts Subsidized Payment,,,,,,,,,,,,,,,,,,,,,,,,,,,,,,,,,,Fr 06:00 AM - 06:00 PM,,,,,,,,,Mo 06:00 AM - 06:00 PM,,,,,,,,,,,,Th 06:00 AM - 06:00 PM,,,,,,,,,,,Tu 06:00 AM - 06:00 PM,,,,,,,,,,We 06:00 AM - 06:00 PM,,,,,,,,,
11009,5,0,0,24,Preschool (2 to 5 years)Contact provider for details,,2 to 5 years,5,360,1080,60.0,English,"Full Time, School year only",Not provided,Accepts Subsidized Payment,3 years - 5 years,36,60,,,,,,English,,,,,,,,,,,,,,,,,,,,,,,,,Full Time,,,,School year only,,,Accepts Subsidized Payment,,,,,,,,,,,,,,,,,,,,,,,,,,,,,,,,,,Fr 06:00 AM - 06:00 PM,,,,,,,,,Mo 06:00 AM - 06:00 PM,,,,,,,,,,,,Th 06:00 AM - 06:00 PM,,,,,,,,,,,Tu 06:00 AM - 06:00 PM,,,,,,,,,,We 06:00 AM - 06:00 PM,,,,,,,,,
17884,4,0,0,23,Preschool (2 to 5 years)Contact provider for details,,2 to 5 years,5,360,1080,60.0,English,"Full Time, School year only",Not provided,Accepts Subsidized Payment,3 years - 5 years,36,60,,,,,,English,,,,,,,,,,,,,,,,,,,,,,,,,Full Time,,,,School year only,,,Accepts Subsidized Payment,,,,,,,,,,,,,,,,,,,,,,,,,,,,,,,,,,Fr 06:00 AM - 06:00 PM,,,,,,,,,Mo 06:00 AM - 06:00 PM,,,,,,,,,,,,Th 06:00 AM - 06:00 PM,,,,,,,,,,,Tu 06:00 AM - 06:00 PM,,,,,,,,,,We 06:00 AM - 06:00 PM,,,,,,,,,
5612,4,1,0,79,Infants (0 to 23 months)Contact provider for details Preschool (2 to 5 years)Contact provider for details,,0 to 23 months,5,450,960,39.0,"English, Farsi, Spanish","Full Time, Part time, School year only","Breakfast, AM Snack, Lunch, PM Snack, Child Care Food Program (CCFP)","Head Start, CA State Preschool Program, Other Child Care and Development Program funded by the CDE, Accepts Subsidized Payment",other,4,60,,,,,,English,Farsi,,,,,,,,,,,Spanish,,,AM Snack,Breakfast,Child Care Food Program (CCFP),,Lunch,PM Snack,,,,,Full Time,,Part time,,School year only,,,Accepts Subsidized Payment,CA State Preschool Program,Head Start,Other Child Care and Development Program funded by the CDE,,,,,Child Development,,,,,,,,,,,,,,,,,,,,Special Needs,Subsidize,,,,,,,,,,,,,,,,,,,,,,,,,other,,,,,,,,,,,,,,,,,,,,,,,,,,,,,,,
6001,4,0,0,82,Preschool (2 to 5 years)Contact provider for details,,2 to 5 years,5,360,1080,60.0,English,"Part time, School year only",Not provided,"Head Start, Accepts Subsidized Payment",3 years - 5 years,36,60,,,,,,English,,,,,,,,,,,,,,,,,,,,,,,,,,,Part time,,School year only,,,Accepts Subsidized Payment,,Head Start,,,,,,,,,,,,,,,,,,,,,,,,,,,,,,,,Fr 06:00 AM - 06:00 PM,,,,,,,,,Mo 06:00 AM - 06:00 PM,,,,,,,,,,,,Th 06:00 AM - 06:00 PM,,,,,,,,,,,Tu 06:00 AM - 06:00 PM,,,,,,,,,,We 06:00 AM - 06:00 PM,,,,,,,,,
3453,5,0,0,60,Preschool (2 to 5 years)Contact provider for details,,2 to 5 years,4,330,990,44.0,"English, Spanish, Labels, Labels English",Full Time,"Breakfast, Lunch, PM Snack",Accepts Subsidized Payment,2 years - 6 years,24,72,,,,,,English,,,,,,,,,,,,Spanish,,,,Breakfast,,,Lunch,PM Snack,,,,,Full Time,,,,,,,Accepts Subsidized Payment,,,,,,,,,,,,,,,,,,,,,,,,,,,,,,,,,,,,,,,,,,,,,,,,,,,,,,other,,,,,,,,,,,,,,,,,,,,,,,,,,,,,,,
8090,5,0,0,144,Preschool (2 to 5 years)Contact provider for details,,2 to 5 years,5,450,945,41.25,"English, Spanish","Full Time, Part time, Full year, School year only",other,"Other Child Care and Development Program funded by the CDE, Accepts Subsidized Payment",1 years - 5 years,12,60,,,,,,English,,,,,,,,,,,,Spanish,,,AM Snack,Breakfast,Child Care Food Program (CCFP),,Lunch,,,,,,Full Time,Full year,Part time,,School year only,,,Accepts Subsidized Payment,,,Other Child Care and Development Program funded by the CDE,,,,,Child Development,,,,,,,,,,,,,,,,,,,,,,,,,,,,,,,,,,,,,,,,,,,,,,other,,,,,,,,,,,,,,,,,,,,,,,,,,,,,,,
36,4,,0,24,Preschool (2 to 5 years)Contact provider for details,,2 to 5 years,5,465,1395,77.5,"English, Spanish","Part time, Full year","Breakfast, Lunch, PM Snack, Child Care Food Program (CCFP)",Other Child Care and Development Program funded by the CDE,3 years - 5 years,36,60,,,,,,English,,,,,,,,,,,,Spanish,,,,Breakfast,Child Care Food Program (CCFP),,Lunch,PM Snack,,,,,,Full year,Part time,,,,,,,,Other Child Care and Development Program funded by the CDE,,,,,,,,,,,,,,,,,,,,,,,,,,,,,,,,,,,,,,,,,,,,,,,,,,,other,,,,,,,,,,,,,,,,,,,,,,,,,,,,,,,
2920,4,1,0,83,Preschool (2 to 5 years)Contact provider for details,,2 to 5 years,5,450,1050,50.0,"English, Spanish","Full Time, Part time, Full year","Breakfast, Lunch, PM Snack, Child Care Food Program (CCFP)","CA State Preschool Program, Other Child Care and Development Program funded by the CDE, Accepts Subsidized Payment",2 years - 5 years,24,60,,,,,,English,,,,,,,,,,,,Spanish,,,,Breakfast,Child Care Food Program (CCFP),,Lunch,PM Snack,,,,,Full Time,Full year,Part time,,,,,Accepts Subsidized Payment,CA State Preschool Program,,Other Child Care and Development Program funded by the CDE,,,,Bilingual,Child Development,,,,,Developmentally Appropriate Practices,,,,,,,Parent Involvement,Play based,,Potty training,Pre-kindergarten/Preschool,,,,Special Needs,,,,,,,,,,,Fr 07:30 AM - 05:30 PM,,,,,,,,,,Mo 07:30 AM - 05:30 PM,,,,,,,,,,,,Th 07:30 AM - 05:30 PM,,,,,,,,,,Tu 07:30 AM - 05:30 PM,,,,,,,,,We 07:30 AM - 05:30 PM,,,,,
2900,4,0,0,23,Preschool (2 to 5 years)Contact provider for details,,2 to 5 years,5,480,660,15.0,"English, Spanish, Labels, Labels English","Part time, School year only","Breakfast, Lunch, PM Snack",Accepts Subsidized Payment,other,48,48,,,,,,English,,,,,,,,,,,,Spanish,,,,Breakfast,,,Lunch,PM Snack,,,,,,,Part time,,School year only,,,Accepts Subsidized Payment,,,,,,,,,,,,,,,,,,,,,,,,,,,,,,,,,,,,,,,,,Fr 08:00 AM - 11:00 AM,,,,,,,,,,,Mo 08:00 AM - 11:00 AM,,,,,,,,,,,,Th 08:00 AM - 11:00 AM,,,,,,,,,,Tu 08:00 AM - 11:00 AM,,,,,,,,,We 08:00 AM - 11:00 AM,,
3831,4,1,0,202,Preschool (2 to 5 years)Contact provider for details,,2 to 5 years,5,480,690,17.5,"English, Spanish","Part time, School year only","Breakfast, Lunch, PM Snack","Head Start, CA State Preschool Program",3 years - 5 years,36,60,,,,,,English,,,,,,,,,,,,Spanish,,,,Breakfast,,,Lunch,PM Snack,,,,,,,Part time,,School year only,,,,CA State Preschool Program,Head Start,,,,,,Child Development,,,,,,,,,,No Pets,,,Play based,,,Pre-kindergarten/Preschool,,,,Special Needs,Subsidize,,,,,,,,,,,,,,,,,,,,,,,,,other,,,,,,,,,,,,,,,,,,,,,,,,,,,,,,,
16895,5,0,0,190,Infants (0 to 23 months)No Openings Preschool (2 to 5 years)No Openings,0,0 to 23 months,5,435,1080,53.75,"English, Spanish","Full Time, Part time, Drop in, Rotating Schedule, Full year, School year only, Summer only","Breakfast, AM Snack, Lunch, PM Snack, Child Care Food Program (CCFP)","Head Start, Accepts Subsidized Payment",1 months - 5 years,1,60,,,,,,English,,,,,,,,,,,,Spanish,,,AM Snack,Breakfast,Child Care Food Program (CCFP),,Lunch,PM Snack,,,Drop in,,Full Time,Full year,Part time,Rotating Schedule,School year only,,Summer only,Accepts Subsidized Payment,,Head Start,,,,,,,,Co-op,,,,,,,,,,,,,,,,,,,,,,,,,,,,,,,,,,,,,,,,,,,,other,,,,,,,,,,,,,,,,,,,,,,,,,,,,,,,
1258,5,1,0,48,Preschool (2 to 5 years)Contact provider for details,,2 to 5 years,5,360,1080,60.0,English,"Full Time, Full year",Not provided,Accepts Subsidized Payment,0 months - 11 months,0,11,,,,,,English,,,,,,,,,,,,,,,,,,,,,,,,,Full Time,Full year,,,,,,Accepts Subsidized Payment,,,,,,,,,,,,,,,,,,,,,,,,,,,,,,,,,,Fr 06:00 AM - 06:00 PM,,,,,,,,,Mo 06:00 AM - 06:00 PM,,,,,,,,,,,,Th 06:00 AM - 06:00 PM,,,,,,,,,,,Tu 06:00 AM - 06:00 PM,,,,,,,,,,We 06:00 AM - 06:00 PM,,,,,,,,,
2898,4,1,0,48,Preschool (2 to 5 years)Contact provider for details,,2 to 5 years,5,480,960,40.0,"English, Spanish","Full Time, Part time, Drop in, Rotating Schedule, Full year, School year only, Summer only",Lunch,Accepts Subsidized Payment,0 months - 11 months,0,11,,,,,,English,,,,,,,,,,,,Spanish,,,,,,,Lunch,,,,Drop in,,Full Time,Full year,Part time,Rotating Schedule,School year only,,Summer only,Accepts Subsidized Payment,,,,,,,,,,,,,,,,,,,,,,,,,,,,,,,,,,,,,,,,,,,,,,,,,,,Mo 08:00 AM - 04:00 PM,,,other,,,,,,,,,Th 08:00 AM - 04:00 PM,,,,,,,,,,Tu 08:00 AM - 04:00 PM,,,,,,,,,We 08:00 AM - 04:00 PM,,,
18774,4,1,0,48,Preschool (2 to 5 years)Contact provider for details,,2 to 5 years,5,480,960,40.0,"English, Spanish","Full Time, Part time, Drop in, Rotating Schedule, Full year, School year only, Summer only","Breakfast, AM Snack, Lunch, PM Snack, Dinner, Child Care Food Program (CCFP)",Accepts Subsidized Payment,other,48,48,,,,,,English,,,,,,,,,,,,Spanish,,,AM Snack,Breakfast,Child Care Food Program (CCFP),Dinner,Lunch,PM Snack,,,Drop in,,Full Time,Full year,Part time,Rotating Schedule,School year only,,Summer only,Accepts Subsidized Payment,,,,,,,,,,,,,,,,,,,,,,,,,,,,,,,,,,,,,,,,,,,,,,,,,,,Mo 08:00 AM - 04:00 PM,,,other,,,,,,,,,Th 08:00 AM - 04:00 PM,,,,,,,,,,Tu 08:00 AM - 04:00 PM,,,,,,,,,We 08:00 AM - 04:00 PM,,,
17509,5,0,0,48,Preschool (2 to 5 years)Contact provider for details,,2 to 5 years,5,480,960,40.0,English,other,Child Care Food Program (CCFP),Accepts Subsidized Payment,0 months - 11 months,0,11,,,,,,English,,,,,,,,,,,,,,,,,Child Care Food Program (CCFP),,,,,Before School,,,Full Time,Full year,Part time,,School year only,,,Accepts Subsidized Payment,,,,,Academic,,,,,,,,,,,,,,,,,,,,,,,,,,,,,,,,,,,,,,,,,,,,,,Mo 08:00 AM - 04:00 PM,,,other,,,,,,,,,Th 08:00 AM - 04:00 PM,,,,,,,,,,Tu 08:00 AM - 04:00 PM,,,,,,,,,We 08:00 AM - 04:00 PM,,,
5816,5,0,0,48,Preschool (2 to 5 years)No Openings,0,2 to 5 years,5,480,960,40.0,English,"Full Time, Full year",Not provided,Accepts Subsidized Payment,0 months - 11 months,0,11,,,,,,English,,,,,,,,,,,,,,,,,,,,,,,,,Full Time,Full year,,,,,,Accepts Subsidized Payment,,,,,,,,,,,,,,,,,,,,,,,,,,,,,,,,,,,,,,,,,,,,,,,,,,,Mo 08:00 AM - 04:00 PM,,,other,,,,,,,,,Th 08:00 AM - 04:00 PM,,,,,,,,,,Tu 08:00 AM - 04:00 PM,,,,,,,,,We 08:00 AM - 04:00 PM,,,
18741,5,0,0,48,Preschool (2 to 5 years)Contact provider for details,,2 to 5 years,5,360,1080,60.0,English,"Full Time, Full year",Not provided,"Head Start, Accepts Subsidized Payment",0 months - 11 months,0,11,,,,,,English,,,,,,,,,,,,,,,,,,,,,,,,,Full Time,Full year,,,,,,Accepts Subsidized Payment,,Head Start,,,,,,,,,,,,,,,,,,,,,,,,,,,,,,,,Fr 06:00 AM - 06:00 PM,,,,,,,,,Mo 06:00 AM - 06:00 PM,,,,,,,,,,,,Th 06:00 AM - 06:00 PM,,,,,,,,,,,Tu 06:00 AM - 06:00 PM,,,,,,,,,,We 06:00 AM - 06:00 PM,,,,,,,,,
13649,4,0,0,48,Preschool (2 to 5 years)Contact provider for details,,2 to 5 years,5,480,960,40.0,English,"Full Time, School year only",Not provided,Accepts Subsidized Payment,0 months - 11 months,0,11,,,,,,English,,,,,,,,,,,,,,,,,,,,,,,,,Full Time,,,,School year only,,,Accepts Subsidized Payment,,,,,,,,,,,,,,,,,,,,,,,,,,,,,,,,,,,,,,,,,,,,,,,,,,,Mo 08:00 AM - 04:00 PM,,,other,,,,,,,,,Th 08:00 AM - 04:00 PM,,,,,,,,,,Tu 08:00 AM - 04:00 PM,,,,,,,,,We 08:00 AM - 04:00 PM,,,
12874,4,0,0,45,Preschool (2 to 5 years)Contact provider for details,,2 to 5 years,5,480,960,40.0,English,"Full Time, Full year",Not provided,Accepts Subsidized Payment,0 months - 11 months,0,11,,,,,,English,,,,,,,,,,,,,,,,,,,,,,,,,Full Time,Full year,,,,,,Accepts Subsidized Payment,,,,,,,,,,,,,,,,,,,,,,,,,,,,,,,,,,,,,,,,,,,,,,,,,,,Mo 08:00 AM - 04:00 PM,,,other,,,,,,,,,Th 08:00 AM - 04:00 PM,,,,,,,,,,Tu 08:00 AM - 04:00 PM,,,,,,,,,We 08:00 AM - 04:00 PM,,,
8708,4,0,0,24,Preschool (2 to 5 years)Contact provider for details,,2 to 5 years,5,360,1080,60.0,English,"Full Time, School year only",Not provided,Accepts Subsidized Payment,0 months - 11 months,0,11,,,,,,English,,,,,,,,,,,,,,,,,,,,,,,,,Full Time,,,,School year only,,,Accepts Subsidized Payment,,,,,,,,,,,,,,,,,,,,,,,,,,,,,,,,,,Fr 06:00 AM - 06:00 PM,,,,,,,,,Mo 06:00 AM - 06:00 PM,,,,,,,,,,,,Th 06:00 AM - 06:00 PM,,,,,,,,,,,Tu 06:00 AM - 06:00 PM,,,,,,,,,,We 06:00 AM - 06:00 PM,,,,,,,,,
1424,4,0,0,48,Preschool (2 to 5 years)Contact provider for details,,2 to 5 years,5,480,960,40.0,English,"Full Time, Full year",Not provided,Accepts Subsidized Payment,0 months - 11 months,0,11,,,,,,English,,,,,,,,,,,,,,,,,,,,,,,,,Full Time,Full year,,,,,,Accepts Subsidized Payment,,,,,,,,,,,,,,,,,,,,,,,,,,,,,,,,,,,,,,,,,,,,,,,,,,,Mo 08:00 AM - 04:00 PM,,,other,,,,,,,,,Th 08:00 AM - 04:00 PM,,,,,,,,,,Tu 08:00 AM - 04:00 PM,,,,,,,,,We 08:00 AM - 04:00 PM,,,
7359,3,0,0,127,Infants (0 to 23 months)Contact provider for details Preschool (2 to 5 years)Contact provider for details School Age (6 years and older)Contact provider for details,,0 to 23 months,5,420,1080,55.0,"English, Spanish",other,"Breakfast, AM Snack, Lunch, PM Snack",Accepts Subsidized Payment,1 months - 12 years,1,144,,,,,,English,,,,,,,,,,,,Spanish,,,AM Snack,Breakfast,,,Lunch,PM Snack,After School,Before School,Drop in,,Full Time,Full year,Part time,,School year only,,Summer only,Accepts Subsidized Payment,,,,,,,,,,,,,,,,,,,,,,,,,,,,,,,,,,,,,,Fr 07:00 AM - 06:00 PM,,,,,,,,,Mo 07:00 AM - 06:00 PM,,,,,,,,,,,,Th 07:00 AM - 06:00 PM,,,,,,,,,,,Tu 07:00 AM - 06:00 PM,,,,,,,,,We 07:00 AM - 06:00 PM,,,,,,
13441,4,0,0,180,Preschool (2 to 5 years)Contact provider for details,,2 to 5 years,5,510,1650,95.0,other,"Full Time, School year only",other,Accepts Subsidized Payment,3 years - 5 years,36,60,,,,,,English,,,,,,,,,,,,,,,,Breakfast,,,,PM Snack,,,,,Full Time,,,,School year only,,,Accepts Subsidized Payment,,,,,,,,,,,,,,,,,,,,,,,,,,,,,,,,,,,,,,,,,,,,,,,,,,,,,,other,,,,,,,,,,,,,,,,,,,,,,,,,,,,,,,
14756,4,,0,45,Preschool (2 to 5 years)Contact provider for details,,2 to 5 years,5,330,1020,57.5,"English, Spanish",other,Child Care Food Program (CCFP),"Head Start, Other Public Contract",2 years - 5 years,24,60,,,,,,English,,,,,,,,,,,,Spanish,,,,,Child Care Food Program (CCFP),,,,,,,,Full Time,,Part time,,,,Summer only,,,Head Start,,Other Public Contract,,,,,,,,,,,,,,,,,,,,,,,,,,,,,,,,,,,,,,,,,,,,,,,,,,other,,,,,,,,,,,,,,,,,,,,,,,,,,,,,,,
11985,5,0,0,30,Preschool (2 to 5 years)Contact provider for details,,2 to 5 years,5,360,1080,60.0,"English, Spanish","Full Time, School year only",Not provided,Accepts Subsidized Payment,3 years - 5 years,36,60,,,,,,English,,,,,,,,,,,,Spanish,,,,,,,,,,,,,Full Time,,,,School year only,,,Accepts Subsidized Payment,,,,,,,,,,,,,,,,,,,,,,,,,,,,,,,,,,Fr 06:00 AM - 06:00 PM,,,,,,,,,Mo 06:00 AM - 06:00 PM,,,,,,,,,,,,Th 06:00 AM - 06:00 PM,,,,,,,,,,,Tu 06:00 AM - 06:00 PM,,,,,,,,,,We 06:00 AM - 06:00 PM,,,,,,,,,
3865,5,0,0,24,Preschool (2 to 5 years)Contact provider for details,,2 to 5 years,5,360,1080,60.0,"English, Spanish","Full Time, School year only",Not provided,Accepts Subsidized Payment,3 years - 5 years,36,60,,,,,,English,,,,,,,,,,,,Spanish,,,,,,,,,,,,,Full Time,,,,School year only,,,Accepts Subsidized Payment,,,,,,,,,,,,,,,,,,,,,,,,,,,,,,,,,,Fr 06:00 AM - 06:00 PM,,,,,,,,,Mo 06:00 AM - 06:00 PM,,,,,,,,,,,,Th 06:00 AM - 06:00 PM,,,,,,,,,,,Tu 06:00 AM - 06:00 PM,,,,,,,,,,We 06:00 AM - 06:00 PM,,,,,,,,,
6270,4,1,0,40,Preschool (2 to 5 years)Contact provider for details,,2 to 5 years,5,510,735,18.75,other,"Part time, School year only","AM Snack, Child Care Food Program (CCFP)","CA State Preschool Program, Accepts Subsidized Payment",2 years - 5 years,24,60,,,,,,English,,,,,,,,,Russian,,,Spanish,,,AM Snack,,Child Care Food Program (CCFP),,,,,,,,,,Part time,,School year only,,,Accepts Subsidized Payment,CA State Preschool Program,,,,,,Bilingual,Child Development,,,,,,,,,,,,,Play based,,,,,,,,,,,,,,,,,,,,,,,,,,,,,,,,,other,,,,,,,,,,,,,,,,,,,,,,,,,,,,,,,
1134,4,1,0,66,Preschool (2 to 5 years)Contact provider for details,,2 to 5 years,5,480,960,38.5,other,"Full Time, Part time, School year only","AM Snack, PM Snack, Child Care Food Program (CCFP)","CA State Preschool Program, Accepts Subsidized Payment",2 years - 5 years,24,60,,,Chinese (Cantonese),,,English,Farsi,,,,,,,,,,,Spanish,,Vietnamese,AM Snack,,Child Care Food Program (CCFP),,,PM Snack,,,,,Full Time,,Part time,,School year only,,,Accepts Subsidized Payment,CA State Preschool Program,,,,,,Bilingual,Child Development,Child Directed,,,,,,,,,,,,,,,,,,,,,,,,,,,,,,,,,,,,,,,,,,Mo 08:00 AM - 04:00 PM,,,other,,,,,,,,,Th 08:00 AM - 04:00 PM,,,,,,,,,,Tu 08:00 AM - 04:00 PM,,,,,,,,,We 08:00 AM - 04:00 PM,,,
15879,3,0,0,48,Preschool (2 to 5 years)Contact provider for details,,2 to 5 years,5,470,830,30.0,English,"Part time, School year only","Breakfast, Lunch","CA State Preschool Program, Accepts Subsidized Payment",2 years - 5 years,24,60,,,,,,English,,,,,,,,,,,,,,,,Breakfast,,,Lunch,,,,,,,,Part time,,School year only,,,Accepts Subsidized Payment,CA State Preschool Program,,,,,,,,,,,,,,,,,,,,,,,,,,,,,,,,,,,,,,,,,,,,,,,,,,,,,other,,,,,,,,,,,,,,,,,,,,,,,,,,,,,,,
1262,4,1,0,218,Preschool (2 to 5 years)Contact provider for details School Age (6 years and older)Contact provider for details,,2 to 5 years,4,480,1080,40.0,other,"Full Time, Part time, School year only","Breakfast, Lunch, PM Snack, Child Care Food Program (CCFP)","CA State Preschool Program, Other Child Care and Development Program funded by the CDE, Accepts Subsidized Payment",other,24,120,,,Chinese (Cantonese),Chinese (Mandarin),,English,,,,,,,,,,,,,,,,Breakfast,Child Care Food Program (CCFP),,Lunch,PM Snack,,,,,Full Time,,Part time,,School year only,,,Accepts Subsidized Payment,CA State Preschool Program,,Other Child Care and Development Program funded by the CDE,,,Art based,Bilingual,,,,,,,,,,,,,,,,,,,,,,,,Bus,,,,,,,,,,,,,,,,,,,,,,,other,,,,,,,,,,,,,,,,,,,,,,,,,,,,,,,
16962,5,1,0,60,Preschool (2 to 5 years)Contact provider for details,,2 to 5 years,5,450,1050,50.0,other,"Full Time, Part time, Full year","Breakfast, Lunch, PM Snack, Child Care Food Program (CCFP)","CA State Preschool Program, Accepts Subsidized Payment",2 years - 5 years,24,60,,,Chinese (Cantonese),,,English,,,,,,,,,,,,Spanish,,,,Breakfast,Child Care Food Program (CCFP),,Lunch,PM Snack,,,,,Full Time,Full year,Part time,,,,,Accepts Subsidized Payment,CA State Preschool Program,,,,Academic,,Bilingual,,,,,,,,,,,,,,,,,,,Reggio Emilia,,,,,Bus,,,,,,,,Fr 07:30 AM - 05:30 PM,,,,,,,,,,Mo 07:30 AM - 05:30 PM,,,,,,,,,,,,Th 07:30 AM - 05:30 PM,,,,,,,,,,Tu 07:30 AM - 05:30 PM,,,,,,,,,We 07:30 AM - 05:30 PM,,,,,
7282,5,,0,48,Preschool (2 to 5 years)Contact provider for details,,2 to 5 years,5,735,915,15.0,"English, Spanish","Part time, School year only","Breakfast, Lunch",CA State Preschool Program,3 years - 5 years,36,60,,,,,,English,,,,,,,,,,,,Spanish,,,,Breakfast,,,Lunch,,,,,,,,Part time,,School year only,,,,CA State Preschool Program,,,,Academic,Art based,Bilingual,Child Development,Child Directed,,Constructivist,COVID-19 Emergency Response Care,Developmentally Appropriate Practices,High Scope,Homework/Study time,Kindergarten,,,other,Parent Involvement,Play based,Playgroup,Potty training,Pre-kindergarten/Preschool,Project based,,,Special Needs,,Virtual/Distance Learning,,,,,,,,,,,,,,,,,,,,,,,,other,,,,,,,,,,,,,,,,,,,,,,,,,,,,,,,
6013,4,0,0,66,Infants (0 to 23 months)No Openings Preschool (2 to 5 years)No Openings,0,0 to 23 months,5,435,1035,50.0,"English, Spanish","Full Time, Full year","Breakfast, AM Snack, Lunch, PM Snack","Head Start, CA State Preschool Program, Other Child Care and Development Program funded by the CDE, Accepts Subsidized Payment",other,12,36,,,,,,English,,,,,,,,,,,,Spanish,,,AM Snack,Breakfast,,,Lunch,PM Snack,,,,,Full Time,Full year,,,,,,Accepts Subsidized Payment,CA State Preschool Program,Head Start,Other Child Care and Development Program funded by the CDE,,Academic,,,Child Development,,,,,,,,,,,,,,,,Pre-kindergarten/Preschool,,,,,,,,,,,,,,,,,,,,,,,,,,,,,,other,,,,,,,,,,,,,,,,,,,,,,,,,,,,,,,
17643,4,,0,24,Preschool (2 to 5 years) Immediate Openings,1,2 to 5 years,5,450,689,19.92,English,"Part time, School year only",Not provided,,2 years - 5 years,24,60,,,,,,English,,,,,,,,,,,,,,,,,,,,,,,,,,,Part time,,School year only,,,,,,,,,,,,,,,,,,,,,,,,,,,,,,,,,,,,,,,,,,,,,,,,,,,,,,,,,other,,,,,,,,,,,,,,,,,,,,,,,,,,,,,,,
14338,4,1,0,37,Preschool (2 to 5 years)Contact provider for details,,2 to 5 years,5,450,870,35.0,"English, Spanish","Full Time, School year only","Breakfast, Lunch, PM Snack, Child Care Food Program (CCFP)","Head Start, Accepts Subsidized Payment",3 years - 5 years,36,60,,,,,,English,,,,,,,,,,,,Spanish,,,,Breakfast,Child Care Food Program (CCFP),,Lunch,PM Snack,,,,,Full Time,,,,School year only,,,Accepts Subsidized Payment,,Head Start,,,,,,,,,,,,,,,,,,,,,,,,,,,,,,,,,,,,,,,,,,,,,,,,,,,,other,,,,,,,,,,,,,,,,,,,,,,,,,,,,,,,
12804,4,1,0,36,Preschool (2 to 5 years) Immediate Openings,1,2 to 5 years,5,510,870,30.0,"English, Spanish","Part time, School year only","Breakfast, Lunch, Child Care Food Program (CCFP)","Head Start, Accepts Subsidized Payment",2 years - 5 years,24,60,,,,,,English,,,,,,,,,,,,Spanish,,,,Breakfast,Child Care Food Program (CCFP),,Lunch,,,,,,,,Part time,,School year only,,,Accepts Subsidized Payment,,Head Start,,,,,,Child Development,,,,,Developmentally Appropriate Practices,,,,,,,,,,,Pre-kindergarten/Preschool,,,,,,,,Car,Walking,,,,,,,,,,,,,,,,,,,,,other,,,,,,,,,,,,,,,,,,,,,,,,,,,,,,,
15198,4,1,0,20,Preschool (2 to 5 years)Contact provider for details,,2 to 5 years,5,510,750,20.0,English,"Part time, School year only","Breakfast, Lunch","Head Start, Accepts Subsidized Payment",2 years - 4 years,24,48,,,,,,English,,,,,,,,,,,,,,,,Breakfast,,,Lunch,,,,,,,,Part time,,School year only,,,Accepts Subsidized Payment,,Head Start,,,Academic,,,Child Development,,,,,,,,,,,,,,,,Pre-kindergarten/Preschool,,,,,,,,,,,,,,,,,,,,,,,,,,,,,,other,,,,,,,,,,,,,,,,,,,,,,,,,,,,,,,
2182,5,,0,16,Preschool (2 to 5 years) Immediate Openings,1,2 to 5 years,5,450,870,35.0,"English, Spanish","Full Time, Full year","Breakfast, Lunch, PM Snack, Child Care Food Program (CCFP)",Head Start,3 years - 5 years,36,60,,,,,,English,,,,,,,,,,,,Spanish,,,,Breakfast,Child Care Food Program (CCFP),,Lunch,PM Snack,,,,,Full Time,Full year,,,,,,,,Head Start,,,,,,Child Development,Child Directed,,,,Developmentally Appropriate Practices,,,,,,,Parent Involvement,,,,Pre-kindergarten/Preschool,,,,,,,,,,,,,,,,,,,,,,,,,,,,,,other,,,,,,,,,,,,,,,,,,,,,,,,,,,,,,,
13367,3,0,0,78,Preschool (2 to 5 years)Contact provider for details,,2 to 5 years,5,480,885,33.75,"English, Spanish, Labels, Labels English","Part time, School year only","AM Snack, PM Snack",Accepts Subsidized Payment,3 years - 5 years,36,60,,,,,,English,,,,,,,,,,,,Spanish,,,AM Snack,,,,,PM Snack,,,,,,,Part time,,School year only,,,Accepts Subsidized Payment,,,,,,,,,,,,,,,,,,,,,,,,,,,,,,,,,,,,,,,,,,,,,,,,,,,,,,other,,,,,,,,,,,,,,,,,,,,,,,,,,,,,,,
19379,3,0,0,98,Preschool (2 to 5 years)Contact provider for details School Age (6 years and older)Contact provider for details,,2 to 5 years,5,360,1110,62.5,"English, Spanish","Full Time, Part time, Drop in, Before School, After School, Rotating Schedule, Full year, School year only, Summer only","Breakfast, Lunch, PM Snack, Child Care Food Program (CCFP)",Accepts Subsidized Payment,3 years - 12 years,36,144,,,,,,English,,,,,,,,,,,,Spanish,,,,Breakfast,Child Care Food Program (CCFP),,Lunch,PM Snack,After School,Before School,Drop in,,Full Time,Full year,Part time,Rotating Schedule,School year only,,Summer only,Accepts Subsidized Payment,,,,,,,,,,,,,,,,,,,,,,,,,,,,,,,Bus,,,,,,,,,,,,,,,,,,,,,,,other,,,,,,,,,,,,,,,,,,,,,,,,,,,,,,,
3549,4,,0,16,Preschool (2 to 5 years)Contact provider for details,,2 to 5 years,5,480,660,15.0,English,"Part time, School year only",Child Care Food Program (CCFP),CA State Preschool Program,3 years - 5 years,36,60,,,,,,English,,,,,,,,,,,,,,,,,Child Care Food Program (CCFP),,,,,,,,,,Part time,,School year only,,,,CA State Preschool Program,,,,,,,,,,,,,,,,,,,,,,,,,,,,,,,,,,,,,,,,,,,,,,,,,,,,,other,,,,,,,,,,,,,,,,,,,,,,,,,,,,,,,
12423,5,1,0,48,Preschool (2 to 5 years)Contact provider for details,,2 to 5 years,5,495,675,15.0,other,"Part time, School year only","AM Snack, Lunch","CA State Preschool Program, Accepts Subsidized Payment",3 years - 5 years,36,60,,,,,,English,,,,,,,other,,,,,Spanish,Tagalog,,AM Snack,,,,Lunch,,,,,,,,Part time,,School year only,,,Accepts Subsidized Payment,CA State Preschool Program,,,,,,,Child Development,,,,,,,,,,,,,,,,,,,,Special Needs,Subsidize,Virtual/Distance Learning,,,Walking,,,,,,,,,,,,,,,,,,,,,other,,,,,,,,,,,,,,,,,,,,,,,,,,,,,,,
464,5,1,0,120,Infants (0 to 23 months)Contact provider for details Preschool (2 to 5 years)Contact provider for details,,0 to 23 months,4,510,960,30.0,other,other,"Breakfast, Lunch, PM Snack, Child Care Food Program (CCFP)","Other Child Care and Development Program funded by the CDE, Accepts Subsidized Payment",1 years - 5 years,12,60,,,,,,English,,,,,,,,,Russian,,,Spanish,,,,Breakfast,Child Care Food Program (CCFP),,Lunch,PM Snack,,,,,Full Time,,Part time,Rotating Schedule,School year only,,,Accepts Subsidized Payment,,,Other Child Care and Development Program funded by the CDE,,,,,,,,,,Developmentally Appropriate Practices,,,,,,,,,,,,,,,Special Needs,,,,,,,,,,,,,,,,,,,,,,,,,,other,,,,,,,,,,,,,,,,,,,,,,,,,,,,,,,
2650,5,1,0,63,Infants (0 to 23 months)Contact provider for details Preschool (2 to 5 years)Contact provider for details,,0 to 23 months,5,540,780,20.0,English,"Full Time, Part time, Full year","AM Snack, Lunch",Accepts Subsidized Payment,1 years - 5 years,12,60,,,,,,English,,,,,,,,,,,,,,,AM Snack,,,,Lunch,,,,,,Full Time,Full year,Part time,,,,,Accepts Subsidized Payment,,,,,,Art based,,Child Development,,Co-op,,,,,,,,,,,Play based,,,,,,,,,,Bus,,,,,,,,,,,,,,,,,,,,,,,other,,,,,,,,,,,,,,,,,,,,,,,,,,,,,,,
6882,4,,0,24,Preschool (2 to 5 years) Immediate Openings,1,2 to 5 years,5,480,690,17.5,"English, Spanish","Part time, School year only","AM Snack, PM Snack",CA State Preschool Program,2 years - 5 years,24,60,,,,,,English,,,,,,,,,,,,Spanish,,,AM Snack,,,,,PM Snack,,,,,,,Part time,,School year only,,,,CA State Preschool Program,,,,,,,,,,,,,,,,,,,,Play based,,,,,,,,,,,,,,,,,,,,,,,,,,,,,,,,,other,,,,,,,,,,,,,,,,,,,,,,,,,,,,,,,
10925,4,0,0,45,Preschool (2 to 5 years)Contact provider for details,,2 to 5 years,5,330,990,55.0,"English, Spanish, Labels, Labels English",Full Time,"Breakfast, Lunch, PM Snack",Accepts Subsidized Payment,3 years - 4 years,36,48,,,,,,English,,,,,,,,,,,,Spanish,,,,Breakfast,,,Lunch,PM Snack,,,,,Full Time,,,,,,,Accepts Subsidized Payment,,,,,,,,,,,,,,,,,,,,,,,,,,,,,,,,,,,,,,,,,,,,,,,,,,,,,,other,,,,,,,,,,,,,,,,,,,,,,,,,,,,,,,
11944,5,1,1,73,other,1,0 to 23 months,5,450,1050,48.25,"English, Spanish","Full Time, Part time, Full year, School year only","Breakfast, AM Snack, Lunch, PM Snack, Child Care Food Program (CCFP)","CA State Preschool Program, Other Child Care and Development Program funded by the CDE, Accepts Subsidized Payment",1 years - 5 years,12,60,National Association for the Education of Young Children,,,,,English,,,,,,,,,,,,Spanish,,,AM Snack,Breakfast,Child Care Food Program (CCFP),,Lunch,PM Snack,,,,,Full Time,Full year,Part time,,School year only,,,Accepts Subsidized Payment,CA State Preschool Program,,Other Child Care and Development Program funded by the CDE,,Academic,Art based,,Child Development,Child Directed,,Constructivist,,Developmentally Appropriate Practices,,,,,,,Parent Involvement,Play based,,Potty training,Pre-kindergarten/Preschool,Project based,Reggio Emilia,,,,,,,,,,,,,Fr 07:30 AM - 05:30 PM,,,,,,,,,,Mo 07:30 AM - 05:30 PM,,,,,other,,,,,,,,,,,,,,,,,Tu 07:30 AM - 05:30 PM,,,,,,,,,We 07:30 AM - 05:30 PM,,,,,
3776,3,0,0,43,Preschool (2 to 5 years) Immediate Openings,1,2 to 5 years,5,420,1050,52.5,English,"Full Time, Part time, Full year","Breakfast, Lunch, PM Snack, Child Care Food Program (CCFP)",Accepts Subsidized Payment,2 years - 6 years,24,72,,,,,,English,,,,,,,,,,,,,,,,Breakfast,Child Care Food Program (CCFP),,Lunch,PM Snack,,,,,Full Time,Full year,Part time,,,,,Accepts Subsidized Payment,,,,,,,,,,,,,,,,,,,,,Play based,,Potty training,Pre-kindergarten/Preschool,,,Religious,,,,,,,,,,Fr 07:00 AM - 05:30 PM,,,,,,,,,Mo 07:00 AM - 05:30 PM,,,,,,,,,,,,Th 07:00 AM - 05:30 PM,,,,,,,,,,,Tu 07:00 AM - 05:30 PM,,,,,,,,,We 07:00 AM - 05:30 PM,,,,,,,
17127,4,1,0,24,Preschool (2 to 5 years)Contact provider for details,,2 to 5 years,5,465,1020,46.25,"English, Spanish","Full Time, Full year","Breakfast, Lunch, PM Snack, Child Care Food Program (CCFP)","CA State Preschool Program, Other Child Care and Development Program funded by the CDE, Accepts Subsidized Payment",3 years - 4 years,36,48,,,,,,English,,,,,,,,,,,,Spanish,,,,Breakfast,Child Care Food Program (CCFP),,Lunch,PM Snack,,,,,Full Time,Full year,,,,,,Accepts Subsidized Payment,CA State Preschool Program,,Other Child Care and Development Program funded by the CDE,,,Art based,Bilingual,Child Development,,,,,,High Scope,,,,,,Parent Involvement,,,,,Project based,,,Special Needs,,,,,,,,,,,,,,,,,,,,,,,,,,other,,,,,,,,,,,,,,,,,,,,,,,,,,,,,,,
2056,4,,0,96,Preschool (2 to 5 years)Contact provider for details,,2 to 5 years,5,420,1050,52.5,other,"Full Time, Part time, Full year",Child Care Food Program (CCFP),"CA State Preschool Program, Accepts Subsidized Payment",2 years - 5 years,24,60,,,,,,English,,,,Hmong,,,,,,,,Spanish,,,,,Child Care Food Program (CCFP),,,,,,,,Full Time,Full year,Part time,,,,,Accepts Subsidized Payment,CA State Preschool Program,,,,,,,,,,,,,,,,,,,,,,,,,,,,,,,,,,,,Fr 07:00 AM - 05:30 PM,,,,,,,,,Mo 07:00 AM - 05:30 PM,,,,,,,,,,,,Th 07:00 AM - 05:30 PM,,,,,,,,,,,Tu 07:00 AM - 05:30 PM,,,,,,,,,We 07:00 AM - 05:30 PM,,,,,,,
4311,4,1,0,40,Preschool (2 to 5 years)Contact provider for details,,2 to 5 years,5,450,1080,52.5,other,"Full Time, Part time, Drop in, Full year","Breakfast, Lunch, PM Snack",Accepts Subsidized Payment,2 years - 5 years,24,60,,,Chinese (Cantonese),Chinese (Mandarin),,English,,,,,,,,,,,,,,,,Breakfast,,,Lunch,PM Snack,,,Drop in,,Full Time,Full year,Part time,,,,,Accepts Subsidized Payment,,,,,,Art based,Bilingual,,,,,,,,,,,,,,Play based,,Potty training,,,,,,,,Bus,,,,,,,,,,,,,,,,,,,,,,,other,,,,,,,,,,,,,,,,,,,,,,,,,,,,,,,
2420,3,1,0,67,Preschool (2 to 5 years)Contact provider for details School Age (6 years and older)Contact provider for details,,2 to 5 years,5,480,990,42.5,"English, Spanish","Full Time, Part time, Before School, After School, Full year, School year only, Summer only","Breakfast, Lunch, PM Snack",Accepts Subsidized Payment,other,24,132,,,,,,English,,,,,,,,,,,,Spanish,,,,Breakfast,,,Lunch,PM Snack,After School,Before School,,,Full Time,Full year,Part time,,School year only,,Summer only,Accepts Subsidized Payment,,,,,,,,,,,,,,,,,,,,,,,,,,,,,,,,,,,,,,,,,,,,,,,,,,,,,,other,,,,,,,,,,,,,,,,,,,,,,,,,,,,,,,
13973,4,0,0,24,Preschool (2 to 5 years)Contact provider for details,,2 to 5 years,5,510,690,15.0,"English, Spanish","Part time, School year only",AM Snack,CA State Preschool Program,3 years - 5 years,36,60,,,,,,English,,,,,,,,,,,,Spanish,,,AM Snack,,,,,,,,,,,,Part time,,School year only,,,,CA State Preschool Program,,,,,,,,,,,,,,,,,,,,,,,Pre-kindergarten/Preschool,,,,,,,,,,,,,,,,,,Fr 08:30 AM - 11:30 AM,,,,,,,,,,,Mo 08:30 AM - 11:30 AM,,,,,,,,,,,,Th 08:30 AM - 11:30 AM,,,,,,,,,,Tu 08:30 AM - 11:30 AM,,,,,,,,,We 08:30 AM - 11:30 AM,
8,4,0,0,94,Preschool (2 to 5 years)Contact provider for details,,2 to 5 years,5,450,1050,50.0,"English, Spanish",other,"AM Snack, Lunch, PM Snack",Accepts Subsidized Payment,3 years - 5 years,36,60,,,,,,English,,,,,,,,,,,,Spanish,,,AM Snack,,,,Lunch,PM Snack,,,,,Full Time,,,,School year only,,Summer only,Accepts Subsidized Payment,,,,,,,,,,,,,,,,,,,,,,,,,,,,,,,,,,,,,,,Fr 07:30 AM - 05:30 PM,,,,,,,,,,Mo 07:30 AM - 05:30 PM,,,,,,,,,,,,Th 07:30 AM - 05:30 PM,,,,,,,,,,Tu 07:30 AM - 05:30 PM,,,,,,,,,We 07:30 AM - 05:30 PM,,,,,
14034,4,1,0,38,Preschool (2 to 5 years)Contact provider for details,,2 to 5 years,5,450,1065,51.25,English,"Full Time, Part time, School year only","AM Snack, Lunch, PM Snack",Accepts Subsidized Payment,2 years - 5 years,24,60,,,,,,English,,,,,,,,,,,,,,,AM Snack,,,,Lunch,PM Snack,,,,,Full Time,,Part time,,School year only,,,Accepts Subsidized Payment,,,,,Academic,,,,,,,,,,,,,,,,Play based,,,,,,Religious,,,,Bus,,,,,,,,,,,,,,,,,,,,,,,other,,,,,,,,,,,,,,,,,,,,,,,,,,,,,,,
18353,3,0,0,24,Preschool (2 to 5 years)Contact provider for details School Age (6 years and older)Contact provider for details,,2 to 5 years,5,480,900,35.0,English,"Full Time, Part time, School year only",Lunch,CA State Preschool Program,2 years - 6 years,24,72,,,,,,English,,,,,,,,,,,,,,,,,,,Lunch,,,,,,Full Time,,Part time,,School year only,,,,CA State Preschool Program,,,,,,,,,,,,,,,,,,,,,,,,,,,,,,,,,,,,,,,Fr 08:00 AM - 03:00 PM,,,,,,,,,,Mo 08:00 AM - 03:00 PM,,,,,,,,,,,,Th 08:00 AM - 03:00 PM,,,,,,,,,,Tu 08:00 AM - 03:00 PM,,,,,,,,,We 08:00 AM - 03:00 PM,,,,
12422,4,1,0,24,Preschool (2 to 5 years)Contact provider for details,,2 to 5 years,5,510,1410,39.0,English,"Part time, School year only","AM Snack, Lunch","CA State Preschool Program, Accepts Subsidized Payment",3 years - 5 years,36,60,,,,,,English,,,,,,,,,,,,,,,AM Snack,,,,Lunch,,,,,,,,Part time,,School year only,,,Accepts Subsidized Payment,CA State Preschool Program,,,,,,,,,,,,,,,,,,,,,,,,,,,Special Needs,Subsidize,,,,,,,,,,,,,,,,,,,,,,,,,other,,,,,,,,,,,,,,,,,,,,,,,,,,,,,,,
5837,5,0,0,77,Infants (0 to 23 months)Contact provider for details Preschool (2 to 5 years)Contact provider for details,,0 to 23 months,5,330,960,52.5,"English, Spanish","Full Time, Part time, Full year","Breakfast, Lunch, PM Snack","Head Start, CA State Preschool Program, Other Child Care and Development Program funded by the CDE, Accepts Subsidized Payment",0 months - 5 years,0,60,,,,,,English,,,,,,,,,,,,Spanish,,,,Breakfast,,,Lunch,PM Snack,,,,,Full Time,Full year,Part time,,,,,Accepts Subsidized Payment,CA State Preschool Program,Head Start,Other Child Care and Development Program funded by the CDE,,,,,,,,,,,,,,,,,,,,,,,,,,,,,,,,,,,,,,,,,,,,,,,,,,,other,,,,,,,,,,,,,,,,,,,,,,,,,,,,,,,
6311,3,0,0,60,Preschool (2 to 5 years)Contact provider for details,,2 to 5 years,5,420,1065,53.75,other,"Full Time, Full year","Breakfast, AM Snack, Lunch, PM Snack, Child Care Food Program (CCFP)",Accepts Subsidized Payment,3 years - 5 years,36,60,,,,Chinese (Mandarin),,English,,,,,,,,,,,,,,,AM Snack,Breakfast,Child Care Food Program (CCFP),,Lunch,PM Snack,,,,,Full Time,Full year,,,,,,Accepts Subsidized Payment,,,,,,,,,,,,,,,,,,,,,,,,,,,,,,,Bus,,Walking,,,,,,,,,,,,,,,,,,,,,other,,,,,,,,,,,,,,,,,,,,,,,,,,,,,,,
8937,4,1,0,24,Preschool (2 to 5 years)No Openings,0,2 to 5 years,5,495,915,35.0,"English, Spanish",other,"Breakfast, Lunch",,2 years - 5 years,24,60,,,,,,English,,,,,,,,,,,,Spanish,,,,Breakfast,,,Lunch,,,,Drop in,,Full Time,,Part time,,School year only,,,,,,,,,,,,,Co-op,,,Developmentally Appropriate Practices,,,,,,,,Play based,,,,,,,,,,,Car,Walking,,,,,,,,,,,,,,,,,,,,,other,,,,,,,,,,,,,,,,,,,,,,,,,,,,,,,
19112,5,1,0,16,Preschool (2 to 5 years)Contact provider for details,,2 to 5 years,5,510,720,17.5,English,"Part time, School year only","AM Snack, Child Care Food Program (CCFP)","Head Start, CA State Preschool Program",2 years - 5 years,24,60,,,,,,English,,,,,,,,,,,,,,,AM Snack,,Child Care Food Program (CCFP),,,,,,,,,,Part time,,School year only,,,,CA State Preschool Program,Head Start,,,,,,Child Development,,,,,Developmentally Appropriate Practices,,,,,,,Parent Involvement,Play based,,Potty training,Pre-kindergarten/Preschool,,,,,,,,,,,,,,,,,,,,,,,,,,,,,,other,,,,,,,,,,,,,,,,,,,,,,,,,,,,,,,
7084,3,0,0,111,Infants (0 to 23 months)Contact provider for details Preschool (2 to 5 years)Contact provider for details,,0 to 23 months,5,360,990,52.5,"English, Spanish","Full Time, Part time, Rotating Schedule, Full year, School year only, Summer only","Breakfast, AM Snack, Lunch, PM Snack","CA State Preschool Program, Other Child Care and Development Program funded by the CDE, Accepts Subsidized Payment",0 months - 5 years,0,60,,,,,,English,,,,,,,,,,,,Spanish,,,AM Snack,Breakfast,,,Lunch,PM Snack,,,,,Full Time,Full year,Part time,Rotating Schedule,School year only,,Summer only,Accepts Subsidized Payment,CA State Preschool Program,,Other Child Care and Development Program funded by the CDE,,,,,Child Development,,,,,,,,,,,,,,,,Pre-kindergarten/Preschool,,,,,,Virtual/Distance Learning,,,,,,,,,,,,,,,,,,,,,,,,other,,,,,,,,,,,,,,,,,,,,,,,,,,,,,,,
19063,4,1,0,30,Preschool (2 to 5 years)Contact provider for details,,2 to 5 years,5,510,900,32.5,"English, Spanish","Full Time, School year only","Breakfast, Lunch, PM Snack, Child Care Food Program (CCFP)","Head Start, CA State Preschool Program",2 years - 5 years,24,60,,,,,,English,,,,,,,,,,,,Spanish,,,,Breakfast,Child Care Food Program (CCFP),,Lunch,PM Snack,,,,,Full Time,,,,School year only,,,,CA State Preschool Program,Head Start,,,,,,,,,,,Developmentally Appropriate Practices,,,,,,,,,,,,,,,,,,,,,,,,,,,,,,,,,,,,,,,,,other,,,,,,,,,,,,,,,,,,,,,,,,,,,,,,,
18626,5,,0,103,Infants (0 to 23 months)Contact provider for details Preschool (2 to 5 years)Contact provider for details School Age (6 years and older)Contact provider for details,,0 to 23 months,5,420,1080,55.0,English,"Full Time, Part time, Before School, After School, Full year",,Accepts Subsidized Payment,2 months - 5 years,2,60,,,,,,English,,,,,,,,,,,,,,,,,,,,,After School,Before School,,,Full Time,Full year,Part time,,,,,Accepts Subsidized Payment,,,,,,,,,,,,,Developmentally Appropriate Practices,,,,,,,,Play based,,,,,,,,,,,,,,,,,Fr 07:00 AM - 06:00 PM,,,,,,,,,Mo 07:00 AM - 06:00 PM,,,,,,,,,,,,Th 07:00 AM - 06:00 PM,,,,,,,,,,,Tu 07:00 AM - 06:00 PM,,,,,,,,,We 07:00 AM - 06:00 PM,,,,,,
11827,5,0,0,27,Preschool (2 to 5 years)Contact provider for details,,2 to 5 years,5,465,1035,47.5,"English, Spanish","Full Time, Part time, Full year, School year only","Breakfast, Lunch, PM Snack",CA State Preschool Program,2 years - 5 years,24,60,,,,,,English,,,,,,,,,,,,Spanish,,,,Breakfast,,,Lunch,PM Snack,,,,,Full Time,Full year,Part time,,School year only,,,,CA State Preschool Program,,,,,,Bilingual,Child Development,Child Directed,,,,Developmentally Appropriate Practices,,,,,,,,Play based,,Potty training,,,,,,,,,Car,,,,,,,,,,,,,,,,,,,,,,other,,,,,,,,,,,,,,,,,,,,,,,,,,,,,,,
16008,1,0,0,48,Preschool (2 to 5 years)Contact provider for details,,2 to 5 years,5,420,1080,55.0,English,"Full Time, Part time, Before School, After School, Full year, School year only, Summer only",Breakfast,Accepts Subsidized Payment,other,60,60,,,,,,English,,,,,,,,,,,,,,,,Breakfast,,,,,After School,Before School,,,Full Time,Full year,Part time,,School year only,,Summer only,Accepts Subsidized Payment,,,,,,,,,,Co-op,,,,,,,,,,,,,,,,,,,,,,,,,,,,Fr 07:00 AM - 06:00 PM,,,,,,,,,Mo 07:00 AM - 06:00 PM,,,,,,,,,,,,Th 07:00 AM - 06:00 PM,,,,,,,,,,,Tu 07:00 AM - 06:00 PM,,,,,,,,,We 07:00 AM - 06:00 PM,,,,,,
16412,5,1,0,209,Infants (0 to 23 months)Contact provider for details Preschool (2 to 5 years)Contact provider for details School Age (6 years and older)Contact provider for details,,0 to 23 months,6,450,1080,63.0,other,other,"Breakfast, Lunch, PM Snack, Child Care Food Program (CCFP)","CA State Preschool Program, Other Child Care and Development Program funded by the CDE, Accepts Subsidized Payment",2 years - 5 years,24,60,,,Chinese (Cantonese),Chinese (Mandarin),,English,,,,,,,,,,,,Spanish,,Vietnamese,,Breakfast,Child Care Food Program (CCFP),,Lunch,PM Snack,After School,,,,Full Time,Full year,,,,,,Accepts Subsidized Payment,CA State Preschool Program,,Other Child Care and Development Program funded by the CDE,,,Art based,Bilingual,,,,,,,,,,,,,,Play based,,,,,,,,,,Bus,,Walking,,,,,,,,,,,,,,,,,,,,,other,,,,,,,,,,,,,,,,,,,,,,,,,,,,,,,
16594,4,0,0,27,Preschool (2 to 5 years)Contact provider for details,,2 to 5 years,5,465,645,15.0,"English, Spanish","Part time, School year only",other,"CA State Preschool Program, Other Child Care and Development Program funded by the CDE, Other Public Contract, Accepts Subsidized Payment",3 years - 5 years,36,60,,,,,,English,,,,,,,,,,,,Spanish,,,,Breakfast,,Dinner,Lunch,,,,,,,,Part time,,School year only,,,Accepts Subsidized Payment,CA State Preschool Program,,Other Child Care and Development Program funded by the CDE,Other Public Contract,,,,,,,,,,,,,,,,,,,Potty training,,,,,,,,,,,,,,,,,,,,,,,,,,,,,,,other,,,,,,,,,,,,,,,,,,,,,,,,,,,,,,,
13276,3,1,0,22,Infants (0 to 23 months)Contact provider for details Preschool (2 to 5 years)Contact provider for details,,0 to 23 months,5,540,900,30.0,other,"Full Time, Part time, Full year","Breakfast, Lunch, PM Snack, Child Care Food Program (CCFP)","Head Start, Accepts Subsidized Payment",other,2,36,,Arabic,,,,English,,,,,,,other,,,,,Spanish,Tagalog,,,Breakfast,Child Care Food Program (CCFP),,Lunch,PM Snack,,,,,Full Time,Full year,Part time,,,,,Accepts Subsidized Payment,,Head Start,,,,,,Child Development,,,,,,,,,,,,,,,,,,,,,,,,,,,,,,,,,,,,,,,,,,,,,,other,,,,,,,,,,,,,,,,,,,,,,,,,,,,,,,
9644,5,0,0,77,Infants (0 to 23 months)Contact provider for details Preschool (2 to 5 years)Contact provider for details,,0 to 23 months,5,330,990,55.0,"English, Spanish","Full Time, Part time, Full year","Breakfast, Lunch, PM Snack",other,0 months - 5 years,0,60,,,,,,English,,,,,,,,,,,,Spanish,,,,Breakfast,,,Lunch,PM Snack,,,,,Full Time,Full year,Part time,,,,,Accepts Subsidized Payment,CA State Preschool Program,Head Start,Other Child Care and Development Program funded by the CDE,Other Public Contract,,,,,,,,,,,,,,,,,,,,,,,,,,,,,,,,,,,,,,,,,,,,,,,,,,other,,,,,,,,,,,,,,,,,,,,,,,,,,,,,,,
15402,4,1,1,59,Preschool (2 to 5 years) Immediate Openings,1,2 to 5 years,5,420,1080,55.0,other,other,"AM Snack, PM Snack",Accepts Subsidized Payment,1 years - 6 years,12,72,,,,Chinese (Mandarin),,English,Farsi,,Hindi,,,,other,,Russian,,,Spanish,,,AM Snack,,,,,PM Snack,,,,,Full Time,Full year,Part time,Rotating Schedule,,,,Accepts Subsidized Payment,,,,,,,,,,,,COVID-19 Emergency Response Care,,,,Kindergarten,,,,,,,,Pre-kindergarten/Preschool,,,,,,,,,,,,,,Fr 07:00 AM - 06:00 PM,,,,,,,,,Mo 07:00 AM - 06:00 PM,,,,,,,,,,,,Th 07:00 AM - 06:00 PM,,,,,,,,,,,Tu 07:00 AM - 06:00 PM,,,,,,,,,We 07:00 AM - 06:00 PM,,,,,,
12317,5,0,0,15,Preschool (2 to 5 years)Contact provider for details,,2 to 5 years,5,480,960,40.0,English,"Full Time, Part time, Full year",Not provided,,3 years - 5 years,36,60,,,,,,English,,,,,,,,,,,,,,,,,,,,,,,,,Full Time,Full year,Part time,,,,,,,,,,,,,,,,,,,,,,,,,,,,,,,,,,,,,,,,,,,,,,,,,,,,,,,,Mo 08:00 AM - 04:00 PM,,,other,,,,,,,,,Th 08:00 AM - 04:00 PM,,,,,,,,,,Tu 08:00 AM - 04:00 PM,,,,,,,,,We 08:00 AM - 04:00 PM,,,
6418,2,1,0,95,Preschool (2 to 5 years)Contact provider for details,,2 to 5 years,5,450,1020,47.5,"English, Spanish, Tagalog",other,"AM Snack, PM Snack",Accepts Subsidized Payment,2 years - 5 years,24,60,,,,,,English,,,,,,,,,,,,Spanish,Tagalog,,AM Snack,,,,,PM Snack,,,,,Full Time,Full year,,,School year only,Seasonal,Summer only,Accepts Subsidized Payment,,,,,,,,Child Development,,,,,Developmentally Appropriate Practices,,,,,,other,,Play based,,Potty training,Pre-kindergarten/Preschool,,,,Special Needs,,,,,,,,,,,,,,,,,,,,,,,,,,other,,,,,,,,,,,,,,,,,,,,,,,,,,,,,,,
15161,4,1,0,44,Preschool (2 to 5 years)Contact provider for details,,2 to 5 years,5,450,1050,50.0,other,"Full Time, Full year","AM Snack, Lunch, PM Snack, Child Care Food Program (CCFP)","CA State Preschool Program, Accepts Subsidized Payment",2 years - 5 years,24,60,,,Chinese (Cantonese),,,English,,,,,,,,,,,,,,,AM Snack,,Child Care Food Program (CCFP),,Lunch,PM Snack,,,,,Full Time,Full year,,,,,,Accepts Subsidized Payment,CA State Preschool Program,,,,,Art based,Bilingual,Child Development,,,,,,,,,,,,,Play based,,,,,,,,,,,,,,,,,,Fr 07:30 AM - 05:30 PM,,,,,,,,,,Mo 07:30 AM - 05:30 PM,,,,,,,,,,,,Th 07:30 AM - 05:30 PM,,,,,,,,,,Tu 07:30 AM - 05:30 PM,,,,,,,,,We 07:30 AM - 05:30 PM,,,,,
4463,5,0,0,24,Preschool (2 to 5 years)Contact provider for details,,2 to 5 years,5,360,1080,60.0,English,"Full Time, Full year",Not provided,Accepts Subsidized Payment,0 months - 11 months,0,11,,,,,,English,,,,,,,,,,,,,,,,,,,,,,,,,Full Time,Full year,,,,,,Accepts Subsidized Payment,,,,,,,,,,,,,,,,,,,,,,,,,,,,,,,,,,Fr 06:00 AM - 06:00 PM,,,,,,,,,Mo 06:00 AM - 06:00 PM,,,,,,,,,,,,Th 06:00 AM - 06:00 PM,,,,,,,,,,,Tu 06:00 AM - 06:00 PM,,,,,,,,,,We 06:00 AM - 06:00 PM,,,,,,,,,
15934,5,0,0,48,Preschool (2 to 5 years)Contact provider for details,,2 to 5 years,5,360,1080,60.0,English,"Full Time, Full year",Not provided,Accepts Subsidized Payment,0 months - 11 months,0,11,,,,,,English,,,,,,,,,,,,,,,,,,,,,,,,,Full Time,Full year,,,,,,Accepts Subsidized Payment,,,,,,,,,,,,,,,,,,,,,,,,,,,,,,,,,,Fr 06:00 AM - 06:00 PM,,,,,,,,,Mo 06:00 AM - 06:00 PM,,,,,,,,,,,,Th 06:00 AM - 06:00 PM,,,,,,,,,,,Tu 06:00 AM - 06:00 PM,,,,,,,,,,We 06:00 AM - 06:00 PM,,,,,,,,,
8316,3,0,0,70,Preschool (2 to 5 years)Contact provider for details,,2 to 5 years,5,420,1080,55.0,other,"Full Time, Part time, Full year","Breakfast, AM Snack, Lunch, PM Snack, Child Care Food Program (CCFP)",CA State Preschool Program,2 years - 5 years,24,60,,,Chinese (Cantonese),,,English,,,,,,,,,,,,Spanish,,Vietnamese,AM Snack,Breakfast,Child Care Food Program (CCFP),,Lunch,PM Snack,,,,,Full Time,Full year,Part time,,,,,,CA State Preschool Program,,,,,,,Child Development,,,,,Developmentally Appropriate Practices,,,,,,,,Play based,,,,,,,,,,,,,,,,,Fr 07:00 AM - 06:00 PM,,,,,,,,,Mo 07:00 AM - 06:00 PM,,,,,,,,,,,,Th 07:00 AM - 06:00 PM,,,,,,,,,,,Tu 07:00 AM - 06:00 PM,,,,,,,,,We 07:00 AM - 06:00 PM,,,,,,
8127,4,0,0,40,Infants (0 to 23 months) Immediate Openings Preschool (2 to 5 years) Immediate Openings,1,0 to 23 months,5,420,1080,55.0,other,"Full Time, Part time, Full year","Breakfast, AM Snack, Lunch, PM Snack, Child Care Food Program (CCFP)","Other Child Care and Development Program funded by the CDE, Accepts Subsidized Payment",other,24,36,,,Chinese (Cantonese),,,English,,,,,,,,,,,,Spanish,,Vietnamese,AM Snack,Breakfast,Child Care Food Program (CCFP),,Lunch,PM Snack,,,,,Full Time,Full year,Part time,,,,,Accepts Subsidized Payment,,,Other Child Care and Development Program funded by the CDE,,,,,Child Development,Child Directed,,,,Developmentally Appropriate Practices,,,,,,,,Play based,,Potty training,,,,,,,,,,,,,,,Fr 07:00 AM - 06:00 PM,,,,,,,,,Mo 07:00 AM - 06:00 PM,,,,,,,,,,,,Th 07:00 AM - 06:00 PM,,,,,,,,,,,Tu 07:00 AM - 06:00 PM,,,,,,,,,We 07:00 AM - 06:00 PM,,,,,,
16285,5,0,0,,other,,,5,420,1020,50.0,"English, English","Full Time, School year only",Not provided,Accepts Subsidized Payment,other,0,0,,,,,,English,,,,,,,,,,,,,,,,,,,,,,,,,Full Time,,,,School year only,,,Accepts Subsidized Payment,,,,,Academic,,,,,,,,,,,,,,,,,,,,,,,,,,,,,,,Fr 07:00 AM - 05:00 PM,,,,,,,,,Mo 07:00 AM - 05:00 PM,,,,,,,,,other,,,Th 07:00 AM - 05:00 PM,,,,,,,,,,,Tu 07:00 AM - 05:00 PM,,,,,,,,,,,,,,,,,
14091,4,0,0,274,Infants (0 to 23 months)Contact provider for details Preschool (2 to 5 years)Contact provider for details,,0 to 23 months,5,450,1050,50.0,English,other,"Breakfast, AM Snack, Lunch, PM Snack, Dinner, Child Care Food Program (CCFP)",Accepts Subsidized Payment,1 months - 5 years,1,60,,,,,,English,,,,,,,,,,,,,,,AM Snack,Breakfast,Child Care Food Program (CCFP),Dinner,Lunch,PM Snack,,,Drop in,Evening,Full Time,Full year,Part time,Rotating Schedule,School year only,,Summer only,Accepts Subsidized Payment,,,,,,,,,,,,,,,,,,,,,,,,,,,,,,,,,,,,,,,Fr 07:30 AM - 05:30 PM,,,,,,,,,,Mo 07:30 AM - 05:30 PM,,,,,,,,,,,,Th 07:30 AM - 05:30 PM,,,,,,,,,,Tu 07:30 AM - 05:30 PM,,,,,,,,,We 07:30 AM - 05:30 PM,,,,,
8350,4,1,0,49,Infants (0 to 23 months)Contact provider for details Preschool (2 to 5 years)Contact provider for details,,0 to 23 months,5,465,1050,48.75,other,"Full Time, Full year",Child Care Food Program (CCFP),"Other Child Care and Development Program funded by the CDE, Accepts Subsidized Payment",other,12,48,,,Chinese (Cantonese),Chinese (Mandarin),,English,,,Hindi,,,,other,,,,,Spanish,,,,,Child Care Food Program (CCFP),,,,,,,,Full Time,Full year,,,,,,Accepts Subsidized Payment,,,Other Child Care and Development Program funded by the CDE,,,,,Child Development,,,,,,,,,,,,,Play based,,,Pre-kindergarten/Preschool,,,,,,,,,,,,,,,,,,,,,,,,,,,,,,other,,,,,,,,,,,,,,,,,,,,,,,,,,,,,,,
10296,5,1,0,24,Preschool (2 to 5 years)No Openings,0,2 to 5 years,5,510,690,15.0,"English, Spanish",other,Not provided,CA State Preschool Program,2 years - 5 years,24,60,,,,,,English,,,,,,,,,,,,Spanish,,,,,,,,,,,,,,Full year,Part time,,School year only,,,,CA State Preschool Program,,,,,,,Child Development,,,,,Developmentally Appropriate Practices,,,,,,,,Play based,,,Pre-kindergarten/Preschool,,,,Special Needs,,,,,,,,,,,,,,Fr 08:30 AM - 11:30 AM,,,,,,,,,,,Mo 08:30 AM - 11:30 AM,,,,,,,,,,,,Th 08:30 AM - 11:30 AM,,,,,,,,,,Tu 08:30 AM - 11:30 AM,,,,,,,,,We 08:30 AM - 11:30 AM,
16368,5,1,0,30,Preschool (2 to 5 years)Contact provider for details,,2 to 5 years,5,510,690,15.0,other,"Part time, School year only","Breakfast, Lunch",CA State Preschool Program,2 years - 5 years,24,60,,,,,,English,,,,,,,,,,Sign Language,,Spanish,,,,Breakfast,,,Lunch,,,,,,,,Part time,,School year only,,,,CA State Preschool Program,,,,,,,Child Development,,,,,Developmentally Appropriate Practices,,,,,,,Parent Involvement,Play based,,Potty training,Pre-kindergarten/Preschool,,,,Special Needs,,,Bus,,,,,,,,,,,Fr 08:30 AM - 11:30 AM,,,,,,,,,,,Mo 08:30 AM - 11:30 AM,,,,,,,,,,,,Th 08:30 AM - 11:30 AM,,,,,,,,,,Tu 08:30 AM - 11:30 AM,,,,,,,,,We 08:30 AM - 11:30 AM,
4994,3,1,0,296,Infants (0 to 23 months)Contact provider for details Preschool (2 to 5 years)Contact provider for details,,0 to 23 months,4,390,1080,46.0,English,"Full Time, Part time, Full year","AM Snack, PM Snack",Accepts Subsidized Payment,2 months - 5 years,2,60,,,,,,English,,,,,,,,,,,,,,,AM Snack,,,,,PM Snack,,,,,Full Time,Full year,Part time,,,,,Accepts Subsidized Payment,,,,,Academic,Art based,,,,,,,,,,,,,,,Play based,,Potty training,,,,,,,,Bus,,,,Fr 06:30 AM - 06:00 PM,,,,,,,,,,,,,,,,,,,,,Th 06:30 AM - 06:00 PM,,,,,,,,,,,Tu 06:30 AM - 06:00 PM,,,,,,,,,,We 06:30 AM - 06:00 PM,,,,,,,,
9726,4,1,0,80,Preschool (2 to 5 years)Contact provider for details,,2 to 5 years,5,450,960,42.5,other,"Full Time, Part time, School year only","Breakfast, Lunch, PM Snack","Head Start, CA State Preschool Program, Accepts Subsidized Payment",3 years - 5 years,36,60,,,,,,English,Farsi,,,,,,other,,,,Somali,Spanish,,Vietnamese,,Breakfast,,,Lunch,PM Snack,,,,,Full Time,,Part time,,School year only,,,Accepts Subsidized Payment,CA State Preschool Program,Head Start,,,,,,,,,,,,,,,,,,,,,,,,,,Special Needs,Subsidize,,Bus,,Walking,,,,,,,,,,,,,,,,,,,,,other,,,,,,,,,,,,,,,,,,,,,,,,,,,,,,,
9514,4,1,0,19,Preschool (2 to 5 years)Contact provider for details,,2 to 5 years,5,480,870,32.5,"English, Spanish","Part time, School year only","AM Snack, Lunch, PM Snack","Head Start, CA State Preschool Program, Accepts Subsidized Payment",3 years - 5 years,36,60,,,,,,English,,,,,,,,,,,,Spanish,,,AM Snack,,,,Lunch,PM Snack,,,,,,,Part time,,School year only,,,Accepts Subsidized Payment,CA State Preschool Program,Head Start,,,,,,Child Development,,,,,,,,,,,,,,,,,,,,Special Needs,Subsidize,,,,,,,,,,,,,,,,,,,,,,,,,other,,,,,,,,,,,,,,,,,,,,,,,,,,,,,,,
2655,5,0,0,48,Preschool (2 to 5 years)Contact provider for details,,2 to 5 years,5,360,1080,60.0,English,"Full Time, Full year",Not provided,Accepts Subsidized Payment,0 months - 11 months,0,11,,,,,,English,,,,,,,,,,,,,,,,,,,,,,,,,Full Time,Full year,,,,,,Accepts Subsidized Payment,,,,,,,,,,,,,,,,,,,,,,,,,,,,,,,,,,Fr 06:00 AM - 06:00 PM,,,,,,,,,Mo 06:00 AM - 06:00 PM,,,,,,,,,,,,Th 06:00 AM - 06:00 PM,,,,,,,,,,,Tu 06:00 AM - 06:00 PM,,,,,,,,,,We 06:00 AM - 06:00 PM,,,,,,,,,
12696,5,1,0,24,Preschool (2 to 5 years)Contact provider for details,,2 to 5 years,5,495,675,15.0,"English, Spanish","Part time, School year only","Breakfast, Lunch","CA State Preschool Program, Accepts Subsidized Payment",3 years - 5 years,36,60,,,,,,English,,,,,,,,,,,,Spanish,,,,Breakfast,,,Lunch,,,,,,,,Part time,,School year only,,,Accepts Subsidized Payment,CA State Preschool Program,,,,,,,Child Development,,,,,,,,,,No Pets,,,,,,,,,,Special Needs,Subsidize,,,,Walking,,,,,,,,,,,,,,,,,,,,,other,,,,,,,,,,,,,,,,,,,,,,,,,,,,,,,
3401,4,0,0,65,Preschool (2 to 5 years)Contact provider for details,,2 to 5 years,5,300,1020,60.0,"English, Spanish, Labels, Labels English",Full Time,"Breakfast, Lunch, PM Snack",Accepts Subsidized Payment,2 years - 5 years,24,60,,,,,,English,,,,,,,,,,,,Spanish,,,,Breakfast,,,Lunch,PM Snack,,,,,Full Time,,,,,,,Accepts Subsidized Payment,,,,,,,,,,,,,,,,,,,,,,,,,,,,,,,,,,,,,,,,,,,,,,,,,,,,,,other,,,,,,,,,,,,,,,,,,,,,,,,,,,,,,,
5830,5,0,0,20,Preschool (2 to 5 years)No Openings,0,2 to 5 years,5,480,960,40.0,"English, Spanish","Part time, School year only","Breakfast, AM Snack, Lunch, PM Snack","Head Start, CA State Preschool Program, Other Child Care and Development Program funded by the CDE, Accepts Subsidized Payment",3 years - 5 years,36,60,,,,,,English,,,,,,,,,,,,Spanish,,,AM Snack,Breakfast,,,Lunch,PM Snack,,,,,,,Part time,,School year only,,,Accepts Subsidized Payment,CA State Preschool Program,Head Start,Other Child Care and Development Program funded by the CDE,,Academic,,,,,,,,,,,,,,,Parent Involvement,,,,Pre-kindergarten/Preschool,,,,,,,,,,,,,,,,,,,,,,,,,,,Mo 08:00 AM - 04:00 PM,,,other,,,,,,,,,Th 08:00 AM - 04:00 PM,,,,,,,,,,Tu 08:00 AM - 04:00 PM,,,,,,,,,We 08:00 AM - 04:00 PM,,,
12368,5,0,0,24,Preschool (2 to 5 years)Contact provider for details,,2 to 5 years,5,485,665,15.0,"English, Spanish","Part time, School year only","Breakfast, AM Snack, Lunch, PM Snack","CA State Preschool Program, Accepts Subsidized Payment",3 years - 5 years,36,60,,,,,,English,,,,,,,,,,,,Spanish,,,AM Snack,Breakfast,,,Lunch,PM Snack,,,,,,,Part time,,School year only,,,Accepts Subsidized Payment,CA State Preschool Program,,,,,,,Child Development,,,,,,,,,,,,,,,,,,,,,Subsidize,,,,,,,,,,,,,,,,,,,,,,,,,other,,,,,,,,,,,,,,,,,,,,,,,,,,,,,,,
4935,5,1,0,24,Preschool (2 to 5 years)Contact provider for details,,2 to 5 years,5,465,645,15.0,"English, Spanish",other,"Breakfast, Lunch","CA State Preschool Program, Accepts Subsidized Payment",3 years - 5 years,36,60,,,,,,English,,,,,,,,,,,,Spanish,,,,Breakfast,,,Lunch,,,,Drop in,,,,Part time,,School year only,,,Accepts Subsidized Payment,CA State Preschool Program,,,,,,,Child Development,,,,,,,,,,No Pets,,,,,,Pre-kindergarten/Preschool,,,,Special Needs,Subsidize,,,,,,,,,,,,,,,,,,,,,,,,,other,,,,,,,,,,,,,,,,,,,,,,,,,,,,,,,
5664,5,1,1,22,Preschool (2 to 5 years) Immediate Openings,1,2 to 5 years,5,495,675,15.0,"English, Spanish","Part time, School year only","Breakfast, Lunch",CA State Preschool Program,2 years - 5 years,24,60,,,,,,English,,,,,,,,,,,,Spanish,,,,Breakfast,,,Lunch,,,,,,,,Part time,,School year only,,,,CA State Preschool Program,,,,Academic,,,,,,,,,,,Kindergarten,,,,,,,,Pre-kindergarten/Preschool,,,,,,,,Car,Walking,,,,,,,,,,,,,,,,,,,,,other,,,,,,,,,,,,,,,,,,,,,,,,,,,,,,,
14945,4,0,0,390,Preschool (2 to 5 years)Contact provider for details,,2 to 5 years,5,420,1080,55.0,"English, Spanish","Part time, School year only","Breakfast, AM Snack, Lunch, PM Snack",Accepts Subsidized Payment,3 years - 5 years,36,60,,,,,,English,,,,,,,,,,,,Spanish,,,AM Snack,Breakfast,,,Lunch,PM Snack,,,,,,,Part time,,School year only,,,Accepts Subsidized Payment,,,,,,,,,,,,,,,,,,,,,,,,,,,,,,,,,,,,,,Fr 07:00 AM - 06:00 PM,,,,,,,,,Mo 07:00 AM - 06:00 PM,,,,,,,,,,,,Th 07:00 AM - 06:00 PM,,,,,,,,,,,Tu 07:00 AM - 06:00 PM,,,,,,,,,We 07:00 AM - 06:00 PM,,,,,,
10959,4,0,0,45,Preschool (2 to 5 years)Contact provider for details,,2 to 5 years,,,,,English,"Full Time, Part time, Full year, School year only, Summer only",Not provided,Accepts Subsidized Payment,3 years - 5 years,36,60,,,,,,English,,,,,,,,,,,,,,,,,,,,,,,,,Full Time,Full year,Part time,,School year only,,Summer only,Accepts Subsidized Payment,,,,,,,,,,,,,,,,,,,,,,,,,,,,,,,,,,,,,,,,,,,,,,,,,,,,,,,,,,,,,,,,,,,,,,,,,,,,,,,,,,,,,
3366,4,0,0,63,Preschool (2 to 5 years)Contact provider for details,,2 to 5 years,5,360,1080,60.0,"English, Spanish","Full Time, Part time, Drop in, Before School, After School, Rotating Schedule, Full year, School year only, Summer only","AM Snack, PM Snack",Accepts Subsidized Payment,3 years - 5 years,36,60,,,,,,English,,,,,,,,,,,,Spanish,,,AM Snack,,,,,PM Snack,After School,Before School,Drop in,,Full Time,Full year,Part time,Rotating Schedule,School year only,,Summer only,Accepts Subsidized Payment,,,,,,,,,,,,,,,,,,,,,,,,,,,,,,,,,,Fr 06:00 AM - 06:00 PM,,,,,,,,,Mo 06:00 AM - 06:00 PM,,,,,,,,,,,,Th 06:00 AM - 06:00 PM,,,,,,,,,,,Tu 06:00 AM - 06:00 PM,,,,,,,,,,We 06:00 AM - 06:00 PM,,,,,,,,,
15758,5,1,0,191,Preschool (2 to 5 years)Contact provider for details,,2 to 5 years,5,510,960,37.5,other,"Full Time, Part time, School year only","Breakfast, Lunch, Child Care Food Program (CCFP)","Head Start, CA State Preschool Program, Accepts Subsidized Payment",3 years - 5 years,36,60,,Arabic,,,,English,,,,,,,,,,,,Spanish,Tagalog,,,Breakfast,Child Care Food Program (CCFP),,Lunch,,,,,,Full Time,,Part time,,School year only,,,Accepts Subsidized Payment,CA State Preschool Program,Head Start,,,,,,Child Development,,,,,,,,,,,,,,,Potty training,Pre-kindergarten/Preschool,,,,Special Needs,Subsidize,,Bus,,,,,,,,,,,,,,,,,,,,,,,other,,,,,,,,,,,,,,,,,,,,,,,,,,,,,,,
16256,5,1,0,65,Preschool (2 to 5 years)Contact provider for details,,2 to 5 years,5,450,1080,52.5,other,"Full Time, Full year","Breakfast, Lunch, PM Snack, Child Care Food Program (CCFP)","CA State Preschool Program, Accepts Subsidized Payment",2 years - 5 years,24,60,,,Chinese (Cantonese),Chinese (Mandarin),,English,,,,,,,,,,,,,,,,Breakfast,Child Care Food Program (CCFP),,Lunch,PM Snack,,,,,Full Time,Full year,,,,,,Accepts Subsidized Payment,CA State Preschool Program,,,,,Art based,Bilingual,Child Development,,,,,,,,,,,,,Play based,,,,,,,,,,Bus,,Walking,,,,,,,,,,,,,,,,,,,,,other,,,,,,,,,,,,,,,,,,,,,,,,,,,,,,,
5147,4,0,0,40,Preschool (2 to 5 years)Contact provider for details,,2 to 5 years,5,480,940,38.33,"English, Spanish","Part time, School year only","Breakfast, Lunch",Accepts Subsidized Payment,3 years - 5 years,36,60,,,,,,English,,,,,,,,,,,,Spanish,,,,Breakfast,,,Lunch,,,,,,,,Part time,,School year only,,,Accepts Subsidized Payment,,,,,,,,,,,,,,,,,,,,,,,,,,,,,,,,,,,,,,,,,,,,,,,,,,,,,,other,,,,,,,,,,,,,,,,,,,,,,,,,,,,,,,
3691,4,0,0,75,Preschool (2 to 5 years)Contact provider for details School Age (6 years and older)Contact provider for details,,2 to 5 years,5,480,1080,50.0,"English, Spanish","Part time, School year only","Breakfast, Lunch",Accepts Subsidized Payment,3 years - 12 years,36,144,,,,,,English,,,,,,,,,,,,Spanish,,,,Breakfast,,,Lunch,,,,,,,,Part time,,School year only,,,Accepts Subsidized Payment,,,,,,,,,,,,,,,,,,,,,,,,,,,,,,,,,,,,,,,,,,,,,,,,,,,,,,other,,,,,,,,,,,,,,,,,,,,,,,,,,,,,,,
10038,5,,0,25,Preschool (2 to 5 years)Contact provider for details,,2 to 5 years,5,480,865,32.08,"English, Spanish","Part time, School year only",Child Care Food Program (CCFP),CA State Preschool Program,3 years - 4 years,36,48,,,,,,English,,,,,,,,,,,,Spanish,,,,,Child Care Food Program (CCFP),,,,,,,,,,Part time,,School year only,,,,CA State Preschool Program,,,,,,,,,,,,,,,,,,,,,,,,,,,,,,,,,,,,,,,,,,,,,,,,,,,,,other,,,,,,,,,,,,,,,,,,,,,,,,,,,,,,,
6756,5,,0,60,Preschool (2 to 5 years)Contact provider for details,,2 to 5 years,5,780,960,15.0,"English, Spanish","Part time, School year only",Not provided,CA State Preschool Program,3 years - 5 years,36,60,,,,,,English,,,,,,,,,,,,Spanish,,,,,,,,,,,,,,,Part time,,School year only,,,,CA State Preschool Program,,,,,,,,,,,,,,,,,,,,,,,,,,,,,,,,,,,,,,,,,,,,,,,,,,,,,other,,,,,,,,,,,,,,,,,,,,,,,,,,,,,,,
13755,3,0,0,24,Preschool (2 to 5 years)Contact provider for details,,2 to 5 years,5,420,1020,50.0,"English, English","Full Time, School year only",Not provided,Accepts Subsidized Payment,other,0,0,,,,,,English,,,,,,,,,,,,,,,,,,,,,,,,,Full Time,,,,School year only,,,Accepts Subsidized Payment,,,,,,,,,,,,,,,,,,,,,,,,,,,,,,,,,,,,Fr 07:00 AM - 05:00 PM,,,,,,,,,Mo 07:00 AM - 05:00 PM,,,,,,,,,other,,,Th 07:00 AM - 05:00 PM,,,,,,,,,,,Tu 07:00 AM - 05:00 PM,,,,,,,,,,,,,,,,,
9613,4,,0,48,Preschool (2 to 5 years)Contact provider for details,,2 to 5 years,5,480,675,16.25,English,"Part time, School year only",Child Care Food Program (CCFP),CA State Preschool Program,3 years - 5 years,36,60,,,,,,English,,,,,,,,,,,,,,,,,Child Care Food Program (CCFP),,,,,,,,,,Part time,,School year only,,,,CA State Preschool Program,,,,,,,,,,,,,,,,,,,,,,,,,,,,,,,,,,,,,,,,,,,,,,,,,,,,,other,,,,,,,,,,,,,,,,,,,,,,,,,,,,,,,
18930,4,1,1,215,Infants (0 to 23 months)Contact provider for details Preschool (2 to 5 years)Contact provider for details School Age (6 years and older)Contact provider for details,,0 to 23 months,5,450,1050,50.0,"English, Spanish",other,"Breakfast, Lunch, PM Snack, Child Care Food Program (CCFP)",Other Child Care and Development Program funded by the CDE,other,0,120,National Association for the Education of Young Children,,,,,English,,,,,,,,,,,,Spanish,,,,Breakfast,Child Care Food Program (CCFP),,Lunch,PM Snack,After School,Before School,,,Full Time,Full year,Part time,,School year only,,,,,,Other Child Care and Development Program funded by the CDE,,,,,Child Development,,,,,,,,,,,,,,,,,,,,,,,,,,,,,,,Fr 07:30 AM - 05:30 PM,,,,,,,,,,Mo 07:30 AM - 05:30 PM,,,,,,,,,,,,Th 07:30 AM - 05:30 PM,,,,,,,,,,Tu 07:30 AM - 05:30 PM,,,,,,,,,We 07:30 AM - 05:30 PM,,,,,
6473,4,,0,53,Preschool (2 to 5 years)Contact provider for details,,2 to 5 years,5,450,1050,50.0,"English, Spanish","Full Time, Part time, Full year",Child Care Food Program (CCFP),Other Child Care and Development Program funded by the CDE,2 years - 5 years,24,60,,,,,,English,,,,,,,,,,,,Spanish,,,,,Child Care Food Program (CCFP),,,,,,,,Full Time,Full year,Part time,,,,,,,,Other Child Care and Development Program funded by the CDE,,,,,,,,,,,,,,,,,,,,,,,,,,,,,,,,,,,,,,,,,,,,,,,,,,,other,,,,,,,,,,,,,,,,,,,,,,,,,,,,,,,
15703,5,,0,24,Preschool (2 to 5 years)Contact provider for details,,2 to 5 years,5,480,690,17.5,"English, Spanish","Part time, School year only",Not provided,CA State Preschool Program,3 years - 4 years,36,48,,,,,,English,,,,,,,,,,,,Spanish,,,,,,,,,,,,,,,Part time,,School year only,,,,CA State Preschool Program,,,,,,,,,,,,,,,,,,,,,,,,,,,,,,,,,,,,,,,,,,,,,,,,,,,,,other,,,,,,,,,,,,,,,,,,,,,,,,,,,,,,,
5238,5,0,0,24,Preschool (2 to 5 years)Contact provider for details,,2 to 5 years,5,360,1080,60.0,English,"Full Time, Part time, Drop in, Before School, After School, Rotating Schedule, Full year, School year only, Summer only",Breakfast,Accepts Subsidized Payment,0 months - 11 months,0,11,,,,,,English,,,,,,,,,,,,,,,,Breakfast,,,,,After School,Before School,Drop in,,Full Time,Full year,Part time,Rotating Schedule,School year only,,Summer only,Accepts Subsidized Payment,,,,,,,,,,,,,,,,,,,,,,,,,,,,,,,,,,Fr 06:00 AM - 06:00 PM,,,,,,,,,Mo 06:00 AM - 06:00 PM,,,,,,,,,,,,Th 06:00 AM - 06:00 PM,,,,,,,,,,,Tu 06:00 AM - 06:00 PM,,,,,,,,,,We 06:00 AM - 06:00 PM,,,,,,,,,
15853,4,1,0,48,Preschool (2 to 5 years)Contact provider for details,,2 to 5 years,,,,,"English, English","Full Time, Part time, Full year, School year only, Summer only","Breakfast, AM Snack, Lunch","Other Public Contract, Accepts Subsidized Payment",3 years - 5 years,36,60,,,,,,English,,,,,,,,,,,,,,,AM Snack,Breakfast,,,Lunch,,,,,,Full Time,Full year,Part time,,School year only,,Summer only,Accepts Subsidized Payment,,,,Other Public Contract,Academic,,,,,,,,,,,,,,,,,,,,,,,,,,,,,,,,,,,,,,,,,,,,,,,,,,,,,,,,,,,,,,,,,,,,,,,,,,,,,,,,
15727,5,1,0,49,Preschool (2 to 5 years)Contact provider for details,,2 to 5 years,5,420,1020,50.0,"English, Spanish","Full Time, Part time, Full year, School year only, Summer only","Breakfast, AM Snack, Lunch","Other Public Contract, Accepts Subsidized Payment",3 years - 5 years,36,60,,,,,,English,,,,,,,,,,,,Spanish,,,AM Snack,Breakfast,,,Lunch,,,,,,Full Time,Full year,Part time,,School year only,,Summer only,Accepts Subsidized Payment,,,,Other Public Contract,Academic,,,,,,,,,,,,,,,,,,,,,,,,,,,,,,,Fr 07:00 AM - 05:00 PM,,,,,,,,,Mo 07:00 AM - 05:00 PM,,,,,,,,,other,,,Th 07:00 AM - 05:00 PM,,,,,,,,,,,Tu 07:00 AM - 05:00 PM,,,,,,,,,,,,,,,,,
16719,5,1,0,24,Preschool (2 to 5 years)Contact provider for details,,2 to 5 years,5,360,1080,60.0,other,"Full Time, Part time, Full year","Breakfast, AM Snack, Lunch","Other Public Contract, Accepts Subsidized Payment",3 years - 5 years,36,60,,,,,,English,,,,,,,,,,,,Spanish,,,AM Snack,Breakfast,,,Lunch,,,,,,Full Time,Full year,Part time,,,,,Accepts Subsidized Payment,,,,Other Public Contract,Academic,,,,,,,,,,,,,,,,,,,,,,,,,,,,,Fr 06:00 AM - 06:00 PM,,,,,,,,,Mo 06:00 AM - 06:00 PM,,,,,,,,,,,,Th 06:00 AM - 06:00 PM,,,,,,,,,,,Tu 06:00 AM - 06:00 PM,,,,,,,,,,We 06:00 AM - 06:00 PM,,,,,,,,,
4852,5,1,0,24,Preschool (2 to 5 years)Contact provider for details,,2 to 5 years,5,360,1080,60.0,"English, English","Full Time, Part time, Full year","Breakfast, AM Snack, Lunch","Other Public Contract, Accepts Subsidized Payment",3 years - 5 years,36,60,,,,,,English,,,,,,,,,,,,,,,AM Snack,Breakfast,,,Lunch,,,,,,Full Time,Full year,Part time,,,,,Accepts Subsidized Payment,,,,Other Public Contract,Academic,,,,,,,,,,,,,,,,,,,,,,,,,,,,,Fr 06:00 AM - 06:00 PM,,,,,,,,,Mo 06:00 AM - 06:00 PM,,,,,,,,,,,,Th 06:00 AM - 06:00 PM,,,,,,,,,,,Tu 06:00 AM - 06:00 PM,,,,,,,,,,We 06:00 AM - 06:00 PM,,,,,,,,,
10167,5,1,0,216,Infants (0 to 23 months)No Openings Preschool (2 to 5 years)No Openings,0,0 to 23 months,5,360,1080,60.0,other,"Full Time, Part time, Drop in, Rotating Schedule, Full year, School year only, Summer only","Breakfast, AM Snack, Lunch","Other Public Contract, Accepts Subsidized Payment",2 years - 5 years,24,60,,,,,,English,,,,,,,other,,,,,Spanish,,Vietnamese,AM Snack,Breakfast,,,Lunch,,,,Drop in,,Full Time,Full year,Part time,Rotating Schedule,School year only,,Summer only,Accepts Subsidized Payment,,,,Other Public Contract,,,,,,,,,,,,,,,,,,,,,,,,,,,,,,Fr 06:00 AM - 06:00 PM,,,,,,,,,Mo 06:00 AM - 06:00 PM,,,,,,,,,,,,Th 06:00 AM - 06:00 PM,,,,,,,,,,,Tu 06:00 AM - 06:00 PM,,,,,,,,,,We 06:00 AM - 06:00 PM,,,,,,,,,
6925,5,1,0,24,Preschool (2 to 5 years)Contact provider for details,,2 to 5 years,5,360,1080,60.0,other,"Full Time, Part time, Full year, School year only",Not provided,"Other Public Contract, Accepts Subsidized Payment",3 years - 5 years,36,60,,,,,,English,,,,,,,other,,,,,,,,,,,,,,,,,,Full Time,Full year,Part time,,School year only,,,Accepts Subsidized Payment,,,,Other Public Contract,Academic,,,,,,,,,,,,,,,,,,,,,,,,,,,,,Fr 06:00 AM - 06:00 PM,,,,,,,,,Mo 06:00 AM - 06:00 PM,,,,,,,,,,,,Th 06:00 AM - 06:00 PM,,,,,,,,,,,Tu 06:00 AM - 06:00 PM,,,,,,,,,,We 06:00 AM - 06:00 PM,,,,,,,,,
1716,5,1,0,48,Preschool (2 to 5 years)Contact provider for details,,2 to 5 years,5,465,870,33.75,other,"Full Time, Part time, Full year, School year only","Breakfast, AM Snack, Lunch","Other Public Contract, Accepts Subsidized Payment",3 years - 5 years,36,60,,,,,,English,,,,,,,,,,,,,,Vietnamese,AM Snack,Breakfast,,,Lunch,,,,,,Full Time,Full year,Part time,,School year only,,,Accepts Subsidized Payment,,,,Other Public Contract,Academic,,,,,,,,,,,,,,,,,,,,,,,,,,,,,,,,,,,,,,,,,,,,,,,,,other,,,,,,,,,,,,,,,,,,,,,,,,,,,,,,,
11215,5,1,0,24,Preschool (2 to 5 years)Contact provider for details,,2 to 5 years,5,510,720,17.5,English,"Part time, School year only","AM Snack, Child Care Food Program (CCFP)","Head Start, CA State Preschool Program",2 years - 5 years,24,60,,,,,,English,,,,,,,,,,,,,,,AM Snack,,Child Care Food Program (CCFP),,,,,,,,,,Part time,,School year only,,,,CA State Preschool Program,Head Start,,,,,,Child Development,,,,,Developmentally Appropriate Practices,,,,,,,Parent Involvement,Play based,,Potty training,Pre-kindergarten/Preschool,,,,,,,,,,,,,,,,,,,,,,,,,,,,,,other,,,,,,,,,,,,,,,,,,,,,,,,,,,,,,,
11936,4,,0,90,Preschool (2 to 5 years)Contact provider for details,,2 to 5 years,5,480,660,15.0,English,"Full Time, Part time, Full year, School year only",Child Care Food Program (CCFP),CA State Preschool Program,3 years - 4 years,36,48,,,,,,English,,,,,,,,,,,,,,,,,Child Care Food Program (CCFP),,,,,,,,Full Time,Full year,Part time,,School year only,,,,CA State Preschool Program,,,,,,,,,,,,,,,,,,,,,,,,,,,,,,,,,,,,,,,,,,,,,,,,,,,,,other,,,,,,,,,,,,,,,,,,,,,,,,,,,,,,,
5895,5,0,0,25,Preschool (2 to 5 years)Contact provider for details,,2 to 5 years,5,360,1080,60.0,English,"Full Time, School year only",Not provided,Accepts Subsidized Payment,3 years - 5 years,36,60,,,,,,English,,,,,,,,,,,,,,,,,,,,,,,,,Full Time,,,,School year only,,,Accepts Subsidized Payment,,,,,,,,,,,,,,,,,,,,,,,,,,,,,,,,,,Fr 06:00 AM - 06:00 PM,,,,,,,,,Mo 06:00 AM - 06:00 PM,,,,,,,,,,,,Th 06:00 AM - 06:00 PM,,,,,,,,,,,Tu 06:00 AM - 06:00 PM,,,,,,,,,,We 06:00 AM - 06:00 PM,,,,,,,,,
17494,4,1,1,70,Preschool (2 to 5 years)Contact provider for details,,2 to 5 years,5,480,930,37.5,"English, Spanish","Full Time, Part time, Full year, School year only","Breakfast, Lunch, PM Snack, Child Care Food Program (CCFP)","CA State Preschool Program, Accepts Subsidized Payment",2 years - 5 years,24,60,National Association for the Education of Young Children,,,,,English,,,,,,,,,,,,Spanish,,,,Breakfast,Child Care Food Program (CCFP),,Lunch,PM Snack,,,,,Full Time,Full year,Part time,,School year only,,,Accepts Subsidized Payment,CA State Preschool Program,,,,Academic,,,Child Development,,,,,,,,,,,,,Play based,,,Pre-kindergarten/Preschool,,,,Special Needs,,,,,,,,,,,,,,,,,,,,,,,,,,other,,,,,,,,,,,,,,,,,,,,,,,,,,,,,,,
5735,4,0,0,40,Preschool (2 to 5 years)No Openings,0,2 to 5 years,5,480,900,35.0,"English, Spanish","Full Time, Part time, Drop in, Rotating Schedule, Full year, School year only, Summer only","Breakfast, Lunch",Accepts Subsidized Payment,3 years - 5 years,36,60,,,,,,English,,,,,,,,,,,,Spanish,,,,Breakfast,,,Lunch,,,,Drop in,,Full Time,Full year,Part time,Rotating Schedule,School year only,,Summer only,Accepts Subsidized Payment,,,,,,,,,,,,,,,,,,,,,,,,,,,,,,,,,,,,,,,,Fr 08:00 AM - 03:00 PM,,,,,,,,,,Mo 08:00 AM - 03:00 PM,,,,,,,,,,,,Th 08:00 AM - 03:00 PM,,,,,,,,,,Tu 08:00 AM - 03:00 PM,,,,,,,,,We 08:00 AM - 03:00 PM,,,,
7073,4,1,1,100,other,1,2 to 5 years,5,405,1080,56.25,other,other,"AM Snack, Lunch, PM Snack",Accepts Subsidized Payment,2 years - 12 years,24,144,,,,,,English,,French,,,,,,,,,,Spanish,,,AM Snack,,,,Lunch,PM Snack,After School,Before School,Drop in,,Full Time,Full year,Part time,Rotating Schedule,School year only,Seasonal,Summer only,Accepts Subsidized Payment,,,,,Academic,Art based,Bilingual,Child Development,Child Directed,,,,Developmentally Appropriate Practices,,Homework/Study time,Kindergarten,,,other,Parent Involvement,Play based,,Potty training,Pre-kindergarten/Preschool,,,,Special Needs,,Virtual/Distance Learning,Bus,Car,,,,,,,,,,,,,,,,,,,,,,other,,,,,,,,,,,,,,,,,,,,,,,,,,,,,,,
14629,5,1,0,32,Preschool (2 to 5 years)Contact provider for details,,2 to 5 years,5,480,1020,45.0,"English, Spanish","Full Time, Full year","Breakfast, Lunch, PM Snack, Child Care Food Program (CCFP)","Head Start, CA State Preschool Program, Other Child Care and Development Program funded by the CDE, Accepts Subsidized Payment",3 years - 5 years,36,60,,,,,,English,,,,,,,,,,,,Spanish,,,,Breakfast,Child Care Food Program (CCFP),,Lunch,PM Snack,,,,,Full Time,Full year,,,,,,Accepts Subsidized Payment,CA State Preschool Program,Head Start,Other Child Care and Development Program funded by the CDE,,,,Bilingual,,,,,,,,,,,,,,Play based,,Potty training,,,,,,,,Bus,,,,,,,,,,,,,,,,,,,,,,,other,,,,,,,,,,,,,,,,,,,,,,,,,,,,,,,
140,4,1,0,32,Preschool (2 to 5 years)Contact provider for details,,2 to 5 years,5,480,1020,45.0,other,"Full Time, Full year","Breakfast, Lunch, PM Snack, Child Care Food Program (CCFP)","Head Start, CA State Preschool Program, Other Child Care and Development Program funded by the CDE, Accepts Subsidized Payment",2 years - 5 years,24,60,,,Chinese (Cantonese),Chinese (Mandarin),,English,,,,,,,,,,,,Spanish,,,,Breakfast,Child Care Food Program (CCFP),,Lunch,PM Snack,,,,,Full Time,Full year,,,,,,Accepts Subsidized Payment,CA State Preschool Program,Head Start,Other Child Care and Development Program funded by the CDE,,,,Bilingual,,,,,,,,,,,,,,Play based,,Potty training,,,,,,,,Bus,,,,,,,,,,,,,,,,,,,,,,,other,,,,,,,,,,,,,,,,,,,,,,,,,,,,,,,
7211,5,1,0,48,Preschool (2 to 5 years)Contact provider for details,,2 to 5 years,5,480,885,33.75,other,"Full Time, Part time, Full year, School year only","Breakfast, AM Snack, Lunch","Other Public Contract, Accepts Subsidized Payment",3 years - 5 years,36,60,,,,,,English,,,,,,,,,,,,,,Vietnamese,AM Snack,Breakfast,,,Lunch,,,,,,Full Time,Full year,Part time,,School year only,,,Accepts Subsidized Payment,,,,Other Public Contract,Academic,,,,,,,,,,,,,,,,,,,,,,,,,,,,,,,,,,,,,,,,,,,,,,,,,other,,,,,,,,,,,,,,,,,,,,,,,,,,,,,,,
14071,4,0,0,24,Preschool (2 to 5 years)Contact provider for details,,2 to 5 years,5,360,1080,60.0,English,"Full Time, Full year",Not provided,Accepts Subsidized Payment,0 months - 11 months,0,11,,,,,,English,,,,,,,,,,,,,,,,,,,,,,,,,Full Time,Full year,,,,,,Accepts Subsidized Payment,,,,,,,,,,,,,,,,,,,,,,,,,,,,,,,,,,Fr 06:00 AM - 06:00 PM,,,,,,,,,Mo 06:00 AM - 06:00 PM,,,,,,,,,,,,Th 06:00 AM - 06:00 PM,,,,,,,,,,,Tu 06:00 AM - 06:00 PM,,,,,,,,,,We 06:00 AM - 06:00 PM,,,,,,,,,
16191,4,1,0,42,Preschool (2 to 5 years)Contact provider for details,,2 to 5 years,5,420,1095,56.25,"Arabic, English, Spanish","Full Time, Part time, Full year","Breakfast, Lunch, PM Snack, Child Care Food Program (CCFP)",Accepts Subsidized Payment,2 years - 5 years,24,60,,Arabic,,,,English,,,,,,,,,,,,Spanish,,,,Breakfast,Child Care Food Program (CCFP),,Lunch,PM Snack,,,,,Full Time,Full year,Part time,,,,,Accepts Subsidized Payment,,,,,,Art based,Bilingual,Child Development,,,,,Developmentally Appropriate Practices,,,,,,,,Play based,Playgroup,Potty training,Pre-kindergarten/Preschool,Project based,Reggio Emilia,,,,,Bus,,,,,,,,,,,,,,,,,,,,,,,other,,,,,,,,,,,,,,,,,,,,,,,,,,,,,,,
17155,4,1,0,32,Preschool (2 to 5 years)Contact provider for details,,2 to 5 years,5,450,1080,52.5,other,other,"Breakfast, Lunch, PM Snack, Child Care Food Program (CCFP)",Accepts Subsidized Payment,2 years - 5 years,24,60,,,Chinese (Cantonese),Chinese (Mandarin),,English,,,,,,,,,,,,Spanish,,,,Breakfast,Child Care Food Program (CCFP),,Lunch,PM Snack,,,Drop in,,Full Time,Full year,,,,,,Accepts Subsidized Payment,,,,,,Art based,Bilingual,,,,,,,,,,,,,,Play based,,,,Project based,Reggio Emilia,,,,,,,,,,,,,,,,,,,,,,,,,,,,other,,,,,,,,,,,,,,,,,,,,,,,,,,,,,,,
5154,4,0,0,49,Preschool (2 to 5 years)Contact provider for details,,2 to 5 years,5,360,1080,60.0,English,Full Time,Not provided,Accepts Subsidized Payment,0 months - 11 months,0,11,,,,,,English,,,,,,,,,,,,,,,,,,,,,,,,,Full Time,,,,,,,Accepts Subsidized Payment,,,,,,,,,,,,,,,,,,,,,,,,,,,,,,,,,,Fr 06:00 AM - 06:00 PM,,,,,,,,,Mo 06:00 AM - 06:00 PM,,,,,,,,,,,,Th 06:00 AM - 06:00 PM,,,,,,,,,,,Tu 06:00 AM - 06:00 PM,,,,,,,,,,We 06:00 AM - 06:00 PM,,,,,,,,,
13590,4,0,0,61,Preschool (2 to 5 years)Contact provider for details,,2 to 5 years,5,360,1080,60.0,English,"Full Time, Full year, School year only, Summer only",Not provided,Accepts Subsidized Payment,3 years - 5 years,36,60,,,,,,English,,,,,,,,,,,,,,,,,,,,,,,,,Full Time,Full year,,,School year only,,Summer only,Accepts Subsidized Payment,,,,,,,,,,,,,,,,,,,,,,,,,,,,,,,,,,Fr 06:00 AM - 06:00 PM,,,,,,,,,Mo 06:00 AM - 06:00 PM,,,,,,,,,,,,Th 06:00 AM - 06:00 PM,,,,,,,,,,,Tu 06:00 AM - 06:00 PM,,,,,,,,,,We 06:00 AM - 06:00 PM,,,,,,,,,
18560,5,1,0,30,Preschool (2 to 5 years)Contact provider for details,,2 to 5 years,5,480,675,16.25,"English, Spanish","Part time, School year only",Not provided,CA State Preschool Program,2 years - 5 years,24,60,,,,,,English,,,,,,,,,,,,Spanish,,,,,,,,,,,,,,,Part time,,School year only,,,,CA State Preschool Program,,,,,,,Child Development,,,,,Developmentally Appropriate Practices,,,,,,,,Play based,,,Pre-kindergarten/Preschool,,,,Special Needs,,,,,,,,,,,,,,,,,,,,,,,,,,other,,,,,,,,,,,,,,,,,,,,,,,,,,,,,,,
4508,5,0,0,24,Preschool (2 to 5 years)Contact provider for details,,2 to 5 years,5,480,675,16.25,English,"Part time, School year only",AM Snack,Accepts Subsidized Payment,2 years - 5 years,24,60,,,,,,English,,,,,,,,,,,,,,,AM Snack,,,,,,,,,,,,Part time,,School year only,,,Accepts Subsidized Payment,,,,,,,,,,,,,,,,,,,,,,,,,,,,,,,,,,,,,,,,,,,,,,,,,,,,,,other,,,,,,,,,,,,,,,,,,,,,,,,,,,,,,,
9063,4,1,0,302,Infants (0 to 23 months)Contact provider for details Preschool (2 to 5 years)Contact provider for details School Age (6 years and older)Contact provider for details,,0 to 23 months,6,330,1140,81.0,"English, Spanish","Full Time, Part time, Drop in, Evening, Before School, After School, Rotating Schedule, Full year, School year only, Summer only","Breakfast, AM Snack, Lunch, PM Snack, Child Care Food Program (CCFP)",Accepts Subsidized Payment,1 months - 12 years,1,144,,,,,,English,,,,,,,,,,,,Spanish,,,AM Snack,Breakfast,Child Care Food Program (CCFP),,Lunch,PM Snack,After School,Before School,Drop in,Evening,Full Time,Full year,Part time,Rotating Schedule,School year only,,Summer only,Accepts Subsidized Payment,,,,,,,,,,,,,,,,,,,,,,,,,,,,,,,,,,,,,,,,,,,,,,,,,,,,,,other,,,,,,,,,,,,,,,,,,,,,,,,,,,,,,,
11240,3,0,0,54,Infants (0 to 23 months)Contact provider for details Preschool (2 to 5 years)Contact provider for details School Age (6 years and older)Contact provider for details,,0 to 23 months,5,330,1080,62.5,"English, Spanish",other,"Breakfast, Lunch, PM Snack, Child Care Food Program (CCFP)",Accepts Subsidized Payment,1 months - 12 years,1,144,,,,,,English,,,,,,,,,,,,Spanish,,,,Breakfast,Child Care Food Program (CCFP),,Lunch,PM Snack,After School,Before School,,,Full Time,Full year,Part time,Rotating Schedule,School year only,,Summer only,Accepts Subsidized Payment,,,,,,,,,,,,,,,,,,,,,,,,,,,,,,,,,,,,,,,,,,,,,,,,,,,,,,other,,,,,,,,,,,,,,,,,,,,,,,,,,,,,,,
11110,4,1,0,122,Infants (0 to 23 months)Contact provider for details Preschool (2 to 5 years)Contact provider for details,,0 to 23 months,5,510,930,35.0,"English, Spanish, Vietnamese",other,"Breakfast, AM Snack, Lunch, PM Snack, Dinner, Child Care Food Program (CCFP)",Accepts Subsidized Payment,0 months - 11 months,0,11,,,,,,English,,,,,,,,,,,,Spanish,,Vietnamese,AM Snack,Breakfast,Child Care Food Program (CCFP),Dinner,Lunch,PM Snack,,,Drop in,Evening,Full Time,Full year,Part time,Rotating Schedule,School year only,,Summer only,Accepts Subsidized Payment,,,,,,,,,,Co-op,,,,,,,,,,,,,,,,,,,,,,,,,,,,,,,,,,,,,,,,,,,,other,,,,,,,,,,,,,,,,,,,,,,,,,,,,,,,
9144,4,0,0,36,Infants (0 to 23 months)Contact provider for details,,0 to 23 months,5,360,1080,60.0,English,"Full Time, Full year",Not provided,Accepts Subsidized Payment,other,1,24,,,,,,English,,,,,,,,,,,,,,,,,,,,,,,,,Full Time,Full year,,,,,,Accepts Subsidized Payment,,,,,,,,,,,,,,,,,,,,,,,,,,,,,,,,,,Fr 06:00 AM - 06:00 PM,,,,,,,,,Mo 06:00 AM - 06:00 PM,,,,,,,,,,,,Th 06:00 AM - 06:00 PM,,,,,,,,,,,Tu 06:00 AM - 06:00 PM,,,,,,,,,,We 06:00 AM - 06:00 PM,,,,,,,,,
252,4,1,0,234,Infants (0 to 23 months)No Openings Preschool (2 to 5 years)No Openings,0,0 to 23 months,5,435,1080,53.75,English,"Full Time, Full year",Not provided,Accepts Subsidized Payment,0 months - 11 months,0,11,,,,,,English,,,,,,,,,,,,,,,,,,,,,,,,,Full Time,Full year,,,,,,Accepts Subsidized Payment,,,,,,,,,,,,,,,,,,,,,,,,,,,,,,,,,,,,,,,,,,,,,,,,,,,,,,other,,,,,,,,,,,,,,,,,,,,,,,,,,,,,,,
7796,4,1,0,93,other,1,0 to 23 months,,,,,"English, Spanish",other,"Breakfast, Lunch, PM Snack, Child Care Food Program (CCFP)",Accepts Subsidized Payment,0 months - 11 months,0,11,,,,,,English,,,,,,,,,,,,Spanish,,,,Breakfast,Child Care Food Program (CCFP),,Lunch,PM Snack,,,Drop in,,Full Time,Full year,Part time,,School year only,,Summer only,Accepts Subsidized Payment,,,,,,,,,,,,,,,,,,,,,,,,,,,,,,,,,,,,,,,,,,,,,,,,,,,,,,,,,,,,,,,,,,,,,,,,,,,,,,,,,,,,,
14226,1,0,0,98,Infants (0 to 23 months) Immediate Openings Preschool (2 to 5 years) Immediate Openings,1,0 to 23 months,5,420,1080,55.0,other,"Full Time, Part time, Drop in, Rotating Schedule, Full year, School year only, Summer only",Not provided,Accepts Subsidized Payment,1 months - 5 years,1,60,,,,,,English,,,,,,,other,,,,,Spanish,,,,,,,,,,,Drop in,,Full Time,Full year,Part time,Rotating Schedule,School year only,,Summer only,Accepts Subsidized Payment,,,,,Academic,,,,,,,,,,,,,,,,,,,,,,Religious,,,,,,,,,,,Fr 07:00 AM - 06:00 PM,,,,,,,,,Mo 07:00 AM - 06:00 PM,,,,,,,,,,,,Th 07:00 AM - 06:00 PM,,,,,,,,,,,Tu 07:00 AM - 06:00 PM,,,,,,,,,We 07:00 AM - 06:00 PM,,,,,,
9336,1,1,0,105,Infants (0 to 23 months) Immediate Openings Preschool (2 to 5 years) Immediate Openings,1,0 to 23 months,5,390,1080,57.5,"English, Spanish","Full Time, Part time, Full year, School year only, Summer only","AM Snack, PM Snack",Accepts Subsidized Payment,other,2,72,,,,,,English,,,,,,,,,,,,Spanish,,,AM Snack,,,,,PM Snack,,,,,Full Time,Full year,Part time,,School year only,,Summer only,Accepts Subsidized Payment,,,,,,,,,,,,,,,,,,,,,,,,,,,,,,,,,,,Fr 06:30 AM - 06:00 PM,,,,,,,,,Mo 06:30 AM - 06:00 PM,,,,,,,,,,,,Th 06:30 AM - 06:00 PM,,,,,,,,,,,Tu 06:30 AM - 06:00 PM,,,,,,,,,,We 06:30 AM - 06:00 PM,,,,,,,,
13760,3,0,0,230,Infants (0 to 23 months)Contact provider for details Preschool (2 to 5 years)Contact provider for details School Age (6 years and older)Contact provider for details,,0 to 23 months,5,360,1140,65.0,"English, Spanish","Full Time, Part time, Drop in, Before School, After School, Rotating Schedule, Full year, School year only, Summer only","Breakfast, AM Snack, Lunch, PM Snack",Accepts Subsidized Payment,1 months - 12 years,1,144,,,,,,English,,,,,,,,,,,,Spanish,,,AM Snack,Breakfast,,,Lunch,PM Snack,After School,Before School,Drop in,,Full Time,Full year,Part time,Rotating Schedule,School year only,,Summer only,Accepts Subsidized Payment,,,,,,,,,,,,,,,,,,,,,,,,,,,,,,,,,,,,,,,,,,,,,,,,,,,,,,other,,,,,,,,,,,,,,,,,,,,,,,,,,,,,,,
7800,2,1,0,124,Infants (0 to 23 months)Contact provider for details Preschool (2 to 5 years)Contact provider for details School Age (6 years and older)Contact provider for details,,0 to 23 months,5,420,1080,55.0,"English, Farsi, Spanish",other,"Breakfast, AM Snack, Lunch, PM Snack",Accepts Subsidized Payment,1 months - 12 years,1,144,,,,,,English,Farsi,,,,,,,,,,,Spanish,,,AM Snack,Breakfast,,,Lunch,PM Snack,After School,Before School,Drop in,,Full Time,Full year,Part time,,School year only,,Summer only,Accepts Subsidized Payment,,,,,Academic,,,,,,,,,,,,,,,,,,,,,,,,,,,,,,,,,Fr 07:00 AM - 06:00 PM,,,,,,,,,Mo 07:00 AM - 06:00 PM,,,,,,,,,,,,Th 07:00 AM - 06:00 PM,,,,,,,,,,,Tu 07:00 AM - 06:00 PM,,,,,,,,,We 07:00 AM - 06:00 PM,,,,,,
5543,2,1,0,92,Infants (0 to 23 months)Contact provider for details Preschool (2 to 5 years)Contact provider for details School Age (6 years and older)Contact provider for details,,0 to 23 months,5,390,1110,60.0,"English, Farsi, Spanish","Full Time, Part time, Drop in, Before School, After School, Rotating Schedule, Full year, School year only, Summer only","Breakfast, AM Snack, Lunch, PM Snack","Other Public Contract, Accepts Subsidized Payment",2 years - 12 years,24,144,,,,,,English,Farsi,,,,,,,,,,,Spanish,,,AM Snack,Breakfast,,,Lunch,PM Snack,After School,Before School,Drop in,,Full Time,Full year,Part time,Rotating Schedule,School year only,,Summer only,Accepts Subsidized Payment,,,,Other Public Contract,Academic,,,,,,,,,,,,,,,,,,,,,,,,,,,,,,,,,,,,,,,,,,,,,,,,,other,,,,,,,,,,,,,,,,,,,,,,,,,,,,,,,
19270,2,1,0,125,Infants (0 to 23 months)Contact provider for details Preschool (2 to 5 years)Contact provider for details,,0 to 23 months,5,420,1080,55.0,other,"Full Time, Part time, Drop in, Evening, Before School, After School, Rotating Schedule, Full year, School year only, Summer only","Breakfast, AM Snack, Lunch, PM Snack",Accepts Subsidized Payment,0 months - 11 months,0,11,,,,,Chinese (Other),English,,,,,,,,,,,,,,,AM Snack,Breakfast,,,Lunch,PM Snack,After School,Before School,Drop in,Evening,Full Time,Full year,Part time,Rotating Schedule,School year only,,Summer only,Accepts Subsidized Payment,,,,,Academic,,,,,,,,,,,,,,,,,,,,,,,,,,,,,,,,,Fr 07:00 AM - 06:00 PM,,,,,,,,,Mo 07:00 AM - 06:00 PM,,,,,,,,,,,,Th 07:00 AM - 06:00 PM,,,,,,,,,,,Tu 07:00 AM - 06:00 PM,,,,,,,,,We 07:00 AM - 06:00 PM,,,,,,
5727,2,0,0,180,other,1,0 to 23 months,5,390,1110,60.0,other,"Full Time, Part time, Drop in, Before School, After School, Rotating Schedule, Full year, School year only, Summer only","Breakfast, AM Snack, Lunch, PM Snack",Accepts Subsidized Payment,0 months - 11 months,0,11,,,,,Chinese (Other),English,Farsi,,,,,,,,,,,Spanish,,,AM Snack,Breakfast,,,Lunch,PM Snack,After School,Before School,Drop in,,Full Time,Full year,Part time,Rotating Schedule,School year only,,Summer only,Accepts Subsidized Payment,,,,,Academic,,,,,,,,,,,,,,,,,,,,,,,,,,,,,,,,,,,,,,,,,,,,,,,,,other,,,,,,,,,,,,,,,,,,,,,,,,,,,,,,,
8035,2,1,0,184,Infants (0 to 23 months)Contact provider for details Preschool (2 to 5 years)Contact provider for details School Age (6 years and older)Contact provider for details,,0 to 23 months,5,390,1110,60.0,"English, Spanish",other,"Breakfast, AM Snack, Lunch, PM Snack",Accepts Subsidized Payment,1 months - 12 years,1,144,,,,,,English,,,,,,,,,,,,Spanish,,,AM Snack,Breakfast,,,Lunch,PM Snack,After School,Before School,Drop in,,Full Time,Full year,Part time,,,,,Accepts Subsidized Payment,,,,,Academic,,,,,,,,,,,,,,,,,,,,,,,,,,,,,,,,,,,,,,,,,,,,,,,,,other,,,,,,,,,,,,,,,,,,,,,,,,,,,,,,,
16916,2,1,0,168,other,0,0 to 23 months,5,390,1110,60.0,other,other,"Breakfast, AM Snack, Lunch, PM Snack, Child Care Food Program (CCFP)",Accepts Subsidized Payment,0 months - 11 months,0,11,,,,,,English,,,,,,Korean,,,,,,Spanish,,,AM Snack,Breakfast,Child Care Food Program (CCFP),,Lunch,PM Snack,After School,Before School,Drop in,,Full Time,Full year,Part time,,School year only,,Summer only,Accepts Subsidized Payment,,,,,,,,,,,,,,,,,,,,,,,,,,,,,,,,,,,,,,,,,,,,,,,,,,,,,,other,,,,,,,,,,,,,,,,,,,,,,,,,,,,,,,
16328,4,0,0,172,Infants (0 to 23 months)Contact provider for details Preschool (2 to 5 years)Contact provider for details School Age (6 years and older)Contact provider for details,,0 to 23 months,5,390,1110,60.0,other,"Full Time, Part time, Drop in, Before School, After School, Rotating Schedule, Full year, School year only, Summer only","Breakfast, AM Snack, Lunch, PM Snack",Accepts Subsidized Payment,other,2,144,,,,,,English,Farsi,,,,,,,,,,,Spanish,,,AM Snack,Breakfast,,,Lunch,PM Snack,After School,Before School,Drop in,,Full Time,Full year,Part time,Rotating Schedule,School year only,,Summer only,Accepts Subsidized Payment,,,,,Academic,,,,,,,,,,,,,,,,,,,,,,,,,,,,,,,,,,,,,,,,,,,,,,,,,other,,,,,,,,,,,,,,,,,,,,,,,,,,,,,,,
2390,2,1,0,162,Infants (0 to 23 months)Contact provider for details Preschool (2 to 5 years)Contact provider for details School Age (6 years and older)Contact provider for details,,0 to 23 months,5,390,1110,60.0,English,"Full Time, Part time, Drop in, Before School, After School, Rotating Schedule, Full year, School year only, Summer only","Breakfast, AM Snack, Lunch, PM Snack",Accepts Subsidized Payment,1 months - 12 years,1,144,,,,,,English,,,,,,,,,,,,,,,AM Snack,Breakfast,,,Lunch,PM Snack,After School,Before School,Drop in,,Full Time,Full year,Part time,Rotating Schedule,School year only,,Summer only,Accepts Subsidized Payment,,,,,,,,,,,,,,,,,,,,,,,,,,,,,,,,,,,,,,,,,,,,,,,,,,,,,,other,,,,,,,,,,,,,,,,,,,,,,,,,,,,,,,
3104,2,0,0,146,Infants (0 to 23 months)Contact provider for details Preschool (2 to 5 years)Contact provider for details School Age (6 years and older)Contact provider for details,,0 to 23 months,5,360,1110,62.5,English,"Full Time, Part time, Drop in, Evening, Before School, After School, Rotating Schedule, Full year, School year only, Summer only","Breakfast, AM Snack, Lunch, PM Snack",Accepts Subsidized Payment,1 months - 12 years,1,144,,,,,,English,,,,,,,,,,,,,,,AM Snack,Breakfast,,,Lunch,PM Snack,After School,Before School,Drop in,Evening,Full Time,Full year,Part time,Rotating Schedule,School year only,,Summer only,Accepts Subsidized Payment,,,,,,,,,,,,,,,,,,,,,,,,,,,,,,,,,,,,,,,,,,,,,,,,,,,,,,other,,,,,,,,,,,,,,,,,,,,,,,,,,,,,,,
8958,3,0,0,135,Infants (0 to 23 months)Contact provider for details Preschool (2 to 5 years)Contact provider for details,,0 to 23 months,5,360,1110,62.5,"English, Spanish","Full Time, Part time, Before School, After School, Full year, School year only, Summer only","Breakfast, AM Snack, Lunch, PM Snack, Child Care Food Program (CCFP)",Accepts Subsidized Payment,1 months - 5 years,1,60,,,,,,English,,,,,,,,,,,,Spanish,,,AM Snack,Breakfast,Child Care Food Program (CCFP),,Lunch,PM Snack,After School,Before School,,,Full Time,Full year,Part time,,School year only,,Summer only,Accepts Subsidized Payment,,,,,,,,,,,,,,,,,,,,,,,,,,,,,,,,,,,,,,,,,,,,,,,,,,,,,,other,,,,,,,,,,,,,,,,,,,,,,,,,,,,,,,
16336,2,0,0,159,Infants (0 to 23 months)Contact provider for details Preschool (2 to 5 years)Contact provider for details School Age (6 years and older)Contact provider for details,,0 to 23 months,5,360,1080,60.0,English,other,Not provided,Accepts Subsidized Payment,1 months - 12 years,1,144,,,,,,English,,,,,,,,,,,,,,,,,,,,,After School,Before School,,,Full Time,Full year,,,School year only,,Summer only,Accepts Subsidized Payment,,,,,,,,,,,,,,,,,,,,,,,,,,,,,,,,,,Fr 06:00 AM - 06:00 PM,,,,,,,,,Mo 06:00 AM - 06:00 PM,,,,,,,,,,,,Th 06:00 AM - 06:00 PM,,,,,,,,,,,Tu 06:00 AM - 06:00 PM,,,,,,,,,,We 06:00 AM - 06:00 PM,,,,,,,,,
9301,4,0,0,24,Infants (0 to 23 months)Contact provider for details Preschool (2 to 5 years)Contact provider for details,,0 to 23 months,5,360,1080,60.0,English,Full Time,Not provided,Accepts Subsidized Payment,0 months - 11 months,0,11,,,,,,English,,,,,,,,,,,,,,,,,,,,,,,,,Full Time,,,,,,,Accepts Subsidized Payment,,,,,,,,,,,,,,,,,,,,,,,,,,,,,,,,,,Fr 06:00 AM - 06:00 PM,,,,,,,,,Mo 06:00 AM - 06:00 PM,,,,,,,,,,,,Th 06:00 AM - 06:00 PM,,,,,,,,,,,Tu 06:00 AM - 06:00 PM,,,,,,,,,,We 06:00 AM - 06:00 PM,,,,,,,,,
662,5,0,0,36,Infants (0 to 23 months)Contact provider for details Preschool (2 to 5 years)Contact provider for details School Age (6 years and older)Contact provider for details,,0 to 23 months,5,450,1050,50.0,"English, Spanish","Full Time, Full year",Not provided,Head Start,other,0,12,,,,,,English,,,,,,,,,,,,Spanish,,,,,,,,,,,,,Full Time,Full year,,,,,,,,Head Start,,,,,,,,,,,,,,,,,,,,,,,,,,,,,,,,,,,,,Fr 07:30 AM - 05:30 PM,,,,,,,,,,Mo 07:30 AM - 05:30 PM,,,,,,,,,,,,Th 07:30 AM - 05:30 PM,,,,,,,,,,Tu 07:30 AM - 05:30 PM,,,,,,,,,We 07:30 AM - 05:30 PM,,,,,
12051,3,0,0,149,Infants (0 to 23 months)Contact provider for details Preschool (2 to 5 years)Contact provider for details,,0 to 23 months,5,360,1050,57.5,"English, Spanish, Labels, Labels English","Full Time, Full year","Breakfast, Lunch, PM Snack",Accepts Subsidized Payment,0 months - 5 years,0,60,,,,,,English,,,,,,,,,,,,Spanish,,,,Breakfast,,,Lunch,PM Snack,,,,,Full Time,Full year,,,,,,Accepts Subsidized Payment,,,,,,,,,,,,,,,,,,,,,,,,,,,,,,,,,,,,,,,,,,,,,,,,,,,,,,other,,,,,,,,,,,,,,,,,,,,,,,,,,,,,,,
100,3,0,0,200,Infants (0 to 23 months)Contact provider for details Preschool (2 to 5 years)Contact provider for details,,0 to 23 months,5,360,1080,60.0,"English, Spanish, Labels, Labels English","Full Time, Full year","Breakfast, Lunch, PM Snack",Accepts Subsidized Payment,2 months - 5 years,2,60,,,,,,English,,,,,,,,,,,,Spanish,,,,Breakfast,,,Lunch,PM Snack,,,,,Full Time,Full year,,,,,,Accepts Subsidized Payment,,,,,,,,,,,,,,,,,,,,,,,,,,,,,,,,,,Fr 06:00 AM - 06:00 PM,,,,,,,,,Mo 06:00 AM - 06:00 PM,,,,,,,,,,,,Th 06:00 AM - 06:00 PM,,,,,,,,,,,Tu 06:00 AM - 06:00 PM,,,,,,,,,,We 06:00 AM - 06:00 PM,,,,,,,,,
11,4,0,0,44,Infants (0 to 23 months)Contact provider for details,,0 to 23 months,5,450,1050,50.0,"English, Spanish, Labels, Labels English","Full Time, Part time, Full year","Breakfast, Lunch, PM Snack",Accepts Subsidized Payment,other,0,24,,,,,,English,,,,,,,,,,,,Spanish,,,,Breakfast,,,Lunch,PM Snack,,,,,Full Time,Full year,Part time,,,,,Accepts Subsidized Payment,,,,,,,,,,,,,,,,,,,,,,,,,,,,,,,,,,,,,,,Fr 07:30 AM - 05:30 PM,,,,,,,,,,Mo 07:30 AM - 05:30 PM,,,,,,,,,,,,Th 07:30 AM - 05:30 PM,,,,,,,,,,Tu 07:30 AM - 05:30 PM,,,,,,,,,We 07:30 AM - 05:30 PM,,,,,
338,5,0,0,45,Infants (0 to 23 months)Contact provider for details,,0 to 23 months,5,390,975,48.75,English,"Full Time, Full year",Not provided,Accepts Subsidized Payment,0 months - 11 months,0,11,,,,,,English,,,,,,,,,,,,,,,,,,,,,,,,,Full Time,Full year,,,,,,Accepts Subsidized Payment,,,,,,,,,,,,,,,,,,,,,,,,,,,,,,,,,,,,,,,,,,,,,,,,,,,,,,other,,,,,,,,,,,,,,,,,,,,,,,,,,,,,,,
9499,3,0,0,65,Infants (0 to 23 months)Contact provider for details Preschool (2 to 5 years)Contact provider for details School Age (6 years and older)Contact provider for details,,0 to 23 months,5,420,1050,52.5,"English, Spanish","Full Time, Part time, Before School, After School, Full year, School year only, Summer only","Breakfast, AM Snack, Lunch, PM Snack, Child Care Food Program (CCFP)",Accepts Subsidized Payment,1 months - 12 years,1,144,,,,,,English,,,,,,,,,,,,Spanish,,,AM Snack,Breakfast,Child Care Food Program (CCFP),,Lunch,PM Snack,After School,Before School,,,Full Time,Full year,Part time,,School year only,,Summer only,Accepts Subsidized Payment,,,,,,,,,,,,,,,,,,,,,,,,,,,,,,,Bus,,Walking,,,,Fr 07:00 AM - 05:30 PM,,,,,,,,,Mo 07:00 AM - 05:30 PM,,,,,,,,,,,,Th 07:00 AM - 05:30 PM,,,,,,,,,,,Tu 07:00 AM - 05:30 PM,,,,,,,,,We 07:00 AM - 05:30 PM,,,,,,,
19368,4,1,0,16,Infants (0 to 23 months)Contact provider for details,,0 to 23 months,5,450,960,42.5,"English, Spanish","Full Time, Full year","Breakfast, Lunch, PM Snack, Child Care Food Program (CCFP)","Head Start, Accepts Subsidized Payment",other,2,11,,,,,,English,,,,,,,,,,,,Spanish,,,,Breakfast,Child Care Food Program (CCFP),,Lunch,PM Snack,,,,,Full Time,Full year,,,,,,Accepts Subsidized Payment,,Head Start,,,,,,Child Development,,,,,Developmentally Appropriate Practices,,,,,,,,,,,Pre-kindergarten/Preschool,,,,,,,,,,,,,,,,,,,,,,,,,,,,,,other,,,,,,,,,,,,,,,,,,,,,,,,,,,,,,,
11808,4,1,0,16,other,1,0 to 23 months,5,450,900,37.5,"English, Spanish","Part time, School year only","Breakfast, AM Snack, Lunch, PM Snack, Child Care Food Program (CCFP)","Head Start, Accepts Subsidized Payment",other,2,36,,,,,,English,,,,,,,,,,,,Spanish,,,AM Snack,Breakfast,Child Care Food Program (CCFP),,Lunch,PM Snack,,,,,,,Part time,,School year only,,,Accepts Subsidized Payment,,Head Start,,,,,,,,,,,,,,,,,,,,,,,,,,,,,,,,,,,,,,,,,,,,,,,,,,,,other,,,,,,,,,,,,,,,,,,,,,,,,,,,,,,,
10584,3,0,0,152,Infants (0 to 23 months)Contact provider for details Preschool (2 to 5 years)Contact provider for details School Age (6 years and older)Contact provider for details,,0 to 23 months,5,450,1050,50.0,"English, Spanish","Full Time, Part time, Drop in, Evening, Before School, After School, Rotating Schedule, Full year, School year only, Summer only","Breakfast, AM Snack, Lunch, PM Snack",Accepts Subsidized Payment,1 months - 12 years,1,144,,,,,,English,,,,,,,,,,,,Spanish,,,AM Snack,Breakfast,,,Lunch,PM Snack,After School,Before School,Drop in,Evening,Full Time,Full year,Part time,Rotating Schedule,School year only,,Summer only,Accepts Subsidized Payment,,,,,,,,,,,,,,,,,,,,,,,,,,,,,,,,,,,,,,,Fr 07:30 AM - 05:30 PM,,,,,,,,,,Mo 07:30 AM - 05:30 PM,,,,,,,,,,,,Th 07:30 AM - 05:30 PM,,,,,,,,,,Tu 07:30 AM - 05:30 PM,,,,,,,,,We 07:30 AM - 05:30 PM,,,,,
1332,3,1,0,168,Infants (0 to 23 months) Immediate Openings Preschool (2 to 5 years) Immediate Openings,1,0 to 23 months,5,420,1080,55.0,English,"Full Time, Part time, Full year, School year only, Summer only","AM Snack, PM Snack",Accepts Subsidized Payment,1 years - 5 years,12,60,,,,,,English,,,,,,,,,,,,,,,AM Snack,,,,,PM Snack,,,,,Full Time,Full year,Part time,,School year only,,Summer only,Accepts Subsidized Payment,,,,,Academic,,,Child Development,,,,,,,,,,,,,,,,Pre-kindergarten/Preschool,,,Religious,,,,,,,,,,,Fr 07:00 AM - 06:00 PM,,,,,,,,,Mo 07:00 AM - 06:00 PM,,,,,,,,,,,,Th 07:00 AM - 06:00 PM,,,,,,,,,,,Tu 07:00 AM - 06:00 PM,,,,,,,,,We 07:00 AM - 06:00 PM,,,,,,
15251,4,1,0,221,Infants (0 to 23 months)Contact provider for details Preschool (2 to 5 years)Contact provider for details School Age (6 years and older)Contact provider for details,,0 to 23 months,5,390,1080,57.5,"English, Spanish","Full Time, Part time, Before School, After School, Full year, School year only, Summer only","Breakfast, AM Snack, PM Snack",Accepts Subsidized Payment,1 months - 12 years,1,144,,,,,,English,,,,,,,,,,,,Spanish,,,AM Snack,Breakfast,,,,PM Snack,After School,Before School,,,Full Time,Full year,Part time,,School year only,,Summer only,Accepts Subsidized Payment,,,,,,,,,,,,,,,,,,,,,,,,,,,,,,,,,,,Fr 06:30 AM - 06:00 PM,,,,,,,,,Mo 06:30 AM - 06:00 PM,,,,,,,,,,,,Th 06:30 AM - 06:00 PM,,,,,,,,,,,Tu 06:30 AM - 06:00 PM,,,,,,,,,,We 06:30 AM - 06:00 PM,,,,,,,,
10207,5,0,0,42,Infants (0 to 23 months)Contact provider for details,,0 to 23 months,5,495,1035,45.0,other,"Full Time, Full year","Breakfast, Lunch, PM Snack, Child Care Food Program (CCFP)","CA State Preschool Program, Accepts Subsidized Payment",other,3,24,,,,Chinese (Mandarin),Chinese (Other),English,Farsi,,,,,,other,,,,,Spanish,,Vietnamese,,Breakfast,Child Care Food Program (CCFP),,Lunch,PM Snack,,,,,Full Time,Full year,,,,,,Accepts Subsidized Payment,CA State Preschool Program,,,,,,,,Child Directed,,,,Developmentally Appropriate Practices,,,,,,,Parent Involvement,Play based,,,Pre-kindergarten/Preschool,,,,,,,,,,,,,,,,,,,,,,,,,,,,,,other,,,,,,,,,,,,,,,,,,,,,,,,,,,,,,,
4424,5,1,0,28,Infants (0 to 23 months)Contact provider for details,,0 to 23 months,5,480,1020,45.0,other,"Full Time, Full year","Breakfast, Lunch, PM Snack, Child Care Food Program (CCFP)","Head Start, Other Child Care and Development Program funded by the CDE, Accepts Subsidized Payment",other,0,24,,,Chinese (Cantonese),Chinese (Mandarin),,English,,,,,,,,,,,,,,,,Breakfast,Child Care Food Program (CCFP),,Lunch,PM Snack,,,,,Full Time,Full year,,,,,,Accepts Subsidized Payment,,Head Start,Other Child Care and Development Program funded by the CDE,,,,Bilingual,Child Development,,,,,,,,,,,,,Play based,,Potty training,,,,,,,,Bus,,,,,,,,,,,,,,,,,,,,,,,other,,,,,,,,,,,,,,,,,,,,,,,,,,,,,,,
15900,4,0,0,171,Infants (0 to 23 months)Contact provider for details Preschool (2 to 5 years)Contact provider for details School Age (6 years and older)Contact provider for details,,0 to 23 months,5,360,1080,60.0,English,other,Not provided,Accepts Subsidized Payment,1 months - 12 years,1,144,,,,,,English,,,,,,,,,,,,,,,,,,,,,After School,Before School,,,Full Time,Full year,,,School year only,,Summer only,Accepts Subsidized Payment,,,,,,,,,,,,,,,,,,,,,,,,,,,,,,,,,,Fr 06:00 AM - 06:00 PM,,,,,,,,,Mo 06:00 AM - 06:00 PM,,,,,,,,,,,,Th 06:00 AM - 06:00 PM,,,,,,,,,,,Tu 06:00 AM - 06:00 PM,,,,,,,,,,We 06:00 AM - 06:00 PM,,,,,,,,,
15032,4,1,0,89,Preschool (2 to 5 years)Contact provider for details School Age (6 years and older)Contact provider for details,,2 to 5 years,5,540,720,15.0,"English, Spanish",other,"Breakfast, AM Snack, Lunch, PM Snack","CA State Preschool Program, Other Child Care and Development Program funded by the CDE, Other Public Contract, Accepts Subsidized Payment",other,36,120,,,,,,English,,,,,,,,,,,,Spanish,,,AM Snack,Breakfast,,,Lunch,PM Snack,After School,,,,Full Time,Full year,Part time,,School year only,,,Accepts Subsidized Payment,CA State Preschool Program,,Other Child Care and Development Program funded by the CDE,Other Public Contract,,,Bilingual,,,,,,,,,,,,,,,,,,,,,,,,,,,,,,,,,,,,,,,,,,,,,,,other,,,,,,,,,,,,,,,,,,,,,,,,,,,,,,,
2926,4,1,0,60,School Age (6 years and older)Contact provider for details,,6 years and older,5,390,1080,57.5,English,other,"AM Snack, PM Snack",Accepts Subsidized Payment,4 years - 12 years,48,144,,,,,,English,,,,,,,,,,,,,,,AM Snack,,,,,PM Snack,After School,,,,Full Time,Full year,Part time,,School year only,,Summer only,Accepts Subsidized Payment,,,,,Academic,,,,,,,,,,,,,,,,,,,,,,,,,,,,,,Fr 06:30 AM - 06:00 PM,,,,,,,,,Mo 06:30 AM - 06:00 PM,,,,,,,,,,,,Th 06:30 AM - 06:00 PM,,,,,,,,,,,Tu 06:30 AM - 06:00 PM,,,,,,,,,,We 06:30 AM - 06:00 PM,,,,,,,,
3991,4,1,0,70,School Age (6 years and older)Contact provider for details,,6 years and older,,,,,"English, Spanish","Full Time, Part time, Drop in, Before School, After School, Rotating Schedule, Full year, School year only, Summer only",other,"Other Public Contract, Accepts Subsidized Payment",6 years - 12 years,72,144,,,,,,English,,,,,,,,,,,,Spanish,,,AM Snack,,Child Care Food Program (CCFP),,Lunch,,After School,Before School,Drop in,,Full Time,Full year,Part time,Rotating Schedule,School year only,,Summer only,Accepts Subsidized Payment,,,,Other Public Contract,,,,,,,,,,,,,,,,,,,,,,,,,,,Bus,,,,,,,,,,,,,,,,,,,,,,,,,,,,,,,,,,,,,,,,,,,,,,,,,,,,,,
9344,4,1,0,105,School Age (6 years and older)Contact provider for details,,6 years and older,5,420,1080,55.0,other,"Full Time, Part time, Drop in, Before School, After School, Rotating Schedule, Full year, School year only, Summer only","AM Snack, Lunch, PM Snack, Child Care Food Program (CCFP)","Other Public Contract, Accepts Subsidized Payment",4 years - 12 years,48,144,,,,,,English,,,,,,Korean,other,,,,,Spanish,Tagalog,,AM Snack,,Child Care Food Program (CCFP),,Lunch,PM Snack,After School,Before School,Drop in,,Full Time,Full year,Part time,Rotating Schedule,School year only,,Summer only,Accepts Subsidized Payment,,,,Other Public Contract,,,,,,,,,,,,,,,,,,,,,,,,,,,Bus,,,,,,,Fr 07:00 AM - 06:00 PM,,,,,,,,,Mo 07:00 AM - 06:00 PM,,,,,,,,,,,,Th 07:00 AM - 06:00 PM,,,,,,,,,,,Tu 07:00 AM - 06:00 PM,,,,,,,,,We 07:00 AM - 06:00 PM,,,,,,
10173,2,1,0,70,School Age (6 years and older)Contact provider for details,,6 years and older,5,420,1080,55.0,"English, Spanish, Vietnamese","Full Time, Part time, Drop in, Before School, After School, Rotating Schedule, Full year, School year only, Summer only","AM Snack, Lunch, PM Snack, Child Care Food Program (CCFP)","Other Public Contract, Accepts Subsidized Payment",6 years - 12 years,72,144,,,,,,English,,,,,,,,,,,,Spanish,,Vietnamese,AM Snack,,Child Care Food Program (CCFP),,Lunch,PM Snack,After School,Before School,Drop in,,Full Time,Full year,Part time,Rotating Schedule,School year only,,Summer only,Accepts Subsidized Payment,,,,Other Public Contract,,,,,,,,,,,,,,,,,,,,,,,,,,,Bus,,,,,,,Fr 07:00 AM - 06:00 PM,,,,,,,,,Mo 07:00 AM - 06:00 PM,,,,,,,,,,,,Th 07:00 AM - 06:00 PM,,,,,,,,,,,Tu 07:00 AM - 06:00 PM,,,,,,,,,We 07:00 AM - 06:00 PM,,,,,,
7471,5,1,0,105,School Age (6 years and older)Contact provider for details,,6 years and older,5,480,1020,45.0,"English, Spanish","Full Time, Part time, Drop in, Before School, After School, Rotating Schedule, Full year, School year only, Summer only","AM Snack, Lunch, PM Snack, Child Care Food Program (CCFP)",Accepts Subsidized Payment,6 years - 12 years,72,144,,,,,,English,,,,,,,,,,,,Spanish,,,AM Snack,,Child Care Food Program (CCFP),,Lunch,PM Snack,After School,Before School,Drop in,,Full Time,Full year,Part time,Rotating Schedule,School year only,,Summer only,Accepts Subsidized Payment,,,,,,,,,,,,,,,,,,,,,,,,,,,,,,,Bus,,,,,,,,,,,,,,,,,,,,,,,other,,,,,,,,,,,,,,,,,,,,,,,,,,,,,,,
2141,4,1,0,70,School Age (6 years and older)Contact provider for details,,6 years and older,5,420,1080,55.0,other,"Full Time, Part time, Drop in, Before School, After School, Rotating Schedule, Full year, School year only, Summer only","AM Snack, Lunch, PM Snack, Child Care Food Program (CCFP)","Other Public Contract, Accepts Subsidized Payment",4 years - 12 years,48,144,,,,,,English,,,,,,,,,,,,,,Vietnamese,AM Snack,,Child Care Food Program (CCFP),,Lunch,PM Snack,After School,Before School,Drop in,,Full Time,Full year,Part time,Rotating Schedule,School year only,,Summer only,Accepts Subsidized Payment,,,,Other Public Contract,Academic,,,,,,,,,,,,,,,,,,,,,,,,,,Bus,,,,,,,Fr 07:00 AM - 06:00 PM,,,,,,,,,Mo 07:00 AM - 06:00 PM,,,,,,,,,,,,Th 07:00 AM - 06:00 PM,,,,,,,,,,,Tu 07:00 AM - 06:00 PM,,,,,,,,,We 07:00 AM - 06:00 PM,,,,,,
5313,3,0,0,65,Preschool (2 to 5 years)Contact provider for details,,2 to 5 years,5,360,1080,60.0,English,"Full Time, School year only",Not provided,Accepts Subsidized Payment,2 years - 5 years,24,60,,,,,,English,,,,,,,,,,,,,,,,,,,,,,,,,Full Time,,,,School year only,,,Accepts Subsidized Payment,,,,,,,,,,,,,,,,,,,,,,,,,,,,,,,,,,Fr 06:00 AM - 06:00 PM,,,,,,,,,Mo 06:00 AM - 06:00 PM,,,,,,,,,,,,Th 06:00 AM - 06:00 PM,,,,,,,,,,,Tu 06:00 AM - 06:00 PM,,,,,,,,,,We 06:00 AM - 06:00 PM,,,,,,,,,
3046,4,0,0,75,School Age (6 years and older)Contact provider for details,,6 years and older,5,450,1050,50.0,"English, Spanish",other,"AM Snack, Lunch, PM Snack","Other Child Care and Development Program funded by the CDE, Accepts Subsidized Payment",other,36,132,,,,,,English,,,,,,,,,,,,Spanish,,,AM Snack,,,,Lunch,PM Snack,After School,Before School,,,Full Time,Full year,Part time,Rotating Schedule,,,,Accepts Subsidized Payment,,,Other Child Care and Development Program funded by the CDE,,,,,,,,,,Developmentally Appropriate Practices,,,,,,,,,,,,,,,,,,,,,,,,,,Fr 07:30 AM - 05:30 PM,,,,,,,,,,Mo 07:30 AM - 05:30 PM,,,,,,,,,,,,Th 07:30 AM - 05:30 PM,,,,,,,,,,Tu 07:30 AM - 05:30 PM,,,,,,,,,We 07:30 AM - 05:30 PM,,,,,
7661,4,0,0,70,School Age (6 years and older)Contact provider for details,,6 years and older,5,360,1080,60.0,English,other,other,Accepts Subsidized Payment,4 years - 12 years,48,144,,,,,,English,,,,,,,,,,,,,,,AM Snack,Breakfast,Child Care Food Program (CCFP),,,PM Snack,,Before School,Drop in,,Full Time,Full year,,,School year only,,Summer only,Accepts Subsidized Payment,,,,,,,,,,,,,,,,,,,,,,,,,,,,,,,,,,Fr 06:00 AM - 06:00 PM,,,,,,,,,Mo 06:00 AM - 06:00 PM,,,,,,,,,,,,Th 06:00 AM - 06:00 PM,,,,,,,,,,,Tu 06:00 AM - 06:00 PM,,,,,,,,,,We 06:00 AM - 06:00 PM,,,,,,,,,
9720,4,1,0,64,Preschool (2 to 5 years)Contact provider for details School Age (6 years and older)Contact provider for details,,2 to 5 years,5,420,1080,55.0,other,other,other,Accepts Subsidized Payment,other,24,132,,,,Chinese (Mandarin),,English,,,,,,,,,,,,Spanish,,,,Breakfast,,,,PM Snack,After School,Before School,,,Full Time,Full year,,,,,,Accepts Subsidized Payment,,,,,,,,,,,,,,,,,,,,,,,,,,,,,,,,,Walking,,,,,Fr 07:00 AM - 06:00 PM,,,,,,,,,Mo 07:00 AM - 06:00 PM,,,,,,,,,,,,Th 07:00 AM - 06:00 PM,,,,,,,,,,,Tu 07:00 AM - 06:00 PM,,,,,,,,,We 07:00 AM - 06:00 PM,,,,,,
7314,4,1,0,28,School Age (6 years and older)Contact provider for details,,6 years and older,5,840,1080,20.0,English,other,"Breakfast, Lunch, PM Snack, Child Care Food Program (CCFP)","Other Child Care and Development Program funded by the CDE, Accepts Subsidized Payment",4 years - 12 years,48,144,,,,,,English,,,,,,,,,,,,,,,,Breakfast,Child Care Food Program (CCFP),,Lunch,PM Snack,After School,,,,Full Time,Full year,Part time,,,,,Accepts Subsidized Payment,,,Other Child Care and Development Program funded by the CDE,,,,,,,,,,,,,,,,,,,,,,,,,,,,,,,,,,,,,,,,,,,,,,,,,,,other,,,,,,,,,,,,,,,,,,,,,,,,,,,,,,,
11391,5,1,0,96,School Age (6 years and older)Contact provider for details,,6 years and older,5,405,1080,56.25,"English, Spanish","Full Time, Part time, Before School, After School, Full year, School year only, Summer only",Breakfast,Accepts Subsidized Payment,other,72,156,,,,,,English,,,,,,,,,,,,Spanish,,,,Breakfast,,,,,After School,Before School,,,Full Time,Full year,Part time,,School year only,,Summer only,Accepts Subsidized Payment,,,,,,,,,,,,,,,,,,,,,,,,,,,,,,,,,,,,,,,,,,,,,,,,,,,,,,other,,,,,,,,,,,,,,,,,,,,,,,,,,,,,,,
630,4,0,0,90,School Age (6 years and older)Contact provider for details,,6 years and older,5,405,1080,56.25,English,other,"AM Snack, PM Snack",Accepts Subsidized Payment,4 years - 12 years,48,144,,,,,,English,,,,,,,,,,,,,,,AM Snack,,,,,PM Snack,After School,Before School,Drop in,,Full Time,Full year,Part time,,,,,Accepts Subsidized Payment,,,,,Academic,,,,,,,,,,,,,,,,,,,,,,,,,,,,,,,,,,,,,,,,,,,,,,,,,other,,,,,,,,,,,,,,,,,,,,,,,,,,,,,,,
12390,4,1,0,185,other,1,6 years and older,5,360,1080,60.0,"English, Spanish","Full Time, Part time, Before School, After School, Full year","AM Snack, PM Snack",Accepts Subsidized Payment,6 years - 12 years,72,144,,,,,,English,,,,,,,,,,,,Spanish,,,AM Snack,,,,,PM Snack,After School,Before School,,,Full Time,Full year,Part time,,,,,Accepts Subsidized Payment,,,,,Academic,,,,,,,,,,,,,,,,,,,,,,,,,,,,,Fr 06:00 AM - 06:00 PM,,,,,,,,,Mo 06:00 AM - 06:00 PM,,,,,,,,,,,,Th 06:00 AM - 06:00 PM,,,,,,,,,,,Tu 06:00 AM - 06:00 PM,,,,,,,,,,We 06:00 AM - 06:00 PM,,,,,,,,,
6324,4,1,0,180,other,1,6 years and older,5,405,1080,56.25,"English, Spanish","Full Time, Part time, Before School, After School, Full year","AM Snack, PM Snack",Accepts Subsidized Payment,6 years - 12 years,72,144,,,,,,English,,,,,,,,,,,,Spanish,,,AM Snack,,,,,PM Snack,After School,Before School,,,Full Time,Full year,Part time,,,,,Accepts Subsidized Payment,,,,,Academic,,,,,,,,,,,,,,,,,,,,,,,,,,,,,,,,,,,,,,,,,,,,,,,,,other,,,,,,,,,,,,,,,,,,,,,,,,,,,,,,,
14355,3,0,0,19,Preschool (2 to 5 years)Contact provider for details,,2 to 5 years,5,390,1050,55.0,"English, Spanish","Full Time, Part time, Before School, After School, Full year, School year only, Summer only","Breakfast, AM Snack, Lunch, PM Snack, Child Care Food Program (CCFP)",Accepts Subsidized Payment,3 years - 5 years,36,60,,,,,,English,,,,,,,,,,,,Spanish,,,AM Snack,Breakfast,Child Care Food Program (CCFP),,Lunch,PM Snack,After School,Before School,,,Full Time,Full year,Part time,,School year only,,Summer only,Accepts Subsidized Payment,,,,,,,,,,,,,,,,,,,,,,,,,,,,,,,,,,,,,,,,,,,,,,,,,,,,,,other,,,,,,,,,,,,,,,,,,,,,,,,,,,,,,,
3599,4,1,0,94,Preschool (2 to 5 years)Contact provider for details,,2 to 5 years,5,420,1020,50.0,"English, Spanish","Full Time, Full year, School year only, Summer only","Breakfast, Lunch, PM Snack","Head Start, CA State Preschool Program, Accepts Subsidized Payment",2 years - 5 years,24,60,,,,,,English,,,,,,,,,,,,Spanish,,,,Breakfast,,,Lunch,PM Snack,,,,,Full Time,Full year,,,School year only,,Summer only,Accepts Subsidized Payment,CA State Preschool Program,Head Start,,,,,,,,,,,,,,,,,,,,,,,,,,Special Needs,Subsidize,,,,,,,Fr 07:00 AM - 05:00 PM,,,,,,,,,Mo 07:00 AM - 05:00 PM,,,,,,,,,other,,,Th 07:00 AM - 05:00 PM,,,,,,,,,,,Tu 07:00 AM - 05:00 PM,,,,,,,,,,,,,,,,,
11303,5,1,0,24,Preschool (2 to 5 years)Contact provider for details,,2 to 5 years,5,480,660,15.0,other,"Part time, School year only","AM Snack, PM Snack, Child Care Food Program (CCFP)",Accepts Subsidized Payment,3 years - 5 years,36,60,,Arabic,,,,English,Farsi,,,,,,,,,,,Spanish,,,AM Snack,,Child Care Food Program (CCFP),,,PM Snack,,,,,,,Part time,,School year only,,,Accepts Subsidized Payment,,,,,,,,,,,,,,,,,,,,,,,,,,,,,,,Bus,,,,,,,,,,Fr 08:00 AM - 11:00 AM,,,,,,,,,,,Mo 08:00 AM - 11:00 AM,,,,,,,,,,,,Th 08:00 AM - 11:00 AM,,,,,,,,,,Tu 08:00 AM - 11:00 AM,,,,,,,,,We 08:00 AM - 11:00 AM,,
15967,5,0,0,124,Infants (0 to 23 months)Contact provider for details Preschool (2 to 5 years)Contact provider for details School Age (6 years and older)Contact provider for details,,0 to 23 months,5,390,1080,57.5,"English, Spanish","Full Time, Part time, Drop in, Before School, After School, Rotating Schedule, Full year, School year only, Summer only","AM Snack, Lunch, PM Snack",Accepts Subsidized Payment,1 months - 12 years,1,144,,,,,,English,,,,,,,,,,,,Spanish,,,AM Snack,,,,Lunch,PM Snack,After School,Before School,Drop in,,Full Time,Full year,Part time,Rotating Schedule,School year only,,Summer only,Accepts Subsidized Payment,,,,,Academic,,,Child Development,,,,,,,,,,,,,,,,Pre-kindergarten/Preschool,,,,,,,Bus,,,,Fr 06:30 AM - 06:00 PM,,,,,,,,,Mo 06:30 AM - 06:00 PM,,,,,,,,,,,,Th 06:30 AM - 06:00 PM,,,,,,,,,,,Tu 06:30 AM - 06:00 PM,,,,,,,,,,We 06:30 AM - 06:00 PM,,,,,,,,
14414,4,0,0,98,Preschool (2 to 5 years)Contact provider for details,,2 to 5 years,5,330,1080,62.5,"English, Spanish","Full Time, Full year","Breakfast, Lunch, PM Snack, Child Care Food Program (CCFP)","Other Child Care and Development Program funded by the CDE, Accepts Subsidized Payment",3 years - 5 years,36,60,,,,,,English,,,,,,,,,,,,Spanish,,,,Breakfast,Child Care Food Program (CCFP),,Lunch,PM Snack,,,,,Full Time,Full year,,,,,,Accepts Subsidized Payment,,,Other Child Care and Development Program funded by the CDE,,,,Bilingual,Child Development,,,,,Developmentally Appropriate Practices,,,,,,,Parent Involvement,Play based,,,Pre-kindergarten/Preschool,,,,,,,,,,,,,,,,,,,,,,,,,,,,,,other,,,,,,,,,,,,,,,,,,,,,,,,,,,,,,,
16344,2,1,0,101,Infants (0 to 23 months) Immediate Openings Preschool (2 to 5 years) Immediate Openings,1,0 to 23 months,5,360,1200,70.0,"English, Spanish",other,"Breakfast, AM Snack, Lunch, PM Snack, Child Care Food Program (CCFP)","CA State Preschool Program, Accepts Subsidized Payment",1 months - 5 years,1,60,,,,,,English,,,,,,,,,,,,Spanish,,,AM Snack,Breakfast,Child Care Food Program (CCFP),,Lunch,PM Snack,,,,Evening,Full Time,Full year,Part time,,,,,Accepts Subsidized Payment,CA State Preschool Program,,,,Academic,,Bilingual,Child Development,,,,,Developmentally Appropriate Practices,,,,,,other,,Play based,,Potty training,Pre-kindergarten/Preschool,,,,Special Needs,,,,,,,,,,,,,,,,,,,,,,,,,,other,,,,,,,,,,,,,,,,,,,,,,,,,,,,,,,
2982,3,0,0,149,Infants (0 to 23 months)Contact provider for details Preschool (2 to 5 years)Contact provider for details,,0 to 23 months,5,450,990,45.0,"English, Spanish","Full Time, Full year, School year only, Summer only","Breakfast, Lunch, PM Snack","CA State Preschool Program, Other Child Care and Development Program funded by the CDE, Accepts Subsidized Payment",1 years - 6 years,12,72,,,,,,English,,,,,,,,,,,,Spanish,,,,Breakfast,,,Lunch,PM Snack,,,,,Full Time,Full year,,,School year only,,Summer only,Accepts Subsidized Payment,CA State Preschool Program,,Other Child Care and Development Program funded by the CDE,,Academic,,,,,,,,,,,,,,,,,,,,,,,,,,,,,,,,,,,,,,,,,,,Mo 07:30 AM - 04:30 PM,,,,,,other,,,,,,Th 07:30 AM - 04:30 PM,,,,,,,,,,,,,,,,,,,,,,,,,
14558,4,,1,116,Infants (0 to 23 months)Contact provider for details Preschool (2 to 5 years)Contact provider for details,,0 to 23 months,5,450,1050,50.0,"English, Spanish","Full Time, Part time, Full year","Breakfast, AM Snack, Lunch, PM Snack, Child Care Food Program (CCFP)",other,2 years - 5 years,24,60,,,,,,English,,,,,,,,,,,,Spanish,,,AM Snack,Breakfast,Child Care Food Program (CCFP),,Lunch,PM Snack,,,,,Full Time,Full year,Part time,,,,,,CA State Preschool Program,,,Other Public Contract,Academic,Art based,Bilingual,Child Development,Child Directed,,Constructivist,COVID-19 Emergency Response Care,Developmentally Appropriate Practices,,,,,,,Parent Involvement,Play based,Playgroup,Potty training,Pre-kindergarten/Preschool,Project based,,,Special Needs,,Virtual/Distance Learning,,,,,,,,,Fr 07:30 AM - 05:30 PM,,,,,,,,,,Mo 07:30 AM - 05:30 PM,,,,,,,,,,,,Th 07:30 AM - 05:30 PM,,,,,,,,,,Tu 07:30 AM - 05:30 PM,,,,,,,,,We 07:30 AM - 05:30 PM,,,,,
6419,4,1,0,32,Preschool (2 to 5 years)Contact provider for details,,2 to 5 years,5,510,990,40.0,"English, Spanish","Full Time, Full year","Breakfast, Lunch, PM Snack, Child Care Food Program (CCFP)","Head Start, CA State Preschool Program, Accepts Subsidized Payment",2 years - 5 years,24,60,,,,,,English,,,,,,,,,,,,Spanish,,,,Breakfast,Child Care Food Program (CCFP),,Lunch,PM Snack,,,,,Full Time,Full year,,,,,,Accepts Subsidized Payment,CA State Preschool Program,Head Start,,,,,Bilingual,Child Development,,,,,,,,,,,,,,,Potty training,,,,,,,,,,,,,,,,,,,,,,,,,,,,,,,other,,,,,,,,,,,,,,,,,,,,,,,,,,,,,,,
13408,5,1,0,22,Infants (0 to 23 months)Contact provider for details Preschool (2 to 5 years)Contact provider for details,,0 to 23 months,5,450,1020,47.5,English,"Full Time, Part time, School year only","Breakfast, AM Snack, Lunch, PM Snack, Child Care Food Program (CCFP)","Head Start, CA State Preschool Program, Accepts Subsidized Payment",1 years - 5 years,12,60,,,,,,English,,,,,,,,,,,,,,,AM Snack,Breakfast,Child Care Food Program (CCFP),,Lunch,PM Snack,,,,,Full Time,,Part time,,School year only,,,Accepts Subsidized Payment,CA State Preschool Program,Head Start,,,,,,Child Development,,,,,,,,,,,,,,,,Pre-kindergarten/Preschool,,,,Special Needs,Subsidize,,,,,,,,,,,,,,,,,,,,,,,,,other,,,,,,,,,,,,,,,,,,,,,,,,,,,,,,,
16290,4,1,0,26,Infants (0 to 23 months)Contact provider for details Preschool (2 to 5 years)Contact provider for details,,0 to 23 months,5,420,1020,50.0,other,"Full Time, Part time, School year only","Breakfast, AM Snack, Lunch, PM Snack","Head Start, Accepts Subsidized Payment",other,1,36,,,,,,English,Farsi,,,,,,other,,,,,Spanish,,,AM Snack,Breakfast,,,Lunch,PM Snack,,,,,Full Time,,Part time,,School year only,,,Accepts Subsidized Payment,,Head Start,,,,,,Child Development,,,,,,,,,,,,,,,,Pre-kindergarten/Preschool,,,,Special Needs,Subsidize,,,,,,,Fr 07:00 AM - 05:00 PM,,,,,,,,,Mo 07:00 AM - 05:00 PM,,,,,,,,,other,,,Th 07:00 AM - 05:00 PM,,,,,,,,,,,Tu 07:00 AM - 05:00 PM,,,,,,,,,,,,,,,,,
18969,5,1,0,26,Infants (0 to 23 months)Contact provider for details Preschool (2 to 5 years)Contact provider for details,,0 to 23 months,5,450,900,37.5,other,"Full Time, Part time, School year only","Breakfast, Lunch, PM Snack","Head Start, Accepts Subsidized Payment",other,1,36,,Arabic,Chinese (Cantonese),Chinese (Mandarin),,English,Farsi,French,,,,,,,,Sign Language,,Spanish,Tagalog,Vietnamese,,Breakfast,,,Lunch,PM Snack,,,,,Full Time,,Part time,,School year only,,,Accepts Subsidized Payment,,Head Start,,,,,,Child Development,,,,,,,,,,,,,,,,,,,,Special Needs,Subsidize,,,Car,Walking,,,,,,,,,,,,,,,,,,,,,other,,,,,,,,,,,,,,,,,,,,,,,,,,,,,,,
13532,4,1,0,71,Infants (0 to 23 months)Contact provider for details Preschool (2 to 5 years)Contact provider for details,,0 to 23 months,5,450,1020,47.5,"English, Spanish","Full Time, School year only","Breakfast, Lunch, PM Snack, Child Care Food Program (CCFP)","Head Start, CA State Preschool Program, Accepts Subsidized Payment",1 months - 5 years,1,60,,,,,,English,,,,,,,,,,,,Spanish,,,,Breakfast,Child Care Food Program (CCFP),,Lunch,PM Snack,,,,,Full Time,,,,School year only,,,Accepts Subsidized Payment,CA State Preschool Program,Head Start,,,,,,Child Development,,,,,,,,,,,,,,,,Pre-kindergarten/Preschool,,,,Special Needs,Subsidize,,,,,,,,,,,,,,,,,,,,,,,,,other,,,,,,,,,,,,,,,,,,,,,,,,,,,,,,,
7261,5,1,0,24,Preschool (2 to 5 years)Contact provider for details,,2 to 5 years,,,,,"English, Spanish","Part time, School year only","AM Snack, PM Snack, Child Care Food Program (CCFP)",Accepts Subsidized Payment,3 years - 5 years,36,60,,,,,,English,,,,,,,,,,,,Spanish,,,AM Snack,,Child Care Food Program (CCFP),,,PM Snack,,,,,,,Part time,,School year only,,,Accepts Subsidized Payment,,,,,,,,,,,,,,,,,,,,,,,,,,,,,,,Bus,,,,,,,,,,,,,,,,,,,,,,,,,,,,,,,,,,,,,,,,,,,,,,,,,,,,,,
7858,4,1,0,60,Infants (0 to 23 months)Contact provider for details Preschool (2 to 5 years)Contact provider for details,,0 to 23 months,5,450,990,45.0,other,"Full Time, Part time, Full year","Breakfast, AM Snack, Lunch, PM Snack","CA State Preschool Program, Other Child Care and Development Program funded by the CDE",1 years - 5 years,12,60,,,,,,English,Farsi,,Hindi,,,,,,Russian,,,Spanish,,,AM Snack,Breakfast,,,Lunch,PM Snack,,,,,Full Time,Full year,Part time,,,,,,CA State Preschool Program,,Other Child Care and Development Program funded by the CDE,,,,,Child Development,,,,,Developmentally Appropriate Practices,,,,,,,,Play based,,Potty training,Pre-kindergarten/Preschool,,,,,,,,,,,,,,,,,,,,,,,,Mo 07:30 AM - 04:30 PM,,,,,,other,,,,,,Th 07:30 AM - 04:30 PM,,,,,,,,,,,,,,,,,,,,,,,,,
6201,2,1,0,237,other,0,0 to 23 months,5,420,1080,55.0,"English, Spanish",other,"AM Snack, Lunch, PM Snack",Accepts Subsidized Payment,0 months - 11 months,0,11,,,,,,English,,,,,,,,,,,,Spanish,,,AM Snack,,,,Lunch,PM Snack,After School,Before School,,,Full Time,Full year,Part time,,School year only,,,Accepts Subsidized Payment,,,,,Academic,,,,,,,,,,,,,,,,,,,,,,,,,,,,,,,,,Fr 07:00 AM - 06:00 PM,,,,,,,,,Mo 07:00 AM - 06:00 PM,,,,,,,,,,,,Th 07:00 AM - 06:00 PM,,,,,,,,,,,Tu 07:00 AM - 06:00 PM,,,,,,,,,We 07:00 AM - 06:00 PM,,,,,,
12497,4,0,0,96,Infants (0 to 23 months)Contact provider for details Preschool (2 to 5 years)Contact provider for details,,0 to 23 months,5,360,1080,60.0,"English, Spanish","Full Time, Part time, Full year","AM Snack, Lunch, PM Snack","Head Start, CA State Preschool Program, Other Child Care and Development Program funded by the CDE, Accepts Subsidized Payment",0 months - 5 years,0,60,,,,,,English,,,,,,,,,,,,Spanish,,,AM Snack,,,,Lunch,PM Snack,,,,,Full Time,Full year,Part time,,,,,Accepts Subsidized Payment,CA State Preschool Program,Head Start,Other Child Care and Development Program funded by the CDE,,,,,,,,,,,,,,,,,,,,,Pre-kindergarten/Preschool,,,,,,,,,,Fr 06:00 AM - 06:00 PM,,,,,,,,,Mo 06:00 AM - 06:00 PM,,,,,,,,,,,,Th 06:00 AM - 06:00 PM,,,,,,,,,,,Tu 06:00 AM - 06:00 PM,,,,,,,,,,We 06:00 AM - 06:00 PM,,,,,,,,,
12528,5,1,0,24,Preschool (2 to 5 years)Contact provider for details,,2 to 5 years,5,480,660,15.0,"English, Spanish","Part time, School year only","AM Snack, PM Snack, Child Care Food Program (CCFP)",Accepts Subsidized Payment,3 years - 5 years,36,60,,,,,,English,,,,,,,,,,,,Spanish,,,AM Snack,,Child Care Food Program (CCFP),,,PM Snack,,,,,,,Part time,,School year only,,,Accepts Subsidized Payment,,,,,,,,,,,,,,,,,,,,,,,,,,,,,,,Bus,,,,,,,,,,Fr 08:00 AM - 11:00 AM,,,,,,,,,,,Mo 08:00 AM - 11:00 AM,,,,,,,,,,,,Th 08:00 AM - 11:00 AM,,,,,,,,,,Tu 08:00 AM - 11:00 AM,,,,,,,,,We 08:00 AM - 11:00 AM,,
2067,5,0,0,94,Preschool (2 to 5 years)Contact provider for details School Age (6 years and older)Contact provider for details,,2 to 5 years,5,390,1080,57.5,"English, Spanish",other,"Breakfast, AM Snack, Lunch, PM Snack, Child Care Food Program (CCFP)",Accepts Subsidized Payment,3 years - 12 years,36,144,,,,,,English,,,,,,,,,,,,Spanish,,,AM Snack,Breakfast,Child Care Food Program (CCFP),,Lunch,PM Snack,,Before School,Drop in,,Full Time,Full year,Part time,,School year only,,Summer only,Accepts Subsidized Payment,,,,,,,,,,,,,,,,,,,,,,,,,,,,,,,,,,,Fr 06:30 AM - 06:00 PM,,,,,,,,,Mo 06:30 AM - 06:00 PM,,,,,,,,,,,,Th 06:30 AM - 06:00 PM,,,,,,,,,,,Tu 06:30 AM - 06:00 PM,,,,,,,,,,We 06:30 AM - 06:00 PM,,,,,,,,
10767,2,0,0,106,Infants (0 to 23 months)Contact provider for details Preschool (2 to 5 years)Contact provider for details School Age (6 years and older)Contact provider for details,,0 to 23 months,5,360,1080,60.0,English,"Full Time, Part time, Before School, After School, Full year, School year only, Summer only","AM Snack, Lunch, PM Snack",Accepts Subsidized Payment,1 months - 12 years,1,144,,,,,,English,,,,,,,,,,,,,,,AM Snack,,,,Lunch,PM Snack,After School,Before School,,,Full Time,Full year,Part time,,School year only,,Summer only,Accepts Subsidized Payment,,,,,,,,,,,,,,,,,,,,,,,,,,,,,,,Bus,,,Fr 06:00 AM - 06:00 PM,,,,,,,,,Mo 06:00 AM - 06:00 PM,,,,,,,,,,,,Th 06:00 AM - 06:00 PM,,,,,,,,,,,Tu 06:00 AM - 06:00 PM,,,,,,,,,,We 06:00 AM - 06:00 PM,,,,,,,,,
12292,5,0,0,22,Preschool (2 to 5 years)Contact provider for details,,2 to 5 years,5,480,885,33.75,other,"Part time, School year only","Breakfast, Lunch","CA State Preschool Program, Accepts Subsidized Payment",3 years - 5 years,36,60,,Arabic,,,,English,,,,,,,,,,,,,,,,Breakfast,,,Lunch,,,,,,,,Part time,,School year only,,,Accepts Subsidized Payment,CA State Preschool Program,,,,,,,Child Development,,,,,,,,,,,,,,,,,,,,,Subsidize,,,,,,,,,,,,,,,,,,,,,,,,,other,,,,,,,,,,,,,,,,,,,,,,,,,,,,,,,
15773,5,1,0,98,Preschool (2 to 5 years)Contact provider for details,,2 to 5 years,5,480,1020,45.0,other,"Full Time, Part time, School year only","Breakfast, Lunch, PM Snack, Child Care Food Program (CCFP)",Other Child Care and Development Program funded by the CDE,2 years - 5 years,24,60,,,,,,English,,,,,,,,,,,,,,Vietnamese,,Breakfast,Child Care Food Program (CCFP),,Lunch,PM Snack,,,,,Full Time,,Part time,,School year only,,,,,,Other Child Care and Development Program funded by the CDE,,,,,Child Development,,,,,,,,,,,,,,,,,,,,,,,,,,,,,,,,,,,,,,,,,,,,,,other,,,,,,,,,,,,,,,,,,,,,,,,,,,,,,,
12119,4,1,0,66,Preschool (2 to 5 years)Contact provider for details,,2 to 5 years,5,450,960,38.5,other,"Full Time, Part time, School year only","Breakfast, Lunch, PM Snack, Child Care Food Program (CCFP)","Head Start, CA State Preschool Program, Other Child Care and Development Program funded by the CDE, Accepts Subsidized Payment",1 years - 5 years,12,60,,,,Chinese (Mandarin),,English,Farsi,,,,,,,,,,,Spanish,,Vietnamese,,Breakfast,Child Care Food Program (CCFP),,Lunch,PM Snack,,,,,Full Time,,Part time,,School year only,,,Accepts Subsidized Payment,CA State Preschool Program,Head Start,Other Child Care and Development Program funded by the CDE,,,,,Child Development,,,,,,,,,,,,,,,,,,,,Special Needs,Subsidize,,,,,,,,,,,,,,,,,,,,,,,,,other,,,,,,,,,,,,,,,,,,,,,,,,,,,,,,,
14518,5,0,0,24,Preschool (2 to 5 years)Contact provider for details,,2 to 5 years,5,480,660,15.0,"English, Spanish, Labels, Labels English","Part time, School year only",Not provided,Accepts Subsidized Payment,3 years - 4 years,36,48,,,,,,English,,,,,,,,,,,,Spanish,,,,,,,,,,,,,,,Part time,,School year only,,,Accepts Subsidized Payment,,,,,,,,,,,,,,,,,,,,,,,,,,,,,,,,,,,,,,,,,Fr 08:00 AM - 11:00 AM,,,,,,,,,,,Mo 08:00 AM - 11:00 AM,,,,,,,,,,,,Th 08:00 AM - 11:00 AM,,,,,,,,,,Tu 08:00 AM - 11:00 AM,,,,,,,,,We 08:00 AM - 11:00 AM,,
17331,5,0,0,24,Preschool (2 to 5 years)Contact provider for details,,2 to 5 years,5,420,1020,50.0,"English, English","Full Time, School year only",Not provided,Accepts Subsidized Payment,3 years - 5 years,36,60,,,,,,English,,,,,,,,,,,,,,,,,,,,,,,,,Full Time,,,,School year only,,,Accepts Subsidized Payment,,,,,Academic,,,,,,,,,,,,,,,,,,,,,,,,,,,,,,,Fr 07:00 AM - 05:00 PM,,,,,,,,,Mo 07:00 AM - 05:00 PM,,,,,,,,,other,,,Th 07:00 AM - 05:00 PM,,,,,,,,,,,Tu 07:00 AM - 05:00 PM,,,,,,,,,,,,,,,,,
7631,4,0,0,160,Preschool (2 to 5 years)Contact provider for details,,2 to 5 years,5,450,1050,50.0,"English, Spanish","Full Time, Part time, Full year, School year only","Breakfast, Lunch, PM Snack","CA State Preschool Program, Other Child Care and Development Program funded by the CDE",2 years - 5 years,24,60,,,,,,English,,,,,,,,,,,,Spanish,,,,Breakfast,,,Lunch,PM Snack,,,,,Full Time,Full year,Part time,,School year only,,,,CA State Preschool Program,,Other Child Care and Development Program funded by the CDE,,,,,Child Development,,,,,,,,,,,,,,,,,,,,,,,,,,,,,,,Fr 07:30 AM - 05:30 PM,,,,,,,,,,Mo 07:30 AM - 05:30 PM,,,,,,,,,,,,Th 07:30 AM - 05:30 PM,,,,,,,,,,Tu 07:30 AM - 05:30 PM,,,,,,,,,We 07:30 AM - 05:30 PM,,,,,
9974,4,1,0,20,Preschool (2 to 5 years)Contact provider for details,,2 to 5 years,5,480,1020,45.0,"English, Spanish","Full Time, Full year","Breakfast, Lunch, PM Snack, Child Care Food Program (CCFP)","CA State Preschool Program, Other Public Contract, Accepts Subsidized Payment",2 years - 5 years,24,60,,,,,,English,,,,,,,,,,,,Spanish,,,,Breakfast,Child Care Food Program (CCFP),,Lunch,PM Snack,,,,,Full Time,Full year,,,,,,Accepts Subsidized Payment,CA State Preschool Program,,,Other Public Contract,,,Bilingual,Child Development,,,,,,,,,,,,,,,,,,,,,,,,,,,,,,,,,,,,,,,,,,,,,,other,,,,,,,,,,,,,,,,,,,,,,,,,,,,,,,
12684,5,0,0,24,Preschool (2 to 5 years)Contact provider for details,,2 to 5 years,5,480,1020,45.0,"English, Spanish","Full Time, Full year","Breakfast, Lunch, PM Snack, Child Care Food Program (CCFP)","CA State Preschool Program, Other Public Contract, Accepts Subsidized Payment",3 years - 5 years,36,60,,,,,,English,,,,,,,,,,,,Spanish,,,,Breakfast,Child Care Food Program (CCFP),,Lunch,PM Snack,,,,,Full Time,Full year,,,,,,Accepts Subsidized Payment,CA State Preschool Program,,,Other Public Contract,,,Bilingual,Child Development,Child Directed,,,,Developmentally Appropriate Practices,,,,,,,Parent Involvement,Play based,Playgroup,Potty training,,,,,Special Needs,,,,,,,,,,,,,,,,,,,,,,,,,,other,,,,,,,,,,,,,,,,,,,,,,,,,,,,,,,
10230,5,1,0,96,Preschool (2 to 5 years)Contact provider for details,,2 to 5 years,4,510,960,30.0,"English, Spanish","Full Time, Full year",AM Snack,Accepts Subsidized Payment,2 years - 6 years,24,72,,,,,,English,,,,,,,,,,,,Spanish,,,AM Snack,,,,,,,,,,Full Time,Full year,,,,,,Accepts Subsidized Payment,,,,,,,Bilingual,,,,,,,,,,,,,,Play based,,,,,,,,,,,,,,,,,,,,,,,,,,,,,,,,,other,,,,,,,,,,,,,,,,,,,,,,,,,,,,,,,
9590,3,0,0,24,Preschool (2 to 5 years)Contact provider for details,,2 to 5 years,5,480,660,15.0,"English, Spanish","Part time, School year only","Breakfast, Lunch",CA State Preschool Program,3 years - 4 years,36,48,,,,,,English,,,,,,,,,,,,Spanish,,,,Breakfast,,,Lunch,,,,,,,,Part time,,School year only,,,,CA State Preschool Program,,,,,,,Child Development,,,,,,,,,,,,,,,,,,,,,,,,,,,,,,,,,Fr 08:00 AM - 11:00 AM,,,,,,,,,,,Mo 08:00 AM - 11:00 AM,,,,,,,,,,,,Th 08:00 AM - 11:00 AM,,,,,,,,,,Tu 08:00 AM - 11:00 AM,,,,,,,,,We 08:00 AM - 11:00 AM,,
10702,4,0,0,24,Preschool (2 to 5 years)Contact provider for details,,2 to 5 years,5,480,660,15.0,English,"Full Time, Part time, School year only","AM Snack, PM Snack",Accepts Subsidized Payment,3 years - 5 years,36,60,,,,,,English,,,,,,,,,,,,,,,AM Snack,,,,,PM Snack,,,,,Full Time,,Part time,,School year only,,,Accepts Subsidized Payment,,,,,,,,,,,,,,,,,,,,,,,,,,,,,,,,,,,,,,,,,Fr 08:00 AM - 11:00 AM,,,,,,,,,,,Mo 08:00 AM - 11:00 AM,,,,,,,,,,,,Th 08:00 AM - 11:00 AM,,,,,,,,,,Tu 08:00 AM - 11:00 AM,,,,,,,,,We 08:00 AM - 11:00 AM,,
15919,4,0,0,132,Preschool (2 to 5 years)Contact provider for details,,2 to 5 years,5,360,1080,60.0,English,"Full Time, School year only",Not provided,Accepts Subsidized Payment,3 years - 5 years,36,60,,,,,,English,,,,,,,,,,,,,,,,,,,,,,,,,Full Time,,,,School year only,,,Accepts Subsidized Payment,,,,,,,,,,,,,,,,,,,,,,,,,,,,,,,,,,Fr 06:00 AM - 06:00 PM,,,,,,,,,Mo 06:00 AM - 06:00 PM,,,,,,,,,,,,Th 06:00 AM - 06:00 PM,,,,,,,,,,,Tu 06:00 AM - 06:00 PM,,,,,,,,,,We 06:00 AM - 06:00 PM,,,,,,,,,
3149,4,0,0,20,Preschool (2 to 5 years)Contact provider for details,,2 to 5 years,5,480,660,15.0,English,"Full Time, Part time, School year only","AM Snack, PM Snack",Accepts Subsidized Payment,3 years - 5 years,36,60,,,,,,English,,,,,,,,,,,,,,,AM Snack,,,,,PM Snack,,,,,Full Time,,Part time,,School year only,,,Accepts Subsidized Payment,,,,,,,,,,,,,,,,,,,,,,,,,,,,,,,,,,,,,,,,,Fr 08:00 AM - 11:00 AM,,,,,,,,,,,Mo 08:00 AM - 11:00 AM,,,,,,,,,,,,Th 08:00 AM - 11:00 AM,,,,,,,,,,Tu 08:00 AM - 11:00 AM,,,,,,,,,We 08:00 AM - 11:00 AM,,
9629,4,0,0,24,Preschool (2 to 5 years)Contact provider for details,,2 to 5 years,5,360,1080,60.0,English,"Full Time, School year only",Not provided,Accepts Subsidized Payment,3 years - 5 years,36,60,,,,,,English,,,,,,,,,,,,,,,,,,,,,,,,,Full Time,,,,School year only,,,Accepts Subsidized Payment,,,,,,,,,,,,,,,,,,,,,,,,,,,,,,,,,,Fr 06:00 AM - 06:00 PM,,,,,,,,,Mo 06:00 AM - 06:00 PM,,,,,,,,,,,,Th 06:00 AM - 06:00 PM,,,,,,,,,,,Tu 06:00 AM - 06:00 PM,,,,,,,,,,We 06:00 AM - 06:00 PM,,,,,,,,,
18344,4,0,0,24,Preschool (2 to 5 years)Contact provider for details,,2 to 5 years,5,360,1080,60.0,English,"Full Time, School year only",Not provided,Accepts Subsidized Payment,3 years - 5 years,36,60,,,,,,English,,,,,,,,,,,,,,,,,,,,,,,,,Full Time,,,,School year only,,,Accepts Subsidized Payment,,,,,,,,,,,,,,,,,,,,,,,,,,,,,,,,,,Fr 06:00 AM - 06:00 PM,,,,,,,,,Mo 06:00 AM - 06:00 PM,,,,,,,,,,,,Th 06:00 AM - 06:00 PM,,,,,,,,,,,Tu 06:00 AM - 06:00 PM,,,,,,,,,,We 06:00 AM - 06:00 PM,,,,,,,,,
16696,5,1,0,94,Preschool (2 to 5 years)Contact provider for details,,2 to 5 years,5,480,660,15.0,"English, Spanish","Part time, School year only","Breakfast, Lunch, Child Care Food Program (CCFP)",CA State Preschool Program,3 years - 5 years,36,60,,,,,,English,,,,,,,,,,,,Spanish,,,,Breakfast,Child Care Food Program (CCFP),,Lunch,,,,,,,,Part time,,School year only,,,,CA State Preschool Program,,,,,,,,,,,,,,,,,,,,,,,,,,,,,,,,,,,,,,,,Fr 08:00 AM - 11:00 AM,,,,,,,,,,,Mo 08:00 AM - 11:00 AM,,,,,,,,,,,,Th 08:00 AM - 11:00 AM,,,,,,,,,,Tu 08:00 AM - 11:00 AM,,,,,,,,,We 08:00 AM - 11:00 AM,,
833,5,1,0,107,Infants (0 to 23 months)Contact provider for details Preschool (2 to 5 years)Contact provider for details,,0 to 23 months,5,720,900,15.0,"English, Spanish","Part time, School year only",other,CA State Preschool Program,3 years - 5 years,36,60,,,,,,English,,,,,,,,,,,,Spanish,,,,,Child Care Food Program (CCFP),,Lunch,,,,,,,,Part time,,School year only,,,,CA State Preschool Program,,,,,,,,,,,,,,,,,,,,,,,Pre-kindergarten/Preschool,,,,,,,,,,,,,,,,,,,,,,,,,,,,,,other,,,,,,,,,,,,,,,,,,,,,,,,,,,,,,,
9300,4,0,0,40,Preschool (2 to 5 years)Contact provider for details,,2 to 5 years,5,420,1050,52.5,"English, Spanish, Labels, Labels English","Full Time, Full year","Breakfast, AM Snack, Lunch, PM Snack",Accepts Subsidized Payment,2 years - 5 years,24,60,,,,,,English,,,,,,,,,,,,Spanish,,,AM Snack,Breakfast,,,Lunch,PM Snack,,,,,Full Time,Full year,,,,,,Accepts Subsidized Payment,,,,,,,,,,,,,,,,,,,,,,,,,,,,,,,,,,,,,Fr 07:00 AM - 05:30 PM,,,,,,,,,Mo 07:00 AM - 05:30 PM,,,,,,,,,,,,Th 07:00 AM - 05:30 PM,,,,,,,,,,,Tu 07:00 AM - 05:30 PM,,,,,,,,,We 07:00 AM - 05:30 PM,,,,,,,
11120,4,0,0,66,Infants (0 to 23 months)Contact provider for details Preschool (2 to 5 years)Contact provider for details,,0 to 23 months,5,420,1050,52.5,"English, Spanish, Labels, Labels English","Full Time, Full year","Breakfast, Lunch, PM Snack",Accepts Subsidized Payment,3 years - 5 years,36,60,,,,,,English,,,,,,,,,,,,Spanish,,,,Breakfast,,,Lunch,PM Snack,,,,,Full Time,Full year,,,,,,Accepts Subsidized Payment,,,,,,,,,,,,,,,,,,,,,,,,,,,,,,,,,,,,,Fr 07:00 AM - 05:30 PM,,,,,,,,,Mo 07:00 AM - 05:30 PM,,,,,,,,,,,,Th 07:00 AM - 05:30 PM,,,,,,,,,,,Tu 07:00 AM - 05:30 PM,,,,,,,,,We 07:00 AM - 05:30 PM,,,,,,,
4072,4,1,0,120,other,1,0 to 23 months,5,390,1050,55.0,"English, Spanish","Full Time, Part time, Before School, After School, Full year",Not provided,Accepts Subsidized Payment,other,0,108,,,,,,English,,,,,,,,,,,,Spanish,,,,,,,,,After School,Before School,,,Full Time,Full year,Part time,,,,,Accepts Subsidized Payment,,,,,,,,,,,,,,,,,,,,,,,,,,,,,,,,,,,,,,,,,,,,,,,,,,,,,,other,,,,,,,,,,,,,,,,,,,,,,,,,,,,,,,
17987,4,0,0,144,Preschool (2 to 5 years)Contact provider for details,,2 to 5 years,5,360,1080,60.0,"English, Spanish","Full Time, Full year, School year only, Summer only",Not provided,Accepts Subsidized Payment,3 years - 5 years,36,60,,,,,,English,,,,,,,,,,,,Spanish,,,,,,,,,,,,,Full Time,Full year,,,School year only,,Summer only,Accepts Subsidized Payment,,,,,,,,,,,,,,,,,,,,,,,,,,,,,,,,,,Fr 06:00 AM - 06:00 PM,,,,,,,,,Mo 06:00 AM - 06:00 PM,,,,,,,,,,,,Th 06:00 AM - 06:00 PM,,,,,,,,,,,Tu 06:00 AM - 06:00 PM,,,,,,,,,,We 06:00 AM - 06:00 PM,,,,,,,,,
971,4,0,0,48,Preschool (2 to 5 years)Contact provider for details,,2 to 5 years,5,495,900,33.75,"English, Spanish, Labels, Labels English","Part time, School year only","AM Snack, PM Snack",Accepts Subsidized Payment,2 years - 5 years,24,60,,,,,,English,,,,,,,,,,,,Spanish,,,AM Snack,,,,,PM Snack,,,,,,,Part time,,School year only,,,Accepts Subsidized Payment,,,,,,,,,,,,,,,,,,,,,,,,,,,,,,,,,,,,,,,,,,,,,,,,,,,,,,other,,,,,,,,,,,,,,,,,,,,,,,,,,,,,,,
3044,4,1,0,32,Preschool (2 to 5 years)Contact provider for details,,2 to 5 years,5,450,1020,47.5,"English, Spanish","Full Time, Part time, Rotating Schedule, Full year, School year only, Summer only","Breakfast, AM Snack, Lunch, PM Snack","Other Child Care and Development Program funded by the CDE, Accepts Subsidized Payment",2 years - 5 years,24,60,,,,,,English,,,,,,,,,,,,Spanish,,,AM Snack,Breakfast,,,Lunch,PM Snack,,,,,Full Time,Full year,Part time,Rotating Schedule,School year only,,Summer only,Accepts Subsidized Payment,,,Other Child Care and Development Program funded by the CDE,,,,,Child Development,,,,,,,,,,,,,,,,,,,,Special Needs,Subsidize,,,,,,,,,,,,,,,,,,,,,,,,,other,,,,,,,,,,,,,,,,,,,,,,,,,,,,,,,
2679,4,1,0,84,Infants (0 to 23 months)Contact provider for details Preschool (2 to 5 years)Contact provider for details,,0 to 23 months,5,435,1020,48.75,English,"Full Time, Part time, Full year, School year only, Seasonal, Summer only","Breakfast, Lunch, PM Snack, Child Care Food Program (CCFP)","CA State Preschool Program, Accepts Subsidized Payment",2 months - 5 years,2,60,,,,,,English,,,,,,,,,,,,,,,,Breakfast,Child Care Food Program (CCFP),,Lunch,PM Snack,,,,,Full Time,Full year,Part time,,School year only,Seasonal,Summer only,Accepts Subsidized Payment,CA State Preschool Program,,,,,,Bilingual,,,,,,,,,,,,,,,,,,,,,,,,Bus,,,,,,,,,,,,,,,,,,,,,,,other,,,,,,,,,,,,,,,,,,,,,,,,,,,,,,,
5768,5,1,0,60,Preschool (2 to 5 years)Contact provider for details,,2 to 5 years,5,465,975,39.75,"English, Spanish","Full Time, Part time, Full year, School year only","Breakfast, Lunch, PM Snack, Child Care Food Program (CCFP)","Head Start, CA State Preschool Program",2 years - 5 years,24,60,,,,,,English,,,,,,,,,,,,Spanish,,,,Breakfast,Child Care Food Program (CCFP),,Lunch,PM Snack,,,,,Full Time,Full year,Part time,,School year only,,,,CA State Preschool Program,Head Start,,,,,,Child Development,Child Directed,,,,Developmentally Appropriate Practices,,,,,,,Parent Involvement,Play based,,Potty training,Pre-kindergarten/Preschool,,,,,,,,,,,,,,,,,,,,,,,,,,,,,,other,,,,,,,,,,,,,,,,,,,,,,,,,,,,,,,
10206,5,1,0,56,other,1,0 to 23 months,5,450,975,40.0,"English, Spanish","Full Time, Part time, Full year, School year only","Breakfast, Lunch, PM Snack, Child Care Food Program (CCFP)","Head Start, CA State Preschool Program, Accepts Subsidized Payment",1 years - 5 years,12,60,,,,,,English,,,,,,,,,,,,Spanish,,,,Breakfast,Child Care Food Program (CCFP),,Lunch,PM Snack,,,,,Full Time,Full year,Part time,,School year only,,,Accepts Subsidized Payment,CA State Preschool Program,Head Start,,,,,,Child Development,Child Directed,,,,Developmentally Appropriate Practices,,,,,,,Parent Involvement,Play based,,Potty training,Pre-kindergarten/Preschool,,,,,,,,,,,,,,,,,,,,,,,,,,,,,,other,,,,,,,,,,,,,,,,,,,,,,,,,,,,,,,
16852,5,1,0,40,Preschool (2 to 5 years)No Openings,0,2 to 5 years,5,480,900,32.5,"English, Spanish","Full Time, Part time, School year only","Breakfast, AM Snack, Lunch, PM Snack, Child Care Food Program (CCFP)","Head Start, CA State Preschool Program",3 months - 5 years,3,60,,,,,,English,,,,,,,,,,,,Spanish,,,AM Snack,Breakfast,Child Care Food Program (CCFP),,Lunch,PM Snack,,,,,Full Time,,Part time,,School year only,,,,CA State Preschool Program,Head Start,,,,,,Child Development,Child Directed,,,,Developmentally Appropriate Practices,,,,,,,Parent Involvement,Play based,,,Pre-kindergarten/Preschool,,,,,,,,,,,,,,,,Fr 08:00 AM - 03:00 PM,,,,,,,,,,Mo 08:00 AM - 03:00 PM,,,,other,,,,,,,,Th 08:00 AM - 03:00 PM,,,,,,,,,,Tu 08:00 AM - 03:00 PM,,,,,,,,,,,,,
15537,4,,0,32,Preschool (2 to 5 years)Contact provider for details School Age (6 years and older)Contact provider for details,,2 to 5 years,5,420,1050,52.5,other,"Full Time, Part time, Before School, After School, Full year","Breakfast, Lunch, PM Snack, Child Care Food Program (CCFP)",Accepts Subsidized Payment,2 years - 6 years,24,72,,,,,,English,,,Hindi,,,,,,,,,Spanish,,,,Breakfast,Child Care Food Program (CCFP),,Lunch,PM Snack,After School,Before School,,,Full Time,Full year,Part time,,,,,Accepts Subsidized Payment,,,,,,,,,,,,,,,,,,,,,,,,,,,,,,,,,,,,,Fr 07:00 AM - 05:30 PM,,,,,,,,,Mo 07:00 AM - 05:30 PM,,,,,,,,,,,,Th 07:00 AM - 05:30 PM,,,,,,,,,,,Tu 07:00 AM - 05:30 PM,,,,,,,,,We 07:00 AM - 05:30 PM,,,,,,,
14734,4,,1,96,Infants (0 to 23 months)Contact provider for details Preschool (2 to 5 years)Contact provider for details School Age (6 years and older)Contact provider for details,,0 to 23 months,5,420,1050,52.5,"English, Spanish",other,other,"Other Child Care and Development Program funded by the CDE, Accepts Subsidized Payment",other,0,144,National Association for the Education of Young Children,,,,,English,,,,,,,,,,,,Spanish,,,,Breakfast,Child Care Food Program (CCFP),Dinner,Lunch,PM Snack,After School,Before School,Drop in,,Full Time,Full year,Part time,,,,,Accepts Subsidized Payment,,,Other Child Care and Development Program funded by the CDE,,,,,,,,,,,,,,,,,,,,,,,,,,,,,,,,,,Fr 07:00 AM - 05:30 PM,,,,,,,,,Mo 07:00 AM - 05:30 PM,,,,,,,,,,,,Th 07:00 AM - 05:30 PM,,,,,,,,,,,Tu 07:00 AM - 05:30 PM,,,,,,,,,We 07:00 AM - 05:30 PM,,,,,,,
8391,4,0,0,48,Preschool (2 to 5 years)Contact provider for details,,2 to 5 years,5,360,1080,60.0,English,"Full Time, Full year",Not provided,Accepts Subsidized Payment,2 years - 5 years,24,60,,,,,,English,,,,,,,,,,,,,,,,,,,,,,,,,Full Time,Full year,,,,,,Accepts Subsidized Payment,,,,,,,,,,,,,,,,,,,,,,,,,,,,,,,,,,Fr 06:00 AM - 06:00 PM,,,,,,,,,Mo 06:00 AM - 06:00 PM,,,,,,,,,,,,Th 06:00 AM - 06:00 PM,,,,,,,,,,,Tu 06:00 AM - 06:00 PM,,,,,,,,,,We 06:00 AM - 06:00 PM,,,,,,,,,
15872,5,1,0,98,Preschool (2 to 5 years)Contact provider for details,,2 to 5 years,5,480,1080,50.0,other,other,other,"CA State Preschool Program, Other Child Care and Development Program funded by the CDE, Accepts Subsidized Payment",2 years - 5 years,24,60,,,,,,English,,,,,,Korean,,,,,,Spanish,,,AM Snack,,Child Care Food Program (CCFP),Dinner,Lunch,,,,Drop in,,Full Time,Full year,,,,,,Accepts Subsidized Payment,CA State Preschool Program,,Other Child Care and Development Program funded by the CDE,,,,,,,,,,Developmentally Appropriate Practices,,,,,,,,,,Potty training,,,,,,,,,,,,,,,,,,,,,,,,,,,,,,,other,,,,,,,,,,,,,,,,,,,,,,,,,,,,,,,
1920,4,1,0,44,Preschool (2 to 5 years)Contact provider for details,,2 to 5 years,5,450,990,45.0,"English, Spanish","Full Time, Part time, School year only","Breakfast, Lunch, PM Snack, Child Care Food Program (CCFP)","Head Start, CA State Preschool Program, Accepts Subsidized Payment",3 years - 5 years,36,60,,,,,,English,,,,,,,,,,,,Spanish,,,,Breakfast,Child Care Food Program (CCFP),,Lunch,PM Snack,,,,,Full Time,,Part time,,School year only,,,Accepts Subsidized Payment,CA State Preschool Program,Head Start,,,,,Bilingual,Child Development,,,,,,,,,,,,,,,,Pre-kindergarten/Preschool,,,Religious,Special Needs,Subsidize,,,,Walking,,,,,,,,,,,,,,,Mo 07:30 AM - 04:30 PM,,,,,,other,,,,,,Th 07:30 AM - 04:30 PM,,,,,,,,,,,,,,,,,,,,,,,,,
15485,5,1,0,43,Preschool (2 to 5 years)Contact provider for details,,2 to 5 years,5,450,900,37.5,other,"Full Time, Part time, School year only","Breakfast, Lunch, PM Snack","Head Start, Accepts Subsidized Payment",1 years - 5 years,12,60,,,,,,English,,,,,,,,,,,Somali,Spanish,,Vietnamese,,Breakfast,,,Lunch,PM Snack,,,,,Full Time,,Part time,,School year only,,,Accepts Subsidized Payment,,Head Start,,,,,,Child Development,,,,,,,,,,,,,,,,,,,,Special Needs,Subsidize,,,,,,,,,,,,,,,,,,,,,,,,,other,,,,,,,,,,,,,,,,,,,,,,,,,,,,,,,
8714,5,1,0,60,Preschool (2 to 5 years)Contact provider for details,,2 to 5 years,5,450,1020,47.5,other,"Full Time, Part time, School year only","Breakfast, Lunch, PM Snack","Head Start, CA State Preschool Program, Accepts Subsidized Payment",2 years - 5 years,24,60,,Arabic,,,,English,,,,,,,other,,,,Somali,Spanish,Tagalog,,,Breakfast,,,Lunch,PM Snack,,,,,Full Time,,Part time,,School year only,,,Accepts Subsidized Payment,CA State Preschool Program,Head Start,,,,,,,,,,,,,,,,,,,,,,,,,Religious,Special Needs,Subsidize,,,,,,,,,,,,,,,,,,,,,,,,,other,,,,,,,,,,,,,,,,,,,,,,,,,,,,,,,
11400,5,1,0,52,Preschool (2 to 5 years)Contact provider for details,,2 to 5 years,5,450,900,37.5,other,"Full Time, School year only","Breakfast, Lunch, PM Snack","Head Start, CA State Preschool Program, Accepts Subsidized Payment",2 years - 5 years,24,60,,,,,,English,,,,,,,,,,,Somali,Spanish,,Vietnamese,,Breakfast,,,Lunch,PM Snack,,,,,Full Time,,,,School year only,,,Accepts Subsidized Payment,CA State Preschool Program,Head Start,,,,,,,,,,,,,,,,,,,,,,,,,,Special Needs,Subsidize,,,,,,,,,,,,,,,,,,,,,,,,,other,,,,,,,,,,,,,,,,,,,,,,,,,,,,,,,
17329,4,1,0,40,Preschool (2 to 5 years)Contact provider for details,,2 to 5 years,5,450,1020,47.5,"English, Spanish","Full Time, Part time, School year only","Breakfast, Lunch, PM Snack","Head Start, CA State Preschool Program, Accepts Subsidized Payment",3 years - 5 years,36,60,,,,,,English,,,,,,,,,,,,Spanish,,,,Breakfast,,,Lunch,PM Snack,,,,,Full Time,,Part time,,School year only,,,Accepts Subsidized Payment,CA State Preschool Program,Head Start,,,,,,,,,,,,,,,,,,,,,,,,,,Special Needs,Subsidize,,Bus,,Walking,,,,,,,,,,,,,,,,,,,,,other,,,,,,,,,,,,,,,,,,,,,,,,,,,,,,,
12857,5,0,0,22,Preschool (2 to 5 years)Contact provider for details,,2 to 5 years,5,495,960,38.75,"English, Spanish, Labels, Labels English","Part time, School year only","AM Snack, PM Snack",Accepts Subsidized Payment,3 years - 4 years,36,48,,,,,,English,,,,,,,,,,,,Spanish,,,AM Snack,,,,,PM Snack,,,,,,,Part time,,School year only,,,Accepts Subsidized Payment,,,,,,,,,,,,,,,,,,,,,,,,,,,,,,,,,,,,,,,,,,,,,,,,,,,,,,other,,,,,,,,,,,,,,,,,,,,,,,,,,,,,,,
17706,4,0,0,47,Preschool (2 to 5 years)Contact provider for details,,2 to 5 years,5,465,645,15.0,"English, Spanish","Part time, School year only","Breakfast, Lunch, PM Snack","CA State Preschool Program, Other Child Care and Development Program funded by the CDE, Accepts Subsidized Payment",3 years - 5 years,36,60,,,,,,English,,,,,,,,,,,,Spanish,,,,Breakfast,,,Lunch,PM Snack,,,,,,,Part time,,School year only,,,Accepts Subsidized Payment,CA State Preschool Program,,Other Child Care and Development Program funded by the CDE,,,,,,,,,,,,,,,,,,,,,,,,,,,,,,,,,,,,,,,,,,,,,,,,,,,other,,,,,,,,,,,,,,,,,,,,,,,,,,,,,,,
8507,4,1,0,24,Preschool (2 to 5 years)Contact provider for details,,2 to 5 years,5,510,990,40.0,"English, Spanish, Tagalog","Part time, Full year, School year only, Summer only","Car, Child Care Food Program (CCFP)","Head Start, CA State Preschool Program, Accepts Subsidized Payment",3 years - 5 years,36,60,,,,,,English,,,,,,,,,,,,Spanish,Tagalog,,,,Child Care Food Program (CCFP),,,,,,,,,Full year,Part time,,School year only,,Summer only,Accepts Subsidized Payment,CA State Preschool Program,Head Start,,,,,,,,,,,,,,,,,,,,,,,,,,,,,Bus,Car,Walking,,,,,,,,,,,,,,,,,,,,,other,,,,,,,,,,,,,,,,,,,,,,,,,,,,,,,
16118,4,1,0,29,Preschool (2 to 5 years) Immediate Openings,1,2 to 5 years,5,480,660,15.0,"English, Spanish","Full Time, Full year",Child Care Food Program (CCFP),"CA State Preschool Program, Accepts Subsidized Payment",3 years - 5 years,36,60,,,,,,English,,,,,,,,,,,,Spanish,,,,,Child Care Food Program (CCFP),,,,,,,,Full Time,Full year,,,,,,Accepts Subsidized Payment,CA State Preschool Program,,,,,,,,,,,,,,,,,,,,Play based,,,Pre-kindergarten/Preschool,,,,,,,Bus,,,,,,,,,,Fr 08:00 AM - 11:00 AM,,,,,,,,,,,Mo 08:00 AM - 11:00 AM,,,,,,,,,,,,Th 08:00 AM - 11:00 AM,,,,,,,,,,Tu 08:00 AM - 11:00 AM,,,,,,,,,We 08:00 AM - 11:00 AM,,
5682,4,1,0,48,Preschool (2 to 5 years)Contact provider for details,,2 to 5 years,5,390,1050,55.0,"English, Spanish","Full Time, Full year","Breakfast, Lunch, PM Snack, Child Care Food Program (CCFP)",Other Child Care and Development Program funded by the CDE,3 years - 5 years,36,60,,,,,,English,,,,,,,,,,,,Spanish,,,,Breakfast,Child Care Food Program (CCFP),,Lunch,PM Snack,,,,,Full Time,Full year,,,,,,,,,Other Child Care and Development Program funded by the CDE,,,,,,,,,,,,,,,,,,,,,Pre-kindergarten/Preschool,,,,,,,,,,,,,,,,,,,,,,,,,,,,,,other,,,,,,,,,,,,,,,,,,,,,,,,,,,,,,,
18026,4,0,0,38,Infants (0 to 23 months)Contact provider for details Preschool (2 to 5 years)Contact provider for details,,0 to 23 months,5,420,990,47.5,"English, Spanish","Full Time, Full year",Child Care Food Program (CCFP),"Head Start, Other Public Contract",other,0,48,,,,,,English,,,,,,,,,,,,Spanish,,,,,Child Care Food Program (CCFP),,,,,,,,Full Time,Full year,,,,,,,,Head Start,,Other Public Contract,,,,,,,,,,,,,,,,,,,,,,,,,,,,,,,,,,,,,,,,,,,,,,,,,,other,,,,,,,,,,,,,,,,,,,,,,,,,,,,,,,
14221,5,0,0,24,Preschool (2 to 5 years)Contact provider for details,,2 to 5 years,5,450,900,37.5,"English, Spanish",other,"Breakfast, Lunch",Accepts Subsidized Payment,3 years - 5 years,36,60,,,,,,English,,,,,,,,,,,,Spanish,,,,Breakfast,,,Lunch,,,,Drop in,,,Full year,Part time,Rotating Schedule,School year only,,Summer only,Accepts Subsidized Payment,,,,,,,,,,,,,,,,,,,,,,,,,,,,,,,,,,,,,,,,,,,,,,,,,,,,,,other,,,,,,,,,,,,,,,,,,,,,,,,,,,,,,,
4375,5,1,0,54,Preschool (2 to 5 years)Contact provider for details,,2 to 5 years,5,465,885,35.0,English,"Part time, School year only","AM Snack, PM Snack","CA State Preschool Program, Accepts Subsidized Payment",3 years - 5 years,36,60,,,,,,English,,,,,,,,,,,,,,,AM Snack,,,,,PM Snack,,,,,,,Part time,,School year only,,,Accepts Subsidized Payment,CA State Preschool Program,,,,Academic,,Bilingual,Child Development,,,,,,,,,,,,,,,,,,,,Special Needs,Subsidize,,,,,,,,,,,,,,,,,,,,,,,,,other,,,,,,,,,,,,,,,,,,,,,,,,,,,,,,,
17665,5,1,0,48,Preschool (2 to 5 years)Contact provider for details,,2 to 5 years,5,480,900,35.0,"English, Spanish, Vietnamese","Part time, School year only","AM Snack, PM Snack, Child Care Food Program (CCFP)",Accepts Subsidized Payment,3 years - 5 years,36,60,,,,,,English,,,,,,,,,,,,Spanish,,Vietnamese,AM Snack,,Child Care Food Program (CCFP),,,PM Snack,,,,,,,Part time,,School year only,,,Accepts Subsidized Payment,,,,,,,,,,,,,,,,,,,,,,,,,,,,,,,Bus,,,,,,,,,Fr 08:00 AM - 03:00 PM,,,,,,,,,,Mo 08:00 AM - 03:00 PM,,,,,,,,,,,,Th 08:00 AM - 03:00 PM,,,,,,,,,,Tu 08:00 AM - 03:00 PM,,,,,,,,,We 08:00 AM - 03:00 PM,,,,
13583,4,1,0,72,Preschool (2 to 5 years)Contact provider for details,,2 to 5 years,5,510,900,32.5,"English, Spanish","Full Time, Part time, School year only","Breakfast, Lunch, Child Care Food Program (CCFP)","CA State Preschool Program, Accepts Subsidized Payment",3 years - 4 years,36,48,,,,,,English,,,,,,,,,,,,Spanish,,,,Breakfast,Child Care Food Program (CCFP),,Lunch,,,,,,Full Time,,Part time,,School year only,,,Accepts Subsidized Payment,CA State Preschool Program,,,,,,,,,Co-op,,,,,,,,,,,,,,,,,,,,,,,,,,,,,,,,,,,,,,,,,,,,other,,,,,,,,,,,,,,,,,,,,,,,,,,,,,,,
19016,4,1,0,48,Preschool (2 to 5 years)Contact provider for details,,2 to 5 years,5,510,900,32.5,"English, Spanish","Part time, School year only","Breakfast, Lunch, Child Care Food Program (CCFP)","CA State Preschool Program, Accepts Subsidized Payment",3 years - 4 years,36,48,,,,,,English,,,,,,,,,,,,Spanish,,,,Breakfast,Child Care Food Program (CCFP),,Lunch,,,,,,,,Part time,,School year only,,,Accepts Subsidized Payment,CA State Preschool Program,,,,,,,,,Co-op,,,Developmentally Appropriate Practices,,,,,,,,,,,,,,,,,,,,,,,,,,,,,,,,,,,,,,,,,other,,,,,,,,,,,,,,,,,,,,,,,,,,,,,,,
6920,4,0,0,96,Preschool (2 to 5 years)Contact provider for details,,2 to 5 years,5,510,900,32.5,other,"Full Time, Full year","Breakfast, Lunch, PM Snack, Child Care Food Program (CCFP)","CA State Preschool Program, Other Child Care and Development Program funded by the CDE, Accepts Subsidized Payment",3 years - 5 years,36,60,,,Chinese (Cantonese),Chinese (Mandarin),,English,,,,,,,,,,,,Spanish,,Vietnamese,,Breakfast,Child Care Food Program (CCFP),,Lunch,PM Snack,,,,,Full Time,Full year,,,,,,Accepts Subsidized Payment,CA State Preschool Program,,Other Child Care and Development Program funded by the CDE,,,,,Child Development,,,,,,,,,,,,,,,,,,,,,,,,Car,Walking,,,,,,,,,,,,,,,,,,,,,other,,,,,,,,,,,,,,,,,,,,,,,,,,,,,,,
1649,4,1,0,72,Preschool (2 to 5 years)Contact provider for details,,2 to 5 years,5,480,1020,45.0,"English, Spanish","Full Time, Full year, School year only, Summer only","Car, Child Care Food Program (CCFP)","Other Child Care and Development Program funded by the CDE, Accepts Subsidized Payment",3 years - 5 years,36,60,,,,,,English,,,,,,,,,,,,Spanish,,,,,Child Care Food Program (CCFP),,,,,,,,Full Time,Full year,,,School year only,,Summer only,Accepts Subsidized Payment,,,Other Child Care and Development Program funded by the CDE,,,,,,,,,,,,,,,,,,,,,,,,,,,,Bus,Car,Walking,,,,,,,,,,,,,,,,,,,,,other,,,,,,,,,,,,,,,,,,,,,,,,,,,,,,,
37,2,1,0,101,Preschool (2 to 5 years)Contact provider for details,,2 to 5 years,,,,,other,"Full Time, Full year, School year only, Summer only","Car, Child Care Food Program (CCFP)","Other Child Care and Development Program funded by the CDE, Accepts Subsidized Payment",3 years - 5 years,36,60,,,,,,English,,,,,,,other,,,,,,,,,,Child Care Food Program (CCFP),,,,,,,,Full Time,Full year,,,School year only,,Summer only,Accepts Subsidized Payment,,,Other Child Care and Development Program funded by the CDE,,,,,,,,,,,,,,,,,,,,,,,,,,,,Bus,Car,Walking,,,,,,,,,,,,,,,,,,,,,,,,,,,,,,,,,,,,,,,,,,,,,,,,,,,,
16662,4,1,0,48,Preschool (2 to 5 years)Contact provider for details,,2 to 5 years,5,480,1020,45.0,"English, Spanish","Full Time, Part time, Full year, School year only, Summer only","Car, Child Care Food Program (CCFP)","CA State Preschool Program, Other Child Care and Development Program funded by the CDE, Accepts Subsidized Payment",3 years - 5 years,36,60,,,,,,English,,,,,,,,,,,,Spanish,,,,,Child Care Food Program (CCFP),,,,,,,,Full Time,Full year,Part time,,School year only,,Summer only,Accepts Subsidized Payment,CA State Preschool Program,,Other Child Care and Development Program funded by the CDE,,,,,,,,,,,,,,,,,,,,,,,,,,,,Bus,Car,Walking,,,,,,,,,,,,,,,,,,,,,other,,,,,,,,,,,,,,,,,,,,,,,,,,,,,,,
10955,3,1,0,48,Preschool (2 to 5 years)Contact provider for details,,2 to 5 years,,,,,"English, Spanish","Full Time, Full year, School year only, Summer only","Car, Child Care Food Program (CCFP)","Other Child Care and Development Program funded by the CDE, Accepts Subsidized Payment",3 years - 5 years,36,60,,,,,,English,,,,,,,,,,,,Spanish,,,,,Child Care Food Program (CCFP),,,,,,,,Full Time,Full year,,,School year only,,Summer only,Accepts Subsidized Payment,,,Other Child Care and Development Program funded by the CDE,,,,,,,,,,,,,,,,,,,,,,,,,,,,Bus,Car,Walking,,,,,,,,,,,,,,,,,,,,,,,,,,,,,,,,,,,,,,,,,,,,,,,,,,,,
18078,3,1,0,79,Preschool (2 to 5 years)Contact provider for details,,2 to 5 years,5,450,1050,50.0,"English, Spanish","Full Time, Part time, Full year","Car, Child Care Food Program (CCFP)","CA State Preschool Program, Other Child Care and Development Program funded by the CDE, Accepts Subsidized Payment",3 years - 5 years,36,60,,,,,,English,,,,,,,,,,,,Spanish,,,,,Child Care Food Program (CCFP),,,,,,,,Full Time,Full year,Part time,,,,,Accepts Subsidized Payment,CA State Preschool Program,,Other Child Care and Development Program funded by the CDE,,,,,,,,,,,,,,,,,,,,,,,,,,,,Bus,Car,Walking,,,,,,,,,,,,,,,,,,,,,other,,,,,,,,,,,,,,,,,,,,,,,,,,,,,,,
9469,3,1,0,48,Preschool (2 to 5 years)Contact provider for details,,2 to 5 years,5,510,900,32.5,English,"Part time, Full year, School year only, Summer only","Car, Child Care Food Program (CCFP)","CA State Preschool Program, Accepts Subsidized Payment",3 years - 4 years,36,48,,,,,,English,,,,,,,,,,,,,,,,,Child Care Food Program (CCFP),,,,,,,,,Full year,Part time,,School year only,,Summer only,Accepts Subsidized Payment,CA State Preschool Program,,,,,,,,,Co-op,,,,,,,,,,,,,,,,,,,,,Bus,Car,Walking,,,,,,,,,,,,,,,,,,,,,other,,,,,,,,,,,,,,,,,,,,,,,,,,,,,,,
15748,3,1,0,24,Preschool (2 to 5 years)Contact provider for details,,2 to 5 years,5,510,900,32.5,"English, Spanish","Part time, Full year, School year only, Summer only","Car, Child Care Food Program (CCFP)","CA State Preschool Program, Accepts Subsidized Payment",3 years - 4 years,36,48,,,,,,English,,,,,,,,,,,,Spanish,,,,,Child Care Food Program (CCFP),,,,,,,,,Full year,Part time,,School year only,,Summer only,Accepts Subsidized Payment,CA State Preschool Program,,,,,,,,,Co-op,,,,,,,,,,,,,,,,,,,,,Bus,Car,Walking,,,,,,,,,,,,,,,,,,,,,other,,,,,,,,,,,,,,,,,,,,,,,,,,,,,,,
1879,4,1,0,82,Preschool (2 to 5 years)Contact provider for details,,2 to 5 years,,,,,other,"Full Time, Part time, Full year, School year only, Summer only","Car, Child Care Food Program (CCFP)","CA State Preschool Program, Other Child Care and Development Program funded by the CDE, Accepts Subsidized Payment",3 years - 5 years,36,60,,,,,Chinese (Other),English,,,,,,,,,,,,,,Vietnamese,,,Child Care Food Program (CCFP),,,,,,,,Full Time,Full year,Part time,,School year only,,Summer only,Accepts Subsidized Payment,CA State Preschool Program,,Other Child Care and Development Program funded by the CDE,,,,Bilingual,,,,,,,,,,,,,,,,,,,,,,,,Bus,Car,Walking,,,,,,,,,,,,,,,,,,,,,,,,,,,,,,,,,,,,,,,,,,,,,,,,,,,,
10011,5,0,0,24,Preschool (2 to 5 years)Contact provider for details,,2 to 5 years,5,450,890,36.67,"English, Spanish",other,"Breakfast, Lunch",Accepts Subsidized Payment,3 years - 5 years,36,60,,,,,,English,,,,,,,,,,,,Spanish,,,,Breakfast,,,Lunch,,,,Drop in,,,Full year,Part time,Rotating Schedule,School year only,,Summer only,Accepts Subsidized Payment,,,,,,,,,,,,,,,,,,,,,,,,,,,,,,,,,,,,,,,,,,,,,,,,,,,,,,other,,,,,,,,,,,,,,,,,,,,,,,,,,,,,,,
11373,4,0,0,16,Preschool (2 to 5 years)Contact provider for details,,2 to 5 years,5,510,930,35.0,"English, Spanish, Labels, Labels English","Part time, School year only",Not provided,Accepts Subsidized Payment,3 years - 5 years,36,60,,,,,,English,,,,,,,,,,,,Spanish,,,,,,,,,,,,,,,Part time,,School year only,,,Accepts Subsidized Payment,,,,,,,,,,,,,,,,,,,,,,,,,,,,,,,,,,,,,,,,,,,,,,,,,,,,,,other,,,,,,,,,,,,,,,,,,,,,,,,,,,,,,,
19247,4,1,0,80,Preschool (2 to 5 years)Contact provider for details,,2 to 5 years,5,450,1110,55.0,English,"Full Time, Full year","Breakfast, AM Snack, Lunch, PM Snack",Accepts Subsidized Payment,2 years - 5 years,24,60,,,,,,English,,,,,,,,,,,,,,,AM Snack,Breakfast,,,Lunch,PM Snack,,,,,Full Time,Full year,,,,,,Accepts Subsidized Payment,,,,,,,,,Child Directed,,,,Developmentally Appropriate Practices,,,,,,,Parent Involvement,Play based,,,Pre-kindergarten/Preschool,Project based,Reggio Emilia,,Special Needs,,,,,,,,,,,,,,,,,,,,,,,,,,other,,,,,,,,,,,,,,,,,,,,,,,,,,,,,,,
1001,4,1,0,75,Preschool (2 to 5 years)Contact provider for details,,2 to 5 years,5,450,1110,55.0,English,other,"Breakfast, AM Snack, Lunch, PM Snack",Accepts Subsidized Payment,2 years - 5 years,24,60,,,,,,English,,,,,,,,,,,,,,,AM Snack,Breakfast,,,Lunch,PM Snack,After School,Before School,,,Full Time,Full year,,,,,,Accepts Subsidized Payment,,,,,,,,,Child Directed,,,,Developmentally Appropriate Practices,,,,,,,Parent Involvement,Play based,,,Pre-kindergarten/Preschool,Project based,Reggio Emilia,,,,,,,,,,,,,,,,,,,,,,,,,,,,other,,,,,,,,,,,,,,,,,,,,,,,,,,,,,,,
13460,5,1,0,72,Preschool (2 to 5 years)Contact provider for details,,2 to 5 years,5,480,660,15.0,"English, Spanish","Part time, School year only","Breakfast, Lunch","Head Start, CA State Preschool Program, Accepts Subsidized Payment",3 years - 5 years,36,60,,,,,,English,,,,,,,,,,,,Spanish,,,,Breakfast,,,Lunch,,,,,,,,Part time,,School year only,,,Accepts Subsidized Payment,CA State Preschool Program,Head Start,,,,,,Child Development,,,,,,,,,,,,,,,,,,,,Special Needs,Subsidize,,,,,,,,,,,,Fr 08:00 AM - 11:00 AM,,,,,,,,,,,Mo 08:00 AM - 11:00 AM,,,,,,,,,,,,Th 08:00 AM - 11:00 AM,,,,,,,,,,Tu 08:00 AM - 11:00 AM,,,,,,,,,We 08:00 AM - 11:00 AM,,
19093,4,,0,93,Infants (0 to 23 months)Contact provider for details Preschool (2 to 5 years)Contact provider for details School Age (6 years and older)Contact provider for details,,0 to 23 months,5,420,1050,52.5,other,"Full Time, Part time, Before School, After School, Full year, School year only, Summer only",Child Care Food Program (CCFP),"CA State Preschool Program, Accepts Subsidized Payment",other,0,144,,,,,,English,,,,Hmong,,,,,,,,Spanish,,,,,Child Care Food Program (CCFP),,,,After School,Before School,,,Full Time,Full year,Part time,,School year only,,Summer only,Accepts Subsidized Payment,CA State Preschool Program,,,,,,,,,,,,,,,,,,,,,,,,,,,,,,,Car,,,,,Fr 07:00 AM - 05:30 PM,,,,,,,,,Mo 07:00 AM - 05:30 PM,,,,,,,,,,,,Th 07:00 AM - 05:30 PM,,,,,,,,,,,Tu 07:00 AM - 05:30 PM,,,,,,,,,We 07:00 AM - 05:30 PM,,,,,,,
896,4,,0,61,Preschool (2 to 5 years)Contact provider for details,,2 to 5 years,5,450,960,42.5,"English, Spanish","Full Time, Part time, Full year, School year only, Summer only",Child Care Food Program (CCFP),Other Child Care and Development Program funded by the CDE,3 years - 5 years,36,60,,,,,,English,,,,,,,,,,,,Spanish,,,,,Child Care Food Program (CCFP),,,,,,,,Full Time,Full year,Part time,,School year only,,Summer only,,,,Other Child Care and Development Program funded by the CDE,,,,,,,,,,,,,,,,,,,,,,,,,,,,,,,,,,,,,,,,,,,,,,,,,,,other,,,,,,,,,,,,,,,,,,,,,,,,,,,,,,,
18898,4,0,0,48,Preschool (2 to 5 years)Contact provider for details,,2 to 5 years,,,,,"English, Spanish","Part time, School year only",Not provided,Accepts Subsidized Payment,3 years - 5 years,36,60,,,,,,English,,,,,,,,,,,,Spanish,,,,,,,,,,,,,,,Part time,,School year only,,,Accepts Subsidized Payment,,,,,,,,,,,,,,,,,,,,,,,,,,,,,,,,,,,,,,,,,,,,,,,,,,,,,,,,,,,,,,,,,,,,,,,,,,,,,,,,,,,,,
12219,4,1,0,75,Infants (0 to 23 months)Contact provider for details Preschool (2 to 5 years)Contact provider for details School Age (6 years and older)Contact provider for details,,0 to 23 months,5,390,1080,57.5,other,"Full Time, Part time, Before School, After School, Full year","Breakfast, AM Snack, Lunch, PM Snack, Child Care Food Program (CCFP)","Head Start, CA State Preschool Program, Other Child Care and Development Program funded by the CDE, Accepts Subsidized Payment",other,2,72,,,,,,English,,,,Hmong,,,,,,,,Spanish,,,AM Snack,Breakfast,Child Care Food Program (CCFP),,Lunch,PM Snack,After School,Before School,,,Full Time,Full year,Part time,,,,,Accepts Subsidized Payment,CA State Preschool Program,Head Start,Other Child Care and Development Program funded by the CDE,,,,,Child Development,,,,,,High Scope,,,,,other,Parent Involvement,,,Potty training,,,,,,,,,,,,Fr 06:30 AM - 06:00 PM,,,,,,,,,Mo 06:30 AM - 06:00 PM,,,,,,,,,,,,Th 06:30 AM - 06:00 PM,,,,,,,,,,,Tu 06:30 AM - 06:00 PM,,,,,,,,,,We 06:30 AM - 06:00 PM,,,,,,,,
6406,5,1,0,24,Preschool (2 to 5 years)Contact provider for details,,2 to 5 years,5,510,690,15.0,"English, Spanish","Part time, School year only","Breakfast, AM Snack, Lunch, PM Snack, Child Care Food Program (CCFP)",CA State Preschool Program,2 years - 5 years,24,60,,,,,,English,,,,,,,,,,,,Spanish,,,AM Snack,Breakfast,Child Care Food Program (CCFP),,Lunch,PM Snack,,,,,,,Part time,,School year only,,,,CA State Preschool Program,,,,,,,Child Development,,,,,,,,,,,,,,,,Pre-kindergarten/Preschool,,,,,,,,,,,,,,,,,,Fr 08:30 AM - 11:30 AM,,,,,,,,,,,Mo 08:30 AM - 11:30 AM,,,,,,,,,,,,Th 08:30 AM - 11:30 AM,,,,,,,,,,Tu 08:30 AM - 11:30 AM,,,,,,,,,We 08:30 AM - 11:30 AM,
17461,4,0,0,237,Preschool (2 to 5 years)Contact provider for details,,2 to 5 years,5,480,1080,50.0,English,"Full Time, Part time, Full year, School year only, Summer only",Not provided,Accepts Subsidized Payment,3 years - 5 years,36,60,,,,,,English,,,,,,,,,,,,,,,,,,,,,,,,,Full Time,Full year,Part time,,School year only,,Summer only,Accepts Subsidized Payment,,,,,,,,,,,,,,,,,,,,,,,,,,,,,,,,,,,,,,,,,,,,,,,,,,,,,,other,,,,,,,,,,,,,,,,,,,,,,,,,,,,,,,
9712,4,1,0,24,Preschool (2 to 5 years)Contact provider for details,,2 to 5 years,5,450,960,42.5,other,"Full Time, Full year","Breakfast, Lunch, PM Snack, Child Care Food Program (CCFP)","Other Child Care and Development Program funded by the CDE, Accepts Subsidized Payment",1 years - 5 years,12,60,,,,,,English,,,,,,,other,,,,,,,,,Breakfast,Child Care Food Program (CCFP),,Lunch,PM Snack,,,,,Full Time,Full year,,,,,,Accepts Subsidized Payment,,,Other Child Care and Development Program funded by the CDE,,,,Bilingual,,,,,,Developmentally Appropriate Practices,,,,,,other,,Play based,,Potty training,,,,,Special Needs,,,,,Walking,,,,,,,,,,,,,,,,,,,,,other,,,,,,,,,,,,,,,,,,,,,,,,,,,,,,,
10975,5,0,0,59,Preschool (2 to 5 years)Contact provider for details,,2 to 5 years,5,360,1080,60.0,"English, Spanish","Full Time, School year only",Not provided,"Head Start, Accepts Subsidized Payment",3 years - 5 years,36,60,,,,,,English,,,,,,,,,,,,Spanish,,,,,,,,,,,,,Full Time,,,,School year only,,,Accepts Subsidized Payment,,Head Start,,,,,,,,,,,,,,,,,,,,,,,,,,,,,,,,Fr 06:00 AM - 06:00 PM,,,,,,,,,Mo 06:00 AM - 06:00 PM,,,,,,,,,,,,Th 06:00 AM - 06:00 PM,,,,,,,,,,,Tu 06:00 AM - 06:00 PM,,,,,,,,,,We 06:00 AM - 06:00 PM,,,,,,,,,
17840,4,0,0,24,Preschool (2 to 5 years)Contact provider for details,,2 to 5 years,5,480,690,17.5,"English, Spanish","Part time, School year only","Breakfast, Lunch","CA State Preschool Program, Accepts Subsidized Payment",3 years - 5 years,36,60,,,,,,English,,,,,,,,,,,,Spanish,,,,Breakfast,,,Lunch,,,,,,,,Part time,,School year only,,,Accepts Subsidized Payment,CA State Preschool Program,,,,Academic,,,,,,,,,,,,,,,,,,,Pre-kindergarten/Preschool,,,,,,,,,,,,,,,,,,,,,,,,,,,,,,other,,,,,,,,,,,,,,,,,,,,,,,,,,,,,,,
5019,5,0,0,178,Infants (0 to 23 months)Contact provider for details Preschool (2 to 5 years)Contact provider for details,,0 to 23 months,1,450,1050,10.0,"English, Spanish","Full Time, Part time, Full year",Not provided,Head Start,1 years - 6 years,12,72,,,,,,English,,,,,,,,,,,,Spanish,,,,,,,,,,,,,Full Time,Full year,Part time,,,,,,,Head Start,,,,,,,,,,,,,,,,,,,,,,,,,,,,,,,,,,,,,,,,,,,,,,,Mo 07:30 AM - 05:30 PM,,,,,,,,,,,,,,,,,,,,,,,,,,,,,,,,,,,,
13947,4,0,0,66,Infants (0 to 23 months)Contact provider for details Preschool (2 to 5 years)Contact provider for details,,0 to 23 months,5,360,990,52.5,"English, Spanish, Labels, Labels English",Full Time,"AM Snack, Lunch, PM Snack",Accepts Subsidized Payment,1 years - 5 years,12,60,,,,,,English,,,,,,,,,,,,Spanish,,,AM Snack,,,,Lunch,PM Snack,,,,,Full Time,,,,,,,Accepts Subsidized Payment,,,,,,,,,,,,,,,,,,,,,,,,,,,,,,,,,,,,,,,,,,,,,,,,,,,,,,other,,,,,,,,,,,,,,,,,,,,,,,,,,,,,,,
3907,4,0,0,96,Preschool (2 to 5 years)Contact provider for details,,2 to 5 years,5,300,1020,60.0,"English, Spanish","Full Time, Part time, Full year","Breakfast, AM Snack, Lunch, PM Snack",other,3 years - 5 years,36,60,,,,,,English,,,,,,,,,,,,Spanish,,,AM Snack,Breakfast,,,Lunch,PM Snack,,,,,Full Time,Full year,Part time,,,,,,CA State Preschool Program,Head Start,Other Child Care and Development Program funded by the CDE,,Academic,,,Child Development,,,,,,,,,,,,Parent Involvement,,,,Pre-kindergarten/Preschool,,,,,,,,,,,,,,,,,,,,,,,,,,,,,,other,,,,,,,,,,,,,,,,,,,,,,,,,,,,,,,
3209,4,1,0,12,Preschool (2 to 5 years)Contact provider for details,,2 to 5 years,5,510,780,22.5,"English, Spanish","Part time, School year only",AM Snack,Accepts Subsidized Payment,2 years - 4 years,24,48,,,,,,English,,,,,,,,,,,,Spanish,,,AM Snack,,,,,,,,,,,,Part time,,School year only,,,Accepts Subsidized Payment,,,,,,,Bilingual,Child Development,,,,,,,,,,,,,Play based,,,,,,,,,,Bus,,,,,,,,,,,,,,,,,,,,,,,other,,,,,,,,,,,,,,,,,,,,,,,,,,,,,,,
16654,4,0,0,40,Preschool (2 to 5 years)Contact provider for details,,2 to 5 years,5,360,1080,60.0,English,"Full Time, School year only",Not provided,Accepts Subsidized Payment,3 years - 5 years,36,60,,,,,,English,,,,,,,,,,,,,,,,,,,,,,,,,Full Time,,,,School year only,,,Accepts Subsidized Payment,,,,,,,,,,,,,,,,,,,,,,,,,,,,,,,,,,Fr 06:00 AM - 06:00 PM,,,,,,,,,Mo 06:00 AM - 06:00 PM,,,,,,,,,,,,Th 06:00 AM - 06:00 PM,,,,,,,,,,,Tu 06:00 AM - 06:00 PM,,,,,,,,,,We 06:00 AM - 06:00 PM,,,,,,,,,
47,4,0,0,51,Preschool (2 to 5 years)Contact provider for details,,2 to 5 years,5,360,1080,60.0,English,"Full Time, School year only",Not provided,Accepts Subsidized Payment,2 years - 5 years,24,60,,,,,,English,,,,,,,,,,,,,,,,,,,,,,,,,Full Time,,,,School year only,,,Accepts Subsidized Payment,,,,,,,,,,,,,,,,,,,,,,,,,,,,,,,,,,Fr 06:00 AM - 06:00 PM,,,,,,,,,Mo 06:00 AM - 06:00 PM,,,,,,,,,,,,Th 06:00 AM - 06:00 PM,,,,,,,,,,,Tu 06:00 AM - 06:00 PM,,,,,,,,,,We 06:00 AM - 06:00 PM,,,,,,,,,
4971,4,0,0,45,Preschool (2 to 5 years)Contact provider for details,,2 to 5 years,5,360,1080,60.0,"English, Spanish","Full Time, School year only",Not provided,"Head Start, Accepts Subsidized Payment",3 years - 5 years,36,60,,,,,,English,,,,,,,,,,,,Spanish,,,,,,,,,,,,,Full Time,,,,School year only,,,Accepts Subsidized Payment,,Head Start,,,,,,,,,,,,,,,,,,,,,,,,,,,,,,,,Fr 06:00 AM - 06:00 PM,,,,,,,,,Mo 06:00 AM - 06:00 PM,,,,,,,,,,,,Th 06:00 AM - 06:00 PM,,,,,,,,,,,Tu 06:00 AM - 06:00 PM,,,,,,,,,,We 06:00 AM - 06:00 PM,,,,,,,,,
9496,4,0,0,42,Preschool (2 to 5 years)Contact provider for details,,2 to 5 years,5,360,1080,60.0,"English, Spanish","Full Time, School year only",Not provided,Accepts Subsidized Payment,3 years - 5 years,36,60,,,,,,English,,,,,,,,,,,,Spanish,,,,,,,,,,,,,Full Time,,,,School year only,,,Accepts Subsidized Payment,,,,,,,,,,,,,,,,,,,,,,,,,,,,,,,,,,Fr 06:00 AM - 06:00 PM,,,,,,,,,Mo 06:00 AM - 06:00 PM,,,,,,,,,,,,Th 06:00 AM - 06:00 PM,,,,,,,,,,,Tu 06:00 AM - 06:00 PM,,,,,,,,,,We 06:00 AM - 06:00 PM,,,,,,,,,
14565,4,0,0,20,Preschool (2 to 5 years)Contact provider for details,,2 to 5 years,5,360,1080,60.0,"English, Spanish","Full Time, School year only",Not provided,Accepts Subsidized Payment,3 years - 5 years,36,60,,,,,,English,,,,,,,,,,,,Spanish,,,,,,,,,,,,,Full Time,,,,School year only,,,Accepts Subsidized Payment,,,,,,,,,,,,,,,,,,,,,,,,,,,,,,,,,,Fr 06:00 AM - 06:00 PM,,,,,,,,,Mo 06:00 AM - 06:00 PM,,,,,,,,,,,,Th 06:00 AM - 06:00 PM,,,,,,,,,,,Tu 06:00 AM - 06:00 PM,,,,,,,,,,We 06:00 AM - 06:00 PM,,,,,,,,,
2314,4,0,0,24,Preschool (2 to 5 years)Contact provider for details,,2 to 5 years,5,360,1080,60.0,"English, Spanish","Full Time, School year only",Not provided,Accepts Subsidized Payment,3 years - 5 years,36,60,,,,,,English,,,,,,,,,,,,Spanish,,,,,,,,,,,,,Full Time,,,,School year only,,,Accepts Subsidized Payment,,,,,,,,,,,,,,,,,,,,,,,,,,,,,,,,,,Fr 06:00 AM - 06:00 PM,,,,,,,,,Mo 06:00 AM - 06:00 PM,,,,,,,,,,,,Th 06:00 AM - 06:00 PM,,,,,,,,,,,Tu 06:00 AM - 06:00 PM,,,,,,,,,,We 06:00 AM - 06:00 PM,,,,,,,,,
8230,4,0,0,48,Preschool (2 to 5 years)Contact provider for details,,2 to 5 years,5,360,1080,60.0,English,"Full Time, School year only",Not provided,Accepts Subsidized Payment,3 years - 5 years,36,60,,,,,,English,,,,,,,,,,,,,,,,,,,,,,,,,Full Time,,,,School year only,,,Accepts Subsidized Payment,,,,,,,,,,,,,,,,,,,,,,,,,,,,,,,,,,Fr 06:00 AM - 06:00 PM,,,,,,,,,Mo 06:00 AM - 06:00 PM,,,,,,,,,,,,Th 06:00 AM - 06:00 PM,,,,,,,,,,,Tu 06:00 AM - 06:00 PM,,,,,,,,,,We 06:00 AM - 06:00 PM,,,,,,,,,
5513,5,1,0,87,Infants (0 to 23 months)No Openings Preschool (2 to 5 years)No Openings,0,0 to 23 months,5,420,1080,55.0,"English, Spanish","Full Time, Part time, Drop in, Rotating Schedule, Full year, School year only, Summer only","AM Snack, Lunch, PM Snack, Child Care Food Program (CCFP)",Accepts Subsidized Payment,1 years - 5 years,12,60,,,,,,English,,,,,,,,,,,,Spanish,,,AM Snack,,Child Care Food Program (CCFP),,Lunch,PM Snack,,,Drop in,,Full Time,Full year,Part time,Rotating Schedule,School year only,,Summer only,Accepts Subsidized Payment,,,,,,,,,,Co-op,,,,,,,,,,,,,,,,,,,,,,,,,,,,Fr 07:00 AM - 06:00 PM,,,,,,,,,Mo 07:00 AM - 06:00 PM,,,,,,,,,,,,Th 07:00 AM - 06:00 PM,,,,,,,,,,,Tu 07:00 AM - 06:00 PM,,,,,,,,,We 07:00 AM - 06:00 PM,,,,,,
14139,1,0,0,24,Preschool (2 to 5 years)Contact provider for details,,2 to 5 years,5,480,960,40.0,English,"Full Time, Full year",Not provided,Accepts Subsidized Payment,0 months - 11 months,0,11,,,,,,English,,,,,,,,,,,,,,,,,,,,,,,,,Full Time,Full year,,,,,,Accepts Subsidized Payment,,,,,,,,,,,,,,,,,,,,,,,,,,,,,,,,,,,,,,,,,,,,,,,,,,,Mo 08:00 AM - 04:00 PM,,,other,,,,,,,,,Th 08:00 AM - 04:00 PM,,,,,,,,,,Tu 08:00 AM - 04:00 PM,,,,,,,,,We 08:00 AM - 04:00 PM,,,
