provider_id,qr_rating,special_needs_experience,has_accreditation,openings_capacity,has_immediate_openings,days_open,earliest_open,latest_close,weekly_hours,min_age_months,max_age_months,accred_national_association_for_the_education_of_young_children,lang_arabic,lang_chinese_cantonese,lang_chinese_mandarin,lang_chinese_other,lang_english,lang_farsi,lang_french,lang_hindi,lang_hmong,lang_japanese,lang_korean,lang_other,lang_punjabi,lang_russian,lang_sign_language,lang_somali,lang_spanish,lang_tagalog,lang_vietnamese,meal_am_snack,meal_breakfast,meal_child_care_food_program_ccfp,meal_dinner,meal_lunch,meal_pm_snack,sched_after_school,sched_before_school,sched_drop_in,sched_evening,sched_full_time,sched_full_year,sched_part_time,sched_rotating_schedule,sched_school_year_only,sched_seasonal,sched_summer_only,subsidy_accepts_subsidized_payment,subsidy_ca_state_preschool_program,subsidy_head_start,subsidy_other_child_care_and_development_program_funded_by_the_cde,subsidy_other_public_contract,tag_academic,tag_art_based,tag_bilingual,tag_child_development,tag_child_directed,tag_co_op,tag_constructivist,tag_covid_19_emergency_response_care,tag_developmentally_appropriate_practices,tag_high_scope,tag_homework_study_time,tag_kindergarten,tag_montessori,tag_no_pets,tag_other,tag_parent_involvement,tag_play_based,tag_playgroup,tag_potty_training,tag_pre_kindergarten_preschool,tag_project_based,tag_reggio_emilia,tag_religious,tag_special_needs,tag_subsidize,tag_virtual_distance_learning,transport_bus,transport_car,transport_walking,meal_other
17890,4,0,0,27,,5,420,1050,52.5,24,60,0,0,1,1,0,1,0,0,0,0,0,0,False,0,0,0,0,1,1,0,1,1,0,0,1,1,0,0,0,0,1,1,0,0,0,0,0,1,0,0,0,0,1,0,1,1,0,0,0,0,0,0,0,0,0,0,False,0,0,0,1,0,0,0,0,0,0,0,1,0,0,False
9221,3,1,0,100,,5,420,1050,52.5,6,144,0,0,0,0,0,1,0,0,0,0,0,0,False,0,0,0,0,0,0,0,0,1,1,0,1,1,1,0,0,0,1,1,1,0,0,0,0,1,0,0,0,0,0,0,1,1,0,0,0,0,0,0,0,0,0,0,False,1,0,0,1,1,0,0,0,0,0,0,0,1,0,False
3025,4,1,0,35,,5,540,1050,42.5,36,60,0,0,0,0,0,1,0,0,0,0,1,0,True,0,0,0,0,0,0,0,1,0,0,0,0,1,1,0,0,0,1,0,1,0,1,0,0,1,0,0,0,0,1,0,1,0,0,0,0,0,0,0,0,0,0,0,False,0,0,0,0,1,0,0,0,0,0,0,0,0,0,False
19317,3,0,0,120,,5,450,1050,50.0,36,60,0,0,0,0,0,1,0,0,0,0,0,0,False,0,0,0,0,0,0,0,0,0,1,0,0,0,1,1,1,0,1,1,1,1,1,0,1,1,0,0,0,0,0,0,0,0,0,0,0,0,0,0,0,0,0,0,False,0,0,0,0,0,0,0,0,0,0,0,0,0,0,False
254,5,,0,48,,5,495,675,15.0,36,60,0,0,0,0,0,1,0,0,0,0,0,0,False,0,0,0,0,1,0,0,0,1,1,0,1,0,0,0,0,0,0,0,1,0,1,0,0,0,1,0,0,0,1,1,1,1,1,0,0,1,1,1,1,1,0,0,True,1,1,1,1,1,1,0,0,1,0,1,0,0,0,False
6654,5,1,0,57,,5,480,960,40.0,36,60,0,0,0,0,0,1,0,0,0,0,0,0,True,0,0,0,0,1,0,0,0,1,0,0,1,1,0,0,0,0,1,0,0,0,1,0,0,1,1,1,0,0,0,0,0,0,0,0,0,0,0,0,0,0,0,0,False,0,0,0,0,0,0,0,0,1,1,0,0,0,0,False
6262,5,1,0,76,,5,480,960,40.0,24,60,0,0,0,0,0,1,0,0,0,0,0,0,False,0,0,0,0,1,0,0,1,1,0,0,1,1,0,0,0,0,1,0,0,0,1,0,0,1,1,1,1,0,0,0,0,0,0,0,0,0,0,0,0,0,0,0,False,0,0,0,0,0,0,0,0,1,1,0,0,0,0,False
7268,4,1,0,56,,5,480,990,42.5,36,60,0,0,0,0,0,1,0,0,0,0,0,0,False,0,0,0,0,1,1,0,1,1,0,0,1,1,0,0,0,0,1,0,0,0,1,0,0,1,0,1,0,0,0,0,0,0,0,0,0,0,0,0,0,0,0,0,False,0,0,0,0,0,0,0,0,1,1,0,0,0,0,False
8815,4,1,0,60,,5,480,960,40.0,36,60,0,0,0,0,0,1,0,0,0,0,0,0,False,0,0,0,0,1,0,0,1,1,0,0,1,1,0,0,0,0,1,0,0,0,1,0,0,1,0,1,0,0,0,0,0,0,0,0,0,0,0,0,0,0,0,0,False,0,0,0,0,0,0,0,0,1,1,0,0,0,1,False
11147,4,1,0,47,,5,450,990,45.0,24,36,0,0,0,0,0,1,0,0,0,0,0,0,False,0,0,0,0,1,0,0,0,1,0,0,1,1,0,0,0,0,1,0,0,0,1,0,0,1,0,1,0,0,0,0,0,0,0,0,0,0,0,0,0,0,0,0,False,0,0,0,0,0,0,0,0,1,1,0,0,0,1,False
10508,4,1,0,64,,5,480,930,37.5,24,60,0,0,0,0,0,1,0,0,0,0,0,0,False,0,0,0,0,1,0,0,0,1,1,0,1,1,0,0,0,0,1,0,1,0,1,0,0,0,1,1,0,0,0,0,0,1,1,0,0,0,1,0,0,0,0,0,False,1,1,0,1,1,0,0,0,0,0,0,0,0,0,False
18403,4,1,0,72,,5,510,870,30.0,12,60,0,0,0,0,1,1,0,0,1,0,0,0,True,0,0,0,0,1,1,0,0,0,1,0,0,0,0,0,0,0,1,1,0,0,1,0,1,1,0,1,0,0,0,0,0,0,0,0,0,0,0,0,0,0,0,0,False,0,0,0,0,0,0,0,0,0,0,0,1,1,1,False
17109,4,1,0,50,,5,510,975,38.75,24,60,0,1,0,0,1,0,1,0,0,0,0,0,True,0,0,0,0,0,1,0,0,0,1,0,0,0,0,0,0,0,0,1,1,0,1,0,1,1,0,1,0,0,0,0,0,0,0,0,0,0,0,0,0,0,0,0,False,0,0,0,0,0,0,0,0,0,0,0,1,1,1,False
18879,5,0,0,425,,5,450,1080,52.5,24,132,0,0,0,0,1,1,0,0,0,0,0,0,False,0,0,1,0,1,0,0,1,0,1,0,1,1,1,1,0,0,1,1,1,0,1,0,0,1,1,0,1,0,0,0,0,1,1,0,0,0,1,0,0,0,0,0,False,0,1,0,0,1,0,0,0,0,0,0,0,0,0,False
1818,4,1,0,18,,5,480,990,42.5,36,60,0,0,0,0,0,1,0,0,0,0,0,0,False,0,0,0,0,1,0,0,0,1,1,0,1,1,0,0,0,0,1,1,0,0,0,0,0,1,0,1,0,0,0,0,1,1,1,0,0,0,1,0,0,0,0,0,True,1,1,1,0,0,0,0,0,1,0,0,0,0,0,False
3675,3,0,0,32,,5,420,1110,57.5,11,60,0,0,0,0,0,1,0,0,0,0,0,0,False,0,0,0,0,0,0,0,0,1,0,0,1,0,0,0,0,0,1,1,1,0,1,0,1,1,0,0,0,0,0,0,0,0,0,0,0,0,0,0,0,0,0,0,False,0,0,0,0,0,0,0,0,0,0,0,0,0,0,False
18535,4,0,0,27,,5,480,660,15.0,36,60,0,0,0,0,0,1,0,0,0,0,0,0,False,0,0,0,0,1,0,0,0,1,1,0,0,1,0,0,0,0,0,0,1,0,1,0,0,1,1,0,0,0,0,0,0,0,0,0,0,0,1,0,0,0,0,0,False,0,0,0,0,1,0,0,0,0,0,0,0,0,0,False
12797,4,1,1,135,,5,450,1020,47.5,3,48,0,0,0,0,0,1,0,0,0,0,0,0,False,0,0,0,0,1,0,0,0,1,1,0,1,1,0,0,0,0,1,1,1,0,0,0,0,0,0,0,0,0,0,0,1,1,1,0,0,0,1,0,0,0,0,0,False,1,1,0,0,1,0,0,0,1,0,0,0,0,0,False
16636,5,1,0,50,,5,450,990,45.0,2,48,0,0,0,0,0,1,0,0,0,0,0,0,False,0,0,0,0,0,0,0,0,1,0,0,1,0,0,0,0,0,1,1,1,0,0,0,0,1,1,0,0,1,0,0,0,0,0,0,0,0,1,0,0,0,1,0,False,1,1,0,0,1,0,0,0,0,0,0,1,0,0,False
3227,4,0,0,14,,,,,,24,72,0,0,0,0,0,1,0,0,0,0,0,0,False,0,0,0,0,0,0,0,0,0,0,0,0,0,0,0,0,0,1,0,1,0,1,0,0,1,0,0,0,0,1,0,0,0,0,0,0,0,0,0,0,0,0,0,False,0,0,0,0,0,0,0,0,0,0,0,0,0,0,False
10571,4,0,0,48,1,5,480,900,35.0,24,60,0,0,0,0,0,1,0,0,0,0,0,0,False,0,0,0,0,1,0,0,0,1,1,0,1,0,0,0,0,0,0,0,1,0,0,0,0,1,0,0,0,0,1,0,0,0,0,0,0,0,0,0,0,0,0,0,False,0,0,0,0,0,0,0,0,0,0,0,0,0,0,False
4985,4,0,0,24,1,5,480,900,35.0,0,11,0,0,0,0,0,1,0,0,0,0,0,0,False,0,0,0,0,0,0,0,0,1,1,0,1,0,0,0,0,0,0,0,1,0,0,0,0,1,0,0,0,0,1,0,0,0,0,0,0,0,0,0,0,0,0,0,False,0,0,0,0,0,0,0,0,0,0,0,0,0,0,False
16740,5,0,0,22,1,5,480,900,35.0,0,11,0,0,0,0,0,1,0,0,0,0,0,0,False,0,0,0,0,1,0,0,0,1,1,0,1,0,0,0,0,0,0,0,1,0,0,0,0,1,0,0,0,0,1,0,0,0,0,0,0,0,0,0,0,0,0,0,False,0,0,0,0,0,0,0,0,0,0,0,0,0,0,False
15983,4,0,0,22,1,5,450,990,45.0,36,60,0,0,0,0,0,1,0,0,0,0,0,0,False,0,0,0,0,1,0,0,1,1,0,0,0,0,1,1,0,0,0,1,1,0,0,0,0,1,0,1,0,0,1,0,0,0,0,0,0,0,0,0,0,0,0,0,False,0,0,0,0,0,0,0,0,0,0,0,0,0,0,False
3607,5,0,0,24,0,5,360,1080,60.0,36,60,0,0,0,0,0,1,0,0,0,0,0,0,False,0,0,0,0,0,0,0,0,0,0,0,0,0,0,0,0,0,1,1,0,0,0,0,0,1,0,0,0,0,1,0,0,0,0,0,0,0,0,0,0,0,0,0,False,0,0,0,0,0,0,0,0,0,0,0,0,0,0,False
17780,5,0,0,24,1,5,450,960,42.5,0,11,0,0,0,0,0,1,0,0,0,0,0,0,False,0,0,0,0,1,0,0,0,1,0,0,1,0,0,0,0,0,0,1,1,0,0,0,0,1,0,1,0,0,1,0,0,0,0,0,0,0,0,0,0,0,0,0,False,0,0,0,0,0,0,0,0,0,0,0,0,0,0,False
6524,5,0,0,24,1,5,480,900,35.0,0,11,0,0,0,0,0,1,0,0,0,0,0,0,False,0,0,0,0,0,0,0,0,0,0,0,0,0,0,0,0,0,0,0,1,0,0,0,0,1,0,0,0,0,1,0,0,0,0,0,0,0,0,0,0,0,0,0,False,0,0,0,0,0,0,0,0,0,0,0,0,0,0,False
14399,4,0,0,24,1,5,480,900,35.0,36,60,0,0,0,0,0,1,0,0,0,0,0,0,False,0,0,0,0,1,0,0,0,1,1,0,1,0,0,0,0,0,0,0,1,0,0,0,0,1,0,0,0,0,1,0,0,0,0,0,0,0,0,0,0,0,0,0,False,0,0,0,0,0,0,0,0,0,0,0,0,0,0,False
194,4,0,0,23,1,5,450,990,45.0,36,60,0,0,0,0,0,1,0,0,0,0,0,0,False,0,0,0,0,0,0,0,0,0,0,0,0,0,0,0,0,0,1,1,0,0,0,0,0,1,0,0,0,0,1,0,0,0,0,0,0,0,0,0,0,0,0,0,False,0,0,0,0,0,0,0,0,0,0,0,0,0,0,False
4191,4,0,0,24,0,5,450,990,45.0,36,60,0,0,0,0,0,1,0,0,0,0,0,0,False,0,0,0,0,0,0,0,0,0,0,0,0,0,0,0,0,0,1,1,0,0,0,0,0,1,0,0,0,0,1,0,0,0,0,0,0,0,0,0,0,0,0,0,False,0,0,0,0,0,0,0,0,0,0,0,0,0,0,False
9315,4,0,0,24,1,5,480,900,35.0,0,11,0,0,0,0,0,1,0,0,0,0,0,0,False,0,0,0,0,1,0,0,0,1,1,0,1,0,0,0,0,0,0,0,1,0,0,0,0,1,0,0,0,0,1,0,0,0,0,0,0,0,0,0,0,0,0,0,False,0,0,0,0,0,0,0,0,0,0,0,0,0,0,False
6703,4,0,0,24,0,5,480,900,35.0,36,60,0,0,0,0,0,1,0,0,0,0,0,0,False,0,0,0,0,1,0,0,0,1,1,0,1,0,0,0,0,0,0,0,1,0,0,0,0,1,0,0,0,0,1,0,0,0,0,0,0,0,0,0,0,0,0,0,False,0,0,0,0,0,0,0,0,0,0,0,0,0,0,False
8753,3,0,0,48,0,5,495,960,38.75,24,60,0,0,0,0,0,1,0,0,0,0,0,0,False,0,0,0,0,1,0,0,1,0,0,0,1,1,0,0,0,0,1,0,0,0,1,0,0,1,0,0,0,0,0,0,0,0,0,0,0,0,0,0,0,0,0,0,False,0,0,0,0,0,0,0,0,0,0,0,0,0,0,False
6220,4,1,0,116,,5,405,1050,53.75,24,60,0,0,0,0,0,1,0,0,0,0,0,0,False,0,0,0,0,1,0,0,1,1,1,0,1,1,0,0,1,1,1,1,1,1,1,0,1,1,0,0,0,0,0,0,0,0,0,0,0,0,0,0,0,0,0,0,False,0,0,0,0,0,0,0,0,0,0,0,0,0,0,False
19160,4,1,0,56,,5,1170,2490,110.0,24,60,0,0,0,0,0,1,0,0,0,0,0,0,False,0,0,0,0,1,0,0,1,1,1,0,1,1,1,1,0,0,1,1,1,1,1,0,1,1,0,0,0,0,0,0,0,0,0,0,0,0,0,0,0,0,0,0,False,0,0,0,0,0,0,0,0,0,0,0,0,0,0,False
7704,5,1,0,16,,5,480,660,15.0,24,60,0,0,0,0,0,1,0,0,0,0,0,0,False,0,0,0,0,1,0,0,0,1,1,0,1,0,0,0,0,0,0,0,1,0,1,0,0,0,1,0,0,0,0,0,1,1,0,0,0,0,1,0,0,0,0,0,False,1,1,0,0,1,0,0,0,1,0,0,1,0,1,False
17338,4,0,0,48,,5,475,655,15.0,36,48,0,0,0,0,0,1,0,0,0,0,0,0,False,0,0,0,0,1,0,0,0,1,1,0,1,1,0,0,0,0,0,0,1,0,1,0,0,1,1,0,0,0,1,0,0,1,0,0,0,0,0,0,0,0,0,0,False,0,0,0,0,1,0,0,0,0,0,0,0,0,0,False
11462,5,1,0,100,,4,450,1050,40.0,4,60,0,0,0,0,0,1,0,0,0,0,0,0,False,0,0,0,0,1,0,0,1,0,0,0,1,1,0,0,0,0,1,1,1,0,0,0,0,1,1,0,0,0,0,1,0,0,0,0,0,0,0,0,0,0,0,0,False,0,1,0,1,0,0,1,0,0,0,0,0,0,0,False
270,4,1,0,22,1,5,510,870,30.0,36,60,0,0,0,0,0,1,0,0,0,0,0,0,False,0,0,0,0,0,0,0,0,1,1,0,1,1,0,0,0,0,0,0,1,0,1,0,0,0,1,1,0,0,0,0,0,0,0,0,0,0,0,0,0,0,0,0,False,0,0,0,0,0,0,0,0,0,0,0,0,0,0,False
6011,4,1,0,12,1,5,480,870,30.5,12,36,0,0,0,0,0,1,0,0,0,0,0,0,False,0,0,0,0,1,0,0,0,1,1,0,1,1,0,0,0,0,0,1,1,0,0,0,0,0,0,1,0,0,0,0,0,0,0,0,0,0,0,0,0,0,0,0,False,0,0,0,0,0,0,0,0,0,0,0,0,0,0,False
14179,4,1,0,20,1,4,510,870,24.0,36,60,0,0,0,0,0,1,0,0,0,0,0,0,False,0,0,0,0,0,0,0,0,1,1,0,1,1,0,0,0,0,0,0,1,0,1,0,0,0,0,1,0,0,0,0,0,0,0,0,0,0,0,0,0,0,0,0,False,0,0,0,0,0,0,0,0,0,0,0,0,0,0,False
7856,4,1,0,24,1,5,510,870,30.0,36,60,0,0,0,0,0,1,0,0,0,0,0,0,False,0,0,0,0,0,0,0,0,1,1,0,1,1,0,0,0,0,0,0,1,0,1,0,0,0,0,1,0,0,0,0,0,0,0,0,0,0,0,0,0,0,0,0,False,0,0,0,0,0,0,0,0,0,0,0,0,0,0,False
17718,4,1,0,20,1,5,540,900,30.0,36,60,0,0,0,0,0,1,0,0,0,0,0,0,False,0,0,0,0,0,0,0,0,1,1,0,1,1,0,0,0,0,0,0,1,0,1,0,0,0,0,1,0,0,0,0,0,0,0,0,0,0,0,0,0,0,0,0,False,0,0,0,0,0,0,0,0,0,0,0,0,0,0,False
2879,5,,0,24,,5,480,690,17.5,36,60,0,0,0,0,0,1,0,0,0,0,0,0,False,0,0,0,0,1,0,0,0,0,1,0,0,0,0,0,0,0,0,0,1,0,1,0,0,0,1,0,0,0,0,0,0,0,0,0,0,0,0,0,0,0,0,0,False,0,0,0,0,0,0,0,0,0,0,0,0,0,0,False
13016,4,1,0,80,,5,435,1020,48.75,12,60,0,0,0,0,0,1,0,0,0,0,0,0,False,0,0,0,0,1,0,0,1,1,1,0,1,1,0,0,0,0,1,1,1,1,1,1,1,1,0,0,1,0,0,0,0,1,0,0,0,0,0,0,0,0,0,0,False,0,0,0,0,0,0,0,0,1,1,0,0,0,0,False
10225,4,1,0,24,0,,,,,0,11,0,0,0,0,0,1,0,0,0,0,0,0,False,0,0,0,0,0,0,0,0,0,0,0,0,0,0,0,0,0,1,1,0,0,0,0,0,1,0,0,0,0,0,0,0,0,0,0,0,0,0,0,0,0,0,0,False,0,0,0,0,0,0,0,0,0,0,0,0,0,0,False
10365,5,,0,48,,5,495,675,15.0,36,60,0,0,0,0,0,1,0,0,0,0,0,0,False,0,0,0,0,1,0,0,0,1,1,0,1,0,0,0,0,0,0,0,1,0,1,0,0,0,1,0,0,0,1,1,1,1,1,0,0,1,1,1,1,1,0,0,True,1,1,1,1,1,1,0,0,1,0,0,0,0,0,False
2709,4,1,0,94,,5,450,1020,47.5,0,60,0,0,0,0,0,1,0,0,1,0,0,0,True,0,0,0,0,1,0,0,0,0,1,0,0,0,0,0,0,0,1,1,1,0,1,0,1,1,0,1,1,0,0,0,0,0,0,1,0,0,0,0,0,0,0,0,False,0,0,0,0,0,0,0,0,0,0,0,1,1,1,False
7876,4,1,0,253,,5,420,1050,52.5,3,144,0,0,0,0,0,1,0,0,0,0,0,0,False,0,0,0,0,0,0,0,1,1,1,0,0,1,1,1,1,1,1,1,1,1,1,0,1,1,0,0,0,0,0,0,0,0,0,0,0,0,0,0,0,0,0,0,False,0,0,0,0,0,0,0,0,0,0,0,0,0,0,False
17889,3,0,0,116,,5,420,1080,55.0,24,144,0,0,0,0,0,1,0,0,0,0,0,0,False,0,0,0,0,0,0,0,0,0,0,0,0,0,1,1,0,1,1,1,1,0,1,0,1,1,0,0,0,0,0,0,0,0,0,0,0,0,0,0,0,0,0,0,False,0,0,0,0,0,0,0,0,0,0,0,0,0,0,False
7465,4,0,0,48,,5,480,660,15.0,24,60,0,0,0,0,0,1,0,0,0,0,0,0,False,0,0,0,0,0,0,0,0,1,0,0,1,0,0,0,0,0,0,0,1,0,1,0,0,1,0,0,0,0,0,0,0,0,0,0,0,0,0,0,0,0,0,0,False,0,0,0,0,0,0,0,0,0,0,0,0,0,0,False
8227,2,1,0,102,1,5,390,1080,57.5,36,60,0,0,0,0,0,1,0,0,0,0,0,0,False,0,0,0,0,1,1,0,1,0,0,0,0,1,0,0,1,0,1,1,1,1,1,0,1,1,0,0,0,0,1,0,0,0,0,0,0,0,0,0,0,0,0,0,False,0,0,0,0,0,0,0,1,0,0,0,0,0,0,False
2173,3,0,0,179,,5,360,1080,60.0,1,60,0,0,0,0,0,1,0,0,0,0,0,0,False,0,0,0,0,0,0,0,1,0,0,0,0,1,0,0,0,0,1,1,1,0,1,0,1,1,0,0,0,0,0,0,0,0,0,0,0,0,0,0,0,0,0,0,False,0,0,0,0,0,0,0,0,0,0,0,0,0,0,False
19127,3,0,0,100,,5,420,1080,55.0,24,60,0,0,0,0,0,1,0,0,0,0,0,0,False,0,0,0,0,1,0,0,1,0,1,0,1,1,0,0,0,0,1,1,1,0,0,0,0,1,0,0,0,0,0,0,0,0,0,0,0,0,0,0,0,0,0,0,False,0,0,0,0,0,0,0,0,0,0,0,0,0,0,False
18480,4,1,0,110,,5,450,1050,50.0,12,60,0,0,0,0,0,1,0,0,0,0,0,0,False,0,0,0,0,1,0,1,0,0,1,0,0,0,0,0,0,0,1,1,0,0,0,0,0,1,1,0,1,0,0,0,0,0,0,0,0,0,0,0,0,0,0,0,False,0,0,0,0,0,0,0,0,0,0,0,1,1,1,False
12194,4,0,0,68,,5,480,885,33.75,36,48,0,0,0,0,0,1,0,0,0,0,0,0,False,0,0,0,0,1,0,0,0,0,0,0,0,0,0,0,0,0,0,0,1,0,1,0,0,1,0,0,0,0,0,0,0,0,0,0,0,0,0,0,0,0,0,0,False,0,0,0,0,0,0,0,0,0,0,0,0,0,0,False
7230,4,0,0,38,,5,450,1050,50.0,1,60,0,0,0,0,0,1,0,0,0,0,0,0,False,0,0,0,0,1,0,0,0,1,0,0,1,1,0,0,1,0,1,1,1,0,1,1,1,1,0,1,0,0,0,0,0,0,0,0,0,0,0,0,0,0,0,0,False,0,0,0,0,0,0,0,0,0,1,0,0,0,0,False
3376,5,1,0,24,,5,495,720,18.75,36,60,0,0,0,0,0,1,0,0,0,0,0,0,False,0,0,0,0,1,0,0,1,0,0,0,1,0,0,0,0,0,0,0,1,0,1,0,0,1,1,0,0,0,0,0,0,0,0,0,0,0,0,0,0,0,0,0,False,0,0,0,0,0,0,0,0,1,1,0,0,0,0,False
2042,5,0,0,24,,5,485,890,33.75,36,60,0,0,0,0,0,1,0,0,0,0,0,0,False,0,0,0,0,1,0,0,0,1,0,0,1,0,0,0,0,0,0,0,1,0,1,0,0,0,1,0,0,0,0,0,0,1,0,0,0,0,0,0,0,0,0,1,False,0,0,0,0,0,0,0,0,0,1,0,0,1,1,False
14726,4,0,0,22,0,5,420,1080,55.0,72,144,0,0,0,0,0,1,0,0,0,0,0,0,False,0,0,0,0,0,0,0,0,1,0,0,0,0,1,1,0,0,1,1,1,0,1,0,1,1,0,0,0,0,0,0,0,0,0,0,0,0,0,0,0,0,0,0,False,0,0,0,0,0,0,0,0,0,0,0,0,0,0,False
1465,5,0,0,24,,5,420,1080,55.0,0,11,0,0,0,0,0,1,0,0,0,0,0,0,False,0,0,0,0,0,0,0,0,1,0,0,0,0,1,0,0,0,1,1,1,0,1,0,1,1,0,0,0,0,0,0,0,0,0,0,0,0,0,0,0,0,0,0,False,0,0,0,0,0,0,0,0,0,0,0,0,0,0,False
15933,4,1,0,24,,5,480,690,17.5,24,60,0,0,0,0,0,1,0,0,0,0,0,0,False,0,0,0,0,1,0,0,0,1,0,0,1,0,0,0,0,0,0,0,1,0,1,0,0,1,0,0,0,0,0,0,0,0,0,0,0,0,0,0,0,0,0,0,False,0,0,0,0,0,0,0,0,0,0,0,0,0,0,False
18191,4,1,0,20,,5,510,720,15.0,24,60,0,0,0,0,0,1,0,0,0,0,0,0,False,0,0,0,0,1,0,0,1,0,0,0,0,1,0,0,0,0,0,0,1,0,1,0,0,0,1,0,0,0,0,0,0,1,0,0,0,0,1,0,0,0,0,0,False,0,1,0,0,1,0,0,0,1,0,0,0,0,0,False
1551,5,0,0,40,0,5,465,660,15.25,36,60,0,0,0,0,0,1,0,0,0,0,0,0,False,0,0,0,0,1,0,0,1,1,0,0,1,1,0,0,0,0,0,1,1,0,0,0,0,0,0,0,0,0,0,0,0,0,0,0,0,0,0,0,0,0,0,0,False,0,0,0,0,0,0,0,0,0,0,0,0,0,0,False
10389,4,1,0,24,,5,495,885,32.5,24,60,0,0,0,0,0,1,0,0,0,0,0,0,False,0,0,0,0,0,0,0,0,1,1,0,1,1,0,0,0,0,1,0,0,0,1,0,0,0,1,1,0,0,0,0,0,1,1,0,0,0,1,0,0,0,0,0,False,1,1,0,0,1,0,0,0,0,0,0,0,0,0,False
19095,3,1,0,30,,5,465,1080,51.25,36,60,0,0,0,0,0,1,0,0,0,0,0,0,False,0,0,0,0,1,0,1,1,0,0,0,0,1,0,0,0,0,1,0,1,0,1,0,0,1,0,0,0,0,0,1,1,1,0,0,0,0,0,0,0,0,0,0,False,0,1,0,0,0,0,0,0,0,0,0,1,0,0,False
8673,4,1,0,16,,5,510,690,15.0,36,60,0,0,0,0,0,1,0,0,0,0,0,0,False,0,0,0,0,0,0,0,1,0,1,0,0,0,0,0,0,0,0,0,1,0,1,0,0,1,1,0,0,0,1,0,0,1,0,0,0,0,0,0,0,0,0,0,False,0,0,0,0,0,0,0,0,0,0,0,0,0,0,False
1582,4,1,0,190,,5,480,1005,43.75,36,60,0,1,0,0,1,1,1,0,0,0,0,0,True,0,0,0,0,1,1,0,1,1,1,0,1,1,0,0,0,0,1,1,1,0,1,0,0,1,1,0,1,0,0,0,1,1,0,0,0,0,0,0,0,0,0,0,False,0,0,0,0,0,0,0,0,0,0,0,0,0,0,False
19065,4,1,0,102,,5,480,930,37.5,24,60,0,1,0,0,0,1,0,0,0,0,0,0,False,0,0,0,0,1,0,0,1,1,1,0,1,1,0,0,0,0,1,1,1,0,0,0,0,1,1,0,1,0,0,0,0,1,0,0,0,0,0,0,0,0,0,0,False,0,0,0,0,0,0,0,0,0,0,0,0,0,0,False
13089,4,0,0,36,,5,360,1080,60.0,36,60,0,0,0,0,0,1,0,0,0,0,0,0,False,0,0,0,0,0,0,0,0,0,0,0,0,0,0,0,0,0,1,0,0,0,1,0,0,1,0,0,0,0,0,0,0,0,0,0,0,0,0,0,0,0,0,0,False,0,0,0,0,0,0,0,0,0,0,0,0,0,0,False
15375,4,1,0,215,,5,450,990,43.5,24,60,0,0,0,0,0,1,0,0,0,0,0,0,False,0,0,0,0,1,1,0,1,1,1,0,1,1,0,0,0,0,1,1,1,0,1,0,1,1,0,1,1,1,0,0,1,1,1,0,0,1,1,1,0,0,0,0,False,1,0,0,1,1,0,0,0,0,0,0,0,0,0,False
14553,4,1,0,81,,5,480,1080,50.0,12,60,0,0,0,0,0,1,0,0,0,0,0,0,False,0,0,0,0,0,0,0,1,0,0,0,1,1,0,0,0,0,1,1,0,0,0,0,0,1,0,0,0,0,0,1,0,0,0,0,0,0,0,0,0,0,0,0,False,0,0,0,0,0,0,1,0,0,0,0,1,0,0,False
16351,5,0,1,50,,5,420,1050,52.5,24,60,1,0,0,0,0,1,0,0,0,0,0,0,False,0,0,0,0,1,0,0,0,1,1,0,1,1,0,0,0,0,1,1,1,0,0,0,0,0,0,1,0,0,0,0,0,1,0,0,0,0,0,0,0,0,0,0,False,0,0,0,0,0,0,0,0,0,0,0,0,0,0,False
8168,5,0,0,24,,5,480,660,15.0,36,60,0,0,0,0,0,1,0,0,0,0,0,0,True,0,0,0,0,1,0,0,0,0,0,0,1,0,0,0,0,0,0,0,1,0,1,0,0,1,1,0,0,0,0,0,0,1,0,0,0,0,0,0,0,0,0,0,False,0,0,0,0,0,0,0,0,0,1,0,0,0,1,False
6071,5,0,0,23,,5,480,660,15.0,36,60,0,1,0,0,0,1,0,0,0,0,0,0,False,0,0,0,0,0,0,0,0,1,0,0,1,0,0,0,0,0,0,0,1,0,1,0,0,1,1,0,0,0,0,0,0,0,0,0,0,0,0,0,0,0,0,0,False,0,0,0,0,0,0,0,0,0,1,0,0,0,0,False
3001,5,0,0,24,,5,510,690,15.0,36,60,0,0,0,0,0,1,0,0,0,0,0,0,False,0,0,0,0,0,0,0,0,1,0,0,1,0,0,0,0,0,0,0,1,0,1,0,0,1,1,0,0,0,0,0,0,0,0,0,0,0,0,0,0,0,0,0,False,0,0,0,0,0,0,0,0,0,1,0,0,0,1,False
5858,4,0,0,24,,5,480,660,15.0,36,60,0,0,0,0,0,1,0,0,0,0,0,0,False,0,0,0,0,1,0,0,0,1,0,0,1,0,0,0,0,0,0,0,1,0,1,0,0,1,1,0,0,0,0,0,0,0,0,0,0,0,0,0,0,0,0,0,False,0,0,0,0,0,0,0,0,0,1,1,0,0,0,False
16095,5,0,0,24,,5,480,660,15.0,36,60,0,0,0,0,0,1,0,0,0,0,0,0,False,0,0,0,0,1,0,0,0,1,0,0,1,0,0,0,0,0,0,0,1,0,1,0,0,1,1,0,0,0,0,0,0,1,0,0,0,0,0,0,0,0,0,0,False,0,0,0,0,0,0,0,0,0,1,0,0,0,1,False
13876,5,1,0,23,,5,480,660,15.0,36,60,0,0,0,0,0,1,0,0,0,0,0,0,True,0,0,0,0,1,0,0,0,1,0,0,1,0,0,0,0,0,0,0,1,0,1,0,0,1,1,0,0,0,0,0,0,0,0,0,0,0,0,0,0,0,0,0,False,0,0,0,0,0,0,0,0,1,1,0,0,0,0,False
9091,5,0,0,23,,5,480,660,15.0,36,60,0,0,0,0,0,1,0,0,0,0,0,0,False,0,0,0,0,1,0,0,0,1,0,0,1,0,0,0,0,0,0,0,1,0,1,0,0,1,1,0,0,0,0,0,0,1,0,0,0,0,0,0,0,0,0,0,False,0,0,0,0,0,0,0,0,0,1,0,0,0,0,False
11449,5,0,0,23,,5,480,660,15.0,36,60,0,0,0,0,0,1,0,0,0,0,0,0,False,0,0,0,0,1,0,0,0,0,0,0,1,0,0,0,0,0,0,0,1,0,1,0,0,1,1,0,0,0,0,0,0,0,0,0,0,0,0,0,0,0,0,0,False,0,0,0,0,0,0,0,0,0,1,0,0,0,1,False
17522,4,1,0,24,,4,480,660,12.0,36,60,0,0,0,0,0,1,0,0,0,0,0,0,False,0,0,0,0,1,0,0,0,0,0,0,1,0,0,0,0,0,0,0,1,0,1,0,0,0,1,0,0,0,0,0,0,0,0,0,0,0,1,0,0,0,0,0,False,0,1,0,0,1,0,0,0,0,0,0,0,1,1,False
3850,1,1,0,60,,5,390,1080,57.5,24,60,0,0,0,0,0,1,0,0,0,0,0,0,False,0,0,0,0,1,0,0,0,1,0,0,1,1,0,0,0,0,1,1,1,1,0,0,0,1,0,0,0,0,0,0,0,1,0,0,0,0,1,0,0,0,0,0,False,0,0,0,0,0,0,0,0,0,0,0,0,0,0,False
3432,4,1,0,30,,5,495,885,32.5,24,60,0,0,0,0,0,1,0,0,0,0,0,0,False,0,0,0,0,0,0,0,0,1,1,0,1,1,0,0,0,0,1,0,0,0,1,0,0,1,1,1,1,0,0,0,0,1,0,0,0,0,1,0,0,0,0,0,False,1,1,0,0,1,0,0,0,1,0,0,0,0,0,False
7135,5,1,0,24,,5,510,900,32.5,24,60,0,0,0,0,0,1,0,0,0,0,0,0,False,0,0,0,0,0,0,0,0,1,1,0,1,1,0,0,0,0,1,0,0,0,1,0,0,0,1,1,0,0,0,0,0,1,0,0,0,0,1,0,0,0,0,0,False,1,1,0,1,1,0,0,0,0,0,0,0,0,0,False
2976,5,1,0,40,,5,480,1020,45.0,36,60,0,0,0,0,0,1,0,0,0,0,0,0,False,0,0,0,0,1,0,0,0,1,0,0,1,0,0,0,0,0,1,0,0,0,1,0,0,1,1,1,0,0,0,0,0,1,0,0,0,0,0,1,0,0,1,0,False,0,0,0,0,0,0,1,0,1,1,0,1,0,0,False
19330,5,1,0,29,,5,540,750,17.5,24,60,0,0,0,0,0,1,0,0,0,0,0,0,False,0,0,0,0,0,0,0,1,1,0,0,1,1,0,0,0,0,0,0,1,0,1,0,0,1,1,0,0,0,0,0,0,1,0,0,0,0,0,0,0,0,0,0,False,0,0,0,0,0,0,0,0,1,1,0,0,0,1,False
6033,4,1,0,85,,5,480,660,15.0,36,60,0,0,0,0,0,1,0,0,0,0,0,0,False,0,0,0,0,1,0,0,1,1,1,0,1,1,0,0,0,0,0,1,1,0,0,0,0,1,0,0,0,0,0,0,0,0,0,0,0,0,0,0,0,0,0,0,False,0,0,0,0,0,0,0,0,0,0,0,0,0,0,False
1626,4,1,0,24,0,5,480,915,36.25,48,144,0,0,0,0,0,1,0,0,0,0,0,0,False,0,0,0,0,1,0,0,0,0,0,0,0,1,0,0,1,0,1,1,1,1,1,0,1,1,0,0,0,0,1,0,0,0,0,0,0,0,0,0,0,0,0,0,False,0,0,0,0,0,0,0,0,0,0,0,0,0,0,False
16115,4,0,0,48,0,5,480,915,36.25,24,60,0,0,0,0,1,1,0,0,0,0,0,0,False,0,0,0,0,0,0,0,1,0,0,0,1,1,0,0,0,0,0,1,1,0,0,0,0,1,0,0,0,0,0,0,0,0,0,0,0,0,0,0,0,0,0,0,False,0,0,0,0,0,0,0,0,0,0,0,0,0,0,False
3525,4,0,0,24,,5,470,905,36.25,24,60,0,0,0,0,0,1,0,0,0,0,0,0,False,0,0,0,0,0,0,0,0,0,0,0,0,0,0,0,0,0,1,1,0,0,0,0,0,1,0,0,0,0,0,0,0,0,0,0,0,0,0,0,0,0,0,0,False,0,0,0,0,0,0,0,0,0,0,0,0,0,0,False
3636,4,1,0,37,,5,480,900,35.0,36,60,0,0,0,0,0,1,0,0,0,0,0,0,False,0,0,0,0,1,0,0,0,1,0,0,1,0,0,0,0,0,1,0,1,0,1,0,0,1,0,1,0,0,0,0,0,0,0,0,0,0,0,0,0,0,0,0,False,0,0,0,0,0,0,0,0,1,1,0,0,0,0,False
14634,4,1,0,98,,5,420,1020,50.0,24,60,0,0,0,0,0,1,0,0,0,0,0,0,False,0,0,0,0,1,0,0,0,1,0,0,1,1,0,0,0,0,1,0,1,0,1,0,0,1,0,1,0,0,0,0,0,0,0,0,0,0,0,0,0,0,0,0,False,0,0,0,0,0,0,0,0,1,1,0,0,0,0,False
8621,4,0,0,98,,5,420,1080,55.0,0,60,0,0,0,0,0,1,0,0,0,0,0,0,False,0,0,0,0,1,0,0,1,1,0,0,1,1,0,0,0,0,1,1,1,0,0,0,0,1,0,0,0,0,0,0,0,0,0,0,0,0,0,0,0,0,0,0,False,0,0,0,0,0,0,0,0,0,0,0,0,0,0,False
13612,4,0,0,24,,5,480,705,18.75,24,60,0,0,0,0,0,1,0,0,0,0,0,0,False,0,0,0,0,1,0,0,0,0,0,0,0,0,0,0,0,0,0,1,1,0,0,0,0,1,0,0,0,0,0,0,0,0,0,0,0,0,0,0,0,0,0,0,False,0,0,0,0,0,0,0,0,0,0,0,0,0,0,False
737,4,0,0,65,,5,480,870,32.5,36,60,0,0,0,0,0,1,0,0,0,0,0,0,False,0,0,0,0,1,0,0,0,0,0,0,0,0,0,0,0,0,1,0,1,0,1,0,0,1,0,0,0,0,0,0,0,0,0,0,0,0,0,0,0,0,0,0,False,0,0,0,0,0,0,0,0,0,0,0,0,0,0,False
8216,4,,0,24,,5,420,930,42.5,36,60,0,0,0,0,0,1,0,0,0,0,0,0,False,0,0,0,0,1,0,0,1,0,1,0,0,1,0,0,0,0,0,0,1,0,1,0,0,0,1,0,0,1,0,0,0,0,0,0,0,0,0,0,0,0,0,0,False,0,0,0,0,0,0,0,0,0,0,0,0,0,0,False
4705,4,1,0,24,,5,480,1020,45.0,24,60,0,0,0,0,0,1,0,0,0,0,0,0,False,0,0,0,0,1,0,0,1,1,1,0,1,1,0,0,1,0,0,1,1,1,1,0,1,1,0,0,0,1,0,0,0,0,0,0,0,0,0,0,0,0,0,0,False,0,0,0,0,0,0,0,0,0,0,0,0,0,0,False
5983,4,1,0,78,,5,390,1050,55.0,36,60,0,0,0,0,0,1,0,0,0,0,0,0,False,0,0,0,0,1,0,1,1,0,1,0,1,1,0,0,1,0,1,1,1,1,1,0,1,1,0,0,0,1,0,0,0,0,0,0,0,0,0,0,0,0,0,0,False,0,0,0,0,0,0,0,0,0,0,0,0,0,0,False
12231,4,1,0,195,,5,390,1080,57.5,36,60,0,0,0,0,0,1,0,0,0,0,0,0,False,0,0,0,0,1,0,0,1,1,0,1,1,1,0,0,1,0,1,1,1,1,1,0,1,1,0,0,0,0,0,0,0,0,0,0,0,0,0,0,0,0,0,0,False,0,0,0,0,0,0,0,0,0,0,0,0,0,0,False
7624,4,1,0,89,0,5,420,1080,55.0,24,144,0,0,0,0,0,1,0,0,0,0,0,0,False,0,0,0,0,1,0,1,1,0,1,0,1,1,1,1,1,0,1,1,1,1,1,0,1,1,0,0,0,1,0,0,0,0,0,0,0,0,0,0,0,0,0,0,False,0,0,0,0,0,0,0,0,0,0,0,1,0,0,False
14080,3,1,0,128,,5,390,1020,52.5,36,144,0,0,0,0,0,1,0,0,0,0,0,1,False,0,0,0,0,1,0,1,1,0,1,0,1,1,1,1,1,0,1,1,1,1,1,0,1,1,0,0,0,1,0,0,0,0,0,0,0,0,0,0,0,0,0,0,False,0,0,0,0,0,0,0,0,0,0,0,1,0,0,False
5124,5,1,0,71,,5,420,960,45.0,1,60,0,0,0,0,0,1,1,0,0,0,0,0,False,0,0,0,0,1,0,0,1,0,1,0,1,1,0,0,1,0,1,1,1,1,1,0,1,1,0,0,0,1,0,0,0,0,0,0,0,0,0,0,0,0,0,0,False,0,0,0,0,0,0,0,0,0,0,0,0,0,0,False
6617,4,0,0,23,1,5,390,1080,57.5,36,60,0,0,0,0,0,1,0,0,0,0,0,0,False,0,0,0,0,1,0,0,1,1,0,0,1,0,1,1,1,0,1,1,1,0,0,0,0,1,0,0,0,0,0,0,0,0,0,0,0,0,0,0,0,0,0,0,False,0,0,0,0,0,0,0,0,0,0,0,0,0,0,False
8057,4,1,0,112,,5,300,1020,60.0,2,144,0,0,0,0,0,1,0,0,0,0,0,0,False,0,0,0,0,1,0,0,1,1,1,0,1,1,1,1,0,0,1,1,1,1,0,0,0,1,1,0,1,0,0,0,1,1,0,0,0,1,0,0,0,0,0,0,False,0,0,0,0,0,0,0,0,0,0,0,0,1,0,False
7735,4,0,0,59,,5,360,1080,60.0,24,144,0,0,0,0,0,1,0,0,0,0,0,0,False,0,0,0,0,0,0,0,0,0,0,0,0,0,1,1,0,0,1,1,0,0,1,0,1,1,0,0,0,0,0,0,0,0,0,0,0,0,0,0,0,0,0,0,False,0,0,0,0,0,0,0,0,0,0,0,0,0,0,False
9604,5,0,0,132,,5,390,1080,57.5,36,60,0,0,0,0,0,1,0,0,0,0,0,0,False,0,0,0,0,1,0,0,1,1,0,0,1,1,0,0,1,0,1,1,0,0,1,0,1,1,0,0,0,0,0,0,0,0,0,0,0,0,0,0,0,0,0,0,False,0,0,0,0,0,0,0,0,0,0,0,0,0,0,False
7864,4,1,0,63,,5,420,1080,55.0,24,144,0,0,0,0,0,1,0,0,0,0,0,0,False,0,0,0,0,1,0,0,0,1,1,0,1,1,1,1,0,0,1,1,0,0,1,0,1,1,1,0,0,0,0,0,0,1,0,0,0,0,1,1,1,0,0,0,False,0,0,0,0,0,1,1,0,0,0,0,0,0,0,False
4640,2,0,0,71,,5,390,1080,57.5,0,60,0,0,0,0,0,1,0,0,0,0,0,0,False,0,0,0,0,0,0,0,1,0,0,0,0,1,0,0,0,0,1,1,0,0,0,0,0,1,0,0,0,0,1,0,0,0,0,0,0,0,0,0,0,0,0,0,False,0,0,0,0,0,0,0,0,0,0,0,0,0,0,False
3341,5,1,0,40,1,5,450,1050,50.0,24,60,0,0,0,0,0,1,0,0,0,0,0,0,False,0,0,0,0,1,0,0,0,1,1,0,1,0,0,0,0,0,1,0,1,0,1,0,0,0,1,1,0,0,0,0,0,0,0,0,0,0,0,0,0,0,1,0,False,0,0,0,0,0,0,0,0,0,0,0,0,0,0,False
189,4,0,0,20,1,5,480,840,30.0,36,60,0,0,0,0,0,1,0,0,0,0,0,0,False,0,0,0,0,1,0,0,1,1,1,0,1,0,0,0,0,0,1,0,0,0,1,0,0,0,1,1,0,0,0,0,0,0,0,0,0,0,0,0,0,1,0,0,False,0,0,0,0,1,0,0,0,0,0,0,0,0,0,False
7383,4,1,0,60,,5,420,1080,55.0,24,60,0,0,0,0,0,1,0,0,0,0,0,0,False,0,0,0,0,1,0,0,1,1,0,0,1,1,0,0,0,0,1,1,0,0,0,0,0,1,0,0,0,0,0,0,0,1,0,0,0,0,1,0,0,0,0,0,False,0,1,0,0,1,1,1,0,0,0,0,0,0,0,False
18135,5,1,0,24,,5,465,645,15.0,36,60,0,0,0,0,0,1,0,0,0,0,0,0,False,0,0,0,0,1,0,0,0,1,0,0,1,0,0,0,0,0,0,0,1,0,1,0,0,1,1,0,0,0,0,0,0,0,0,0,0,0,0,0,0,0,0,0,False,0,0,0,0,0,0,0,0,0,1,0,0,0,1,False
10399,5,,0,24,,5,525,1425,75.0,36,60,0,0,0,0,0,1,0,0,0,0,0,0,False,0,0,0,0,1,0,0,0,0,1,0,0,0,0,0,0,0,0,0,1,0,1,0,0,0,1,0,0,0,0,0,0,0,0,0,0,0,0,0,0,0,0,0,False,0,0,0,0,0,0,0,0,0,0,0,0,0,0,False
14457,5,,0,17,,5,510,1410,75.0,48,60,0,0,0,0,0,1,0,0,0,0,0,0,False,0,0,0,0,1,0,0,0,0,1,0,0,0,0,0,0,0,0,0,1,0,1,0,0,0,1,0,0,0,0,0,0,0,0,0,0,0,0,0,0,0,0,0,False,0,0,0,0,0,0,0,0,0,0,0,0,0,0,False
17574,5,,0,24,,5,480,660,15.0,48,48,0,0,0,0,0,1,0,0,0,0,0,0,False,0,0,0,0,1,0,0,0,0,1,0,0,0,0,0,0,0,0,0,1,0,1,0,0,0,1,0,0,0,0,0,0,0,0,0,0,0,0,0,0,0,0,0,False,0,0,0,0,0,0,0,0,0,0,0,0,0,0,False
12071,5,0,0,48,,5,525,930,33.75,36,60,0,0,0,0,0,1,0,0,0,0,0,0,False,0,0,0,0,1,0,0,0,1,1,0,0,0,0,0,1,0,1,1,1,1,1,0,1,1,0,0,0,0,0,0,0,0,0,0,0,0,0,0,0,0,0,0,False,0,0,0,0,0,0,0,0,0,0,0,0,0,0,False
16526,4,1,0,48,,5,495,915,35.0,0,11,0,0,0,0,0,1,0,0,0,0,0,0,False,0,0,0,0,1,0,0,1,0,0,0,1,0,0,0,1,0,1,0,1,1,1,0,0,1,0,0,0,1,0,0,0,0,0,1,0,0,0,0,0,0,0,0,False,0,0,0,0,0,0,0,0,0,0,0,0,0,0,False
11409,5,0,0,100,,5,480,900,35.0,0,11,0,0,0,0,0,1,0,0,0,0,0,0,False,0,0,0,0,0,0,0,0,0,0,0,0,0,0,0,0,0,1,1,0,0,0,0,0,1,0,0,0,0,0,0,0,0,0,0,0,0,0,0,0,0,0,0,False,0,0,0,0,0,0,0,0,0,0,0,0,0,0,False
3834,5,1,0,16,,5,540,780,20.0,24,60,0,0,0,0,0,0,0,0,0,0,0,0,False,0,0,0,0,1,0,0,1,0,0,0,1,0,0,0,0,0,0,0,1,0,1,0,0,1,0,0,0,0,0,1,1,0,0,1,0,0,0,0,0,0,0,0,False,0,1,0,1,0,0,0,0,0,0,0,1,0,0,False
10779,3,1,0,81,,5,450,1050,50.0,24,60,0,0,0,0,0,1,0,0,0,0,0,0,False,0,0,0,0,1,0,0,0,1,1,0,1,1,0,0,0,0,1,1,1,0,0,0,0,1,1,0,1,1,0,0,1,1,0,0,0,0,0,0,0,0,0,0,False,0,1,0,1,1,0,0,0,0,0,0,0,0,0,False
12258,4,0,0,114,,5,465,1020,46.25,12,60,0,0,0,0,0,1,0,0,0,0,0,0,False,0,0,0,0,1,0,0,0,1,1,0,1,1,0,0,0,0,1,1,1,0,1,0,1,0,1,0,1,0,0,0,0,1,0,0,0,0,0,0,0,0,0,0,False,1,0,0,0,1,0,0,0,0,0,0,0,0,0,False
1953,4,0,0,27,,5,510,690,15.0,24,60,0,0,0,0,0,1,0,0,0,0,0,0,False,0,0,0,0,1,0,0,1,0,1,0,0,1,0,0,0,0,0,1,1,0,1,0,1,0,1,0,0,0,1,0,0,0,0,0,0,0,0,0,0,0,0,0,False,1,0,0,0,1,0,0,0,0,0,0,0,0,0,False
16856,4,1,0,24,,5,495,885,32.5,24,60,0,0,0,0,0,1,0,0,0,0,0,0,False,0,0,0,0,1,0,0,0,1,1,0,1,1,0,0,0,0,1,0,0,0,1,0,0,0,1,1,0,0,0,0,1,1,0,0,0,0,0,0,0,0,0,0,False,1,1,0,1,1,0,0,0,0,0,0,0,0,0,False
3892,4,1,0,41,,5,495,915,35.0,24,60,0,0,0,0,0,1,0,0,0,0,0,0,True,0,0,0,0,0,0,0,1,0,0,0,1,1,0,0,0,0,1,1,1,0,0,0,0,0,0,0,0,0,0,0,0,1,0,0,0,0,0,0,0,0,0,0,False,0,0,0,0,0,0,0,0,0,0,0,0,0,0,False
12431,4,1,0,56,,5,450,1080,52.5,24,60,0,0,1,1,0,1,0,0,0,0,1,0,False,0,0,0,0,1,0,0,1,0,0,0,0,1,0,0,0,0,1,1,1,0,0,0,0,1,0,0,0,0,0,1,0,0,0,0,0,0,0,0,0,0,0,0,False,0,1,0,1,0,0,0,0,0,0,0,1,0,1,True
17018,4,1,0,36,,5,450,1080,52.5,24,60,0,0,1,1,0,1,0,0,0,0,1,0,False,0,0,0,0,1,0,0,1,0,0,0,0,1,0,0,0,0,1,1,1,0,0,0,0,1,0,0,0,0,0,1,0,1,0,0,0,0,0,0,0,0,0,0,False,0,1,0,1,0,0,0,0,0,0,0,0,0,0,False
640,2,0,0,92,,,,,,24,60,0,0,0,0,0,1,0,0,0,0,0,0,False,0,0,0,0,0,0,0,1,0,0,0,0,0,0,0,0,0,0,1,1,0,1,0,1,1,0,0,0,0,0,0,0,0,0,0,0,0,0,0,0,0,0,0,False,0,0,0,0,0,0,0,0,0,0,0,0,0,0,False
19067,3,1,0,107,,5,450,1080,52.5,3,60,0,0,0,1,0,1,1,0,1,0,0,0,True,0,0,0,0,1,0,0,1,0,0,0,0,1,0,0,0,0,1,1,0,0,0,0,0,0,0,0,0,0,0,1,0,1,0,0,0,0,0,0,0,0,0,0,False,1,1,0,0,0,0,1,0,0,0,0,0,0,0,False
11073,5,0,0,20,,4,480,960,32.0,24,60,0,0,0,0,0,1,0,0,0,0,0,0,False,0,0,0,0,1,0,0,0,0,0,0,0,0,0,0,0,0,0,1,1,0,0,0,0,0,0,0,0,0,0,0,0,0,0,0,0,0,0,0,0,0,0,0,False,0,0,0,0,0,0,0,0,0,0,0,0,0,0,False
14219,4,0,1,103,,5,420,1080,55.0,12,132,0,0,0,1,0,1,0,0,0,0,0,0,True,0,0,0,0,1,0,0,1,0,0,0,0,1,1,1,0,0,1,1,1,0,0,0,0,1,0,0,0,0,0,0,0,1,0,0,0,0,0,0,0,1,1,0,False,0,0,0,0,0,0,0,0,0,0,0,0,0,0,False
13503,5,0,0,20,0,5,480,720,20.0,36,60,0,0,0,0,0,1,0,0,0,0,0,0,False,0,0,0,0,0,0,0,1,0,0,0,0,1,0,0,0,0,0,0,1,0,1,0,0,1,1,0,0,0,0,0,0,1,1,0,0,0,1,0,0,0,0,0,False,0,1,0,0,1,0,0,0,0,0,0,0,0,1,False
2894,2,0,0,195,,5,390,1110,60.0,1,144,0,0,0,0,0,1,0,0,0,0,0,0,False,0,0,0,0,0,0,0,0,1,0,0,1,1,1,1,0,0,1,1,1,0,1,0,1,1,0,0,0,0,0,0,0,0,0,0,0,0,0,0,0,0,0,0,False,0,0,0,0,0,0,0,0,0,0,0,0,0,0,False
16520,5,1,0,148,,5,390,1050,55.0,2,108,0,0,0,0,0,1,0,0,0,0,0,0,False,0,0,0,0,1,0,0,0,1,1,0,1,1,1,1,1,0,1,1,1,0,1,1,1,1,0,0,1,0,0,1,0,0,0,0,0,0,0,0,1,0,0,0,False,0,1,1,1,0,0,0,0,1,1,0,1,0,0,False
6543,5,1,0,100,,5,360,660,25.0,2,60,0,0,0,0,0,1,0,0,0,0,0,0,False,0,0,0,0,1,1,0,1,1,1,0,1,1,0,0,0,0,1,1,1,1,1,0,1,1,0,0,0,0,0,0,0,0,0,0,0,1,0,0,0,0,0,0,False,0,0,0,0,0,0,0,0,1,0,0,0,0,0,False
18820,5,1,0,238,,5,360,1080,60.0,2,108,0,0,0,0,0,1,0,0,0,0,0,0,False,0,0,0,0,1,0,0,0,1,0,0,1,1,1,1,1,0,1,1,1,0,1,1,1,1,1,0,0,0,0,0,0,0,0,0,0,0,0,0,0,0,0,0,False,0,0,0,0,0,0,1,0,1,1,0,1,1,0,False
13511,5,1,0,184,,5,360,1080,60.0,2,108,0,0,0,0,0,1,0,0,0,0,0,0,False,0,0,0,0,1,0,0,0,1,0,0,1,1,1,1,1,0,1,1,1,0,1,1,1,1,1,0,0,0,0,0,0,0,0,0,0,0,0,0,0,0,0,0,False,0,0,0,0,0,0,1,0,1,1,0,1,1,0,False
3552,5,1,0,216,,5,360,1080,60.0,2,108,0,0,0,0,0,1,0,0,0,0,0,0,False,0,0,0,0,1,0,0,0,1,1,0,1,1,1,1,1,0,1,1,1,1,1,1,1,1,1,1,0,0,0,0,0,0,0,0,0,0,0,0,0,0,0,1,False,0,0,0,0,0,0,0,0,1,1,0,0,1,0,False
8670,5,0,0,212,,5,420,1080,55.0,2,108,0,0,0,0,0,1,0,0,0,0,0,0,False,0,0,0,0,1,0,0,1,0,0,0,0,1,1,1,1,0,1,1,1,1,1,1,1,1,0,0,0,0,1,0,0,1,1,0,0,0,1,0,0,0,1,0,False,0,0,0,1,1,0,0,0,0,0,0,0,0,0,False
15707,5,1,0,157,,5,360,1080,60.0,1,108,0,0,0,0,0,1,0,0,0,0,0,0,True,0,0,0,0,1,0,0,0,1,1,0,1,1,1,1,1,0,1,1,1,1,1,1,1,1,1,0,0,0,0,0,0,0,0,0,0,0,0,1,0,0,0,0,False,0,0,0,0,0,0,0,0,1,1,0,1,0,0,False
15827,4,1,0,116,1,5,420,1080,55.0,0,11,0,0,0,0,0,1,0,0,0,0,0,0,False,0,0,0,0,1,0,0,1,0,0,0,1,1,0,0,1,0,1,1,1,0,0,0,1,1,0,0,0,0,0,0,0,0,0,0,0,0,0,0,0,0,0,0,False,0,0,0,0,0,0,0,0,0,0,0,0,0,0,False
568,3,1,0,144,,5,360,1080,60.0,2,60,0,0,0,0,0,1,0,0,0,0,0,0,False,0,0,0,0,0,0,0,1,1,0,0,1,1,0,0,0,0,1,1,1,0,1,0,1,1,1,0,0,0,0,0,0,1,0,0,0,0,0,0,0,0,0,0,False,0,0,0,0,0,0,0,0,1,1,0,0,0,0,False
6690,4,1,0,60,,5,450,1050,50.0,24,60,0,0,1,1,0,1,0,0,0,0,0,0,False,0,0,0,0,1,0,0,0,1,1,0,1,1,0,0,0,0,1,1,0,0,0,0,0,1,1,0,1,1,0,0,1,1,0,0,0,0,1,0,0,0,0,0,False,1,1,0,0,0,1,0,0,0,0,0,1,0,0,False
1897,4,1,0,24,,5,480,1050,47.5,24,60,0,0,1,1,0,1,0,0,0,0,0,0,False,0,0,0,0,0,0,0,0,1,1,0,1,1,0,0,0,0,1,1,0,0,0,0,0,1,1,0,1,1,0,0,1,0,0,0,0,0,0,0,0,0,0,0,False,0,1,0,0,0,0,0,0,0,0,0,1,0,1,False
7952,2,1,0,83,,5,420,1080,55.0,36,60,0,0,0,0,0,1,0,0,0,0,0,0,False,0,0,0,0,1,0,0,1,0,0,0,0,1,0,0,0,0,1,1,1,0,0,0,0,1,0,0,0,0,1,0,0,0,0,0,0,0,0,0,0,0,0,0,False,0,0,0,0,0,0,0,1,0,0,0,0,0,0,False
9481,4,0,0,48,,,,,,0,11,0,0,0,0,0,1,0,0,0,0,0,0,False,0,0,0,0,0,0,0,0,0,0,0,0,0,0,0,0,0,1,1,0,0,0,0,0,1,0,1,0,0,0,0,0,0,0,0,0,0,0,0,0,0,0,0,False,0,0,0,0,0,0,0,0,0,0,0,0,0,0,False
1003,4,0,0,181,0,5,360,1080,60.0,36,144,0,0,0,0,0,1,0,0,0,0,0,0,False,0,0,0,0,0,0,0,0,0,0,0,0,0,0,0,0,0,1,1,0,0,0,0,0,1,0,0,0,0,0,0,0,0,0,0,0,0,0,0,0,0,0,0,False,0,0,0,0,0,0,0,0,0,0,0,0,0,0,False
15871,4,0,0,39,,5,375,1050,56.25,0,11,0,0,0,0,0,1,0,0,0,0,0,0,False,0,0,0,0,1,0,0,1,1,0,0,1,0,0,0,1,0,1,1,1,1,1,0,1,1,0,0,0,0,0,0,0,0,0,1,0,0,0,0,0,0,0,0,False,0,0,0,0,0,0,0,0,0,0,0,0,0,0,False
17141,4,0,0,95,,5,540,720,15.0,36,156,0,0,0,0,0,1,0,0,0,0,0,0,False,0,0,0,0,0,0,0,1,0,1,0,0,1,1,1,0,0,1,1,1,0,0,0,0,1,1,0,1,0,0,0,0,0,0,0,0,0,1,0,0,0,0,0,False,0,1,0,0,0,0,0,0,0,0,0,0,0,0,False
8050,4,0,0,126,,7,420,1080,77.0,60,168,0,0,0,0,0,1,0,0,0,0,0,0,False,0,0,0,0,0,0,0,1,0,0,0,0,1,1,1,0,0,1,1,1,0,0,0,0,1,1,0,0,0,0,0,0,0,0,0,0,0,1,0,0,0,0,0,False,0,1,0,0,0,0,0,0,0,0,0,0,0,0,False
1189,5,1,0,72,,5,450,1050,50.0,24,60,0,0,0,0,0,1,0,0,0,0,0,0,False,0,0,0,0,1,0,0,0,1,0,0,1,1,0,0,0,0,1,1,1,0,1,0,1,1,1,0,0,0,0,0,0,0,0,0,0,0,0,0,0,0,0,0,False,0,0,0,0,0,0,0,0,0,0,0,0,0,0,False
17441,4,1,0,47,,5,480,1020,45.0,2,72,0,0,0,0,0,1,0,0,0,0,0,0,False,0,0,0,0,1,0,0,1,0,1,0,1,1,0,0,0,0,1,1,0,0,0,0,0,1,0,0,0,1,0,0,0,0,0,0,0,0,1,0,0,0,0,0,False,0,0,0,0,0,0,0,0,1,0,0,0,0,0,False
87,4,1,0,48,,5,465,1020,45.25,24,60,0,0,0,0,0,1,0,0,0,0,0,0,False,0,0,1,0,1,1,0,0,1,0,0,0,1,0,0,0,0,1,1,1,0,0,0,0,1,1,0,0,1,0,0,0,1,1,0,1,0,1,0,0,0,0,0,True,1,1,0,0,1,1,1,0,0,0,0,0,0,0,False
519,5,1,0,122,,5,450,975,43.75,1,60,0,1,0,0,0,1,0,0,0,0,0,0,False,0,0,0,0,1,0,0,1,1,1,0,1,1,0,0,0,0,1,1,1,0,1,0,1,1,0,0,0,0,0,0,0,0,0,0,0,0,0,0,0,0,0,0,False,0,0,0,0,0,0,0,0,0,0,0,0,0,0,False
7730,5,1,1,100,,5,480,990,42.5,12,60,1,0,0,0,0,1,0,0,0,0,0,0,True,0,0,1,0,1,0,0,0,1,1,0,1,1,0,0,0,0,1,1,1,0,0,0,0,1,1,1,1,0,0,0,0,1,0,0,0,0,1,0,1,0,0,0,False,1,1,0,1,0,1,0,0,1,0,0,1,0,0,False
12215,4,,0,95,0,5,460,990,42.17,2,60,0,0,0,0,0,1,0,0,0,0,0,0,False,0,0,1,0,1,0,0,0,1,1,0,1,1,0,0,0,0,1,1,1,0,0,0,0,0,0,0,1,0,0,0,0,1,1,0,0,0,0,0,0,0,0,0,False,0,0,0,0,0,0,0,0,0,0,0,0,0,0,False
11781,5,0,0,24,0,5,360,1080,60.0,0,11,0,0,0,0,0,1,0,0,0,0,0,0,False,0,0,0,0,0,0,0,0,0,0,0,0,0,0,0,0,0,1,1,0,0,0,0,0,1,0,0,0,0,0,0,0,0,0,0,0,0,0,0,0,0,0,0,False,0,0,0,0,0,0,0,0,0,0,0,0,0,0,False
9899,4,1,0,30,,5,480,1080,50.0,36,60,0,0,0,0,0,1,0,0,0,0,0,0,False,0,0,0,0,1,0,0,1,1,0,0,1,1,1,1,0,0,1,1,1,0,0,0,0,1,0,0,0,0,0,1,0,0,0,0,0,0,0,0,0,0,0,0,False,0,0,0,0,0,0,0,0,0,0,0,0,0,0,False
17305,4,0,0,54,,5,420,1020,50.0,12,60,0,0,1,0,0,1,0,0,1,0,0,0,False,0,0,0,0,1,1,0,1,1,1,0,1,1,0,0,0,0,1,1,1,0,0,0,0,0,0,0,0,0,0,0,0,1,0,0,0,0,1,0,0,0,0,0,False,0,1,0,0,0,0,0,0,0,0,0,0,0,0,False
3451,3,0,0,103,,5,480,1020,45.0,2,60,0,0,0,0,0,1,0,0,0,0,0,0,False,0,0,0,0,1,0,0,1,0,0,0,0,1,0,0,0,0,1,1,0,0,1,1,1,1,0,0,0,0,0,0,0,1,1,0,0,0,1,0,0,0,0,0,True,0,1,0,0,0,0,0,0,0,0,0,0,0,0,False
866,5,0,0,32,,5,450,960,42.5,24,60,0,0,0,0,0,1,0,0,0,0,0,0,False,0,0,0,0,0,0,0,0,0,0,0,0,0,0,0,0,0,1,1,1,0,0,0,0,0,0,0,0,0,0,0,0,0,0,0,0,0,0,0,0,0,0,0,False,0,0,0,0,0,0,0,0,0,0,0,0,0,0,False
583,2,1,0,39,,5,420,1080,55.0,11,60,0,0,0,0,0,1,0,0,0,0,0,0,False,0,0,0,0,1,0,0,1,0,0,0,0,1,1,1,1,0,1,1,1,1,0,0,0,1,0,0,0,0,0,0,0,1,0,0,0,0,0,0,0,0,0,0,False,0,0,0,0,1,0,0,0,0,0,0,0,0,0,False
14213,5,0,0,24,0,5,360,1080,60.0,0,11,0,0,0,0,0,1,0,0,0,0,0,0,False,0,0,0,0,0,0,0,0,0,0,0,0,0,0,0,0,0,1,1,0,0,0,0,0,1,0,0,0,0,0,0,0,0,0,0,0,0,0,0,0,0,0,0,False,0,0,0,0,0,0,0,0,0,0,0,0,0,0,False
12272,4,1,0,63,,5,420,1065,53.75,12,36,0,0,0,0,0,1,0,0,0,0,0,0,False,0,0,0,0,1,0,0,0,1,1,0,1,1,0,0,0,0,1,1,0,0,0,0,0,1,0,0,1,0,0,0,0,0,0,0,0,0,0,0,0,0,0,0,False,0,0,0,0,0,0,0,0,0,0,0,0,0,0,False
378,4,0,0,40,,5,420,1065,53.75,36,60,0,0,0,0,0,1,0,0,0,0,0,0,False,0,0,0,0,1,0,0,0,1,1,0,1,1,0,0,0,0,1,1,0,0,1,0,1,1,0,0,1,0,0,0,0,0,0,0,0,0,0,0,0,0,0,0,False,0,0,0,0,0,0,0,0,0,0,0,0,0,0,False
17196,5,1,0,24,,5,450,1050,50.0,36,60,0,0,0,0,0,1,0,0,0,0,0,0,False,0,0,0,0,0,0,0,0,1,1,0,1,1,0,0,0,0,1,1,0,0,1,0,1,0,0,0,1,0,0,0,0,0,0,0,0,0,0,0,0,0,0,0,False,0,0,0,0,0,0,0,0,0,0,0,0,0,0,False
11961,5,0,0,62,,5,420,1050,52.5,12,60,0,0,0,0,0,1,0,0,0,0,0,0,False,0,0,0,0,1,0,0,0,1,0,0,1,1,0,0,0,0,1,1,0,0,0,0,0,1,0,0,0,0,0,0,0,0,0,0,0,0,0,0,0,0,0,0,False,0,0,0,0,0,0,0,0,0,0,0,0,0,0,False
1940,4,1,0,75,,5,450,1020,47.5,12,60,0,1,0,0,0,1,0,0,0,0,0,0,True,0,0,0,0,1,0,0,0,1,0,0,1,1,0,0,0,0,1,1,1,0,1,0,1,1,1,0,0,0,0,0,0,0,0,0,0,0,0,0,0,0,0,0,False,0,1,0,1,1,0,0,0,1,1,0,0,0,0,False
6831,4,0,0,40,,5,360,1080,60.0,24,60,0,0,0,0,0,1,0,0,0,0,0,0,False,0,0,0,0,0,0,0,0,0,0,0,0,0,0,0,0,0,1,0,0,0,1,0,0,1,0,0,0,0,0,0,0,0,0,0,0,0,0,0,0,0,0,0,False,0,0,0,0,0,0,0,0,0,0,0,0,0,0,False
9633,4,0,0,32,,5,360,1080,60.0,24,60,0,0,0,0,0,1,0,0,0,0,0,0,False,0,0,0,0,1,0,0,0,0,0,0,0,0,0,0,0,0,1,0,0,0,1,0,0,1,0,1,0,0,0,0,0,0,0,0,0,0,0,0,0,0,0,0,False,0,0,0,0,0,0,0,0,0,0,0,0,0,0,False
8657,4,0,0,48,,5,360,1080,60.0,24,60,0,0,0,0,0,1,0,0,0,0,0,0,False,0,0,0,0,1,0,0,0,0,0,0,0,0,0,0,0,0,1,0,0,0,1,0,0,1,0,0,0,0,0,0,0,0,0,0,0,0,0,0,0,0,0,0,False,0,0,0,0,0,0,0,0,0,0,0,0,0,0,False
1438,4,0,0,40,,5,360,1080,60.0,24,60,0,0,0,0,0,1,0,0,0,0,0,0,False,0,0,0,0,1,0,0,0,0,0,0,0,0,0,0,0,0,1,0,0,0,1,0,0,1,0,1,0,0,0,0,0,0,0,0,0,0,0,0,0,0,0,0,False,0,0,0,0,0,0,0,0,0,0,0,0,0,0,False
39,4,0,0,24,,5,360,1080,60.0,0,11,0,0,0,0,0,0,0,0,0,0,0,0,False,0,0,0,0,0,0,0,0,0,0,0,0,0,0,0,0,0,1,0,0,0,0,0,0,1,0,0,0,0,0,0,0,0,0,0,0,0,0,0,0,0,0,0,False,0,0,0,0,0,0,0,0,0,0,0,0,0,0,False
13724,4,0,0,72,,5,360,1080,60.0,36,60,0,0,0,0,0,1,0,0,0,0,0,0,False,0,0,0,0,1,0,0,0,0,0,0,0,0,0,0,0,0,1,0,0,0,1,0,0,1,0,0,0,0,0,0,0,0,0,0,0,0,0,0,0,0,0,0,False,0,0,0,0,0,0,0,0,0,0,0,0,0,0,False
13946,4,0,0,40,,5,360,1080,60.0,24,60,0,0,0,0,0,1,0,0,0,0,0,0,False,0,0,0,0,0,0,0,0,0,0,0,0,0,0,0,0,0,1,0,0,0,1,0,0,1,0,0,0,0,0,0,0,0,0,0,0,0,0,0,0,0,0,0,False,0,0,0,0,0,0,0,0,0,0,0,0,0,0,False
9593,5,0,0,22,,5,480,660,15.0,36,60,0,0,0,0,0,1,0,0,0,0,0,0,False,0,0,0,0,0,0,0,0,1,1,0,1,0,0,0,0,0,0,0,1,0,1,0,0,1,1,0,0,0,0,0,0,0,0,0,0,0,0,0,0,0,0,0,False,0,0,0,0,0,0,0,0,0,1,0,0,0,0,False
17392,4,0,0,72,,5,360,1080,60.0,0,11,0,0,0,0,0,1,0,0,0,0,0,0,False,0,0,0,0,0,0,0,0,0,0,0,0,0,0,0,0,0,1,1,0,0,0,0,0,1,0,0,0,0,0,0,0,0,0,0,0,0,0,0,0,0,0,0,False,0,0,0,0,0,0,0,0,0,0,0,0,0,0,False
18072,4,,0,46,,5,450,1050,50.0,36,60,0,0,0,0,0,1,0,0,0,0,0,0,True,0,0,0,0,1,0,0,1,1,1,0,1,1,0,0,0,0,1,1,1,0,0,0,0,0,0,0,1,0,0,0,0,1,0,0,0,0,0,0,0,0,0,0,False,1,0,0,0,1,0,0,0,0,0,0,0,0,1,False
9229,5,0,0,48,,5,360,1080,60.0,24,60,0,0,0,0,0,1,0,0,0,0,0,0,False,0,0,0,0,0,0,0,0,0,0,0,0,0,0,0,0,0,1,0,0,0,1,0,0,1,0,0,0,0,0,0,0,0,0,0,0,0,0,0,0,0,0,0,False,0,0,0,0,0,0,0,0,0,0,0,0,0,0,False
12503,5,1,0,42,,5,390,1080,57.5,36,60,0,0,0,0,0,1,0,0,0,0,0,0,True,0,0,0,0,0,0,0,1,0,0,0,0,1,0,0,1,0,1,1,0,1,1,0,1,0,1,0,0,0,0,0,0,0,0,0,0,0,0,0,0,0,0,0,False,0,0,0,0,0,0,0,0,1,1,0,1,0,1,False
5668,5,,0,30,,5,480,660,15.0,36,48,0,0,0,0,0,1,0,0,0,0,0,0,False,0,0,0,0,1,0,0,0,0,1,0,0,0,0,0,0,0,0,0,1,0,1,0,0,0,1,0,0,0,0,0,0,0,0,0,0,0,0,0,0,0,0,0,False,0,0,0,0,0,0,0,0,0,0,0,0,0,0,False
3778,5,0,0,54,,5,465,645,15.0,36,60,0,0,0,0,0,1,0,0,0,0,0,0,False,0,0,0,0,1,0,0,0,1,0,0,1,0,0,0,0,0,0,0,1,0,1,0,0,1,1,0,1,1,0,0,0,0,0,0,0,0,0,0,0,0,0,0,False,0,0,0,0,0,0,0,0,0,0,0,0,0,0,False
19027,4,,0,104,,5,450,1020,47.5,24,60,0,1,0,0,0,1,0,0,0,0,0,0,False,0,0,0,0,1,0,0,1,1,1,0,1,1,0,0,0,0,1,0,1,0,1,0,0,0,1,0,0,0,0,0,1,1,0,0,0,0,0,0,0,0,0,0,False,1,0,1,0,1,0,0,0,0,0,0,0,0,0,False
15226,5,0,0,30,,5,450,990,45.0,0,60,0,0,0,0,0,1,0,0,0,0,0,0,False,0,0,0,0,1,0,0,1,1,0,0,1,1,0,0,0,0,1,1,0,1,0,0,0,0,1,0,1,1,0,0,0,0,0,0,0,0,0,0,0,0,0,0,False,0,0,0,0,0,0,0,0,0,0,0,0,1,0,False
16880,2,0,0,232,,5,420,1080,55.0,1,60,0,0,0,0,0,1,0,0,0,0,0,0,False,0,0,0,0,0,0,0,1,1,0,0,0,1,0,0,0,0,1,1,1,0,1,0,1,1,0,0,0,0,0,0,0,0,0,0,0,0,0,0,0,0,0,0,False,0,0,0,0,0,0,0,0,0,0,0,0,0,0,False
1093,5,0,0,23,,,,,,36,60,0,0,0,0,0,1,0,0,0,0,0,0,False,0,0,0,0,0,0,0,1,1,0,0,1,1,0,0,0,0,1,1,1,0,0,0,0,1,1,1,0,0,1,0,0,0,0,0,0,0,0,0,0,0,0,0,False,0,0,0,0,0,0,0,0,0,0,0,0,0,0,False
12232,5,0,0,24,0,5,480,940,38.33,36,60,0,0,0,0,0,1,0,0,0,0,0,0,False,0,0,0,0,1,0,0,0,1,0,0,1,0,0,0,0,0,0,0,1,0,1,0,0,1,0,0,0,0,0,0,0,0,0,0,0,0,0,0,0,0,0,0,False,0,0,0,0,0,0,0,0,0,0,0,0,0,0,False
15412,3,1,0,38,,5,420,1080,55.0,36,60,0,0,0,0,0,1,0,0,0,0,0,0,False,0,0,0,0,1,0,0,1,1,0,0,1,1,0,0,0,0,1,1,1,0,0,0,0,1,0,0,0,0,0,0,0,0,0,0,0,0,0,0,0,0,0,0,False,0,0,0,0,0,0,0,1,0,0,0,0,0,0,False
16565,5,0,0,72,,5,480,900,35.0,36,60,0,0,0,0,0,1,0,0,0,0,0,0,False,0,0,0,0,1,0,0,0,1,0,0,1,0,0,0,0,0,0,0,1,0,1,0,0,1,0,0,0,0,0,0,0,0,0,0,0,0,0,0,0,0,0,0,False,0,0,0,0,0,0,0,0,0,0,0,0,0,0,False
11867,4,0,0,24,,5,495,1395,75.0,36,60,0,0,0,0,0,1,0,0,0,0,0,0,False,0,0,0,0,1,0,0,1,0,0,0,0,0,0,0,0,0,0,0,1,0,1,0,0,1,0,0,0,0,0,0,0,0,0,0,0,0,0,0,0,0,0,0,False,0,0,0,0,0,0,0,0,0,0,0,0,0,0,False
16528,5,0,0,24,,5,480,940,38.33,36,60,0,0,0,0,0,1,0,0,0,0,0,0,False,0,0,0,0,1,0,0,0,1,0,0,1,0,0,0,0,0,0,0,1,0,1,0,0,1,0,0,0,0,0,0,0,0,0,0,0,0,0,0,0,0,0,0,False,0,0,0,0,0,0,0,0,0,0,0,0,0,0,False
10648,5,0,0,32,,5,360,1080,60.0,24,60,0,0,0,0,0,1,0,0,0,0,0,0,False,0,0,0,0,1,0,0,0,0,0,0,0,0,0,0,0,0,1,0,0,0,1,0,0,1,0,0,0,0,0,0,0,0,0,0,0,0,0,0,0,0,0,0,False,0,0,0,0,0,0,0,0,0,0,0,0,0,0,False
4802,4,0,0,60,,5,360,1080,60.0,48,60,0,0,0,0,0,1,0,0,0,0,0,0,False,0,0,0,0,1,0,0,0,0,0,0,0,0,0,0,0,0,1,0,0,0,1,0,0,1,0,0,0,0,0,0,0,0,0,0,0,0,0,0,0,0,0,0,False,0,0,0,0,0,0,0,0,0,0,0,0,0,0,False
11843,4,,0,24,,5,450,1050,50.0,36,48,0,0,0,0,0,1,0,0,0,0,0,0,False,0,0,0,0,0,0,0,0,0,1,0,0,0,0,0,0,0,1,1,1,0,0,0,0,0,1,0,0,0,0,0,0,0,0,0,0,0,0,0,0,0,0,0,False,0,0,0,0,0,0,0,0,0,0,0,0,0,0,False
4786,5,0,0,100,,5,300,960,55.0,36,60,0,0,0,0,0,1,0,0,0,0,0,0,False,0,0,0,0,0,0,0,1,1,0,0,1,1,0,0,0,0,1,1,1,0,0,0,0,1,1,1,0,0,1,0,0,0,0,0,0,0,0,0,0,0,0,0,False,0,0,0,0,0,0,0,0,0,0,0,0,0,0,False
471,5,0,0,24,0,5,360,1080,60.0,0,11,0,0,0,0,0,1,0,0,0,0,0,0,False,0,0,0,0,0,0,0,0,0,0,0,0,0,0,0,0,0,1,1,0,0,0,0,0,1,0,0,0,0,0,0,0,0,0,0,0,0,0,0,0,0,0,0,False,0,0,0,0,0,0,0,0,0,0,0,0,0,0,False
16847,4,0,0,100,,5,450,1050,50.0,24,60,0,0,0,0,0,1,0,0,0,0,0,0,False,0,0,0,0,1,0,0,1,0,0,0,1,1,0,0,0,0,1,1,0,0,0,0,0,0,1,0,0,0,0,0,0,0,0,0,0,0,0,0,0,0,0,0,False,0,0,0,0,0,0,0,0,0,0,0,0,0,0,False
19351,4,1,0,96,,5,495,885,32.5,24,60,0,0,0,0,0,1,0,0,0,0,0,0,False,0,0,0,0,0,0,0,0,1,1,0,1,1,0,0,0,0,1,0,0,0,1,0,0,0,1,1,0,0,0,0,0,1,0,0,0,0,1,0,0,0,0,0,False,1,1,0,0,1,0,0,0,0,0,0,0,0,0,False
17014,4,1,0,120,,5,450,960,42.0,12,60,0,0,0,0,0,1,0,0,1,0,0,0,True,1,0,1,0,1,0,0,1,1,1,0,1,1,0,0,0,0,1,1,1,0,1,0,0,1,1,1,1,0,0,0,0,0,0,0,0,1,0,0,0,0,0,0,False,0,0,0,0,0,0,0,0,0,0,0,0,0,0,False
11065,2,0,0,30,,5,450,1080,52.5,24,72,0,0,1,1,0,1,0,0,0,0,0,0,False,0,0,0,0,0,0,1,0,1,0,0,1,1,0,0,0,0,1,1,1,0,0,0,0,1,0,0,0,0,1,0,0,1,0,0,0,0,0,0,0,0,0,0,False,0,0,0,0,0,0,0,0,0,0,0,0,0,0,False
5439,4,0,0,23,,5,480,675,16.25,36,60,0,0,0,0,0,1,0,0,0,0,0,0,False,0,0,0,0,1,0,0,0,0,0,0,0,0,0,0,0,0,0,0,1,0,1,0,0,1,0,0,0,0,0,0,0,0,0,0,0,0,0,0,0,0,0,0,False,0,0,0,0,0,0,0,0,0,0,0,0,0,0,False
13291,5,1,0,49,,5,480,870,32.5,24,60,0,0,0,0,0,1,0,0,0,0,0,0,False,0,0,0,0,1,0,0,0,1,0,0,1,0,0,0,0,0,1,1,0,0,1,0,1,0,0,1,0,0,0,0,0,1,0,0,0,0,0,0,0,0,0,0,False,0,0,0,0,0,0,0,0,1,1,0,0,0,0,False
15528,4,1,0,45,,5,480,870,32.5,36,60,0,0,0,0,0,1,0,0,0,0,0,0,False,0,0,0,0,1,0,0,1,1,0,0,1,1,0,0,0,0,1,0,0,0,1,0,0,1,0,1,0,0,0,0,0,0,0,0,0,0,0,0,0,0,0,0,False,0,0,0,0,0,0,0,1,1,1,0,0,0,0,False
9060,4,1,0,51,,5,480,870,32.5,36,60,0,0,0,0,0,1,0,0,0,0,0,0,False,0,0,0,0,1,0,0,1,1,0,0,1,1,0,0,0,0,1,0,1,0,1,0,0,1,0,1,0,0,0,0,0,0,0,0,0,0,0,0,0,0,0,0,False,0,0,0,0,0,0,0,0,1,1,0,0,0,0,False
5836,5,1,0,37,,5,480,690,17.5,36,60,0,0,0,0,0,1,0,0,0,0,0,0,False,0,0,0,0,1,0,0,0,1,0,0,1,1,0,0,0,0,0,0,1,0,1,0,0,1,0,1,0,0,0,0,0,0,0,0,0,0,0,0,0,0,0,0,False,0,0,0,0,0,0,0,1,1,1,0,1,0,1,False
4917,4,1,0,78,,5,480,900,35.0,24,60,0,0,0,0,0,1,0,0,0,0,0,0,False,0,0,0,0,1,0,0,0,1,0,0,1,1,0,0,0,0,1,1,1,0,1,0,0,1,0,1,0,0,0,0,0,0,0,0,0,0,0,0,0,0,0,0,False,0,0,0,0,0,0,0,0,1,1,0,0,0,0,False
9684,4,1,0,120,,5,450,960,42.5,36,60,0,0,0,0,0,1,0,0,0,0,0,0,False,0,0,0,0,1,0,0,0,1,0,0,1,1,0,0,0,0,1,0,0,0,1,0,0,1,0,1,0,0,0,0,0,0,0,0,0,0,0,0,0,0,0,0,False,0,0,0,0,0,0,0,0,1,1,0,0,0,0,False
10742,4,1,0,75,,5,480,930,37.5,24,60,0,0,0,0,0,1,0,0,0,0,0,0,False,0,0,0,0,1,0,0,0,1,0,0,1,1,0,0,0,0,1,1,0,0,1,0,0,1,0,1,0,0,0,0,0,0,0,0,0,0,0,0,0,0,0,0,False,0,0,0,0,0,0,0,1,1,1,0,0,0,0,False
1816,4,1,0,80,,5,480,870,20.5,36,60,0,0,0,0,0,1,0,0,0,0,0,0,False,0,0,0,0,1,1,0,1,1,0,0,1,1,0,0,0,0,1,1,1,0,1,0,0,1,0,1,0,0,0,0,0,0,0,0,0,0,0,0,0,0,0,0,False,0,0,0,0,0,0,0,0,1,1,0,0,0,0,False
13459,4,0,0,55,,5,360,1080,60.0,36,60,0,0,0,0,0,1,0,0,0,0,0,0,False,0,0,0,0,0,0,0,0,0,0,0,0,0,0,0,0,0,1,0,0,0,0,0,0,1,0,0,0,0,0,0,0,0,0,0,0,0,0,0,0,0,0,0,False,0,0,0,0,0,0,0,0,0,0,0,0,0,0,False
11314,4,0,0,128,,5,390,990,50.0,12,48,0,0,0,0,0,1,0,0,0,0,0,0,False,0,0,0,0,1,0,0,1,1,0,0,1,1,0,0,0,0,1,1,0,0,0,0,0,1,1,0,0,0,0,0,0,0,0,0,0,0,0,0,0,0,0,0,False,0,0,0,0,0,0,0,0,0,0,0,0,0,0,False
18743,4,,0,96,,5,465,675,17.5,36,60,0,1,0,0,0,1,0,0,0,0,0,0,False,0,0,0,0,1,0,0,1,1,1,0,1,1,0,0,0,0,1,1,1,0,0,0,0,0,0,0,1,0,0,0,0,0,0,0,0,0,0,0,0,0,0,0,False,0,0,0,0,0,0,0,0,0,0,0,0,0,0,False
171,4,0,0,48,,5,510,690,15.0,36,60,0,0,0,0,0,1,0,0,0,0,0,0,False,0,0,0,0,1,0,0,1,1,0,0,1,1,0,0,0,0,0,0,1,0,1,0,0,1,1,0,0,0,0,0,0,1,0,0,0,0,0,0,0,0,0,0,False,0,0,0,0,0,0,0,0,0,1,1,1,0,1,False
579,5,0,0,24,,5,495,675,15.0,36,60,0,0,0,0,0,1,0,0,0,0,0,0,False,0,0,0,0,1,0,0,1,1,0,0,1,1,0,0,0,0,0,0,1,0,1,0,0,1,1,0,0,0,0,0,0,1,0,0,0,0,0,0,0,0,0,0,False,0,0,0,0,0,0,0,0,0,1,1,1,0,1,False
4726,5,0,0,21,,5,510,690,15.0,36,60,0,0,0,0,0,1,0,0,0,0,0,0,False,0,0,0,0,1,0,0,1,1,0,0,1,1,0,0,0,0,0,0,1,0,1,0,0,1,1,0,0,0,0,0,0,1,0,0,0,0,0,0,0,0,0,0,False,0,0,0,0,1,0,0,0,0,1,0,0,0,0,False
15183,4,1,0,102,,5,420,1050,52.5,24,60,0,0,0,0,0,1,0,0,0,0,0,0,False,0,0,0,0,1,0,0,0,1,0,0,1,1,0,0,0,0,1,1,1,0,1,0,1,1,1,0,1,0,0,0,0,0,1,0,0,0,0,0,0,0,0,0,False,0,0,0,0,0,0,0,0,1,1,0,1,0,1,False
18408,4,1,0,144,,5,420,1050,52.5,24,60,0,0,0,0,0,1,0,0,0,0,0,0,False,0,0,0,0,1,0,0,0,1,1,0,1,1,0,0,0,0,1,1,1,0,1,1,1,1,1,0,1,0,0,0,0,1,0,0,0,0,0,0,0,0,0,0,False,0,0,0,1,1,0,0,0,1,1,0,0,0,0,False
11334,5,0,0,48,,5,420,1050,52.5,36,60,0,0,0,0,0,1,0,0,0,0,0,0,False,0,0,0,0,0,0,0,1,0,1,0,1,1,0,0,0,0,1,1,1,0,1,0,1,1,1,0,0,0,0,0,0,0,0,0,0,0,0,0,0,0,0,0,False,0,0,0,0,1,0,0,0,0,1,0,0,0,0,False
9545,4,1,1,48,,5,420,1050,52.5,36,60,1,0,0,0,0,1,0,0,0,0,0,0,False,0,0,0,0,1,0,0,1,1,1,0,1,1,0,0,1,0,1,1,1,1,1,1,1,1,1,0,1,0,0,0,0,0,0,0,0,0,0,0,0,0,0,0,False,0,0,0,0,0,0,0,0,1,1,0,0,0,0,False
13163,5,1,0,24,,5,480,660,15.0,36,60,0,0,0,0,0,1,0,0,0,0,0,0,False,0,0,0,0,1,0,0,1,1,0,0,1,1,0,0,0,0,0,0,1,0,1,0,0,1,1,0,0,0,0,0,0,1,0,0,0,0,0,0,0,0,0,0,False,0,0,0,0,1,0,0,0,1,1,0,0,0,1,False
8758,5,0,0,24,,5,480,660,15.0,36,60,0,0,0,0,0,1,0,0,0,0,0,0,False,0,0,0,0,1,0,0,1,1,0,0,1,1,0,0,0,0,0,0,1,0,1,0,0,1,1,0,0,0,0,0,0,1,0,0,0,0,0,0,0,0,0,0,False,0,0,0,0,1,0,0,0,0,1,0,0,0,1,False
10531,4,1,0,96,,5,390,1080,57.5,24,60,0,0,0,0,0,1,0,0,0,0,0,0,False,0,0,0,0,1,1,0,0,1,0,0,1,1,0,0,0,0,1,1,1,0,1,0,1,1,1,0,1,0,0,0,0,1,0,0,0,0,0,0,0,0,0,0,False,0,0,0,0,1,0,0,0,1,1,0,0,0,1,False
14322,5,1,0,24,,5,495,675,15.0,36,60,0,0,0,0,0,1,0,0,0,0,0,0,False,0,0,0,0,1,0,0,1,1,0,0,1,1,0,0,0,0,0,0,1,0,1,0,0,1,1,0,0,0,0,0,0,1,0,0,0,0,0,0,0,0,0,0,False,0,0,0,0,0,0,0,0,1,1,1,0,0,1,False
13495,5,1,0,72,,5,420,1050,52.5,24,60,0,0,0,0,0,1,0,0,0,0,0,0,False,0,0,0,0,1,1,0,0,1,0,0,1,1,0,0,0,0,1,1,1,1,1,1,1,1,1,0,1,0,0,0,0,1,0,0,0,0,0,0,0,0,0,0,False,0,0,0,0,0,0,0,0,1,1,0,0,0,0,False
18445,5,0,0,51,,5,420,1050,52.5,3,60,0,0,0,0,0,1,0,0,0,0,0,0,False,0,0,0,0,1,0,0,0,1,1,0,1,1,0,0,0,0,1,0,1,1,1,0,0,0,1,0,0,0,0,0,0,1,0,0,0,0,0,0,0,0,0,0,False,0,0,0,0,0,0,0,0,0,1,0,0,0,0,False
10201,4,0,0,24,,5,495,885,32.5,36,60,0,0,0,0,0,1,0,0,0,0,0,0,False,0,0,0,0,1,0,0,1,0,0,0,0,1,0,0,0,0,0,0,1,0,1,0,0,1,0,0,0,0,0,0,0,0,0,0,0,0,0,0,0,0,0,0,False,0,0,0,0,0,0,0,0,0,0,0,0,0,0,False
420,5,1,0,48,,5,480,900,35.0,36,60,0,0,0,0,0,1,0,0,0,0,0,0,False,0,0,0,0,1,0,0,0,1,0,0,1,0,0,0,0,0,0,0,1,0,1,0,0,1,1,1,0,0,0,0,0,1,0,0,0,0,0,0,0,0,0,0,False,0,0,0,0,0,0,0,0,1,1,0,1,0,1,False
17605,4,0,0,60,,5,510,930,35.0,36,72,0,0,0,0,0,1,0,0,0,0,0,0,False,0,0,0,0,1,0,0,0,0,0,0,0,0,0,0,0,0,1,0,1,0,1,0,0,1,0,0,0,0,0,0,0,0,0,0,0,0,0,0,0,0,0,0,False,0,0,0,0,0,0,0,0,0,0,0,0,0,0,False
10056,5,1,0,36,,5,420,1080,55.0,24,132,0,0,0,0,0,1,0,0,0,0,0,0,True,0,0,0,0,1,1,0,1,1,1,0,1,1,1,1,1,0,1,1,1,1,0,0,0,1,1,0,1,1,1,1,1,1,1,0,0,1,1,0,1,0,0,0,True,1,1,0,0,1,1,0,0,1,0,0,1,0,1,False
2063,4,1,0,30,,5,480,930,37.5,36,36,0,0,0,0,0,1,0,0,0,0,0,0,False,0,0,0,0,1,1,0,0,1,0,0,1,1,0,0,0,0,1,1,1,0,1,0,1,1,0,1,0,0,0,0,0,0,0,0,0,0,0,0,0,0,0,0,False,0,0,0,0,0,0,0,0,1,1,0,0,0,0,False
10524,4,1,0,176,,5,390,1050,55.0,4,60,0,0,0,0,0,1,0,0,0,0,0,0,False,0,0,0,0,1,0,0,1,1,0,0,1,1,0,0,0,0,1,1,1,1,1,0,1,1,0,0,1,0,0,0,0,1,0,0,0,0,0,0,0,0,0,0,False,0,0,0,0,0,0,0,0,1,1,0,1,0,1,False
18801,5,0,0,30,,5,465,645,15.0,36,60,0,0,0,0,0,1,0,0,0,0,0,0,False,0,0,0,0,1,0,0,0,1,0,0,1,0,0,0,0,0,0,0,1,0,1,0,0,1,1,0,0,0,0,0,0,1,0,0,0,0,0,0,0,0,0,0,False,0,0,0,0,0,0,0,0,0,1,1,0,0,0,False
2031,5,1,0,30,,5,465,645,15.0,36,60,0,0,0,0,0,1,0,0,0,0,0,0,False,0,0,0,0,1,0,0,0,1,0,0,1,0,0,0,0,0,0,0,1,0,1,0,0,1,1,0,0,0,0,0,0,0,0,0,0,0,0,0,0,0,0,0,False,0,0,0,0,0,0,0,0,1,1,1,0,0,0,False
15976,5,1,0,24,,5,465,645,15.0,36,60,0,0,0,0,0,1,0,0,0,0,0,0,False,0,0,0,0,1,0,0,0,1,0,0,1,0,0,0,0,0,0,0,1,0,1,0,0,1,1,0,0,0,0,0,0,0,0,0,0,0,0,0,0,0,0,0,False,0,0,0,0,1,0,0,0,1,1,0,0,0,0,False
16484,5,1,0,48,,5,465,645,15.0,36,60,0,0,0,0,0,1,0,0,0,0,0,0,False,0,0,0,0,1,0,0,1,1,0,0,1,1,0,0,0,0,0,0,1,0,1,0,0,1,1,0,0,0,0,0,0,0,0,0,0,0,0,1,0,0,0,0,False,0,0,0,0,0,0,0,0,1,1,0,0,0,0,False
9483,4,0,0,37,,5,390,1050,55.0,1,60,0,0,0,0,0,1,0,0,0,0,0,0,False,0,0,0,0,1,0,0,1,1,1,1,1,1,0,0,0,0,1,0,0,0,1,0,0,1,0,0,0,0,0,0,0,0,0,0,0,0,0,0,0,0,0,0,False,0,0,0,0,0,0,0,0,0,0,0,0,0,0,False
2071,4,0,0,70,,5,360,1080,60.0,1,60,0,0,0,0,0,1,0,0,0,0,0,0,False,0,0,0,0,1,0,0,0,0,0,0,0,0,0,0,0,0,1,1,0,0,1,0,1,1,0,0,0,0,0,0,0,0,0,0,0,0,0,0,0,0,0,0,False,0,0,0,0,0,0,0,0,0,0,0,0,0,0,False
7321,4,,0,72,1,5,420,1050,52.5,24,72,0,0,0,0,0,1,0,0,0,0,0,0,False,0,0,0,0,1,0,0,1,1,0,0,0,1,0,0,0,0,1,1,0,0,0,0,0,1,0,0,0,0,1,0,0,0,0,0,0,0,0,0,0,0,0,0,False,0,0,0,1,1,0,0,0,0,0,0,0,0,0,False
12682,4,0,0,24,,5,480,660,15.0,36,60,0,0,0,0,0,1,0,0,0,0,0,0,False,0,0,0,0,1,0,0,1,1,0,0,1,1,0,0,0,0,0,0,1,0,1,0,0,1,1,0,0,0,0,0,0,1,0,0,0,0,0,0,0,0,0,0,False,0,0,0,0,0,0,0,0,0,1,0,1,0,1,False
904,4,0,0,23,,5,480,660,15.0,36,60,0,0,0,0,0,1,0,0,0,0,0,0,False,0,0,0,0,1,0,0,1,1,0,0,1,1,0,0,0,0,0,0,1,0,1,0,0,1,1,0,0,0,0,0,0,1,0,0,0,0,0,0,0,0,0,0,False,0,0,0,0,0,0,0,0,0,1,1,0,0,1,False
13254,5,0,0,23,,5,495,675,15.0,36,60,0,0,0,0,0,1,0,0,0,0,0,0,False,0,0,0,0,1,0,0,1,1,0,0,1,1,0,0,0,0,0,0,1,0,1,0,0,1,1,0,0,0,0,0,0,1,0,0,0,0,0,0,0,0,0,0,False,0,0,0,0,0,0,0,0,0,1,0,0,0,1,False
5905,5,0,0,40,,5,480,840,30.0,24,60,0,0,0,0,0,1,0,0,0,0,0,0,False,0,0,0,0,0,0,0,0,0,0,0,0,0,0,0,0,0,0,0,1,0,1,0,0,0,1,1,1,0,0,0,0,0,0,0,0,0,0,0,0,0,0,0,False,0,0,0,0,0,0,0,0,0,0,0,0,0,0,False
17301,5,0,0,92,,5,450,1050,50.0,24,60,0,0,0,0,0,1,0,0,0,0,0,0,False,0,0,0,0,1,0,0,0,1,0,0,1,1,0,0,0,0,1,1,1,0,1,0,0,0,1,1,1,0,0,0,0,1,0,0,0,0,0,0,0,0,0,0,False,0,0,0,0,0,0,0,0,0,0,0,0,0,0,False
6848,4,0,0,44,,5,450,990,45.0,36,60,0,0,0,0,0,1,0,0,0,0,0,0,False,0,0,0,0,0,0,0,1,1,0,0,1,1,0,0,0,0,1,1,1,0,0,0,0,1,1,1,0,0,1,0,0,0,0,0,0,0,0,0,0,0,0,0,False,0,0,0,0,0,0,0,0,0,0,0,0,0,0,False
6312,4,1,0,48,,5,390,1020,52.5,12,60,0,0,0,0,0,1,0,0,0,0,0,0,False,0,0,0,0,1,0,0,0,1,1,0,1,1,0,0,0,0,1,1,0,0,1,1,1,1,1,0,1,0,1,0,0,0,0,0,0,0,1,0,0,0,0,0,False,0,1,0,0,0,0,0,0,1,1,0,0,0,0,False
1669,5,0,0,24,,5,480,690,17.5,36,48,0,0,0,0,0,1,0,0,0,0,0,0,False,0,0,0,0,1,0,0,0,1,1,0,1,0,0,0,0,0,0,0,1,0,1,0,0,1,1,0,1,0,0,0,0,0,0,0,0,0,0,0,0,0,0,0,False,0,0,0,0,0,0,0,0,0,0,0,0,0,0,False
13846,4,1,0,112,1,,,,,36,60,0,0,0,0,0,1,0,0,0,0,0,0,False,0,0,0,0,1,0,1,1,1,1,0,1,1,0,0,0,0,1,1,1,1,1,0,1,1,0,0,0,0,0,0,0,0,0,0,0,0,0,0,0,0,0,0,False,0,0,0,0,0,0,0,0,0,0,0,0,0,0,False
9928,1,1,0,58,,5,360,1080,60.0,12,144,0,0,0,0,0,1,0,0,0,0,0,0,False,0,0,0,0,1,0,0,0,1,1,0,1,1,1,1,1,0,1,1,1,1,0,0,0,1,0,0,1,0,0,0,0,1,0,0,0,0,1,0,0,0,0,0,False,0,0,0,0,0,0,0,0,0,0,0,1,0,0,False
18646,4,,0,16,,5,450,1050,50.0,0,60,0,0,0,0,0,1,0,0,0,0,0,0,False,0,0,0,0,1,0,0,0,0,1,0,0,0,0,0,0,0,1,1,0,0,1,0,1,1,0,1,0,1,0,0,0,0,0,0,0,0,0,0,0,0,0,0,False,0,0,0,0,0,0,0,0,0,0,0,0,0,0,False
7596,5,1,0,24,,5,390,1080,57.5,36,60,0,0,0,0,0,1,0,0,0,0,0,0,False,0,0,0,0,1,0,0,0,1,0,0,1,0,0,0,0,0,1,1,1,0,1,1,1,1,1,0,0,0,0,0,0,1,0,0,0,0,0,0,0,0,0,1,False,0,0,0,0,1,0,0,0,1,1,0,0,0,1,False
7036,4,,0,144,,5,405,1050,53.75,24,60,0,0,0,0,0,1,0,0,0,0,0,0,False,0,0,0,0,1,0,0,0,0,1,0,0,0,0,0,0,0,1,1,1,0,1,0,1,0,1,0,0,0,0,0,0,0,0,0,0,0,0,0,0,0,0,0,False,0,0,0,0,0,0,0,0,0,0,0,0,0,0,False
12825,4,,0,44,,5,465,960,41.25,0,60,0,0,0,0,0,1,0,0,0,0,0,0,False,0,0,0,0,1,0,0,0,0,1,0,0,0,0,0,0,0,1,1,0,0,0,0,0,0,0,1,0,1,0,0,0,0,0,0,0,0,0,0,0,0,0,0,False,0,0,0,0,0,0,0,0,0,0,0,0,0,0,False
18054,5,1,0,100,1,5,450,1050,50.0,3,60,0,0,0,0,0,1,0,0,0,0,0,0,False,0,0,0,0,1,0,0,1,0,0,0,0,1,0,0,1,0,1,1,1,0,0,0,0,1,0,0,0,0,0,0,0,1,0,0,0,0,0,0,0,0,0,0,False,0,0,0,0,0,0,0,1,0,0,0,0,0,0,False
11050,3,0,0,74,,5,390,1080,57.5,24,60,0,0,0,0,0,1,0,0,0,0,0,0,False,0,0,0,0,1,0,0,1,0,0,0,0,1,0,0,0,0,1,1,1,0,1,0,1,1,0,0,0,0,0,0,0,0,0,0,0,0,0,0,0,0,0,0,False,0,0,0,0,0,0,0,0,0,0,0,0,0,0,False
2344,3,0,0,60,,,,,,36,60,0,0,0,0,0,1,0,0,0,0,0,0,False,0,0,0,0,1,0,0,0,0,0,0,0,0,0,0,0,0,1,1,1,0,1,0,1,1,0,0,0,0,0,0,0,0,0,0,0,0,0,0,0,0,0,0,False,0,0,0,0,0,0,0,0,0,0,0,0,0,0,False
6014,3,0,0,96,,5,420,1080,55.0,36,60,0,0,0,0,0,1,0,0,0,0,0,0,False,0,0,0,0,1,0,0,0,0,0,0,0,0,0,0,0,0,1,1,1,0,1,0,1,1,0,0,0,0,0,0,0,0,0,0,0,0,0,0,0,0,0,0,False,0,0,0,0,0,0,0,0,0,0,0,0,0,0,False
17623,3,0,0,145,,5,390,1080,57.5,36,60,0,0,0,0,0,1,0,0,0,0,0,0,False,0,0,0,0,0,0,0,0,0,0,0,0,0,0,0,0,0,1,1,1,0,1,0,1,1,0,0,0,0,0,0,0,0,0,0,0,0,0,0,0,0,0,0,False,0,0,0,0,0,0,0,0,0,0,0,0,0,0,False
12853,3,0,0,30,,5,390,1050,55.0,36,60,0,0,0,0,0,1,0,0,0,0,0,0,False,0,0,0,0,1,0,0,1,1,1,0,1,1,0,0,0,0,1,1,0,0,1,0,1,1,0,0,0,0,0,0,0,0,0,0,0,0,0,0,0,0,0,0,False,0,0,0,0,0,0,0,0,0,0,0,0,0,0,False
5989,4,,0,40,,5,420,960,45.0,0,60,0,0,0,0,0,1,0,0,0,0,0,0,False,0,0,0,0,1,0,0,0,0,1,0,0,0,0,0,0,0,1,1,0,0,0,0,1,0,0,1,0,1,0,0,0,0,0,0,0,0,0,0,0,0,0,0,False,0,0,0,0,0,0,0,0,0,0,0,0,0,0,False
15947,4,0,0,72,,5,480,960,40.0,36,60,0,0,0,0,0,1,0,0,0,0,0,0,False,0,0,0,0,0,0,0,1,1,1,0,1,1,0,0,0,0,1,1,0,0,0,0,0,1,0,0,0,0,0,0,0,0,0,0,0,0,0,0,0,0,0,0,False,0,0,0,0,0,0,0,0,0,0,0,0,0,0,False
13964,4,0,0,24,0,5,420,1020,50.0,0,11,0,0,0,0,0,1,0,0,0,0,0,0,False,0,0,0,0,0,0,0,0,1,0,0,0,0,1,1,0,0,1,1,1,0,1,0,1,1,0,0,0,0,0,0,0,0,0,1,0,0,0,0,0,0,0,0,False,0,0,0,0,0,0,0,0,0,0,0,0,0,0,False
19248,4,0,0,24,,,,,,24,60,0,0,0,0,0,1,0,0,0,0,0,0,False,0,0,0,0,0,0,0,0,0,0,0,0,0,0,0,0,0,1,0,0,0,1,0,0,1,0,0,0,0,1,0,0,0,0,0,0,0,0,0,0,0,0,0,False,0,0,0,0,0,0,0,0,0,0,0,0,0,0,False
17061,5,0,0,40,,5,510,930,35.0,36,60,0,0,0,0,0,1,0,0,0,0,0,0,False,0,0,0,0,1,0,0,1,0,0,0,0,1,0,0,0,0,0,0,1,0,1,0,0,1,0,0,0,0,0,0,0,0,0,0,0,0,0,0,0,0,0,0,False,0,0,0,0,0,0,0,0,0,0,0,0,0,0,False
8322,5,0,0,27,,5,450,990,45.0,36,60,0,0,0,0,0,1,0,0,0,0,0,0,False,0,0,0,0,1,0,0,0,1,0,0,1,1,0,0,0,0,1,1,0,0,0,0,0,1,1,0,1,0,0,0,0,0,0,0,0,0,0,0,0,0,0,0,False,0,0,0,0,0,0,0,0,0,0,0,0,0,0,False
14763,4,0,0,40,,5,495,960,38.75,36,60,0,0,0,0,0,1,0,0,0,0,0,0,False,0,0,0,0,1,0,0,1,0,0,0,0,1,0,0,0,0,0,0,1,0,1,0,0,1,0,0,0,0,0,0,0,0,0,0,0,0,0,0,0,0,0,0,False,0,0,0,0,0,0,0,0,0,0,0,0,0,0,False
1053,5,,0,50,,5,480,690,17.5,36,60,0,0,0,0,0,1,0,0,0,0,0,0,False,0,0,0,0,0,0,0,0,0,0,0,0,0,0,0,0,0,0,0,1,0,1,0,0,0,0,1,0,1,0,0,0,0,0,0,0,0,0,0,0,0,0,0,False,0,0,0,0,0,0,0,0,0,0,0,0,0,0,False
4668,4,,0,135,,5,420,1080,55.0,24,60,0,0,0,0,0,1,0,0,0,0,0,0,False,0,0,0,0,0,0,0,0,0,0,0,0,0,0,0,0,0,1,0,1,0,1,0,0,0,0,1,0,1,0,0,0,0,0,0,0,0,0,0,0,0,0,0,False,0,0,0,0,0,0,0,0,0,0,0,0,0,0,False
6807,4,,0,44,,5,480,690,17.5,36,60,0,0,0,0,0,1,0,0,0,0,0,0,False,0,0,0,0,0,0,0,0,0,0,0,0,0,0,0,0,0,1,0,1,0,1,0,0,0,0,1,0,1,0,0,0,0,0,0,0,0,0,0,0,0,0,0,False,0,0,0,0,0,0,0,0,0,0,0,0,0,0,False
12548,4,,0,92,,5,480,840,30.0,36,60,0,0,0,0,0,1,0,0,0,0,0,0,False,0,0,0,0,0,0,0,0,0,1,0,0,0,0,0,0,0,1,0,1,0,1,0,0,0,0,1,0,1,0,0,0,0,0,0,0,0,0,0,0,0,0,0,False,0,0,0,0,0,0,0,0,0,0,0,0,0,0,False
6265,4,,0,96,,5,480,690,17.5,36,60,0,0,0,0,0,1,0,0,0,0,0,0,False,0,0,0,0,1,0,0,0,0,0,0,0,0,0,0,0,0,0,0,1,0,1,0,0,0,0,1,0,1,0,0,0,0,0,0,0,0,0,0,0,0,0,0,False,0,0,0,0,0,0,0,0,0,0,0,0,0,0,False
711,4,,0,48,,5,480,690,17.5,36,60,0,0,0,0,0,1,0,0,0,0,0,0,False,0,0,0,0,0,0,0,0,0,0,0,0,0,0,0,0,0,0,0,1,0,1,0,0,0,0,1,0,1,0,0,0,0,0,0,0,0,0,0,0,0,0,0,False,0,0,0,0,0,0,0,0,0,0,0,0,0,0,False
18460,4,,0,45,,5,480,1065,48.75,36,60,0,0,0,0,0,1,0,0,0,0,0,0,False,0,0,0,0,1,0,0,0,0,0,0,0,0,0,0,0,0,0,1,1,0,0,0,0,0,0,1,0,1,0,0,0,0,0,0,0,0,0,0,0,0,0,0,False,0,0,0,0,0,0,0,0,0,0,0,0,0,0,False
18063,4,1,0,38,,5,450,1050,50.0,24,60,0,0,1,1,0,1,0,0,0,0,0,0,False,0,0,0,0,1,0,0,1,1,1,0,1,1,0,0,0,0,1,1,0,0,0,0,0,1,1,0,0,0,0,1,0,1,0,0,0,0,0,0,0,0,0,0,True,0,1,0,1,0,0,0,0,0,0,0,1,0,1,False
1075,5,0,0,52,,5,360,1080,60.0,36,60,0,0,0,0,0,1,0,0,0,0,0,0,False,0,0,0,0,0,0,0,0,0,0,0,0,0,0,0,0,0,1,0,0,0,0,0,0,1,0,0,0,0,0,0,0,0,0,0,0,0,0,0,0,0,0,0,False,0,0,0,0,0,0,0,0,0,0,0,0,0,0,False
12818,4,0,0,126,,5,360,1080,60.0,1,60,0,0,0,0,0,1,0,0,0,0,0,0,False,0,0,0,0,0,0,0,0,0,0,0,0,0,0,0,0,0,0,0,1,0,1,0,0,1,0,0,0,0,0,0,0,0,0,0,0,0,0,0,0,0,0,0,False,0,0,0,0,0,0,0,0,0,0,0,0,0,0,False
15300,4,0,0,135,,5,360,1080,60.0,1,60,0,0,0,0,0,1,0,0,0,0,0,0,False,0,0,0,0,0,0,0,0,0,0,0,0,0,0,0,0,0,0,0,1,0,1,0,0,1,0,0,0,0,0,0,0,0,0,0,0,0,0,0,0,0,0,0,False,0,0,0,0,0,0,0,0,0,0,0,0,0,0,False
7385,5,0,0,144,,5,360,1080,60.0,36,60,0,0,0,0,0,1,0,0,0,0,0,0,False,0,0,0,0,0,0,0,0,0,0,0,0,0,0,0,0,0,0,0,1,0,1,0,0,1,0,0,0,0,0,0,0,0,0,0,0,0,0,0,0,0,0,0,False,0,0,0,0,0,0,0,0,0,0,0,0,0,0,False
19071,4,0,0,120,,5,360,1080,60.0,36,60,0,0,0,0,0,1,0,0,0,0,0,0,False,0,0,0,0,0,0,0,0,0,0,0,0,0,0,0,0,0,0,0,1,0,1,0,0,1,0,0,0,0,0,0,0,0,0,0,0,0,0,0,0,0,0,0,False,0,0,0,0,0,0,0,0,0,0,0,0,0,0,False
2321,4,0,0,48,,5,360,1080,60.0,36,60,0,0,0,0,0,1,0,0,0,0,0,0,False,0,0,0,0,0,0,0,0,0,0,0,0,0,0,0,0,0,0,0,1,0,1,0,0,1,0,0,0,0,0,0,0,0,0,0,0,0,0,0,0,0,0,0,False,0,0,0,0,0,0,0,0,0,0,0,0,0,0,False
4035,4,0,0,143,,5,360,1080,60.0,1,60,0,0,0,0,0,1,0,0,0,0,0,0,False,0,0,0,0,0,0,0,1,1,0,0,1,1,0,0,0,0,1,1,0,0,1,0,1,1,0,0,0,0,0,0,0,0,0,0,0,0,0,0,0,0,0,0,False,0,0,0,0,0,0,0,0,0,0,0,0,0,0,False
17484,4,0,0,156,,5,360,1080,60.0,36,60,0,0,0,0,0,1,0,0,0,0,0,0,False,0,0,0,0,0,0,0,0,0,0,0,0,0,0,0,0,0,0,0,1,0,1,0,0,1,0,0,0,0,0,0,0,0,0,0,0,0,0,0,0,0,0,0,False,0,0,0,0,0,0,0,0,0,0,0,0,0,0,False
16634,4,0,0,168,,5,360,1080,60.0,1,60,0,0,0,0,0,1,0,0,0,0,0,0,False,0,0,0,0,0,0,0,0,0,0,0,0,0,0,0,0,0,0,0,1,0,1,0,0,1,0,0,0,0,0,0,0,0,0,0,0,0,0,0,0,0,0,0,False,0,0,0,0,0,0,0,0,0,0,0,0,0,0,False
10727,4,1,0,120,,4,495,930,29.0,48,60,0,0,0,0,0,1,0,0,0,0,0,0,False,0,0,0,0,1,0,0,0,0,0,0,0,0,0,0,0,0,0,0,1,0,1,0,0,0,1,0,0,0,0,0,0,1,0,0,0,0,0,0,0,0,0,0,False,0,0,0,0,0,0,0,0,1,1,0,0,0,1,False
14627,3,1,0,60,,5,450,1080,52.5,0,11,0,0,0,0,0,1,0,0,0,0,1,0,False,0,0,0,0,1,0,0,1,1,1,1,1,0,0,0,1,0,1,1,1,1,1,0,1,1,0,0,0,0,0,0,0,0,0,0,0,0,0,0,0,0,0,0,False,0,0,0,0,0,0,0,0,0,0,0,0,0,0,False
384,4,0,0,27,,5,360,1080,60.0,0,11,0,0,0,0,0,1,0,0,0,0,0,0,False,0,0,0,0,0,0,0,0,0,0,0,0,0,0,0,0,0,1,1,0,0,0,0,0,1,0,0,0,0,0,0,0,0,0,0,0,0,0,0,0,0,0,0,False,0,0,0,0,0,0,0,0,0,0,0,0,0,0,False
3477,5,0,0,48,,5,360,1080,60.0,0,11,0,0,0,0,0,1,0,0,0,0,0,0,False,0,0,0,0,0,0,0,0,0,0,0,0,0,0,0,0,0,1,1,0,0,0,0,0,1,0,0,0,0,0,0,0,0,0,0,0,0,0,0,0,0,0,0,False,0,0,0,0,0,0,0,0,0,0,0,0,0,0,False
1918,5,,0,24,,5,480,660,15.0,48,60,0,0,0,0,0,1,0,0,0,0,0,0,False,0,0,0,0,0,0,0,0,0,1,0,0,0,0,0,0,0,0,0,1,0,1,0,0,0,1,0,0,0,0,0,0,0,0,0,0,0,0,0,0,0,0,0,False,0,0,0,0,0,0,0,0,0,0,0,0,0,0,False
2361,4,,0,22,,5,480,660,15.0,48,60,0,0,0,0,0,1,0,0,0,0,0,0,False,0,0,0,0,0,0,0,0,0,1,0,0,0,0,0,0,0,0,0,1,0,1,0,0,0,1,0,0,0,0,0,0,0,0,0,0,0,0,0,0,0,0,0,False,0,0,0,0,0,0,0,0,0,0,0,0,0,0,False
19126,4,,0,30,,5,480,1380,75.0,24,60,0,0,0,0,0,1,0,0,0,0,0,0,False,0,0,0,0,1,0,0,0,0,1,0,0,0,0,0,0,0,0,0,1,0,1,0,0,0,0,0,1,0,0,0,0,0,0,0,0,0,0,0,0,0,0,0,False,0,0,0,0,0,0,0,0,0,0,0,0,0,0,False
16838,5,,0,22,,5,480,660,15.0,48,60,0,0,0,0,0,1,0,0,0,0,0,0,False,0,0,0,0,0,0,0,0,0,0,0,0,0,0,0,0,0,0,0,1,0,1,0,0,0,1,0,0,0,0,0,0,0,0,0,0,0,0,0,0,0,0,0,False,0,0,0,0,0,0,0,0,0,0,0,0,0,0,False
6296,4,,0,27,,5,480,660,15.0,48,60,0,0,0,0,0,1,0,0,0,0,0,0,False,0,0,0,0,1,0,0,0,0,1,0,0,0,0,0,0,0,0,0,1,0,1,0,0,0,1,0,0,0,0,0,0,0,0,0,0,0,0,0,0,0,0,0,False,0,0,0,0,0,0,0,0,0,0,0,0,0,0,False
13273,4,,0,81,,5,420,1050,52.5,36,144,0,0,0,0,0,1,0,0,0,0,0,0,False,0,0,0,0,1,0,0,0,0,1,0,0,0,1,1,0,0,1,0,0,0,1,0,0,0,0,0,1,0,0,0,0,0,0,0,0,0,0,0,0,0,0,0,False,0,0,0,0,0,0,0,0,0,0,0,0,0,0,False
11792,4,,0,22,,5,480,660,15.0,48,60,0,0,0,0,0,1,0,0,0,0,0,0,False,0,0,0,0,0,0,0,0,0,1,0,0,0,0,0,0,0,0,0,1,0,1,0,0,0,1,0,0,0,0,0,0,0,0,0,0,0,0,0,0,0,0,0,False,0,0,0,0,0,0,0,0,0,0,0,0,0,0,False
18983,5,,0,24,,5,480,660,15.0,48,60,0,0,0,0,0,1,0,0,0,0,0,0,False,0,0,0,0,1,0,0,0,0,1,0,0,0,0,0,0,0,0,0,1,0,1,0,0,0,1,0,0,0,0,0,0,0,0,0,0,0,0,0,0,0,0,0,False,0,0,0,0,0,0,0,0,0,0,0,0,0,0,False
7000,4,,0,130,,5,420,1080,55.0,24,60,0,0,0,0,0,1,0,0,0,0,0,0,False,0,0,0,0,1,0,0,0,0,1,0,0,0,0,0,0,0,1,1,0,0,1,0,0,0,0,0,1,0,0,0,0,0,0,0,0,0,0,0,0,0,0,0,False,0,0,0,0,0,0,0,0,0,0,0,0,0,0,False
593,5,,0,20,,5,495,675,15.0,48,60,0,0,0,0,0,1,0,0,0,0,0,0,False,0,0,0,0,0,0,0,0,0,0,0,0,0,0,0,0,0,0,0,1,0,1,0,0,0,1,0,0,0,0,0,0,0,0,0,0,0,0,0,0,0,0,0,False,0,0,0,0,0,0,0,0,0,0,0,0,0,0,False
13836,5,,0,22,,5,480,660,15.0,48,60,0,0,0,0,0,1,0,0,0,0,0,0,False,0,0,0,0,1,0,0,0,0,1,0,0,0,0,0,0,0,0,0,1,0,1,0,0,0,1,0,0,0,0,0,0,0,0,0,0,0,0,0,0,0,0,0,False,0,0,0,0,0,0,0,0,0,0,0,0,0,0,False
16267,4,,0,42,,5,480,660,15.0,48,60,0,0,0,0,0,1,0,0,0,0,0,0,False,0,0,0,0,0,0,0,0,0,1,0,0,0,0,0,0,0,0,0,1,0,1,0,0,0,1,0,0,0,0,0,0,0,0,0,0,0,0,0,0,0,0,0,False,0,0,0,0,0,0,0,0,0,0,0,0,0,0,False
1270,4,,0,53,,5,420,1050,52.5,36,48,0,0,0,0,0,1,0,0,0,0,0,0,False,0,0,0,0,1,0,0,0,0,1,0,0,0,0,0,0,0,1,0,1,0,1,0,0,0,0,0,1,0,0,0,0,0,0,0,0,0,0,0,0,0,0,0,False,0,0,0,0,0,0,0,0,0,0,0,0,0,0,False
7152,4,,0,53,,5,480,660,15.0,48,60,0,0,0,0,0,1,0,0,0,0,0,0,False,0,0,0,0,0,0,0,0,0,1,0,0,0,0,0,0,0,0,0,1,0,1,0,0,0,1,0,0,0,0,0,0,0,0,0,0,0,0,0,0,0,0,0,False,0,0,0,0,0,0,0,0,0,0,0,0,0,0,False
13103,4,,0,27,,5,505,685,15.0,48,60,0,0,0,0,0,1,0,0,0,0,0,0,False,0,0,0,0,0,0,0,0,0,1,0,0,0,0,0,0,0,0,0,1,0,1,0,0,0,1,0,0,0,0,0,0,0,0,0,0,0,0,0,0,0,0,0,False,0,0,0,0,0,0,0,0,0,0,0,0,0,0,False
16501,5,,0,21,,5,480,660,15.0,48,60,0,0,0,0,0,1,0,0,0,0,0,0,False,0,0,0,0,0,0,0,0,0,1,0,0,0,0,0,0,0,0,0,1,0,1,0,0,0,1,0,0,0,0,0,0,0,0,0,0,0,0,0,0,0,0,0,False,0,0,0,0,0,0,0,0,0,0,0,0,0,0,False
2197,5,,0,42,,5,480,660,15.0,48,60,0,0,0,0,0,1,0,0,0,0,0,0,False,0,0,0,0,0,0,0,0,0,1,0,0,0,0,0,0,0,0,0,1,0,1,0,0,0,1,0,0,0,0,0,0,0,0,0,0,0,0,0,0,0,0,0,False,0,0,0,0,0,0,0,0,0,0,0,0,0,0,False
10719,4,,0,27,,5,420,1080,55.0,0,0,0,0,0,0,0,1,0,0,0,0,0,0,False,0,0,0,0,1,0,0,0,0,0,0,0,0,0,0,0,0,1,0,0,0,0,0,0,0,0,0,0,0,0,0,0,0,0,0,0,0,0,0,0,0,0,0,False,0,0,0,0,0,0,0,0,0,0,0,0,0,0,False
19046,4,,0,94,,5,480,1380,75.0,24,120,0,0,0,0,0,1,0,0,0,0,0,0,True,0,0,0,0,1,0,0,0,0,1,0,0,0,1,1,0,0,1,1,1,0,1,0,0,0,0,0,1,0,0,0,0,0,0,0,0,0,0,0,0,0,0,0,False,0,0,0,0,0,0,0,0,0,0,0,0,0,0,False
8682,5,,0,24,,5,480,660,15.0,48,60,0,0,0,0,0,1,0,0,0,0,0,0,False,0,0,0,0,0,0,0,0,0,1,0,0,0,0,0,0,0,0,0,1,0,1,0,0,0,1,0,0,0,0,0,0,0,0,0,0,0,0,0,0,0,0,0,False,0,0,0,0,0,0,0,0,0,0,0,0,0,0,False
1183,4,,0,42,,5,480,660,15.0,48,60,0,0,0,0,0,1,0,0,0,0,0,0,False,0,0,0,0,0,0,0,0,0,1,0,0,0,0,0,0,0,0,0,1,0,1,0,0,0,1,0,0,0,0,0,0,0,0,0,0,0,0,0,0,0,0,0,False,0,0,0,0,0,0,0,0,0,0,0,0,0,0,False
1610,5,0,0,120,,5,510,930,35.0,36,60,0,0,0,0,0,1,0,0,0,0,0,0,False,0,0,0,0,1,0,0,1,0,0,0,0,1,0,0,0,0,0,0,1,0,1,0,0,1,0,0,0,0,0,0,0,0,0,0,0,0,0,0,0,0,0,0,False,0,0,0,0,0,0,0,0,0,0,0,0,0,0,False
2765,4,0,0,24,,5,480,660,15.0,36,48,0,0,0,0,0,1,0,0,0,0,0,0,False,0,0,0,0,1,0,0,0,1,0,0,1,1,0,0,0,0,0,0,1,0,1,0,0,1,0,0,0,0,0,0,0,0,0,0,0,0,0,0,0,0,0,0,False,0,0,0,0,0,0,0,0,0,0,0,0,0,0,False
4285,4,0,0,72,0,5,480,885,33.75,0,11,0,0,0,0,0,1,0,0,0,0,0,0,False,0,0,0,0,0,0,0,0,0,0,0,0,0,0,0,0,0,1,1,0,0,0,0,0,1,0,0,0,0,0,0,0,0,0,0,0,0,0,0,0,0,0,0,False,0,0,0,0,0,0,0,0,0,0,0,0,0,0,False
15860,4,1,0,168,0,5,360,1080,60.0,36,60,0,0,0,0,0,1,0,0,0,0,0,0,False,0,0,0,0,0,0,0,0,0,0,0,0,0,0,0,0,0,1,1,0,0,0,0,0,1,0,0,0,0,0,0,0,0,0,0,0,0,0,0,0,0,0,0,False,0,0,0,0,0,0,0,0,0,0,0,0,0,0,False
6795,4,0,0,48,0,5,360,1080,60.0,0,11,0,0,0,0,0,1,0,0,0,0,0,0,False,0,0,0,0,0,0,0,0,0,0,0,0,0,0,0,0,0,1,1,0,0,0,0,0,1,0,0,0,0,0,0,0,0,0,0,0,0,0,0,0,0,0,0,False,0,0,0,0,0,0,0,0,0,0,0,0,0,0,False
12370,4,0,0,46,0,5,360,1080,60.0,36,60,0,0,0,0,0,1,0,0,0,0,0,0,False,0,0,0,0,0,0,0,0,0,0,0,0,0,0,0,0,0,1,0,0,0,0,0,0,1,0,0,0,0,0,0,0,0,0,0,0,0,0,0,0,0,0,0,False,0,0,0,0,0,0,0,0,0,0,0,0,0,0,False
6575,5,0,0,48,0,5,495,900,33.75,0,11,0,0,0,0,0,1,0,0,0,0,0,0,False,0,0,0,0,0,0,0,0,0,0,0,0,0,0,0,0,0,1,1,0,0,0,0,0,1,0,0,0,0,0,0,0,0,0,0,0,0,0,0,0,0,0,0,False,0,0,0,0,0,0,0,0,0,0,0,0,0,0,False
15743,4,0,0,72,0,5,360,1080,60.0,0,11,0,0,0,0,0,1,0,0,0,0,0,0,False,0,0,0,0,0,0,0,0,0,0,0,0,0,0,0,0,0,1,1,0,0,0,0,0,1,0,0,0,0,0,0,0,0,0,0,0,0,0,0,0,0,0,0,False,0,0,0,0,0,0,0,0,0,0,0,0,0,0,False
8826,4,0,0,72,0,5,360,1080,60.0,0,11,0,0,0,0,0,1,0,0,0,0,0,0,False,0,0,0,0,0,0,0,0,0,0,0,0,0,0,0,0,0,1,0,0,0,0,0,0,1,0,0,0,0,0,0,0,0,0,0,0,0,0,0,0,0,0,0,False,0,0,0,0,0,0,0,0,0,0,0,0,0,0,False
9382,5,0,0,48,0,5,360,1080,60.0,0,11,0,0,0,0,0,1,0,0,0,0,0,0,False,0,0,0,0,0,0,0,0,0,0,0,0,0,0,0,0,0,1,1,0,0,0,0,0,1,0,0,0,0,0,0,0,0,0,0,0,0,0,0,0,0,0,0,False,0,0,0,0,0,0,0,0,0,0,0,0,0,0,False
3469,4,1,0,56,,5,465,1035,47.5,24,72,0,0,0,0,0,1,0,0,0,0,0,0,False,0,0,0,0,1,0,0,0,0,0,0,0,0,0,0,1,0,1,1,1,0,0,0,0,1,1,0,0,0,0,0,0,1,0,0,0,0,0,0,0,0,0,0,False,0,0,0,0,0,0,0,0,0,0,0,0,0,0,False
18271,4,1,1,111,,5,450,1080,52.5,3,72,1,0,1,1,0,1,0,0,0,0,0,0,True,0,0,0,0,1,1,1,1,0,0,0,0,1,0,0,1,0,1,1,1,0,0,0,0,1,0,0,1,1,0,0,0,0,0,0,0,0,1,0,0,0,0,0,True,0,0,0,0,0,0,1,0,1,0,0,0,0,0,False
10249,4,1,0,20,,5,480,870,32.5,24,60,0,0,0,0,0,1,0,0,0,0,0,0,False,0,0,0,0,0,0,0,0,1,1,0,1,0,0,0,0,0,1,0,0,0,1,0,0,0,1,1,0,0,0,0,0,1,0,0,0,0,1,0,0,0,0,0,False,1,1,0,1,1,0,0,0,0,0,0,0,0,0,False
15512,4,0,0,24,0,5,360,1080,60.0,0,11,0,0,0,0,0,1,0,0,0,0,0,0,False,0,0,0,0,0,0,0,0,0,0,0,0,0,0,0,0,0,1,0,0,0,0,0,0,1,0,0,0,0,0,0,0,0,0,0,0,0,0,0,0,0,0,0,False,0,0,0,0,0,0,0,0,0,0,0,0,0,0,False
11816,5,0,0,24,,5,510,930,35.0,36,60,0,0,0,0,0,1,0,0,0,0,0,0,False,0,0,0,0,0,0,0,0,0,0,0,0,0,0,0,0,0,1,1,0,0,0,0,0,1,0,0,0,0,0,0,0,0,0,0,0,0,0,0,0,0,0,0,False,0,0,0,0,0,0,0,0,0,0,0,0,0,0,False
6084,5,1,0,24,,5,460,640,15.0,36,60,0,0,0,0,0,1,0,0,0,0,0,0,False,0,0,0,0,0,0,0,1,1,0,0,1,1,0,0,0,0,0,0,1,0,1,0,0,1,1,0,0,0,0,0,0,0,0,0,0,0,0,0,0,0,0,0,False,0,0,0,0,0,0,0,0,1,1,0,0,0,0,False
9395,4,0,0,52,,5,450,990,45.0,24,60,0,0,0,0,0,1,0,0,0,0,0,0,False,0,0,0,0,0,0,0,1,0,0,0,0,1,0,0,0,0,1,0,1,0,1,0,0,1,0,0,0,0,1,0,0,0,0,0,0,0,0,0,0,0,0,0,False,0,0,0,0,0,0,0,1,0,0,0,0,0,0,False
19089,4,1,0,22,,5,480,870,32.5,24,60,0,0,0,0,0,1,0,0,0,0,0,0,False,0,0,0,0,0,0,0,0,1,1,0,1,1,0,0,0,0,1,0,0,0,1,0,0,0,1,1,0,0,0,0,0,1,0,0,0,0,1,0,0,0,0,0,False,1,1,0,1,1,0,0,0,0,0,0,0,0,0,False
18812,4,0,0,96,,5,480,915,36.25,24,60,0,0,0,0,0,1,0,0,0,0,0,0,False,0,0,0,0,0,0,0,1,0,0,0,0,0,0,0,0,0,1,1,1,0,0,0,0,1,0,0,0,0,0,0,0,0,0,0,0,0,0,0,0,0,0,0,False,0,0,0,0,0,0,0,0,0,0,0,0,0,0,False
364,5,0,0,40,,5,510,930,35.0,36,60,0,0,0,0,0,1,0,0,0,0,0,0,False,0,0,0,0,1,0,0,1,0,0,0,0,1,0,0,0,0,0,0,1,0,1,0,0,1,0,0,0,0,0,0,0,0,0,0,0,0,0,0,0,0,0,0,False,0,0,0,0,0,0,0,0,0,0,0,0,0,0,False
12311,4,1,0,36,,5,480,1065,48.75,24,48,0,0,0,0,0,1,0,0,0,0,0,0,False,0,0,0,0,1,0,0,1,1,1,0,1,1,0,0,0,0,1,1,0,0,0,0,0,1,1,0,1,0,1,1,1,0,0,0,0,0,0,0,0,0,0,0,False,0,0,0,0,0,0,0,0,0,0,0,1,0,0,False
5275,2,0,0,74,,5,360,1080,60.0,1,60,0,0,0,0,0,1,0,0,0,0,0,0,False,0,0,0,0,0,0,0,0,1,1,0,1,1,0,0,0,0,1,1,1,0,1,0,1,1,0,0,0,0,1,0,0,1,0,0,0,0,0,0,0,0,0,0,False,0,1,0,0,0,0,0,1,0,0,0,0,0,0,False
18141,5,,0,25,,5,450,1050,50.0,24,60,0,0,0,0,0,1,0,0,0,0,0,0,False,0,0,0,0,0,0,0,1,0,0,0,1,1,1,1,0,0,1,1,1,0,0,0,0,1,0,0,0,0,0,0,0,0,0,0,0,0,0,0,0,0,0,0,False,0,0,0,0,0,0,0,0,0,0,0,0,0,0,False
7941,5,0,0,25,,5,480,960,40.0,36,60,0,0,0,0,0,1,0,0,0,0,0,0,False,0,0,0,0,0,0,0,1,1,0,0,1,1,0,0,0,0,1,1,1,0,0,0,0,1,1,1,0,0,1,0,0,0,0,0,0,0,0,0,0,0,0,0,False,0,0,0,0,0,0,0,0,0,0,0,0,0,0,False
5192,5,1,1,28,,5,525,945,35.0,36,60,0,0,0,0,0,1,0,0,0,0,0,0,False,0,0,0,0,0,0,0,1,0,1,0,1,1,0,0,0,0,1,0,1,0,1,0,0,0,1,1,0,0,0,0,0,0,0,0,0,0,1,0,0,0,0,0,False,0,0,0,0,0,0,0,0,0,0,0,0,0,0,False
7472,4,,0,24,,5,420,1080,55.0,36,60,0,0,0,0,0,0,0,0,0,0,0,0,True,0,0,0,0,0,0,0,0,0,0,0,0,0,0,0,0,0,1,1,0,0,0,0,0,0,1,0,0,0,0,0,0,0,0,0,0,0,0,0,0,0,0,0,False,0,0,0,0,0,0,0,0,0,0,0,0,0,0,False
13335,4,1,0,21,,5,510,900,32.5,24,60,0,0,0,0,0,1,0,0,0,0,0,0,False,0,0,0,0,0,0,0,0,1,1,0,1,1,0,0,0,0,1,0,0,0,1,0,0,0,1,1,1,0,0,0,0,1,0,0,0,0,1,0,0,0,0,0,False,1,1,0,1,1,0,0,0,0,0,0,0,0,0,False
10301,4,0,0,24,,5,420,1050,52.5,36,48,0,0,0,0,0,1,0,0,0,0,0,0,False,0,0,0,0,1,0,0,0,1,0,0,1,1,0,0,0,0,1,1,0,0,1,0,1,1,1,0,0,0,0,0,0,0,0,0,0,0,0,0,0,0,0,0,False,0,0,0,0,1,0,0,0,0,0,0,0,0,0,False
3722,4,0,0,45,,5,465,885,35.0,36,60,0,0,0,0,0,1,0,0,0,0,0,0,False,0,0,0,0,1,0,0,1,0,0,0,0,1,0,0,0,0,1,0,0,0,1,0,0,1,0,0,0,0,0,0,0,0,0,0,0,0,0,0,0,0,0,0,False,0,0,0,0,0,0,0,0,0,0,0,0,0,0,False
18711,5,1,0,30,,5,360,1080,60.0,36,60,0,0,0,0,0,1,0,0,0,0,0,0,False,0,0,0,0,1,0,0,0,1,0,0,1,0,0,0,0,0,1,0,1,0,1,0,0,1,1,0,0,0,0,0,0,1,0,0,0,0,0,0,0,0,0,0,False,0,0,0,0,1,0,0,0,1,1,0,0,0,0,False
15928,4,1,0,18,,5,465,690,18.75,36,60,0,0,0,0,0,1,0,0,0,0,0,0,False,0,0,0,0,0,0,0,1,0,0,0,0,0,0,0,0,0,0,0,1,0,1,0,0,0,1,0,0,0,0,0,0,0,0,0,0,0,0,0,0,0,0,0,False,0,0,0,0,1,0,0,0,0,0,0,0,0,0,False
17745,4,1,0,18,,5,465,690,18.75,36,60,0,0,0,0,0,1,0,0,0,0,0,0,False,0,0,0,0,0,0,0,1,0,0,0,0,0,0,0,0,0,0,0,1,0,1,0,0,0,1,0,0,0,0,0,0,0,0,0,0,0,0,0,0,0,0,0,False,0,0,0,0,1,0,0,0,0,0,0,0,0,0,False
3465,3,1,0,24,,5,465,690,18.75,36,60,0,0,0,0,0,1,0,0,0,0,0,0,False,0,0,0,0,1,0,0,1,0,0,0,0,0,0,0,0,0,0,0,1,0,1,0,0,0,1,0,0,0,0,0,0,0,0,0,0,0,0,0,0,0,0,0,False,0,0,0,0,1,0,0,0,0,0,0,0,0,0,False
10111,4,,0,34,,5,420,1020,50.0,24,60,0,0,0,0,0,1,0,0,0,0,0,0,True,0,0,0,0,1,0,0,0,0,1,0,0,0,0,0,0,0,1,1,1,0,1,0,1,0,0,0,1,0,0,0,0,0,0,0,0,0,0,0,0,0,0,0,False,0,0,0,0,0,0,0,0,0,0,0,0,0,0,False
14312,4,1,0,38,,5,390,1080,57.5,1,60,0,0,0,0,0,1,0,0,0,0,0,0,True,0,0,0,0,1,0,0,1,1,1,0,1,1,0,0,0,0,1,1,0,0,0,0,0,1,0,1,1,0,0,0,0,1,0,0,0,0,0,1,0,0,0,0,True,1,0,0,1,0,0,0,0,0,0,0,0,0,0,False
4924,4,0,0,30,,5,360,1080,60.0,24,48,0,0,0,0,0,1,0,0,0,0,0,0,False,0,0,0,0,0,0,0,0,1,1,0,1,1,0,0,0,0,1,1,0,0,0,0,0,0,0,0,0,0,0,0,0,0,0,0,0,0,0,0,0,0,0,0,False,0,1,0,0,0,0,0,0,0,0,0,0,0,0,False
4176,5,0,0,46,,5,390,1080,57.5,6,60,0,0,0,0,0,1,0,0,0,0,0,0,False,0,0,0,0,1,0,0,0,1,1,0,1,1,0,0,0,0,1,1,1,0,0,0,0,1,1,0,0,0,1,0,0,0,1,0,0,0,0,0,0,0,0,0,False,0,0,0,0,0,0,0,0,0,0,0,0,0,0,False
17629,4,0,0,96,,5,390,1080,57.5,6,60,0,0,0,0,0,1,0,0,0,0,0,0,False,0,0,0,0,1,0,0,0,1,1,0,1,1,0,0,0,0,1,1,0,0,0,0,0,1,1,0,0,0,0,0,0,0,0,0,0,0,0,0,0,0,0,0,False,0,0,0,0,0,0,0,0,0,0,0,0,0,0,False
9350,5,1,0,24,,5,465,645,15.0,36,60,0,0,0,0,0,1,0,0,0,0,0,0,False,0,0,0,0,1,0,0,0,1,0,0,1,0,0,0,1,0,0,0,1,0,1,0,0,1,1,0,0,0,0,0,0,1,0,0,0,0,0,0,0,0,0,0,False,0,0,0,0,0,0,0,0,1,1,0,0,0,0,False
14016,5,0,0,60,,5,510,930,35.0,24,60,0,0,0,0,0,1,0,0,0,0,0,0,False,0,0,0,0,1,0,0,1,0,0,0,1,0,0,0,0,0,0,0,1,0,1,0,0,1,0,0,0,0,0,0,0,0,0,0,0,0,0,0,0,0,0,0,False,0,0,0,0,0,0,0,0,0,0,0,0,0,0,False
11803,4,0,0,52,,5,540,780,20.0,36,60,0,0,0,0,0,1,0,0,0,0,0,0,False,0,0,0,0,0,0,0,1,0,0,0,0,1,0,0,0,0,1,0,1,0,1,0,0,1,0,0,0,0,1,0,0,0,0,0,0,0,0,0,0,0,0,0,False,0,0,0,0,0,0,0,0,0,0,0,0,0,0,False
9096,4,0,0,124,1,5,540,780,20.0,0,11,0,0,0,0,0,1,0,0,0,0,0,0,False,0,0,0,0,0,0,0,1,0,0,0,0,0,0,0,0,0,1,1,1,0,1,0,1,1,0,0,0,0,1,0,0,0,0,0,0,0,0,0,0,0,0,0,False,0,0,0,0,0,0,0,0,0,0,0,0,0,0,False
3508,4,1,0,22,,4,450,1035,39.0,12,72,0,0,0,0,0,1,0,0,0,0,0,0,False,0,0,0,0,1,0,0,1,0,1,0,1,1,1,1,0,0,1,1,0,0,0,0,0,1,0,0,0,0,0,0,1,1,0,0,0,0,0,0,0,0,0,0,False,0,1,0,1,0,0,0,0,1,0,0,0,0,0,False
1432,4,0,0,106,,5,360,1080,60.0,36,60,0,0,0,0,0,0,0,0,0,0,0,0,False,0,0,0,0,0,0,0,0,0,0,0,0,0,0,0,0,0,1,0,0,0,1,0,0,1,0,0,0,0,0,0,0,0,0,0,0,0,0,0,0,0,0,0,False,0,0,0,0,0,0,0,0,0,0,0,0,0,0,False
6286,5,0,0,54,,5,360,1080,60.0,24,60,0,0,0,0,0,1,0,0,0,0,0,0,False,0,0,0,0,0,0,0,0,0,0,0,0,0,0,0,0,0,1,0,0,0,1,0,0,1,0,0,0,0,0,0,0,0,0,0,0,0,0,0,0,0,0,0,False,0,0,0,0,0,0,0,0,0,0,0,0,0,0,False
11262,4,0,0,24,,5,480,900,35.0,24,60,0,0,0,0,0,1,0,0,0,0,0,0,False,0,0,0,0,1,0,0,1,0,0,0,0,1,0,0,0,0,0,0,1,0,1,0,0,1,0,0,0,0,0,0,0,0,0,0,0,0,0,0,0,0,0,0,False,0,0,0,0,0,0,0,0,0,0,0,0,0,0,False
3643,4,0,0,55,,5,360,1050,57.5,24,60,0,0,0,0,0,1,0,0,0,0,0,0,False,0,0,0,0,1,0,0,1,1,1,0,1,1,0,0,0,0,1,1,1,0,0,0,0,0,1,0,1,0,0,0,0,0,0,0,0,0,0,0,0,0,0,0,False,0,0,0,0,0,0,0,0,0,0,0,0,0,0,False
13237,4,0,0,36,,5,420,1050,52.5,24,72,0,0,0,0,0,1,0,0,0,0,0,0,False,0,0,0,0,1,0,0,0,1,0,0,1,1,0,0,0,0,1,1,1,0,0,0,0,1,0,0,0,0,0,0,0,0,0,0,0,0,0,0,0,0,0,0,False,0,0,0,0,0,0,0,0,0,0,0,0,0,0,False
6626,4,1,0,28,,5,420,1065,53.75,36,60,0,0,0,0,0,1,0,0,0,0,0,0,False,0,0,0,0,0,0,0,0,0,0,0,0,0,0,0,0,0,1,0,0,0,1,0,0,1,0,0,0,0,1,0,0,0,0,0,0,0,0,0,0,0,0,0,False,0,0,0,0,0,0,0,1,0,0,0,0,0,0,False
10435,5,0,0,40,,4,480,870,26.0,36,60,0,0,0,0,0,1,0,0,0,0,0,0,False,0,0,0,0,1,0,0,0,0,0,0,0,0,0,0,0,0,1,1,0,0,0,0,0,0,0,1,0,0,0,0,0,0,0,0,0,0,0,0,0,0,0,0,False,0,0,0,0,0,0,0,0,0,0,0,0,0,0,False
3785,4,0,0,26,,5,360,1080,60.0,36,60,0,0,0,0,0,1,0,0,0,0,0,0,False,0,0,0,0,0,0,0,0,0,0,0,0,0,1,1,0,0,1,1,1,0,1,0,1,1,0,0,0,0,0,0,0,0,0,0,0,0,0,0,0,0,0,0,False,0,0,0,0,0,0,0,0,0,0,0,0,0,0,False
19183,4,,0,51,,5,420,990,47.5,0,60,0,0,0,0,0,1,0,0,0,0,0,0,False,0,0,0,0,1,0,0,0,0,0,0,0,0,0,0,0,0,1,1,1,0,0,0,0,0,0,1,0,1,0,0,0,0,0,0,0,0,0,0,0,0,0,0,False,0,0,0,0,0,0,0,0,0,0,0,0,0,0,False
18551,5,0,0,24,,5,480,690,17.5,36,48,0,0,0,0,0,1,0,0,0,0,0,0,False,0,0,0,0,1,0,0,0,1,0,0,1,0,0,0,0,0,0,0,1,0,1,0,0,1,1,0,0,0,1,0,0,0,0,0,0,0,0,0,0,0,0,0,False,0,0,0,0,1,0,0,0,0,0,0,0,0,0,False
15363,4,0,0,61,,5,420,1080,55.0,36,60,0,0,0,0,0,1,1,0,0,0,0,0,False,0,0,0,0,1,0,0,0,1,0,0,1,1,0,0,0,0,1,1,1,0,1,0,1,1,0,0,0,0,1,0,0,0,0,0,0,0,0,0,0,0,0,0,False,0,0,0,0,0,0,0,1,0,0,0,0,0,0,False
11366,4,1,0,152,,5,495,900,33.75,0,11,0,0,0,0,0,1,0,0,0,0,0,0,False,0,0,0,0,0,0,0,0,0,0,0,0,0,0,0,0,0,1,1,0,0,0,0,0,1,0,0,0,0,0,0,0,0,0,0,0,0,0,0,0,0,0,0,False,0,0,0,0,0,0,0,0,0,0,0,0,0,0,False
12248,5,0,0,50,,,,,,36,60,0,0,0,0,0,1,0,0,0,0,0,0,False,0,0,0,0,0,0,0,1,1,0,0,1,1,0,0,0,0,1,1,1,0,0,0,0,1,1,1,0,0,1,0,0,0,0,0,0,0,0,0,0,0,0,0,False,0,0,0,0,0,0,0,0,0,0,0,0,0,0,False
7204,4,0,0,24,,,,,,0,0,0,0,0,0,0,1,0,0,0,0,0,0,False,0,0,0,0,0,0,0,0,0,0,0,0,0,0,0,0,0,1,0,0,0,1,0,0,0,0,0,0,0,1,0,0,0,0,0,0,0,0,0,0,0,0,0,False,0,0,0,0,0,0,0,0,0,0,0,0,0,0,False
544,4,1,0,24,,5,510,720,17.5,24,60,0,0,0,0,0,1,0,0,0,0,0,0,False,0,0,0,0,0,0,0,1,0,1,0,0,0,0,0,0,0,0,0,1,0,1,0,0,0,1,1,0,0,0,0,0,1,0,0,0,0,1,0,0,0,0,0,False,1,1,0,1,1,0,0,0,0,0,0,0,0,0,False
3941,5,0,0,24,,5,360,1080,60.0,36,60,0,0,0,0,0,1,0,0,0,0,0,0,False,0,0,0,0,0,0,0,0,0,0,0,0,0,0,0,0,0,1,0,0,0,1,0,0,1,0,0,0,0,0,0,0,0,0,0,0,0,0,0,0,0,0,0,False,0,0,0,0,0,0,0,0,0,0,0,0,0,0,False
1534,4,,0,30,,5,480,660,15.0,36,48,0,0,0,0,0,1,0,0,0,0,0,0,False,0,0,0,0,0,0,0,0,0,1,0,0,0,0,0,0,0,0,0,1,0,1,0,0,0,1,0,0,0,0,0,0,0,0,0,0,0,0,0,0,0,0,0,False,0,0,0,0,0,0,0,0,0,0,0,0,0,0,False
5383,4,,0,36,,5,420,1080,55.0,24,60,0,0,0,0,0,1,0,0,0,0,0,0,False,0,0,0,0,0,0,0,0,0,0,0,0,0,0,0,0,0,0,0,1,0,1,0,0,0,1,0,0,0,0,0,0,0,0,0,0,0,0,0,0,0,0,0,False,0,0,0,0,0,0,0,0,0,0,0,0,0,0,False
6049,5,1,0,24,,5,480,900,35.0,36,60,0,0,0,0,0,1,0,0,0,0,0,0,False,0,0,0,0,0,0,0,1,1,0,0,0,1,0,0,0,0,0,0,1,0,1,0,0,1,1,1,0,0,0,0,0,0,0,0,0,0,0,0,0,0,0,0,False,0,0,0,0,0,0,0,0,1,1,0,0,0,0,False
18266,5,,0,124,,5,450,1080,52.5,0,144,0,0,0,0,0,1,0,0,0,0,0,0,False,0,0,0,0,0,0,0,0,0,1,0,0,0,1,1,0,0,1,1,1,0,1,0,1,0,0,0,0,0,0,0,0,0,0,0,0,0,0,0,0,0,0,0,False,0,0,0,0,0,0,0,0,0,0,0,0,0,0,False
14768,3,1,0,61,,5,480,990,42.5,3,72,0,0,0,0,0,1,0,0,0,0,0,0,False,0,0,0,0,1,0,0,1,1,0,0,0,1,1,1,0,0,1,1,1,0,0,0,0,1,0,0,0,0,0,0,0,0,1,0,0,0,1,0,0,0,0,0,False,0,1,0,1,1,0,0,0,0,0,0,0,0,0,False
1401,4,0,0,48,,5,360,1080,60.0,24,60,0,0,0,0,0,1,0,0,0,0,0,0,False,0,0,0,0,0,0,0,0,0,0,0,0,0,0,0,0,0,1,0,0,0,1,0,0,1,0,0,0,0,0,0,0,0,0,0,0,0,0,0,0,0,0,0,False,0,0,0,0,0,0,0,0,0,0,0,0,0,0,False
8456,5,0,0,48,,5,360,1080,60.0,36,60,0,0,0,0,0,1,0,0,0,0,0,0,False,0,0,0,0,0,0,0,0,0,0,0,0,0,1,1,0,0,1,0,0,0,1,0,0,1,0,0,0,0,0,0,0,0,0,0,0,0,0,0,0,0,0,0,False,0,0,0,0,0,0,0,0,0,0,0,0,0,0,False
6535,5,0,0,24,,5,360,1080,60.0,36,60,0,0,0,0,0,1,0,0,0,0,0,0,False,0,0,0,0,0,0,0,0,0,0,0,0,0,0,0,0,0,1,0,0,0,1,0,0,1,0,0,0,0,0,0,0,0,0,0,0,0,0,0,0,0,0,0,False,0,0,0,0,0,0,0,0,0,0,0,0,0,0,False
13867,4,0,0,24,,5,360,1080,60.0,36,60,0,0,0,0,0,1,0,0,0,0,0,0,False,0,0,0,0,0,0,0,0,0,0,0,0,0,0,0,0,0,1,0,0,0,0,0,0,1,0,0,0,0,0,0,0,0,0,0,0,0,0,0,0,0,0,0,False,0,0,0,0,0,0,0,0,0,0,0,0,0,0,False
13301,4,0,0,46,,5,360,1080,60.0,36,60,0,0,0,0,0,1,0,0,0,0,0,0,False,0,0,0,0,0,0,0,0,0,0,0,0,0,0,0,0,0,1,0,0,0,0,0,0,1,0,0,0,0,0,0,0,0,0,0,0,0,0,0,0,0,0,0,False,0,0,0,0,0,0,0,0,0,0,0,0,0,0,False
13215,4,0,0,24,,5,510,690,15.0,36,60,0,0,0,0,0,1,0,0,0,0,0,0,False,0,0,0,0,1,0,0,0,1,0,0,1,0,0,0,0,0,0,0,1,0,1,0,0,0,1,0,0,0,0,0,0,1,0,0,0,0,0,0,0,0,0,0,False,0,0,0,0,0,0,0,0,0,0,0,0,0,0,False
10846,4,1,0,24,,5,480,660,15.0,36,60,0,0,0,0,0,1,0,0,0,0,0,0,False,0,0,0,0,0,0,0,0,1,1,0,1,0,0,0,1,0,0,1,1,0,1,0,1,1,1,0,0,0,0,0,0,0,0,0,0,1,0,0,0,0,0,0,False,0,0,0,0,0,0,0,0,1,1,0,0,0,0,False
18751,5,0,0,24,,5,450,1050,50.0,24,60,0,0,0,0,0,1,0,0,0,0,0,0,False,0,0,0,0,1,0,0,0,0,0,0,0,0,0,0,0,0,1,1,1,0,0,0,0,0,0,0,0,0,0,0,0,0,0,0,0,0,0,0,0,0,0,0,False,0,0,0,0,0,0,0,0,0,0,0,0,0,0,False
7400,5,0,0,24,,5,510,690,15.0,24,72,0,0,0,0,0,1,0,0,0,0,0,0,False,0,0,0,0,0,0,0,0,0,0,0,0,0,0,0,0,0,0,1,1,0,0,0,0,0,0,0,0,0,0,0,0,0,0,0,0,0,0,0,0,0,0,0,False,0,0,0,0,0,0,0,0,0,0,0,0,0,0,False
3867,5,0,0,48,,5,450,1050,50.0,24,60,0,0,0,0,0,1,0,0,0,0,0,0,False,0,0,0,0,1,0,0,0,1,0,0,1,1,0,0,0,0,1,1,1,0,1,0,0,0,1,0,0,0,0,0,0,0,0,0,0,0,0,0,0,0,0,0,False,0,0,0,0,0,0,0,0,0,0,0,0,0,0,False
9865,3,1,0,52,,5,450,660,17.5,36,60,0,0,0,0,0,1,0,0,0,0,0,0,False,0,0,0,0,1,0,0,1,1,0,0,1,1,0,0,0,0,0,0,1,0,1,0,0,0,0,0,0,0,0,0,0,0,0,0,0,0,0,0,0,0,0,0,False,0,0,0,0,0,0,0,0,0,0,0,0,0,0,False
7125,2,0,0,132,,5,390,1110,60.0,1,144,0,0,0,0,0,1,0,0,0,0,0,0,False,0,0,0,0,0,0,0,1,1,1,1,1,1,1,1,0,0,1,1,1,0,1,0,1,1,0,0,0,0,0,0,0,0,0,0,0,0,0,0,0,0,0,0,False,0,0,0,0,0,0,0,0,0,0,0,0,0,0,False
7909,3,0,0,90,,5,390,1080,57.5,1,60,0,0,0,0,0,1,0,0,0,0,0,0,False,0,0,0,0,1,0,0,1,1,0,0,1,1,0,0,1,0,1,1,1,0,1,0,1,1,0,0,0,0,1,0,0,0,0,0,0,0,0,0,0,0,0,0,False,0,0,0,0,0,0,0,0,0,0,0,0,0,0,False
5349,3,0,1,128,1,5,390,1080,57.5,1,144,1,0,0,0,0,1,0,0,0,0,0,0,False,0,0,0,0,1,0,0,0,1,1,0,1,1,1,1,0,0,1,1,1,0,0,0,0,1,0,0,0,0,1,0,1,1,1,0,0,0,1,0,1,0,0,0,False,1,1,1,1,1,0,0,0,0,0,0,1,0,0,False
12379,2,0,0,84,,5,390,1110,60.0,0,11,0,0,0,0,0,1,0,0,0,0,0,0,False,0,0,0,0,1,0,0,1,1,0,0,1,1,1,1,1,0,1,1,1,1,1,0,1,1,0,0,0,0,1,0,0,0,0,0,0,0,0,0,0,0,0,0,False,0,0,0,0,0,0,0,0,0,0,0,0,0,0,False
2376,2,0,0,80,1,5,420,1080,55.0,0,11,0,0,0,0,0,1,0,0,1,0,0,0,False,0,0,0,0,1,0,0,1,1,0,0,1,1,0,0,1,0,1,1,1,1,1,0,1,1,0,0,0,0,1,0,0,0,0,0,0,0,0,0,0,0,0,0,False,0,0,0,0,0,0,0,0,0,0,0,0,0,0,False
2676,2,1,0,98,,5,390,1110,60.0,0,11,0,0,0,0,0,1,0,0,0,0,0,0,False,0,0,0,0,0,0,0,1,1,0,0,1,0,1,1,1,0,1,1,1,1,1,0,1,1,0,0,0,0,0,0,0,0,0,0,0,0,0,0,0,0,0,0,False,0,0,0,0,0,0,0,0,0,0,0,0,0,0,False
17226,3,1,0,168,,5,390,1110,60.0,0,144,0,0,0,0,0,1,0,0,0,0,0,0,False,0,0,0,0,1,0,0,1,1,0,0,1,1,1,1,1,0,1,1,1,1,1,0,1,1,0,0,0,1,1,0,0,0,0,1,0,0,0,0,0,0,0,0,False,0,0,0,0,0,0,0,0,0,0,0,0,0,0,False
9926,2,1,0,134,0,5,390,1110,60.0,1,60,0,0,0,0,1,1,1,0,0,0,0,0,False,0,0,0,0,1,0,0,1,1,0,0,1,1,1,1,1,1,1,1,1,1,1,0,1,1,0,0,0,0,1,0,0,0,0,0,0,0,0,0,0,0,0,0,False,0,0,0,0,0,0,0,0,0,0,0,0,0,0,False
561,2,1,0,160,,5,420,1080,55.0,1,144,0,0,0,0,0,1,1,1,0,0,0,0,True,0,0,0,0,1,0,0,1,1,0,0,1,1,1,1,0,1,1,1,1,1,1,0,1,1,0,0,0,0,1,0,0,0,0,0,0,0,0,0,0,0,0,0,False,0,0,0,0,0,0,0,0,0,0,0,0,0,0,False
6570,2,0,0,144,,5,390,1080,57.5,1,72,0,0,0,0,1,1,1,0,0,0,0,1,False,0,0,0,0,0,0,0,1,1,0,0,1,1,0,0,1,0,1,1,1,0,1,0,1,1,0,0,0,0,1,0,0,0,0,0,0,0,0,0,0,0,0,0,False,0,0,0,0,0,0,0,0,0,0,0,0,0,0,False
2165,4,1,0,24,,5,480,960,40.0,36,60,0,0,0,0,0,1,0,0,0,0,0,0,False,0,0,0,0,1,0,0,0,1,0,0,1,1,0,0,0,0,0,0,1,0,1,0,0,1,0,0,0,0,0,0,0,0,0,0,0,0,0,0,0,0,0,0,False,0,0,0,0,0,0,0,0,0,0,0,0,0,0,False
3014,4,0,0,34,,5,480,930,37.5,24,60,0,0,0,0,0,1,0,0,0,0,0,0,True,0,1,0,0,0,0,0,1,0,0,0,0,1,0,0,0,0,1,0,1,0,1,0,0,0,0,0,0,0,0,0,1,0,0,0,0,0,0,0,0,1,0,0,False,0,1,0,0,1,0,0,1,0,0,0,0,0,0,False
7899,5,1,0,24,,5,510,690,15.0,36,60,0,0,0,0,0,1,0,0,0,0,0,0,False,0,0,0,0,0,0,0,1,0,0,0,0,0,0,0,0,0,0,0,1,0,1,0,0,1,1,0,0,0,0,0,0,1,0,0,0,0,0,0,0,0,0,0,False,0,0,0,0,0,0,0,0,1,1,0,0,0,1,False
12946,2,1,0,105,,5,540,915,31.25,36,60,0,0,0,0,0,1,0,0,0,0,0,0,False,0,0,0,0,0,0,0,1,0,0,0,0,1,0,0,0,0,1,0,1,0,1,0,0,1,0,0,0,0,1,0,0,0,0,0,0,0,0,0,0,0,0,0,False,0,0,0,0,0,0,0,1,0,0,0,0,0,0,False
8844,3,1,0,46,,5,450,1080,52.5,2,72,0,0,0,0,0,1,0,0,0,0,0,0,False,0,0,0,0,1,0,0,0,1,1,0,1,1,0,0,0,0,1,1,1,0,0,0,0,1,1,1,1,1,0,0,0,1,0,0,0,0,1,0,0,0,0,0,False,0,1,0,0,1,0,0,0,0,0,0,0,0,0,False
1781,3,1,0,49,,5,480,1020,45.0,24,60,0,0,0,0,0,1,0,0,0,0,0,0,False,0,0,1,0,1,0,0,1,0,0,0,0,1,0,0,0,0,1,1,0,0,0,0,0,1,0,0,0,0,1,0,1,1,1,0,0,0,1,0,0,0,1,0,False,0,1,0,0,1,0,0,0,0,0,0,1,0,0,False
11942,4,0,0,72,,5,450,1050,50.0,36,60,0,0,0,0,0,1,0,0,0,0,0,0,False,0,0,0,0,1,0,0,1,1,0,0,1,1,0,0,0,0,1,1,1,0,1,0,1,1,1,0,1,0,1,0,0,0,0,0,0,0,0,0,0,0,0,0,False,0,0,0,0,1,0,0,0,0,0,0,0,0,0,False
10340,4,1,1,48,,5,450,1080,52.5,3,60,1,0,0,0,0,1,0,0,0,0,0,0,False,0,0,0,0,0,0,0,1,0,0,0,0,1,0,0,0,0,1,1,0,0,0,0,0,1,0,0,0,0,0,0,0,0,0,0,0,0,0,0,0,0,0,0,False,0,1,0,0,0,0,0,0,0,0,0,0,0,0,False
17177,3,1,0,98,1,,,,,24,60,0,0,1,1,1,1,1,0,0,0,0,0,True,0,0,0,0,1,0,1,0,1,1,0,1,1,0,0,0,0,1,0,1,0,1,0,0,1,0,0,1,0,0,0,0,0,0,0,0,0,0,0,0,0,0,0,False,0,0,0,0,0,0,0,0,0,0,0,1,0,0,False
18478,2,0,0,120,0,5,450,1080,52.5,24,72,0,0,0,0,0,1,0,0,0,0,0,0,False,0,0,0,0,0,0,0,1,0,0,0,0,1,0,0,0,0,1,1,1,0,1,0,0,1,0,0,0,0,0,0,0,0,0,0,0,0,0,0,0,0,0,0,False,0,0,0,0,0,0,0,1,0,0,0,0,0,0,False
12549,5,1,0,24,,5,480,900,35.0,36,60,0,0,0,0,0,1,0,0,0,0,0,0,False,0,0,0,0,1,0,0,0,1,0,0,1,0,0,0,0,0,1,0,1,0,1,0,0,1,1,1,0,0,0,0,0,0,0,0,0,0,0,0,0,0,0,0,False,0,0,0,0,0,0,0,0,1,1,0,1,0,0,False
10436,3,1,0,132,0,5,420,1050,52.5,12,60,0,0,0,1,0,1,1,0,0,0,0,0,False,1,0,0,0,1,0,0,0,1,0,0,0,1,0,0,0,0,1,1,1,0,0,0,0,1,1,0,0,0,0,0,0,0,0,0,0,1,1,0,0,0,0,0,False,0,0,0,0,0,0,0,0,0,0,0,0,0,0,False
16461,5,1,0,48,,5,480,660,15.0,36,60,0,0,0,0,0,1,0,0,0,0,0,0,False,0,0,0,0,1,0,0,0,1,0,0,1,0,0,0,0,0,0,0,1,0,1,0,0,1,1,0,0,0,0,0,0,1,0,0,0,0,0,0,0,0,0,0,False,0,0,0,0,0,0,0,0,1,1,0,0,0,1,False
7284,4,1,1,129,,4,390,1080,46.0,4,60,1,0,0,1,0,1,0,0,0,0,0,0,False,0,0,0,0,1,1,0,1,0,0,0,0,1,0,0,1,0,1,1,1,0,0,0,0,1,0,0,1,0,0,1,0,0,0,0,0,0,0,0,0,0,0,0,False,0,1,0,1,0,0,0,0,0,0,0,1,0,0,False
7630,4,1,0,60,,5,510,1410,75.0,24,60,0,0,0,0,0,1,0,0,0,0,0,0,False,0,0,0,0,0,0,0,0,0,0,0,0,0,0,0,0,0,0,0,1,0,1,0,0,0,1,0,0,0,0,0,0,1,0,0,0,0,1,0,0,0,0,0,False,0,1,0,0,1,0,0,0,0,0,0,1,0,0,False
15092,3,0,0,66,1,5,390,1080,57.5,0,11,0,0,0,0,0,1,0,0,0,0,0,0,False,0,0,0,0,1,0,0,0,1,0,0,1,1,0,0,1,0,1,1,1,1,1,0,1,1,0,0,0,0,1,0,0,0,0,0,0,0,0,0,0,0,0,0,False,0,0,0,0,0,0,0,0,0,0,0,0,0,0,False
15140,4,1,0,16,,5,510,720,17.5,24,60,0,0,0,0,0,1,0,0,0,0,0,0,False,0,0,0,0,0,0,0,0,1,1,0,1,0,0,0,0,0,0,0,1,0,1,0,0,0,1,0,0,0,0,0,0,1,0,0,0,0,1,0,0,0,1,0,False,1,1,0,0,1,0,0,0,0,0,0,0,0,1,False
12436,5,0,0,24,,5,360,1080,60.0,36,60,0,0,0,0,0,1,0,0,0,0,0,0,False,0,0,0,0,0,0,0,0,0,0,0,0,0,0,0,0,0,1,0,0,0,1,0,0,1,0,0,0,0,0,0,0,0,0,0,0,0,0,0,0,0,0,0,False,0,0,0,0,0,0,0,0,0,0,0,0,0,0,False
6708,5,0,0,24,,5,495,855,30.0,36,60,0,0,0,0,0,1,0,0,0,0,0,0,False,0,0,0,0,0,0,0,0,1,0,0,1,0,0,0,0,0,1,0,0,0,1,0,0,1,0,0,0,0,0,0,0,0,0,0,0,0,0,0,0,0,0,0,False,0,0,0,0,0,0,0,0,0,0,0,0,0,0,False
5902,5,0,0,63,,5,420,1050,52.5,36,60,0,0,0,0,0,1,0,0,0,0,0,0,False,0,0,0,0,0,0,0,0,0,0,0,0,0,0,0,0,0,1,1,0,0,1,0,0,1,0,0,0,0,0,0,0,0,0,0,0,0,0,0,0,0,0,0,False,0,0,0,0,0,0,0,0,0,0,0,0,0,0,False
17984,4,0,0,81,,5,360,1080,60.0,36,60,0,0,0,0,0,1,0,0,0,0,0,0,False,0,0,0,0,0,0,0,0,0,0,0,0,0,0,0,0,0,1,0,0,0,1,0,0,1,0,0,0,0,0,0,0,0,0,0,0,0,0,0,0,0,0,0,False,0,0,0,0,0,0,0,0,0,0,0,0,0,0,False
17997,5,1,0,29,,5,495,855,30.0,36,60,0,0,0,0,0,1,0,0,0,0,0,0,False,0,0,0,0,1,0,0,1,1,1,0,1,0,0,0,1,0,1,0,0,0,1,0,0,1,0,0,0,0,0,0,0,0,0,0,0,0,0,0,0,0,0,0,False,0,0,0,0,0,0,0,0,0,0,0,0,0,0,False
14957,4,0,0,48,,5,360,1080,60.0,0,11,0,0,0,0,0,1,0,0,0,0,0,0,False,0,0,0,0,0,0,0,0,0,0,0,0,0,0,0,0,0,1,0,0,0,1,0,1,1,0,0,0,0,0,0,0,0,0,0,0,0,0,0,0,0,0,0,False,0,0,0,0,0,0,0,0,0,0,0,0,0,0,False
7590,4,0,0,24,,5,360,1080,60.0,36,60,0,0,0,0,0,1,0,0,0,0,0,0,False,0,0,0,0,0,0,0,0,0,0,0,0,0,0,0,0,0,1,0,0,0,1,0,0,1,0,0,0,0,0,0,0,0,0,0,0,0,0,0,0,0,0,0,False,0,0,0,0,0,0,0,0,0,0,0,0,0,0,False
4041,4,0,0,24,,5,360,1080,60.0,36,60,0,0,0,0,0,0,0,0,0,0,0,0,False,0,0,0,0,0,0,0,0,0,0,0,0,0,0,0,0,0,1,0,0,0,1,0,0,1,0,0,0,0,0,0,0,0,0,0,0,0,0,0,0,0,0,0,False,0,0,0,0,0,0,0,0,0,0,0,0,0,0,False
13849,4,,0,42,,5,480,660,15.0,36,48,0,0,0,0,0,1,0,0,0,0,0,0,False,0,0,0,0,1,0,0,0,0,1,0,0,0,0,0,0,0,0,0,1,0,1,0,0,0,1,0,0,0,0,0,0,0,0,0,0,0,0,0,0,0,0,0,False,0,0,0,0,0,0,0,0,0,0,0,0,0,0,False
10464,5,1,0,52,,5,460,640,15.0,36,60,0,0,0,0,0,1,0,0,0,0,0,0,True,0,0,0,0,1,0,1,1,0,0,0,0,1,0,0,0,0,0,0,1,0,1,0,0,1,1,0,0,0,0,0,0,1,0,0,0,0,0,1,0,0,0,0,False,0,0,0,0,0,0,0,0,1,1,0,0,0,0,False
8695,4,1,0,48,,,,,,36,60,0,0,0,0,0,1,0,0,0,0,0,0,False,1,0,0,0,1,0,0,0,1,1,0,1,1,0,0,0,0,0,0,1,0,1,0,0,1,0,0,0,0,0,0,0,0,0,0,0,0,0,0,0,0,0,0,False,0,0,0,0,0,0,0,0,0,0,0,0,0,0,False
17567,4,,0,20,,5,480,1380,75.0,36,60,0,0,0,0,0,1,0,0,0,0,0,0,False,0,0,0,0,1,0,0,0,0,1,0,0,0,0,0,0,0,0,0,1,0,1,0,0,0,1,0,0,0,0,0,0,0,0,0,0,0,0,0,0,0,0,0,False,0,0,0,0,0,0,0,0,0,0,0,0,0,0,False
2146,4,1,0,88,,5,480,720,20.0,24,60,0,0,0,0,0,1,0,0,0,0,0,0,False,0,0,0,0,1,0,0,0,1,0,1,1,0,0,0,0,0,1,1,1,0,1,0,1,1,1,0,0,0,0,0,0,1,0,0,0,0,0,0,0,0,0,0,False,0,1,0,0,1,0,0,0,1,0,0,0,0,0,False
4872,4,1,0,63,1,5,420,1080,55.0,1,72,0,0,0,0,0,1,0,0,0,0,0,0,False,0,0,0,0,1,0,0,1,1,0,0,0,1,0,0,0,0,1,1,1,0,0,0,0,1,0,0,0,0,0,0,0,1,0,0,0,0,1,0,0,0,0,0,False,0,1,0,1,1,0,0,0,0,0,0,0,0,0,False
10989,4,0,0,84,1,,,,,24,144,0,0,0,0,0,1,0,0,0,0,0,0,False,1,0,0,0,1,0,0,1,1,1,0,1,1,1,1,0,0,1,1,1,0,1,0,1,1,0,0,0,0,0,0,0,0,0,0,0,0,0,0,0,0,0,0,False,0,0,0,0,0,0,0,0,0,0,0,1,0,0,False
8453,5,0,0,23,,5,510,690,15.0,36,60,0,0,0,0,0,1,0,0,0,0,0,0,False,0,0,0,0,0,0,0,0,1,0,0,0,0,0,0,0,0,0,0,1,0,1,0,0,1,1,0,0,0,0,0,0,0,0,0,0,0,0,0,0,0,0,0,False,0,0,0,0,0,0,0,0,0,1,0,0,0,0,False
15812,5,1,0,24,,5,510,690,15.0,36,48,0,0,0,0,0,1,0,0,0,0,0,0,False,0,0,0,0,1,0,0,0,1,0,0,0,0,0,0,0,0,0,0,1,0,1,0,0,1,0,0,0,0,0,0,0,1,0,0,0,0,0,0,0,0,0,0,False,0,0,0,0,0,0,0,0,1,1,0,0,0,0,False
15112,5,1,0,24,,5,510,690,15.0,36,48,0,0,0,0,0,1,0,0,0,0,0,0,False,0,0,0,0,1,0,0,0,1,0,0,0,0,0,0,0,0,0,0,1,0,1,0,0,1,0,0,0,0,0,0,0,1,0,0,0,0,0,0,0,0,0,0,False,0,0,0,0,0,0,0,0,1,1,0,0,0,0,False
10757,5,1,0,24,,5,510,690,15.0,36,60,0,0,0,0,0,1,0,0,0,0,0,0,False,0,0,0,0,0,0,0,0,0,0,0,1,0,0,0,0,0,0,0,1,0,1,0,0,1,1,0,0,0,0,0,0,0,0,0,0,0,0,0,0,0,0,0,False,0,0,0,0,0,0,0,0,1,1,0,0,0,0,False
8506,5,1,0,24,,5,510,690,15.0,36,60,0,0,0,0,0,1,0,0,0,0,0,0,False,0,0,0,0,0,0,0,0,0,0,0,1,0,0,0,0,0,0,0,1,0,1,0,0,1,1,0,0,0,0,0,0,1,0,0,0,0,0,0,0,0,0,0,False,0,0,0,0,0,0,0,0,1,1,0,0,0,1,False
9987,4,1,0,24,,5,510,900,32.5,36,48,0,0,0,0,0,1,0,0,0,0,0,0,False,0,0,0,0,1,0,0,0,0,1,0,0,0,0,0,0,0,0,1,1,0,1,0,1,1,1,0,0,0,0,0,0,0,0,1,0,0,0,0,0,0,0,0,False,0,0,0,0,0,0,0,0,0,0,0,1,1,1,False
2497,5,1,0,24,,5,450,630,15.0,36,60,0,0,0,0,0,1,0,0,0,0,0,0,False,0,0,0,0,1,0,0,0,1,0,0,1,0,0,0,0,0,0,0,1,0,1,0,0,1,1,0,0,0,0,0,0,1,0,0,0,0,0,0,0,0,0,0,False,0,0,0,0,1,0,0,0,1,1,0,0,0,1,False
5750,4,0,0,30,,5,480,885,33.75,36,48,0,0,0,0,0,1,0,0,0,0,0,0,False,0,0,0,0,1,0,0,1,0,0,0,0,1,0,0,0,0,0,0,1,0,1,0,0,1,0,0,0,0,0,0,0,0,0,0,0,0,0,0,0,0,0,0,False,0,0,0,0,0,0,0,0,0,0,0,0,0,0,False
15458,4,1,0,24,0,5,390,1080,57.5,24,60,0,0,0,0,0,1,0,0,0,0,0,0,False,0,0,0,0,1,0,0,1,0,0,0,1,1,0,0,0,0,1,1,1,0,0,0,0,1,0,0,0,0,1,0,0,0,0,0,0,0,0,0,0,0,0,0,False,0,0,0,0,0,0,0,0,0,0,0,0,0,0,False
14769,4,1,0,24,1,5,480,660,15.0,24,60,0,0,0,0,0,1,0,0,0,0,0,0,False,0,0,0,0,0,0,0,1,0,0,0,0,1,0,0,0,0,0,0,1,0,1,0,0,1,0,0,0,0,1,0,0,0,0,1,0,0,0,0,0,0,0,0,False,0,0,0,0,0,0,0,0,0,0,0,0,0,0,False
15221,4,1,0,48,,5,390,1080,57.5,0,11,0,0,0,0,0,1,0,0,0,0,0,0,False,0,0,0,0,1,0,0,1,1,0,0,1,0,0,0,0,0,1,1,1,0,1,0,1,1,0,0,0,0,0,0,0,0,0,0,0,0,0,0,0,0,0,0,False,0,0,0,0,0,0,0,0,0,0,0,0,0,0,False
16569,5,1,0,48,0,5,390,1080,57.5,24,60,0,0,0,0,0,1,0,0,0,0,0,0,False,0,0,0,0,1,0,0,1,0,0,0,1,1,0,0,1,0,1,1,1,1,1,0,1,1,0,0,0,1,1,0,0,0,0,1,0,0,0,0,0,0,0,0,False,0,0,0,0,0,0,0,0,0,0,0,0,0,0,False
7612,5,1,0,57,0,5,390,1080,57.5,24,60,0,0,0,0,0,1,0,0,0,0,0,0,False,0,0,0,0,1,0,0,1,0,0,0,1,1,0,0,0,0,0,1,1,0,0,0,0,1,0,0,0,0,1,0,0,0,0,0,0,0,0,0,0,0,0,0,False,0,0,0,0,0,0,0,0,0,0,0,0,0,0,False
16761,4,0,0,24,,5,495,900,33.75,24,60,0,0,0,0,0,1,0,0,0,0,0,0,False,0,0,0,0,1,0,0,1,0,0,0,0,1,0,0,0,0,0,0,1,0,1,0,0,1,0,0,0,0,0,0,0,0,0,0,0,0,0,0,0,0,0,0,False,0,0,0,0,0,0,0,0,0,0,0,0,0,0,False
7429,5,0,0,20,,5,360,1080,60.0,36,48,0,0,0,0,0,1,0,0,0,0,0,0,False,0,0,0,0,0,0,0,1,0,0,0,1,1,0,0,0,0,1,0,1,0,1,0,0,1,1,0,0,0,0,0,0,0,0,0,0,0,0,0,0,0,0,0,False,0,0,0,0,0,0,0,0,0,1,0,0,0,0,False
15652,4,0,0,20,,5,435,1035,50.0,24,60,0,0,0,0,0,1,0,0,0,0,0,0,False,0,0,0,0,1,0,0,0,1,0,0,1,1,0,0,0,0,0,0,1,0,1,0,0,1,0,0,0,0,0,0,0,0,0,0,0,0,0,0,0,0,0,0,False,0,0,0,0,0,0,0,0,0,0,0,0,0,0,False
3206,4,1,0,121,,5,420,1020,50.0,12,60,0,0,0,0,0,1,1,0,0,0,0,0,False,0,0,0,0,1,0,0,0,1,1,0,1,1,0,0,0,0,1,1,0,0,1,1,1,0,0,1,1,0,0,0,0,1,0,0,0,0,0,0,0,0,0,0,False,0,0,0,0,1,0,0,0,1,1,0,0,0,0,False
7634,5,1,0,40,,5,420,1020,50.0,36,60,0,0,0,0,0,1,0,0,0,0,0,0,False,0,0,0,0,1,0,0,1,0,1,0,1,1,0,0,0,0,1,0,0,0,1,0,0,1,1,1,0,0,0,0,0,1,0,0,0,0,0,0,0,0,0,0,False,0,0,0,0,1,0,0,0,1,1,0,0,0,0,False
17841,4,1,0,82,,5,390,1020,52.5,36,60,0,0,0,0,0,1,0,0,0,0,0,0,False,0,0,0,0,1,0,0,0,1,1,0,1,1,0,0,0,0,1,1,1,0,1,1,1,0,1,1,0,0,0,0,0,0,0,0,0,0,0,0,0,0,0,0,False,0,0,0,0,1,0,0,0,1,1,0,1,0,1,True
16642,4,1,0,75,,5,420,1020,50.0,12,48,0,0,0,0,0,1,0,0,0,0,0,0,False,0,0,0,0,1,0,0,1,1,1,0,1,1,0,0,0,0,1,1,1,0,1,1,1,0,1,1,0,0,0,0,0,1,0,0,0,0,0,0,0,0,0,0,False,0,0,0,0,1,0,0,0,1,1,0,0,0,0,False
12476,5,1,0,76,,7,360,1320,112.0,12,60,0,1,0,0,0,1,0,0,0,0,0,0,True,0,0,0,0,1,1,0,1,1,1,0,1,1,0,0,0,0,1,0,1,0,1,0,0,0,1,1,0,0,0,0,0,1,0,0,0,0,0,0,0,0,0,0,False,0,0,0,0,1,0,0,0,1,1,0,1,0,1,True
6926,4,1,0,60,,5,450,990,45.0,36,60,0,0,0,0,0,1,0,0,0,0,0,0,False,0,0,0,0,1,0,0,1,0,1,0,1,1,0,0,0,0,1,0,1,0,1,0,0,0,0,1,1,0,0,0,0,1,0,0,0,0,0,0,0,0,0,0,False,0,0,0,0,1,0,0,0,1,1,0,0,0,0,False
12098,5,1,0,58,,5,450,870,35.0,12,60,0,0,0,0,0,1,0,0,0,0,0,0,False,0,0,0,0,1,0,0,0,1,1,0,1,1,0,0,0,0,1,1,1,0,1,1,1,0,0,1,1,0,0,0,0,1,0,0,0,0,0,0,0,0,0,0,False,0,0,0,1,1,0,0,0,1,1,0,0,0,0,False
10483,4,1,0,50,,5,450,690,20.0,36,60,0,0,0,0,0,1,0,0,0,0,0,0,False,0,0,0,0,1,0,0,1,1,1,0,1,1,0,0,0,0,0,0,1,0,1,0,0,1,0,1,0,0,0,0,0,1,0,0,0,0,0,0,0,0,0,0,False,0,0,0,0,1,0,0,0,1,1,0,1,0,1,True
9863,4,1,0,40,,5,450,840,32.5,36,60,0,0,0,0,0,1,0,0,0,0,0,0,False,0,0,0,0,1,0,0,1,1,1,0,1,1,0,0,0,0,0,0,1,0,1,0,0,0,0,1,1,0,0,0,0,1,0,0,0,0,0,0,0,0,0,1,False,0,0,0,0,0,0,0,0,1,1,0,0,0,0,False
12113,5,1,0,72,,5,420,1020,50.0,11,60,0,0,0,0,0,1,0,0,0,0,0,0,False,0,0,0,0,1,0,0,0,1,1,0,1,1,0,0,0,0,1,0,1,0,1,0,0,0,1,1,0,0,0,0,0,1,0,0,0,0,0,0,0,0,0,0,False,0,0,0,0,1,0,0,0,1,1,0,1,0,1,False
17794,2,1,0,46,,5,450,930,40.0,24,60,0,0,0,0,0,1,0,0,0,0,0,0,False,0,0,0,0,1,0,0,0,1,1,0,1,1,0,0,0,0,1,1,1,0,0,0,0,0,0,0,0,0,0,0,0,0,0,0,0,0,0,0,0,0,0,0,False,0,0,0,0,0,0,0,0,0,0,0,0,0,0,False
16618,4,0,0,50,,5,510,960,37.5,36,60,0,0,0,0,0,1,0,0,0,0,0,0,False,0,0,0,0,1,0,0,1,1,0,0,1,1,0,0,0,0,0,1,1,0,1,0,1,1,0,0,0,0,1,0,0,0,0,1,0,0,0,0,0,0,0,0,False,0,0,0,0,0,0,0,0,0,0,0,0,0,0,False
4711,4,0,0,48,,5,360,1050,57.5,36,60,0,0,0,0,0,1,0,0,0,0,0,0,False,0,0,0,0,1,0,0,1,0,0,0,0,1,0,0,0,0,1,1,0,0,0,0,0,1,0,0,0,0,0,0,0,0,0,0,0,0,0,0,0,0,0,0,False,0,0,0,0,0,0,0,0,0,0,0,0,0,0,False
9415,4,1,0,90,,5,390,1050,55.0,24,60,0,0,0,0,0,1,0,0,0,0,0,0,False,0,0,0,0,1,0,0,0,1,1,0,1,1,0,0,0,0,1,1,1,1,1,0,1,0,0,1,1,0,0,0,0,1,0,0,0,0,0,0,0,0,0,0,False,0,0,0,1,1,0,0,0,1,1,0,0,0,0,False
14855,3,0,0,42,,5,420,960,45.0,12,60,0,0,0,0,0,1,0,0,0,0,0,0,False,0,0,0,0,1,0,0,0,1,0,0,1,1,0,0,0,0,1,1,1,0,1,0,1,1,0,1,1,0,0,0,0,0,0,0,0,0,0,0,0,0,0,0,False,0,0,0,0,0,0,0,0,0,0,0,0,0,0,False
19202,5,0,0,44,,5,360,990,52.5,24,60,0,0,0,0,0,1,0,0,0,0,0,0,False,0,0,0,0,1,0,0,0,1,1,0,1,1,0,0,0,0,1,1,1,0,0,0,0,0,1,0,0,0,0,0,0,0,0,0,0,0,0,0,0,0,0,0,True,0,0,0,0,0,0,0,0,0,0,0,0,0,0,False
5605,4,1,0,96,,5,390,1050,55.0,12,60,0,0,0,0,0,1,0,0,0,0,0,0,False,0,0,0,0,1,0,0,0,1,1,0,1,1,0,0,0,0,1,1,1,0,1,0,1,0,1,1,0,0,0,0,0,0,0,0,0,0,0,0,0,0,0,1,False,0,0,0,1,1,0,0,0,1,1,0,0,0,0,False
2282,3,0,0,74,,5,420,1050,52.5,0,60,0,0,0,0,0,1,0,0,0,0,0,0,False,0,0,0,0,1,0,0,0,0,0,0,0,0,0,0,0,0,1,1,1,0,0,0,0,1,0,0,0,0,0,0,0,0,0,0,0,0,0,0,0,0,0,0,False,0,0,0,0,0,0,0,0,0,0,0,0,0,0,False
4433,4,1,0,24,,5,480,930,37.5,0,11,0,0,0,0,0,1,0,0,0,0,0,0,False,0,0,0,0,1,0,0,1,0,0,0,0,1,0,0,0,0,0,0,1,0,1,0,0,1,0,0,0,0,1,0,0,0,0,0,0,0,0,0,0,0,0,0,False,0,0,0,0,0,0,0,0,0,0,0,0,0,0,False
13324,4,0,0,36,,5,510,690,15.0,24,72,0,0,0,0,0,1,0,0,0,0,0,0,False,0,0,0,0,0,0,0,1,0,0,0,0,0,0,0,0,0,0,0,1,0,1,0,0,1,0,0,0,0,0,0,0,0,0,0,0,0,0,0,0,0,0,0,False,0,0,0,0,0,0,0,0,0,0,0,0,0,0,False
7654,4,0,0,132,,5,450,1050,50.0,36,11,0,0,0,0,0,1,0,0,0,0,0,0,False,0,0,0,0,1,0,0,1,0,0,0,1,1,0,0,0,0,1,1,1,0,0,0,0,1,0,0,0,0,0,0,0,0,0,0,0,0,0,0,0,0,0,0,False,0,0,0,0,0,0,0,0,0,0,0,0,0,0,False
19104,4,1,0,178,,5,435,1050,51.25,2,48,0,0,0,0,0,1,0,0,0,0,0,0,False,0,0,0,0,0,0,0,1,0,0,0,0,1,0,0,0,0,1,1,1,0,1,0,0,1,0,0,0,0,0,0,0,0,0,0,0,0,0,0,0,0,0,0,False,0,0,0,0,0,0,0,1,0,0,0,0,0,0,False
1130,4,0,0,55,1,5,480,1080,50.0,1,60,0,0,0,0,0,1,0,0,0,0,0,0,False,0,0,0,0,1,0,0,0,1,1,0,1,0,0,0,0,0,1,1,1,0,1,0,1,1,0,0,0,0,0,0,0,0,0,0,0,0,0,0,0,0,0,0,False,0,0,0,0,0,0,0,0,0,0,0,0,0,0,False
1114,5,1,0,127,1,5,420,1020,50.0,12,60,0,0,0,0,0,1,1,1,0,0,0,0,True,0,0,0,0,1,1,0,1,1,1,0,1,1,0,0,0,0,1,1,1,0,0,0,0,0,1,0,1,0,0,0,0,1,0,0,0,0,0,0,0,0,0,0,False,0,0,0,0,0,0,0,0,0,0,0,0,0,0,False
371,4,1,0,24,,5,480,930,37.5,0,11,0,0,0,0,0,1,0,0,0,0,0,0,False,0,0,0,0,1,0,0,0,1,0,0,1,0,0,0,0,0,0,0,1,0,1,0,0,1,0,0,0,0,0,0,0,0,0,0,0,0,0,0,0,0,0,0,False,0,0,0,0,0,0,0,0,0,0,0,0,0,0,False
10605,4,,0,21,,5,420,1020,50.0,36,60,0,0,0,0,0,1,0,0,0,0,0,0,False,0,0,0,0,1,0,0,0,1,1,0,1,1,0,0,0,0,1,1,1,0,0,0,0,1,0,0,1,0,0,0,0,0,0,0,0,0,1,0,0,0,0,0,False,0,0,0,0,0,0,0,0,0,0,0,0,0,0,False
5280,4,,0,24,,5,450,1050,50.0,24,60,0,0,0,0,0,1,0,0,0,0,0,0,False,0,0,0,0,0,0,0,0,0,1,0,0,0,0,0,0,0,1,0,0,0,1,0,0,0,1,0,0,0,0,0,0,0,0,0,0,0,0,0,0,0,0,0,False,0,0,0,0,0,0,0,0,0,0,0,0,0,0,False
8799,3,1,0,96,,5,480,1050,47.5,24,60,0,1,0,0,0,1,0,0,0,0,0,0,False,0,0,0,0,1,0,0,1,0,0,0,0,1,0,0,0,0,1,1,1,0,1,0,1,1,0,0,0,0,0,0,0,1,1,0,0,0,1,0,0,0,0,0,True,0,1,0,1,1,0,0,0,1,0,0,0,0,0,False
11468,5,0,0,57,,5,465,1035,47.5,12,72,0,0,0,0,0,1,0,0,0,0,0,0,False,0,0,0,0,1,0,0,0,1,0,0,1,1,0,0,0,0,1,1,1,0,0,0,0,1,1,0,1,0,1,0,0,1,1,0,0,0,1,0,0,0,0,0,False,1,1,0,1,1,0,0,0,1,0,0,0,0,0,False
5538,4,,0,30,,5,450,960,42.5,24,60,0,0,0,0,0,1,0,0,0,0,0,0,False,0,0,0,0,1,0,0,0,0,1,0,0,0,0,0,0,0,1,0,0,0,0,0,1,0,0,1,0,1,0,0,0,0,0,0,0,0,0,0,0,0,0,0,False,0,0,0,0,0,0,0,0,0,0,0,0,0,0,False
7969,4,0,0,90,,5,360,1080,60.0,36,60,0,0,0,0,0,1,0,0,0,0,0,0,False,0,0,0,0,0,0,0,0,0,0,0,0,0,0,0,0,0,1,0,0,0,1,0,0,1,0,0,0,0,0,0,0,0,0,0,0,0,0,0,0,0,0,0,False,0,0,0,0,0,0,0,0,0,0,0,0,0,0,False
3417,5,0,0,24,,5,360,1080,60.0,0,11,0,0,0,0,0,1,0,0,0,0,0,0,False,0,0,0,0,0,0,0,0,0,0,0,0,0,0,0,0,0,1,0,0,0,1,0,0,1,0,0,0,0,0,0,0,0,0,0,0,0,0,0,0,0,0,0,False,0,0,0,0,0,0,0,0,0,0,0,0,0,0,False
222,4,1,1,150,,5,450,990,45.0,3,60,0,0,0,0,0,1,0,0,0,1,0,0,False,0,0,0,0,1,0,0,0,1,1,0,1,1,0,0,0,0,1,0,1,0,1,0,0,0,1,1,0,0,1,1,1,1,1,0,1,0,1,0,0,0,0,0,False,1,1,0,1,1,1,0,0,1,0,1,0,0,0,False
7950,4,1,0,40,,5,450,990,45.0,12,60,0,0,0,0,0,1,0,1,0,0,0,0,False,0,0,0,0,1,0,0,1,1,0,0,1,1,0,0,0,0,1,0,1,0,1,0,0,1,1,1,0,0,0,0,0,0,0,0,0,0,0,0,0,0,0,0,False,0,0,0,0,0,0,0,1,1,1,0,0,0,0,False
9916,5,1,0,76,,5,480,930,37.5,24,60,0,0,0,0,1,1,0,0,0,0,0,0,False,0,0,0,0,1,0,1,1,1,0,0,1,1,0,0,0,0,1,0,1,0,1,0,0,1,0,1,0,0,0,0,1,0,0,0,0,0,0,0,0,0,0,0,False,0,0,0,0,1,0,0,0,1,1,0,1,0,1,False
8170,5,1,0,88,,5,420,1020,50.0,36,60,0,0,0,0,0,1,0,0,0,0,0,0,False,0,1,0,1,1,0,0,0,1,0,0,1,1,0,0,0,0,1,0,0,0,1,0,0,1,0,1,0,0,0,0,0,1,0,0,0,0,0,0,0,0,0,0,False,0,0,0,0,1,0,0,0,1,1,0,0,0,0,False
13804,4,1,0,120,,5,450,900,37.5,24,60,0,0,0,0,0,1,0,0,0,0,0,0,False,0,0,0,0,1,0,0,1,1,1,0,1,1,0,0,0,0,1,0,1,0,1,0,0,1,0,1,1,0,0,0,0,1,0,0,0,0,0,0,0,0,0,0,False,0,0,0,0,0,0,0,0,1,1,0,1,0,0,True
18197,4,1,0,60,,5,390,1080,57.5,36,60,0,0,0,0,0,1,0,0,0,0,0,0,False,0,0,0,0,1,0,0,1,1,0,0,1,1,0,0,0,0,1,0,1,0,1,0,0,1,1,1,0,0,0,0,0,1,0,0,0,0,0,0,0,0,0,0,False,0,0,0,0,1,0,0,0,1,1,0,0,0,0,False
19101,5,1,0,40,,5,450,900,37.5,36,60,0,0,0,0,0,1,0,0,0,0,0,0,False,0,0,0,0,1,1,0,1,1,0,0,1,1,0,0,0,0,1,0,1,1,1,0,0,1,1,1,0,0,0,0,0,1,0,0,0,0,0,0,0,0,0,0,False,0,0,0,0,1,0,0,0,1,1,0,0,0,0,False
10309,5,1,0,88,,5,360,1080,60.0,12,60,0,0,0,1,0,1,0,0,0,0,0,0,False,0,0,0,0,1,0,1,1,1,0,0,1,1,0,0,0,0,1,0,1,0,1,0,0,1,1,1,0,0,0,0,0,0,0,0,0,0,0,0,0,0,0,0,False,0,0,0,0,0,0,0,0,1,1,0,0,0,0,False
3686,4,1,0,91,,5,450,1050,50.0,24,60,0,0,1,1,0,1,0,0,0,0,1,1,False,0,0,0,0,0,0,0,1,1,1,0,1,1,0,0,0,0,1,1,1,0,0,0,0,1,1,0,0,0,0,1,1,1,0,0,0,0,0,0,0,0,0,0,False,0,1,0,0,0,0,0,0,0,0,0,1,0,0,False
13249,5,0,0,24,,5,360,1080,60.0,0,11,0,0,0,0,0,1,0,0,0,0,0,0,False,0,0,0,0,0,0,0,0,0,0,0,0,0,0,0,0,0,1,1,0,0,0,0,0,1,0,0,0,0,0,0,0,0,0,0,0,0,0,0,0,0,0,0,False,0,0,0,0,0,0,0,0,0,0,0,0,0,0,False
7185,5,0,0,24,0,5,480,930,37.5,0,11,0,0,0,0,0,1,0,0,0,0,0,0,False,0,0,0,0,0,0,0,0,0,0,0,0,0,0,0,0,0,1,1,0,0,0,0,0,1,0,0,0,0,0,0,0,0,0,0,0,0,0,0,0,0,0,0,False,0,0,0,0,0,0,0,0,0,0,0,0,0,0,False
6135,5,0,0,48,,5,360,1080,60.0,0,11,0,0,0,0,0,1,0,0,0,0,0,0,False,0,0,0,0,0,0,0,0,0,0,0,0,0,0,0,0,0,1,1,0,0,0,0,0,1,0,0,0,0,0,0,0,0,0,0,0,0,0,0,0,0,0,0,False,0,0,0,0,0,0,0,0,0,0,0,0,0,0,False
6662,5,0,0,24,,5,450,960,42.5,0,11,0,0,0,0,0,1,0,0,0,0,0,0,False,0,0,0,0,0,0,0,0,0,0,0,0,0,0,0,0,0,1,1,0,0,0,0,0,1,0,0,0,0,0,0,0,0,0,0,0,0,0,0,0,0,0,0,False,0,0,0,0,0,0,0,0,0,0,0,0,0,0,False
634,5,1,0,24,,5,465,900,36.25,0,11,0,0,0,0,0,1,0,0,0,0,0,0,False,0,0,0,0,0,0,0,0,1,0,0,1,0,0,0,1,0,1,1,1,1,1,0,0,1,0,0,0,0,0,0,0,0,0,0,0,0,0,0,0,0,0,0,False,0,0,0,0,0,0,0,0,0,0,0,0,0,0,False
9554,5,1,0,72,,5,450,960,42.5,0,11,0,0,0,0,0,1,0,0,0,0,0,0,False,0,0,0,0,1,0,0,0,0,0,0,1,0,0,0,0,0,0,0,1,0,1,0,0,1,0,0,0,0,0,0,0,0,0,0,0,0,0,0,0,0,0,0,False,0,0,0,0,0,0,0,0,0,0,0,0,0,0,False
19430,5,1,0,48,,5,465,930,38.75,24,60,0,0,0,0,0,1,0,0,0,0,0,0,False,0,0,0,0,0,0,0,0,0,0,0,1,0,0,0,0,0,1,0,0,0,1,0,0,1,0,1,0,1,1,0,0,0,0,1,0,0,0,0,0,0,0,0,False,0,0,0,0,0,0,0,0,0,0,0,0,0,0,False
11555,4,1,0,48,0,5,360,1080,60.0,0,11,0,0,0,0,0,1,0,0,0,0,0,0,False,0,0,0,0,0,0,0,0,0,0,0,0,0,0,0,0,0,1,1,0,0,0,0,0,1,0,0,0,0,0,0,0,0,0,0,0,0,0,0,0,0,0,0,False,0,0,0,0,0,0,0,0,0,0,0,0,0,0,False
10035,4,1,0,72,,5,480,885,33.75,24,60,0,0,0,0,0,1,0,0,0,0,0,0,False,0,0,0,0,1,0,0,0,0,0,0,1,0,0,0,0,0,0,1,1,0,1,0,0,1,0,0,0,1,0,0,0,0,0,0,0,0,0,0,0,0,0,0,False,0,0,0,0,0,0,0,0,0,0,0,0,0,0,False
15577,4,1,0,48,,5,480,900,35.0,24,60,0,0,0,0,0,1,0,0,0,0,0,0,False,0,0,0,0,1,0,0,0,0,0,0,1,0,0,0,0,0,0,0,1,0,1,0,0,1,0,0,0,0,0,0,0,0,0,0,0,0,0,0,0,0,0,0,False,0,0,0,0,0,0,0,0,0,0,0,0,0,0,False
7822,4,0,0,48,,5,495,675,15.0,24,60,0,0,0,0,0,1,0,0,0,0,0,0,False,0,0,0,0,1,0,0,1,1,0,0,1,1,0,0,0,0,0,0,1,0,1,0,0,0,1,0,0,0,0,0,0,1,0,0,0,0,0,0,0,0,0,0,False,0,0,0,0,0,0,0,0,0,0,0,0,0,0,False
2087,4,1,0,207,,5,480,1020,45.0,24,168,0,0,0,0,0,1,0,0,0,0,0,0,False,0,0,0,0,1,1,0,0,1,1,0,1,1,1,1,0,0,1,1,1,0,0,0,0,1,1,0,0,0,0,0,0,1,1,0,0,0,1,0,1,1,0,0,True,1,1,1,1,1,0,0,0,0,0,0,0,1,1,False
11495,4,1,0,48,1,5,480,660,15.0,36,60,0,0,0,0,0,1,0,0,1,0,0,0,False,1,0,0,0,1,0,0,1,0,1,0,0,1,0,0,0,0,0,1,1,0,0,0,0,0,0,0,1,0,0,0,0,1,0,0,0,0,0,0,0,0,0,0,False,0,0,0,0,0,0,0,0,0,0,0,0,0,0,False
16867,4,0,0,90,,5,360,1080,60.0,36,60,0,0,0,0,0,1,0,0,0,0,0,0,False,0,0,0,0,0,0,0,0,0,0,0,0,0,0,0,0,0,1,0,0,0,1,0,0,1,0,0,0,0,0,0,0,0,0,0,0,0,0,0,0,0,0,0,False,0,0,0,0,0,0,0,0,0,0,0,0,0,0,False
864,4,0,0,187,,5,360,1080,60.0,1,60,0,0,0,0,0,1,0,0,0,0,0,0,False,0,0,0,0,0,0,0,0,0,0,0,0,0,0,0,0,0,1,0,0,0,1,0,0,1,0,0,0,0,0,0,0,0,0,0,0,0,0,0,0,0,0,0,False,0,0,0,0,0,0,0,0,0,0,0,0,0,0,False
15897,5,1,0,16,,5,510,990,40.0,36,60,0,0,0,0,0,1,0,0,0,0,0,0,True,0,0,0,0,1,0,0,0,0,1,0,0,0,0,0,0,0,0,1,1,0,1,0,1,1,1,1,0,0,0,0,0,0,0,0,0,0,0,0,0,0,0,0,False,0,0,0,0,0,0,0,0,0,0,0,1,1,1,False
5601,4,1,0,16,,4,510,990,32.0,36,60,0,0,0,0,0,1,0,0,0,0,0,0,False,0,0,0,0,1,0,0,0,0,1,0,0,0,0,0,0,0,0,1,1,0,1,0,1,1,0,1,0,0,0,0,0,0,0,0,0,0,0,0,0,0,0,0,False,0,0,0,0,0,0,0,0,0,0,0,1,1,1,False
15474,4,0,0,88,,4,480,960,32.0,36,72,0,0,0,0,0,1,0,0,0,0,0,0,False,0,0,0,0,1,0,0,0,0,0,0,0,0,0,0,0,0,0,1,1,0,0,0,0,0,0,1,0,0,0,0,0,0,0,0,0,0,0,0,0,0,0,0,False,0,0,0,0,0,0,0,0,0,0,0,0,0,0,False
14937,3,0,0,50,,5,420,1050,52.5,3,60,0,0,0,0,0,1,0,0,0,0,0,0,False,0,0,0,0,1,0,0,0,1,1,0,1,1,0,0,0,0,1,1,1,0,1,1,1,1,1,0,0,1,0,0,0,1,1,0,0,0,0,0,0,0,0,0,False,1,1,0,1,0,0,0,0,1,1,0,0,0,0,False
11226,5,0,0,24,,,,,,24,48,0,0,0,0,0,1,0,0,0,0,0,0,False,0,0,0,0,1,0,0,0,0,1,0,1,0,0,0,0,0,0,0,1,0,1,0,0,1,1,0,0,0,0,0,0,1,0,0,0,0,0,1,0,0,0,0,True,0,0,0,0,1,0,0,0,0,1,0,0,0,1,False
8979,5,0,0,89,,5,510,900,32.5,36,144,0,0,0,0,0,1,0,0,0,0,0,0,False,0,0,0,0,0,0,0,1,0,0,0,0,1,1,1,1,0,1,1,1,0,1,0,1,1,0,0,0,0,0,0,0,0,0,1,0,0,0,0,0,0,0,0,False,0,0,0,0,0,0,0,0,0,0,0,0,0,0,False
15342,5,1,0,56,,5,450,1080,52.5,24,60,0,0,0,0,0,1,0,0,0,0,0,1,False,0,0,0,0,1,0,0,0,1,1,1,1,1,0,0,0,0,1,1,0,0,0,0,0,0,1,0,0,1,0,0,0,1,1,1,1,0,1,0,0,1,0,0,True,1,1,1,1,1,0,0,0,0,0,0,0,0,0,False
15859,4,1,0,73,,5,450,1050,50.0,36,60,0,0,0,0,0,1,0,0,0,1,0,0,False,0,0,0,0,1,0,0,1,0,1,0,0,1,0,0,0,0,0,0,1,0,1,0,0,1,0,0,0,0,0,0,0,0,0,0,0,0,0,0,0,0,0,0,False,0,0,0,0,0,0,0,0,0,0,0,0,0,0,False
14939,5,1,0,72,,5,480,870,32.5,36,48,0,0,0,0,0,1,0,0,0,0,0,0,False,0,0,0,0,0,0,0,1,0,0,0,1,1,0,0,0,0,1,0,1,0,1,0,0,1,1,1,0,0,0,0,0,1,0,0,0,0,0,0,0,0,0,0,False,0,0,0,0,0,0,0,0,1,1,0,0,0,0,False
10086,4,1,0,26,1,5,480,660,15.0,24,60,0,0,0,0,0,1,0,0,0,0,0,0,False,1,0,0,0,1,0,0,1,0,0,0,0,1,0,0,0,0,0,0,1,0,1,0,0,0,1,0,0,0,0,0,0,0,0,0,0,0,0,0,0,0,0,0,False,0,0,0,0,0,0,0,0,0,0,0,0,0,0,False
4288,4,1,0,48,1,5,480,660,15.0,24,60,0,0,0,0,0,1,0,0,0,0,0,0,False,1,0,0,0,1,0,0,1,0,1,0,0,1,0,0,0,0,1,0,1,1,1,0,0,0,1,0,0,0,0,0,0,0,0,0,0,0,0,0,0,0,0,0,False,0,0,0,0,0,0,0,0,0,0,0,0,0,1,False
13699,4,1,0,24,,5,480,870,32.5,24,60,0,0,0,0,0,1,0,0,0,0,0,0,False,0,0,0,0,0,0,0,0,1,1,0,1,1,0,0,0,0,1,0,0,0,1,0,0,0,1,1,0,0,0,0,0,1,0,0,0,0,1,0,0,0,0,0,False,1,1,0,1,1,0,0,0,0,0,0,0,0,0,False
12126,5,1,0,53,,5,480,885,33.75,24,60,0,0,0,0,0,1,0,0,0,0,0,0,False,0,0,0,0,1,0,0,0,1,1,0,1,1,0,0,0,0,1,0,0,0,1,0,0,0,1,1,0,0,0,0,1,1,0,0,0,0,1,0,0,0,0,0,False,1,1,0,1,1,0,0,0,0,0,0,0,0,0,False
10428,4,1,0,60,,5,420,1080,55.0,24,60,0,0,0,0,0,1,0,0,0,0,0,0,False,0,0,0,0,0,0,0,1,0,0,0,0,1,0,0,1,0,1,1,0,0,0,0,0,1,0,0,0,0,0,1,0,1,0,0,0,0,1,0,0,0,0,0,False,0,1,1,1,1,0,0,0,0,0,0,0,0,0,False
5194,5,1,0,23,,5,480,840,30.0,36,60,0,0,0,0,0,1,0,0,0,0,0,0,False,0,0,0,0,1,0,0,1,0,0,0,0,1,0,0,0,0,0,0,1,1,1,0,0,1,1,0,0,0,0,0,0,0,0,0,0,0,0,0,0,0,0,0,False,0,0,0,0,0,0,0,0,1,1,0,0,0,0,False
616,4,1,0,23,,5,510,720,17.5,36,60,0,0,0,0,0,1,0,0,0,0,0,0,False,0,0,0,0,1,0,0,1,0,0,0,1,1,0,0,0,0,0,0,1,0,1,0,0,1,1,0,0,0,0,0,0,1,0,0,0,0,0,0,0,0,0,0,False,0,0,0,0,0,0,0,0,1,1,0,0,0,0,False
9914,4,1,0,39,1,5,480,660,15.0,24,60,0,0,0,0,0,1,0,0,0,0,0,0,False,0,0,0,0,1,0,0,0,1,0,0,0,0,0,0,0,0,0,0,1,0,1,0,0,0,1,0,0,0,0,0,1,0,0,0,0,0,0,0,0,0,0,0,False,1,1,0,1,0,0,0,0,1,0,0,1,0,0,False
7934,5,0,0,75,,5,480,690,17.5,36,60,0,0,0,0,0,1,0,0,0,0,0,0,False,0,0,0,0,0,0,0,1,1,0,0,1,0,0,0,0,0,0,0,1,0,1,0,0,1,1,0,0,0,0,0,0,0,0,0,0,0,0,0,0,0,0,0,False,0,0,0,0,0,0,0,0,0,1,0,0,0,1,False
329,5,0,0,24,,5,390,1080,57.5,36,60,0,0,0,0,0,1,0,0,0,0,0,0,False,0,0,0,0,1,0,0,0,0,0,0,0,0,1,1,0,0,1,1,1,0,1,0,1,1,0,0,0,0,0,0,0,0,0,0,0,0,0,0,0,0,0,0,False,0,0,0,0,0,0,0,0,0,0,0,0,0,0,False
18225,3,0,0,24,,5,480,660,15.0,36,48,0,0,0,0,0,1,0,0,0,0,0,0,False,0,0,0,0,1,0,0,1,1,0,0,1,1,0,0,0,0,0,0,1,0,1,0,0,0,1,0,0,0,0,0,0,1,0,0,0,0,0,0,0,0,0,0,False,0,0,0,0,0,0,0,0,0,0,0,0,0,0,False
10546,4,1,0,90,,5,330,1110,65.0,1,60,0,0,0,0,0,1,0,0,0,0,0,0,False,0,0,0,0,0,0,0,1,1,0,0,1,1,0,0,0,0,1,1,1,0,1,0,1,1,0,0,0,0,0,0,0,0,0,0,0,0,0,0,0,0,0,0,False,0,0,0,0,0,0,0,0,0,0,0,0,0,0,False
2478,3,0,0,63,,5,420,1050,52.5,36,60,0,0,0,0,0,1,0,0,0,0,0,0,False,0,0,0,0,1,0,0,1,1,1,0,0,1,0,0,0,0,1,1,0,0,1,0,1,1,0,0,0,0,0,0,0,0,0,0,0,0,0,0,0,0,0,0,False,0,0,0,0,0,0,0,0,0,0,0,0,0,0,False
863,4,0,0,60,,5,360,1080,60.0,36,60,0,0,0,0,0,1,0,0,0,0,0,0,False,0,0,0,0,1,0,0,0,0,0,0,0,0,0,0,0,0,1,0,0,0,1,0,0,1,0,1,0,0,0,0,0,0,0,0,0,0,0,0,0,0,0,0,False,0,0,0,0,0,0,0,0,0,0,0,0,0,0,False
14393,4,0,0,71,,5,360,1080,60.0,24,60,0,0,0,0,0,1,0,0,0,0,0,0,False,0,0,0,0,0,0,0,0,0,0,0,0,0,0,0,0,0,1,0,0,0,1,0,0,1,0,1,0,0,0,0,0,0,0,0,0,0,0,0,0,0,0,0,False,0,0,0,0,0,0,0,0,0,0,0,0,0,0,False
11938,4,0,0,189,,5,360,1080,60.0,1,60,0,0,0,0,0,1,0,0,0,0,0,0,False,0,0,0,0,1,0,0,0,0,0,0,0,0,0,0,0,0,1,0,0,0,1,0,0,1,0,1,0,0,0,0,0,0,0,0,0,0,0,0,0,0,0,0,False,0,0,0,0,0,0,0,0,0,0,0,0,0,0,False
3529,4,0,0,40,,5,360,1080,60.0,24,60,0,0,0,0,0,1,0,0,0,0,0,0,False,0,0,0,0,1,0,0,0,0,0,0,0,0,0,0,0,0,1,0,0,0,1,0,0,1,0,1,0,0,0,0,0,0,0,0,0,0,0,0,0,0,0,0,False,0,0,0,0,0,0,0,0,0,0,0,0,0,0,False
1635,4,0,0,77,,5,360,1080,60.0,36,60,0,0,0,0,0,1,0,0,0,0,0,0,False,0,0,0,0,1,0,0,0,0,0,0,0,0,0,0,0,0,1,0,0,0,1,0,0,1,0,1,0,0,0,0,0,0,0,0,0,0,0,0,0,0,0,0,False,0,0,0,0,0,0,0,0,0,0,0,0,0,0,False
18680,4,0,0,50,,5,360,1080,60.0,1,144,0,0,0,0,0,1,0,0,0,0,0,0,False,0,0,0,0,1,0,0,0,0,0,0,0,0,0,0,0,0,1,0,0,0,1,0,0,1,0,1,0,0,0,0,0,0,0,0,0,0,0,0,0,0,0,0,False,0,0,0,0,0,0,0,0,0,0,0,0,0,0,False
19364,4,0,0,48,,5,360,1080,60.0,36,60,0,0,0,0,1,1,0,0,0,0,0,0,False,0,0,0,0,0,0,0,0,0,0,0,0,0,0,0,0,0,1,0,0,0,1,0,0,1,0,1,0,0,0,0,0,0,0,0,0,0,0,0,0,0,0,0,False,0,0,0,0,0,0,0,0,0,0,0,0,0,0,False
3528,4,0,0,47,,5,360,1080,60.0,72,144,0,0,0,0,0,1,0,0,0,0,0,0,False,0,0,0,0,1,0,0,0,0,0,0,0,0,0,0,0,0,1,0,0,0,1,0,0,1,0,1,0,0,0,0,0,0,0,0,0,0,0,0,0,0,0,0,False,0,0,0,0,0,0,0,0,0,0,0,0,0,0,False
18886,4,0,0,70,,5,360,1080,60.0,36,144,0,0,0,0,0,1,0,0,0,0,0,0,False,0,0,0,0,0,0,0,0,0,0,0,0,0,1,1,0,0,1,0,0,0,0,0,0,1,0,0,0,0,0,0,0,0,0,0,0,0,0,0,0,0,0,0,False,0,0,0,0,0,0,0,0,0,0,0,0,0,0,False
14564,4,0,0,37,,5,360,1080,60.0,36,60,0,0,0,0,0,1,0,0,0,0,0,0,False,0,0,0,0,1,0,0,0,0,0,0,0,0,0,0,0,0,1,0,0,0,1,0,0,1,0,1,0,0,0,0,0,0,0,0,0,0,0,0,0,0,0,0,False,0,0,0,0,0,0,0,0,0,0,0,0,0,0,False
3034,4,0,0,68,,5,360,1080,60.0,36,60,0,0,0,0,0,1,0,0,0,0,0,0,False,0,0,0,0,1,0,0,0,0,0,0,0,0,0,0,0,0,1,0,0,0,1,0,0,1,0,1,0,0,0,0,0,0,0,0,0,0,0,0,0,0,0,0,False,0,0,0,0,0,0,0,0,0,0,0,0,0,0,False
15247,4,0,0,24,,5,360,1080,60.0,1,144,0,0,0,0,0,1,0,0,0,0,0,0,False,0,0,0,0,0,0,0,0,0,0,0,0,0,0,0,0,0,1,0,0,0,1,0,0,1,0,0,0,0,0,0,0,0,0,0,0,0,0,0,0,0,0,0,False,0,0,0,0,0,0,0,0,0,0,0,0,0,0,False
11795,4,0,0,33,,5,360,1080,60.0,24,60,0,0,0,0,0,1,0,0,0,0,0,0,False,0,0,0,0,1,0,0,0,0,0,0,0,0,0,0,0,0,1,0,0,0,1,0,0,1,0,1,0,0,0,0,0,0,0,0,0,0,0,0,0,0,0,0,False,0,0,0,0,0,0,0,0,0,0,0,0,0,0,False
5957,3,0,0,60,,5,360,1080,60.0,24,60,0,0,0,0,0,1,0,0,0,0,0,0,False,0,0,0,0,1,0,0,0,0,0,0,0,0,0,0,0,0,1,0,0,0,1,0,0,1,0,1,0,0,0,0,0,0,0,0,0,0,0,0,0,0,0,0,False,0,0,0,0,0,0,0,0,0,0,0,0,0,0,False
424,5,1,0,45,1,5,420,1050,52.5,24,60,0,0,0,0,0,1,0,0,0,0,0,0,False,0,0,0,0,0,0,0,0,1,1,0,1,1,0,0,0,0,1,1,0,0,0,0,0,0,1,0,0,0,0,0,0,1,0,0,0,0,0,0,0,0,0,0,False,0,0,0,0,1,0,0,0,0,0,0,0,1,0,False
19286,5,1,0,48,1,5,450,1050,50.0,36,60,0,0,0,0,0,1,0,0,0,0,0,0,False,0,0,0,0,0,0,0,0,1,1,0,1,1,0,0,0,0,1,1,0,0,0,0,0,0,1,0,0,0,0,0,0,1,0,0,0,0,0,0,0,0,0,0,False,0,0,0,0,1,0,0,0,0,0,0,0,0,0,False
5917,5,1,0,48,,5,495,675,15.0,24,60,0,0,0,0,0,1,0,0,0,0,0,0,False,0,0,0,0,1,0,0,0,1,0,0,1,0,0,0,0,0,0,0,1,0,1,0,0,0,1,0,0,0,0,0,0,1,0,0,0,0,1,0,0,0,0,0,False,0,1,0,0,1,0,0,0,1,0,0,0,0,0,False
2990,4,1,0,24,,5,510,720,17.5,24,60,0,0,0,0,0,1,0,0,0,0,0,0,False,0,0,0,0,0,0,0,1,0,1,0,0,0,0,0,0,0,0,0,1,0,1,0,0,0,1,1,0,0,0,0,0,1,0,0,0,0,1,0,0,0,0,0,False,1,1,0,1,1,0,0,0,0,0,0,0,0,0,False
16931,5,0,0,48,,5,450,1050,50.0,24,60,0,0,0,0,0,1,0,0,0,0,0,0,False,0,0,0,0,1,0,0,0,1,0,0,1,1,0,0,0,0,1,1,1,0,1,0,0,0,1,0,0,0,0,0,0,1,0,0,0,0,0,0,0,0,0,0,False,0,0,0,0,0,0,0,0,0,0,0,0,0,0,False
12105,5,0,0,48,0,5,480,990,42.5,36,60,0,0,0,0,0,1,0,0,0,0,0,0,False,0,0,0,0,1,0,0,0,1,0,0,1,0,0,0,0,0,0,0,1,0,1,0,0,1,0,0,0,0,0,0,0,0,0,0,0,0,0,0,0,0,0,0,False,0,0,0,0,0,0,0,0,0,0,0,0,0,0,False
5276,5,1,0,105,,5,390,1050,55.0,1,60,0,0,0,0,0,1,0,0,0,0,0,0,False,0,0,0,0,1,0,0,1,1,1,0,0,1,0,0,0,0,1,1,1,0,1,0,1,1,0,0,0,0,0,0,0,0,0,0,0,0,0,0,0,0,0,0,False,0,0,0,0,0,0,0,0,0,0,0,0,0,0,False
16986,4,0,0,88,,5,480,940,38.33,36,60,0,0,0,0,0,1,0,0,0,0,0,0,False,0,0,0,0,1,0,0,0,1,0,0,1,0,0,0,0,0,0,0,1,0,1,0,0,1,0,0,0,0,0,0,0,0,0,0,0,0,0,0,0,0,0,0,False,0,0,0,0,0,0,0,0,0,0,0,0,0,0,False
1657,5,1,0,84,,5,390,1080,57.5,24,60,0,0,0,0,0,1,0,0,0,0,0,0,False,0,0,0,0,0,0,0,1,0,0,0,0,1,0,0,0,0,1,1,1,0,1,0,1,0,1,0,0,0,0,0,0,0,0,0,0,0,0,0,0,0,0,0,False,0,0,0,0,0,0,0,0,1,1,0,0,0,0,False
10438,4,0,0,23,,5,495,930,36.25,36,48,0,0,0,0,0,1,0,0,0,0,0,0,False,0,0,0,0,0,0,0,1,0,0,0,0,1,0,0,0,0,0,0,1,0,1,0,0,1,0,0,0,0,0,0,0,0,0,0,0,0,0,0,0,0,0,0,False,0,0,0,0,0,0,0,0,0,0,0,0,0,0,False
5932,5,1,0,30,,5,450,990,45.0,24,60,0,0,0,0,0,1,0,0,0,0,0,0,False,0,0,0,0,0,0,0,1,0,0,0,0,1,0,0,0,0,1,0,0,0,1,0,0,0,1,0,0,0,0,0,0,1,0,0,0,0,1,0,0,0,0,0,False,0,1,0,0,1,0,0,0,1,0,0,0,0,0,False
11320,5,0,0,100,,5,360,1080,60.0,0,11,0,0,0,0,0,1,0,0,0,0,0,0,False,0,0,0,0,0,0,0,0,0,0,0,0,0,0,0,0,0,1,1,0,0,0,0,0,1,0,0,0,0,0,0,0,0,0,0,0,0,0,0,0,0,0,0,False,0,0,0,0,0,0,0,0,0,0,0,0,0,0,False
7117,4,0,0,59,,5,460,900,36.67,36,60,0,0,0,0,0,1,0,0,0,0,0,0,False,0,0,0,0,1,0,0,0,0,0,0,0,0,0,0,0,0,1,0,0,0,1,0,0,1,0,1,0,0,0,0,0,0,0,0,0,0,0,0,0,0,0,0,False,0,0,0,0,0,0,0,0,0,0,0,0,0,0,False
11290,4,0,0,36,,5,360,960,50.0,24,60,0,0,0,0,0,1,0,0,0,0,0,0,False,0,0,0,0,1,0,0,0,1,0,0,1,1,0,0,0,0,1,1,0,0,1,0,1,1,1,1,1,1,0,0,0,0,0,0,0,0,0,0,0,0,0,0,False,0,0,0,0,0,0,0,0,0,0,0,0,0,0,False
7195,5,0,0,24,,5,360,1080,60.0,36,60,0,0,0,0,0,1,0,0,0,0,0,0,False,0,0,0,0,0,0,0,0,0,0,0,0,0,0,0,0,0,1,0,0,0,1,0,0,1,0,0,0,0,0,0,0,0,0,0,0,0,0,0,0,0,0,0,False,0,0,0,0,0,0,0,0,0,0,0,0,0,0,False
357,5,0,0,24,,5,360,1080,60.0,36,60,0,0,0,0,0,1,0,0,0,0,0,0,False,0,0,0,0,0,0,0,0,0,0,0,0,0,0,0,0,0,1,0,0,0,1,0,0,1,0,0,0,0,0,0,0,0,0,0,0,0,0,0,0,0,0,0,False,0,0,0,0,0,0,0,0,0,0,0,0,0,0,False
19121,5,0,0,24,,5,360,1080,60.0,36,60,0,0,0,0,0,1,0,0,0,0,0,0,False,0,0,0,0,0,0,0,0,0,0,0,0,0,0,0,0,0,1,0,0,0,1,0,0,1,0,0,0,0,0,0,0,0,0,0,0,0,0,0,0,0,0,0,False,0,0,0,0,0,0,0,0,0,0,0,0,0,0,False
18196,5,0,0,24,,5,360,1080,60.0,36,60,0,0,0,0,0,1,0,0,0,0,0,0,False,0,0,0,0,0,0,0,0,0,0,0,0,0,0,0,0,0,1,0,0,0,1,0,0,1,0,1,0,0,0,0,0,0,0,0,0,0,0,0,0,0,0,0,False,0,0,0,0,0,0,0,0,0,0,0,0,0,0,False
2546,5,0,0,24,,5,360,1080,60.0,36,60,0,0,0,0,0,1,0,0,0,0,0,0,False,0,0,0,0,0,0,0,0,0,0,0,0,0,0,0,0,0,1,0,0,0,1,0,0,1,0,0,0,0,0,0,0,0,0,0,0,0,0,0,0,0,0,0,False,0,0,0,0,0,0,0,0,0,0,0,0,0,0,False
538,5,0,0,24,,5,360,1080,60.0,0,11,0,0,0,0,0,0,0,0,0,0,0,0,False,0,0,0,0,0,0,0,0,0,0,0,0,0,0,0,0,0,1,0,0,0,1,0,0,1,0,0,0,0,0,0,0,0,0,0,0,0,0,0,0,0,0,0,False,0,0,0,0,0,0,0,0,0,0,0,0,0,0,False
1571,5,0,0,24,,5,360,1080,60.0,36,60,0,0,0,0,0,1,0,0,0,0,0,0,False,0,0,0,0,0,0,0,0,0,0,0,0,0,0,0,0,0,1,0,0,0,1,0,0,1,0,0,0,0,0,0,0,0,0,0,0,0,0,0,0,0,0,0,False,0,0,0,0,0,0,0,0,0,0,0,0,0,0,False
17334,5,0,0,24,,5,360,1080,60.0,36,60,0,0,0,0,0,1,0,0,0,0,0,0,False,0,0,0,0,0,0,0,0,0,0,0,0,0,0,0,0,0,1,0,0,0,1,0,0,1,0,1,0,0,0,0,0,0,0,0,0,0,0,0,0,0,0,0,False,0,0,0,0,0,0,0,0,0,0,0,0,0,0,False
8955,5,0,0,24,,5,360,1080,60.0,36,60,0,0,0,0,0,1,0,0,0,0,0,0,False,0,0,0,0,0,0,0,0,0,0,0,0,0,0,0,0,0,1,0,0,0,1,0,0,1,0,0,0,0,0,0,0,0,0,0,0,0,0,0,0,0,0,0,False,0,0,0,0,0,0,0,0,0,0,0,0,0,0,False
19288,5,0,0,48,,5,360,1080,60.0,36,60,0,0,0,0,0,1,0,0,0,0,0,0,False,0,0,0,0,0,0,0,0,0,0,0,0,0,0,0,0,0,1,0,0,0,1,0,0,1,0,0,0,0,0,0,0,0,0,0,0,0,0,0,0,0,0,0,False,0,0,0,0,0,0,0,0,0,0,0,0,0,0,False
3232,5,0,0,24,,5,360,1080,60.0,36,60,0,0,0,0,0,1,0,0,0,0,0,0,False,0,0,0,0,0,0,0,0,0,0,0,0,0,0,0,0,0,1,0,0,0,1,0,0,1,0,0,0,0,0,0,0,0,0,0,0,0,0,0,0,0,0,0,False,0,0,0,0,0,0,0,0,0,0,0,0,0,0,False
14092,4,0,0,40,,5,360,1080,60.0,36,60,0,0,0,0,0,1,0,0,0,0,0,0,False,0,0,0,0,0,0,0,0,0,0,0,0,0,0,0,0,0,1,0,0,0,1,0,0,1,0,0,0,0,0,0,0,0,0,0,0,0,0,0,0,0,0,0,False,0,0,0,0,0,0,0,0,0,0,0,0,0,0,False
16110,5,0,0,24,,5,360,1080,60.0,36,60,0,0,0,0,0,0,0,0,0,0,0,0,False,0,0,0,0,0,0,0,0,0,0,0,0,0,0,0,0,0,1,0,0,0,1,0,0,1,0,0,0,0,0,0,0,0,0,0,0,0,0,0,0,0,0,0,False,0,0,0,0,0,0,0,0,0,0,0,0,0,0,False
6180,5,0,0,23,,5,360,1080,60.0,36,60,0,0,0,0,0,1,0,0,0,0,0,0,False,0,0,0,0,0,0,0,0,0,0,0,0,0,0,0,0,0,1,0,0,0,1,0,0,1,0,0,0,0,0,0,0,0,0,0,0,0,0,0,0,0,0,0,False,0,0,0,0,0,0,0,0,0,0,0,0,0,0,False
1352,4,0,0,24,,5,360,1080,60.0,36,60,0,0,0,0,0,1,0,0,0,0,0,0,False,0,0,0,0,0,0,0,0,0,0,0,0,0,0,0,0,0,1,0,0,0,1,0,0,1,0,0,0,0,0,0,0,0,0,0,0,0,0,0,0,0,0,0,False,0,0,0,0,0,0,0,0,0,0,0,0,0,0,False
8760,5,0,0,24,,5,360,1080,60.0,36,60,0,0,0,0,0,1,0,0,0,0,0,0,False,0,0,0,0,0,0,0,0,0,0,0,0,0,0,0,0,0,1,0,0,0,1,0,0,1,0,0,0,0,0,0,0,0,0,0,0,0,0,0,0,0,0,0,False,0,0,0,0,0,0,0,0,0,0,0,0,0,0,False
11009,5,0,0,24,,5,360,1080,60.0,36,60,0,0,0,0,0,1,0,0,0,0,0,0,False,0,0,0,0,0,0,0,0,0,0,0,0,0,0,0,0,0,1,0,0,0,1,0,0,1,0,0,0,0,0,0,0,0,0,0,0,0,0,0,0,0,0,0,False,0,0,0,0,0,0,0,0,0,0,0,0,0,0,False
17884,4,0,0,23,,5,360,1080,60.0,36,60,0,0,0,0,0,1,0,0,0,0,0,0,False,0,0,0,0,0,0,0,0,0,0,0,0,0,0,0,0,0,1,0,0,0,1,0,0,1,0,0,0,0,0,0,0,0,0,0,0,0,0,0,0,0,0,0,False,0,0,0,0,0,0,0,0,0,0,0,0,0,0,False
5612,4,1,0,79,,5,450,960,39.0,4,60,0,0,0,0,0,1,1,0,0,0,0,0,False,0,0,0,0,1,0,0,1,1,1,0,1,1,0,0,0,0,1,0,1,0,1,0,0,1,1,1,1,0,0,0,0,1,0,0,0,0,0,0,0,0,0,0,False,0,0,0,0,0,0,0,0,1,1,0,0,0,0,False
6001,4,0,0,82,,5,360,1080,60.0,36,60,0,0,0,0,0,1,0,0,0,0,0,0,False,0,0,0,0,0,0,0,0,0,0,0,0,0,0,0,0,0,0,0,1,0,1,0,0,1,0,1,0,0,0,0,0,0,0,0,0,0,0,0,0,0,0,0,False,0,0,0,0,0,0,0,0,0,0,0,0,0,0,False
3453,5,0,0,60,,4,330,990,44.0,24,72,0,0,0,0,0,1,0,0,0,0,0,0,False,0,0,0,0,1,0,0,0,1,0,0,1,1,0,0,0,0,1,0,0,0,0,0,0,1,0,0,0,0,0,0,0,0,0,0,0,0,0,0,0,0,0,0,False,0,0,0,0,0,0,0,0,0,0,0,0,0,0,False
8090,5,0,0,144,,5,450,945,41.25,12,60,0,0,0,0,0,1,0,0,0,0,0,0,False,0,0,0,0,1,0,0,1,1,1,0,1,0,0,0,0,0,1,1,1,0,1,0,0,1,0,0,1,0,0,0,0,1,0,0,0,0,0,0,0,0,0,0,False,0,0,0,0,0,0,0,0,0,0,0,0,0,0,False
36,4,,0,24,,5,465,1395,77.5,36,60,0,0,0,0,0,1,0,0,0,0,0,0,False,0,0,0,0,1,0,0,0,1,1,0,1,1,0,0,0,0,0,1,1,0,0,0,0,0,0,0,1,0,0,0,0,0,0,0,0,0,0,0,0,0,0,0,False,0,0,0,0,0,0,0,0,0,0,0,0,0,0,False
2920,4,1,0,83,,5,450,1050,50.0,24,60,0,0,0,0,0,1,0,0,0,0,0,0,False,0,0,0,0,1,0,0,0,1,1,0,1,1,0,0,0,0,1,1,1,0,0,0,0,1,1,0,1,0,0,0,1,1,0,0,0,0,1,0,0,0,0,0,False,1,1,0,1,1,0,0,0,1,0,0,0,0,0,False
2900,4,0,0,23,,5,480,660,15.0,48,48,0,0,0,0,0,1,0,0,0,0,0,0,False,0,0,0,0,1,0,0,0,1,0,0,1,1,0,0,0,0,0,0,1,0,1,0,0,1,0,0,0,0,0,0,0,0,0,0,0,0,0,0,0,0,0,0,False,0,0,0,0,0,0,0,0,0,0,0,0,0,0,False
3831,4,1,0,202,,5,480,690,17.5,36,60,0,0,0,0,0,1,0,0,0,0,0,0,False,0,0,0,0,1,0,0,0,1,0,0,1,1,0,0,0,0,0,0,1,0,1,0,0,0,1,1,0,0,0,0,0,1,0,0,0,0,0,0,0,0,0,1,False,0,1,0,0,1,0,0,0,1,1,0,0,0,0,False
16895,5,0,0,190,0,5,435,1080,53.75,1,60,0,0,0,0,0,1,0,0,0,0,0,0,False,0,0,0,0,1,0,0,1,1,1,0,1,1,0,0,1,0,1,1,1,1,1,0,1,1,0,1,0,0,0,0,0,0,0,1,0,0,0,0,0,0,0,0,False,0,0,0,0,0,0,0,0,0,0,0,0,0,0,False
1258,5,1,0,48,,5,360,1080,60.0,0,11,0,0,0,0,0,1,0,0,0,0,0,0,False,0,0,0,0,0,0,0,0,0,0,0,0,0,0,0,0,0,1,1,0,0,0,0,0,1,0,0,0,0,0,0,0,0,0,0,0,0,0,0,0,0,0,0,False,0,0,0,0,0,0,0,0,0,0,0,0,0,0,False
2898,4,1,0,48,,5,480,960,40.0,0,11,0,0,0,0,0,1,0,0,0,0,0,0,False,0,0,0,0,1,0,0,0,0,0,0,1,0,0,0,1,0,1,1,1,1,1,0,1,1,0,0,0,0,0,0,0,0,0,0,0,0,0,0,0,0,0,0,False,0,0,0,0,0,0,0,0,0,0,0,0,0,0,False
18774,4,1,0,48,,5,480,960,40.0,48,48,0,0,0,0,0,1,0,0,0,0,0,0,False,0,0,0,0,1,0,0,1,1,1,1,1,1,0,0,1,0,1,1,1,1,1,0,1,1,0,0,0,0,0,0,0,0,0,0,0,0,0,0,0,0,0,0,False,0,0,0,0,0,0,0,0,0,0,0,0,0,0,False
17509,5,0,0,48,,5,480,960,40.0,0,11,0,0,0,0,0,1,0,0,0,0,0,0,False,0,0,0,0,0,0,0,0,0,1,0,0,0,0,1,0,0,1,1,1,0,1,0,0,1,0,0,0,0,1,0,0,0,0,0,0,0,0,0,0,0,0,0,False,0,0,0,0,0,0,0,0,0,0,0,0,0,0,False
5816,5,0,0,48,0,5,480,960,40.0,0,11,0,0,0,0,0,1,0,0,0,0,0,0,False,0,0,0,0,0,0,0,0,0,0,0,0,0,0,0,0,0,1,1,0,0,0,0,0,1,0,0,0,0,0,0,0,0,0,0,0,0,0,0,0,0,0,0,False,0,0,0,0,0,0,0,0,0,0,0,0,0,0,False
18741,5,0,0,48,,5,360,1080,60.0,0,11,0,0,0,0,0,1,0,0,0,0,0,0,False,0,0,0,0,0,0,0,0,0,0,0,0,0,0,0,0,0,1,1,0,0,0,0,0,1,0,1,0,0,0,0,0,0,0,0,0,0,0,0,0,0,0,0,False,0,0,0,0,0,0,0,0,0,0,0,0,0,0,False
13649,4,0,0,48,,5,480,960,40.0,0,11,0,0,0,0,0,1,0,0,0,0,0,0,False,0,0,0,0,0,0,0,0,0,0,0,0,0,0,0,0,0,1,0,0,0,1,0,0,1,0,0,0,0,0,0,0,0,0,0,0,0,0,0,0,0,0,0,False,0,0,0,0,0,0,0,0,0,0,0,0,0,0,False
12874,4,0,0,45,,5,480,960,40.0,0,11,0,0,0,0,0,1,0,0,0,0,0,0,False,0,0,0,0,0,0,0,0,0,0,0,0,0,0,0,0,0,1,1,0,0,0,0,0,1,0,0,0,0,0,0,0,0,0,0,0,0,0,0,0,0,0,0,False,0,0,0,0,0,0,0,0,0,0,0,0,0,0,False
8708,4,0,0,24,,5,360,1080,60.0,0,11,0,0,0,0,0,1,0,0,0,0,0,0,False,0,0,0,0,0,0,0,0,0,0,0,0,0,0,0,0,0,1,0,0,0,1,0,0,1,0,0,0,0,0,0,0,0,0,0,0,0,0,0,0,0,0,0,False,0,0,0,0,0,0,0,0,0,0,0,0,0,0,False
1424,4,0,0,48,,5,480,960,40.0,0,11,0,0,0,0,0,1,0,0,0,0,0,0,False,0,0,0,0,0,0,0,0,0,0,0,0,0,0,0,0,0,1,1,0,0,0,0,0,1,0,0,0,0,0,0,0,0,0,0,0,0,0,0,0,0,0,0,False,0,0,0,0,0,0,0,0,0,0,0,0,0,0,False
7359,3,0,0,127,,5,420,1080,55.0,1,144,0,0,0,0,0,1,0,0,0,0,0,0,False,0,0,0,0,1,0,0,1,1,0,0,1,1,1,1,1,0,1,1,1,0,1,0,1,1,0,0,0,0,0,0,0,0,0,0,0,0,0,0,0,0,0,0,False,0,0,0,0,0,0,0,0,0,0,0,0,0,0,False
13441,4,0,0,180,,5,510,1650,95.0,36,60,0,0,0,0,0,1,0,0,0,0,0,0,False,0,0,0,0,0,0,0,0,1,0,0,0,1,0,0,0,0,1,0,0,0,1,0,0,1,0,0,0,0,0,0,0,0,0,0,0,0,0,0,0,0,0,0,False,0,0,0,0,0,0,0,0,0,0,0,0,0,0,False
14756,4,,0,45,,5,330,1020,57.5,24,60,0,0,0,0,0,1,0,0,0,0,0,0,False,0,0,0,0,1,0,0,0,0,1,0,0,0,0,0,0,0,1,0,1,0,0,0,1,0,0,1,0,1,0,0,0,0,0,0,0,0,0,0,0,0,0,0,False,0,0,0,0,0,0,0,0,0,0,0,0,0,0,False
11985,5,0,0,30,,5,360,1080,60.0,36,60,0,0,0,0,0,1,0,0,0,0,0,0,False,0,0,0,0,1,0,0,0,0,0,0,0,0,0,0,0,0,1,0,0,0,1,0,0,1,0,0,0,0,0,0,0,0,0,0,0,0,0,0,0,0,0,0,False,0,0,0,0,0,0,0,0,0,0,0,0,0,0,False
3865,5,0,0,24,,5,360,1080,60.0,36,60,0,0,0,0,0,1,0,0,0,0,0,0,False,0,0,0,0,1,0,0,0,0,0,0,0,0,0,0,0,0,1,0,0,0,1,0,0,1,0,0,0,0,0,0,0,0,0,0,0,0,0,0,0,0,0,0,False,0,0,0,0,0,0,0,0,0,0,0,0,0,0,False
6270,4,1,0,40,,5,510,735,18.75,24,60,0,0,0,0,0,1,0,0,0,0,0,0,False,0,1,0,0,1,0,0,1,0,1,0,0,0,0,0,0,0,0,0,1,0,1,0,0,1,1,0,0,0,0,0,1,1,0,0,0,0,0,0,0,0,0,0,False,0,1,0,0,0,0,0,0,0,0,0,0,0,0,False
1134,4,1,0,66,,5,480,960,38.5,24,60,0,0,1,0,0,1,1,0,0,0,0,0,False,0,0,0,0,1,0,1,1,0,1,0,0,1,0,0,0,0,1,0,1,0,1,0,0,1,1,0,0,0,0,0,1,1,1,0,0,0,0,0,0,0,0,0,False,0,0,0,0,0,0,0,0,0,0,0,0,0,0,False
15879,3,0,0,48,,5,470,830,30.0,24,60,0,0,0,0,0,1,0,0,0,0,0,0,False,0,0,0,0,0,0,0,0,1,0,0,1,0,0,0,0,0,0,0,1,0,1,0,0,1,1,0,0,0,0,0,0,0,0,0,0,0,0,0,0,0,0,0,False,0,0,0,0,0,0,0,0,0,0,0,0,0,0,False
1262,4,1,0,218,,4,480,1080,40.0,24,120,0,0,1,1,0,1,0,0,0,0,0,0,False,0,0,0,0,0,0,0,0,1,1,0,1,1,0,0,0,0,1,0,1,0,1,0,0,1,1,0,1,0,0,1,1,0,0,0,0,0,0,0,0,0,0,0,False,0,0,0,0,0,0,0,0,0,0,0,1,0,0,False
16962,5,1,0,60,,5,450,1050,50.0,24,60,0,0,1,0,0,1,0,0,0,0,0,0,False,0,0,0,0,1,0,0,0,1,1,0,1,1,0,0,0,0,1,1,1,0,0,0,0,1,1,0,0,0,1,0,1,0,0,0,0,0,0,0,0,0,0,0,False,0,0,0,0,0,0,1,0,0,0,0,1,0,0,False
7282,5,,0,48,,5,735,915,15.0,36,60,0,0,0,0,0,1,0,0,0,0,0,0,False,0,0,0,0,1,0,0,0,1,0,0,1,0,0,0,0,0,0,0,1,0,1,0,0,0,1,0,0,0,1,1,1,1,1,0,1,1,1,1,1,1,0,0,True,1,1,1,1,1,1,0,0,1,0,1,0,0,0,False
6013,4,0,0,66,0,5,435,1035,50.0,12,36,0,0,0,0,0,1,0,0,0,0,0,0,False,0,0,0,0,1,0,0,1,1,0,0,1,1,0,0,0,0,1,1,0,0,0,0,0,1,1,1,1,0,1,0,0,1,0,0,0,0,0,0,0,0,0,0,False,0,0,0,0,1,0,0,0,0,0,0,0,0,0,False
17643,4,,0,24,1,5,450,689,19.92,24,60,0,0,0,0,0,1,0,0,0,0,0,0,False,0,0,0,0,0,0,0,0,0,0,0,0,0,0,0,0,0,0,0,1,0,1,0,0,0,0,0,0,0,0,0,0,0,0,0,0,0,0,0,0,0,0,0,False,0,0,0,0,0,0,0,0,0,0,0,0,0,0,False
14338,4,1,0,37,,5,450,870,35.0,36,60,0,0,0,0,0,1,0,0,0,0,0,0,False,0,0,0,0,1,0,0,0,1,1,0,1,1,0,0,0,0,1,0,0,0,1,0,0,1,0,1,0,0,0,0,0,0,0,0,0,0,0,0,0,0,0,0,False,0,0,0,0,0,0,0,0,0,0,0,0,0,0,False
12804,4,1,0,36,1,5,510,870,30.0,24,60,0,0,0,0,0,1,0,0,0,0,0,0,False,0,0,0,0,1,0,0,0,1,1,0,1,0,0,0,0,0,0,0,1,0,1,0,0,1,0,1,0,0,0,0,0,1,0,0,0,0,1,0,0,0,0,0,False,0,0,0,0,1,0,0,0,0,0,0,0,1,1,False
15198,4,1,0,20,,5,510,750,20.0,24,48,0,0,0,0,0,1,0,0,0,0,0,0,False,0,0,0,0,0,0,0,0,1,0,0,1,0,0,0,0,0,0,0,1,0,1,0,0,1,0,1,0,0,1,0,0,1,0,0,0,0,0,0,0,0,0,0,False,0,0,0,0,1,0,0,0,0,0,0,0,0,0,False
2182,5,,0,16,1,5,450,870,35.0,36,60,0,0,0,0,0,1,0,0,0,0,0,0,False,0,0,0,0,1,0,0,0,1,1,0,1,1,0,0,0,0,1,1,0,0,0,0,0,0,0,1,0,0,0,0,0,1,1,0,0,0,1,0,0,0,0,0,False,1,0,0,0,1,0,0,0,0,0,0,0,0,0,False
13367,3,0,0,78,,5,480,885,33.75,36,60,0,0,0,0,0,1,0,0,0,0,0,0,False,0,0,0,0,1,0,0,1,0,0,0,0,1,0,0,0,0,0,0,1,0,1,0,0,1,0,0,0,0,0,0,0,0,0,0,0,0,0,0,0,0,0,0,False,0,0,0,0,0,0,0,0,0,0,0,0,0,0,False
19379,3,0,0,98,,5,360,1110,62.5,36,144,0,0,0,0,0,1,0,0,0,0,0,0,False,0,0,0,0,1,0,0,0,1,1,0,1,1,1,1,1,0,1,1,1,1,1,0,1,1,0,0,0,0,0,0,0,0,0,0,0,0,0,0,0,0,0,0,False,0,0,0,0,0,0,0,0,0,0,0,1,0,0,False
3549,4,,0,16,,5,480,660,15.0,36,60,0,0,0,0,0,1,0,0,0,0,0,0,False,0,0,0,0,0,0,0,0,0,1,0,0,0,0,0,0,0,0,0,1,0,1,0,0,0,1,0,0,0,0,0,0,0,0,0,0,0,0,0,0,0,0,0,False,0,0,0,0,0,0,0,0,0,0,0,0,0,0,False
12423,5,1,0,48,,5,495,675,15.0,36,60,0,0,0,0,0,1,0,0,0,0,0,0,True,0,0,0,0,1,1,0,1,0,0,0,1,0,0,0,0,0,0,0,1,0,1,0,0,1,1,0,0,0,0,0,0,1,0,0,0,0,0,0,0,0,0,0,False,0,0,0,0,0,0,0,0,1,1,1,0,0,1,False
464,5,1,0,120,,4,510,960,30.0,12,60,0,0,0,0,0,1,0,0,0,0,0,0,False,0,1,0,0,1,0,0,0,1,1,0,1,1,0,0,0,0,1,0,1,1,1,0,0,1,0,0,1,0,0,0,0,0,0,0,0,0,1,0,0,0,0,0,False,0,0,0,0,0,0,0,0,1,0,0,0,0,0,False
2650,5,1,0,63,,5,540,780,20.0,12,60,0,0,0,0,0,1,0,0,0,0,0,0,False,0,0,0,0,0,0,0,1,0,0,0,1,0,0,0,0,0,1,1,1,0,0,0,0,1,0,0,0,0,0,1,0,1,0,1,0,0,0,0,0,0,0,0,False,0,1,0,0,0,0,0,0,0,0,0,1,0,0,False
6882,4,,0,24,1,5,480,690,17.5,24,60,0,0,0,0,0,1,0,0,0,0,0,0,False,0,0,0,0,1,0,0,1,0,0,0,0,1,0,0,0,0,0,0,1,0,1,0,0,0,1,0,0,0,0,0,0,0,0,0,0,0,0,0,0,0,0,0,False,0,1,0,0,0,0,0,0,0,0,0,0,0,0,False
10925,4,0,0,45,,5,330,990,55.0,36,48,0,0,0,0,0,1,0,0,0,0,0,0,False,0,0,0,0,1,0,0,0,1,0,0,1,1,0,0,0,0,1,0,0,0,0,0,0,1,0,0,0,0,0,0,0,0,0,0,0,0,0,0,0,0,0,0,False,0,0,0,0,0,0,0,0,0,0,0,0,0,0,False
11944,5,1,1,73,1,5,450,1050,48.25,12,60,1,0,0,0,0,1,0,0,0,0,0,0,False,0,0,0,0,1,0,0,1,1,1,0,1,1,0,0,0,0,1,1,1,0,1,0,0,1,1,0,1,0,1,1,0,1,1,0,1,0,1,0,0,0,0,0,False,1,1,0,1,1,1,1,0,0,0,0,0,0,0,False
3776,3,0,0,43,1,5,420,1050,52.5,24,72,0,0,0,0,0,1,0,0,0,0,0,0,False,0,0,0,0,0,0,0,0,1,1,0,1,1,0,0,0,0,1,1,1,0,0,0,0,1,0,0,0,0,0,0,0,0,0,0,0,0,0,0,0,0,0,0,False,0,1,0,1,1,0,0,1,0,0,0,0,0,0,False
17127,4,1,0,24,,5,465,1020,46.25,36,48,0,0,0,0,0,1,0,0,0,0,0,0,False,0,0,0,0,1,0,0,0,1,1,0,1,1,0,0,0,0,1,1,0,0,0,0,0,1,1,0,1,0,0,1,1,1,0,0,0,0,0,1,0,0,0,0,False,1,0,0,0,0,1,0,0,1,0,0,0,0,0,False
2056,4,,0,96,,5,420,1050,52.5,24,60,0,0,0,0,0,1,0,0,0,1,0,0,False,0,0,0,0,1,0,0,0,0,1,0,0,0,0,0,0,0,1,1,1,0,0,0,0,1,1,0,0,0,0,0,0,0,0,0,0,0,0,0,0,0,0,0,False,0,0,0,0,0,0,0,0,0,0,0,0,0,0,False
4311,4,1,0,40,,5,450,1080,52.5,24,60,0,0,1,1,0,1,0,0,0,0,0,0,False,0,0,0,0,0,0,0,0,1,0,0,1,1,0,0,1,0,1,1,1,0,0,0,0,1,0,0,0,0,0,1,1,0,0,0,0,0,0,0,0,0,0,0,False,0,1,0,1,0,0,0,0,0,0,0,1,0,0,False
2420,3,1,0,67,,5,480,990,42.5,24,132,0,0,0,0,0,1,0,0,0,0,0,0,False,0,0,0,0,1,0,0,0,1,0,0,1,1,1,1,0,0,1,1,1,0,1,0,1,1,0,0,0,0,0,0,0,0,0,0,0,0,0,0,0,0,0,0,False,0,0,0,0,0,0,0,0,0,0,0,0,0,0,False
13973,4,0,0,24,,5,510,690,15.0,36,60,0,0,0,0,0,1,0,0,0,0,0,0,False,0,0,0,0,1,0,0,1,0,0,0,0,0,0,0,0,0,0,0,1,0,1,0,0,0,1,0,0,0,0,0,0,0,0,0,0,0,0,0,0,0,0,0,False,0,0,0,0,1,0,0,0,0,0,0,0,0,0,False
8,4,0,0,94,,5,450,1050,50.0,36,60,0,0,0,0,0,1,0,0,0,0,0,0,False,0,0,0,0,1,0,0,1,0,0,0,1,1,0,0,0,0,1,0,0,0,1,0,1,1,0,0,0,0,0,0,0,0,0,0,0,0,0,0,0,0,0,0,False,0,0,0,0,0,0,0,0,0,0,0,0,0,0,False
14034,4,1,0,38,,5,450,1065,51.25,24,60,0,0,0,0,0,1,0,0,0,0,0,0,False,0,0,0,0,0,0,0,1,0,0,0,1,1,0,0,0,0,1,0,1,0,1,0,0,1,0,0,0,0,1,0,0,0,0,0,0,0,0,0,0,0,0,0,False,0,1,0,0,0,0,0,1,0,0,0,1,0,0,False
18353,3,0,0,24,,5,480,900,35.0,24,72,0,0,0,0,0,1,0,0,0,0,0,0,False,0,0,0,0,0,0,0,0,0,0,0,1,0,0,0,0,0,1,0,1,0,1,0,0,0,1,0,0,0,0,0,0,0,0,0,0,0,0,0,0,0,0,0,False,0,0,0,0,0,0,0,0,0,0,0,0,0,0,False
12422,4,1,0,24,,5,510,1410,39.0,36,60,0,0,0,0,0,1,0,0,0,0,0,0,False,0,0,0,0,0,0,0,1,0,0,0,1,0,0,0,0,0,0,0,1,0,1,0,0,1,1,0,0,0,0,0,0,0,0,0,0,0,0,0,0,0,0,0,False,0,0,0,0,0,0,0,0,1,1,0,0,0,0,False
5837,5,0,0,77,,5,330,960,52.5,0,60,0,0,0,0,0,1,0,0,0,0,0,0,False,0,0,0,0,1,0,0,0,1,0,0,1,1,0,0,0,0,1,1,1,0,0,0,0,1,1,1,1,0,0,0,0,0,0,0,0,0,0,0,0,0,0,0,False,0,0,0,0,0,0,0,0,0,0,0,0,0,0,False
6311,3,0,0,60,,5,420,1065,53.75,36,60,0,0,0,1,0,1,0,0,0,0,0,0,False,0,0,0,0,0,0,0,1,1,1,0,1,1,0,0,0,0,1,1,0,0,0,0,0,1,0,0,0,0,0,0,0,0,0,0,0,0,0,0,0,0,0,0,False,0,0,0,0,0,0,0,0,0,0,0,1,0,1,False
8937,4,1,0,24,0,5,495,915,35.0,24,60,0,0,0,0,0,1,0,0,0,0,0,0,False,0,0,0,0,1,0,0,0,1,0,0,1,0,0,0,1,0,1,0,1,0,1,0,0,0,0,0,0,0,0,0,0,0,0,1,0,0,1,0,0,0,0,0,False,0,1,0,0,0,0,0,0,0,0,0,0,1,1,False
19112,5,1,0,16,,5,510,720,17.5,24,60,0,0,0,0,0,1,0,0,0,0,0,0,False,0,0,0,0,0,0,0,1,0,1,0,0,0,0,0,0,0,0,0,1,0,1,0,0,0,1,1,0,0,0,0,0,1,0,0,0,0,1,0,0,0,0,0,False,1,1,0,1,1,0,0,0,0,0,0,0,0,0,False
7084,3,0,0,111,,5,360,990,52.5,0,60,0,0,0,0,0,1,0,0,0,0,0,0,False,0,0,0,0,1,0,0,1,1,0,0,1,1,0,0,0,0,1,1,1,1,1,0,1,1,1,0,1,0,0,0,0,1,0,0,0,0,0,0,0,0,0,0,False,0,0,0,0,1,0,0,0,0,0,1,0,0,0,False
19063,4,1,0,30,,5,510,900,32.5,24,60,0,0,0,0,0,1,0,0,0,0,0,0,False,0,0,0,0,1,0,0,0,1,1,0,1,1,0,0,0,0,1,0,0,0,1,0,0,0,1,1,0,0,0,0,0,0,0,0,0,0,1,0,0,0,0,0,False,0,0,0,0,0,0,0,0,0,0,0,0,0,0,False
18626,5,,0,103,,5,420,1080,55.0,2,60,0,0,0,0,0,1,0,0,0,0,0,0,False,0,0,0,0,0,0,0,0,0,0,0,0,0,1,1,0,0,1,1,1,0,0,0,0,1,0,0,0,0,0,0,0,0,0,0,0,0,1,0,0,0,0,0,False,0,1,0,0,0,0,0,0,0,0,0,0,0,0,False
11827,5,0,0,27,,5,465,1035,47.5,24,60,0,0,0,0,0,1,0,0,0,0,0,0,False,0,0,0,0,1,0,0,0,1,0,0,1,1,0,0,0,0,1,1,1,0,1,0,0,0,1,0,0,0,0,0,1,1,1,0,0,0,1,0,0,0,0,0,False,0,1,0,1,0,0,0,0,0,0,0,0,1,0,False
16008,1,0,0,48,,5,420,1080,55.0,60,60,0,0,0,0,0,1,0,0,0,0,0,0,False,0,0,0,0,0,0,0,0,1,0,0,0,0,1,1,0,0,1,1,1,0,1,0,1,1,0,0,0,0,0,0,0,0,0,1,0,0,0,0,0,0,0,0,False,0,0,0,0,0,0,0,0,0,0,0,0,0,0,False
16412,5,1,0,209,,6,450,1080,63.0,24,60,0,0,1,1,0,1,0,0,0,0,0,0,False,0,0,0,0,1,0,1,0,1,1,0,1,1,1,0,0,0,1,1,0,0,0,0,0,1,1,0,1,0,0,1,1,0,0,0,0,0,0,0,0,0,0,0,False,0,1,0,0,0,0,0,0,0,0,0,1,0,1,False
16594,4,0,0,27,,5,465,645,15.0,36,60,0,0,0,0,0,1,0,0,0,0,0,0,False,0,0,0,0,1,0,0,0,1,0,1,1,0,0,0,0,0,0,0,1,0,1,0,0,1,1,0,1,1,0,0,0,0,0,0,0,0,0,0,0,0,0,0,False,0,0,0,1,0,0,0,0,0,0,0,0,0,0,False
13276,3,1,0,22,,5,540,900,30.0,2,36,0,1,0,0,0,1,0,0,0,0,0,0,True,0,0,0,0,1,1,0,0,1,1,0,1,1,0,0,0,0,1,1,1,0,0,0,0,1,0,1,0,0,0,0,0,1,0,0,0,0,0,0,0,0,0,0,False,0,0,0,0,0,0,0,0,0,0,0,0,0,0,False
9644,5,0,0,77,,5,330,990,55.0,0,60,0,0,0,0,0,1,0,0,0,0,0,0,False,0,0,0,0,1,0,0,0,1,0,0,1,1,0,0,0,0,1,1,1,0,0,0,0,1,1,1,1,1,0,0,0,0,0,0,0,0,0,0,0,0,0,0,False,0,0,0,0,0,0,0,0,0,0,0,0,0,0,False
15402,4,1,1,59,1,5,420,1080,55.0,12,72,0,0,0,1,0,1,1,0,1,0,0,0,True,0,1,0,0,1,0,0,1,0,0,0,0,1,0,0,0,0,1,1,1,1,0,0,0,1,0,0,0,0,0,0,0,0,0,0,0,1,0,0,0,1,0,0,False,0,0,0,0,1,0,0,0,0,0,0,0,0,0,False
12317,5,0,0,15,,5,480,960,40.0,36,60,0,0,0,0,0,1,0,0,0,0,0,0,False,0,0,0,0,0,0,0,0,0,0,0,0,0,0,0,0,0,1,1,1,0,0,0,0,0,0,0,0,0,0,0,0,0,0,0,0,0,0,0,0,0,0,0,False,0,0,0,0,0,0,0,0,0,0,0,0,0,0,False
6418,2,1,0,95,,5,450,1020,47.5,24,60,0,0,0,0,0,1,0,0,0,0,0,0,False,0,0,0,0,1,1,0,1,0,0,0,0,1,0,0,0,0,1,1,0,0,1,1,1,1,0,0,0,0,0,0,0,1,0,0,0,0,1,0,0,0,0,0,True,0,1,0,1,1,0,0,0,1,0,0,0,0,0,False
15161,4,1,0,44,,5,450,1050,50.0,24,60,0,0,1,0,0,1,0,0,0,0,0,0,False,0,0,0,0,0,0,0,1,0,1,0,1,1,0,0,0,0,1,1,0,0,0,0,0,1,1,0,0,0,0,1,1,1,0,0,0,0,0,0,0,0,0,0,False,0,1,0,0,0,0,0,0,0,0,0,0,0,0,False
4463,5,0,0,24,,5,360,1080,60.0,0,11,0,0,0,0,0,1,0,0,0,0,0,0,False,0,0,0,0,0,0,0,0,0,0,0,0,0,0,0,0,0,1,1,0,0,0,0,0,1,0,0,0,0,0,0,0,0,0,0,0,0,0,0,0,0,0,0,False,0,0,0,0,0,0,0,0,0,0,0,0,0,0,False
15934,5,0,0,48,,5,360,1080,60.0,0,11,0,0,0,0,0,1,0,0,0,0,0,0,False,0,0,0,0,0,0,0,0,0,0,0,0,0,0,0,0,0,1,1,0,0,0,0,0,1,0,0,0,0,0,0,0,0,0,0,0,0,0,0,0,0,0,0,False,0,0,0,0,0,0,0,0,0,0,0,0,0,0,False
8316,3,0,0,70,,5,420,1080,55.0,24,60,0,0,1,0,0,1,0,0,0,0,0,0,False,0,0,0,0,1,0,1,1,1,1,0,1,1,0,0,0,0,1,1,1,0,0,0,0,0,1,0,0,0,0,0,0,1,0,0,0,0,1,0,0,0,0,0,False,0,1,0,0,0,0,0,0,0,0,0,0,0,0,False
8127,4,0,0,40,1,5,420,1080,55.0,24,36,0,0,1,0,0,1,0,0,0,0,0,0,False,0,0,0,0,1,0,1,1,1,1,0,1,1,0,0,0,0,1,1,1,0,0,0,0,1,0,0,1,0,0,0,0,1,1,0,0,0,1,0,0,0,0,0,False,0,1,0,1,0,0,0,0,0,0,0,0,0,0,False
16285,5,0,0,,,5,420,1020,50.0,0,0,0,0,0,0,0,1,0,0,0,0,0,0,False,0,0,0,0,0,0,0,0,0,0,0,0,0,0,0,0,0,1,0,0,0,1,0,0,1,0,0,0,0,1,0,0,0,0,0,0,0,0,0,0,0,0,0,False,0,0,0,0,0,0,0,0,0,0,0,0,0,0,False
14091,4,0,0,274,,5,450,1050,50.0,1,60,0,0,0,0,0,1,0,0,0,0,0,0,False,0,0,0,0,0,0,0,1,1,1,1,1,1,0,0,1,1,1,1,1,1,1,0,1,1,0,0,0,0,0,0,0,0,0,0,0,0,0,0,0,0,0,0,False,0,0,0,0,0,0,0,0,0,0,0,0,0,0,False
8350,4,1,0,49,,5,465,1050,48.75,12,48,0,0,1,1,0,1,0,0,1,0,0,0,True,0,0,0,0,1,0,0,0,0,1,0,0,0,0,0,0,0,1,1,0,0,0,0,0,1,0,0,1,0,0,0,0,1,0,0,0,0,0,0,0,0,0,0,False,0,1,0,0,1,0,0,0,0,0,0,0,0,0,False
10296,5,1,0,24,0,5,510,690,15.0,24,60,0,0,0,0,0,1,0,0,0,0,0,0,False,0,0,0,0,1,0,0,0,0,0,0,0,0,0,0,0,0,0,1,1,0,1,0,0,0,1,0,0,0,0,0,0,1,0,0,0,0,1,0,0,0,0,0,False,0,1,0,0,1,0,0,0,1,0,0,0,0,0,False
16368,5,1,0,30,,5,510,690,15.0,24,60,0,0,0,0,0,1,0,0,0,0,0,0,False,0,0,1,0,1,0,0,0,1,0,0,1,0,0,0,0,0,0,0,1,0,1,0,0,0,1,0,0,0,0,0,0,1,0,0,0,0,1,0,0,0,0,0,False,1,1,0,1,1,0,0,0,1,0,0,1,0,0,False
4994,3,1,0,296,,4,390,1080,46.0,2,60,0,0,0,0,0,1,0,0,0,0,0,0,False,0,0,0,0,0,0,0,1,0,0,0,0,1,0,0,0,0,1,1,1,0,0,0,0,1,0,0,0,0,1,1,0,0,0,0,0,0,0,0,0,0,0,0,False,0,1,0,1,0,0,0,0,0,0,0,1,0,0,False
9726,4,1,0,80,,5,450,960,42.5,36,60,0,0,0,0,0,1,1,0,0,0,0,0,True,0,0,0,1,1,0,1,0,1,0,0,1,1,0,0,0,0,1,0,1,0,1,0,0,1,1,1,0,0,0,0,0,0,0,0,0,0,0,0,0,0,0,0,False,0,0,0,0,0,0,0,0,1,1,0,1,0,1,False
9514,4,1,0,19,,5,480,870,32.5,36,60,0,0,0,0,0,1,0,0,0,0,0,0,False,0,0,0,0,1,0,0,1,0,0,0,1,1,0,0,0,0,0,0,1,0,1,0,0,1,1,1,0,0,0,0,0,1,0,0,0,0,0,0,0,0,0,0,False,0,0,0,0,0,0,0,0,1,1,0,0,0,0,False
2655,5,0,0,48,,5,360,1080,60.0,0,11,0,0,0,0,0,1,0,0,0,0,0,0,False,0,0,0,0,0,0,0,0,0,0,0,0,0,0,0,0,0,1,1,0,0,0,0,0,1,0,0,0,0,0,0,0,0,0,0,0,0,0,0,0,0,0,0,False,0,0,0,0,0,0,0,0,0,0,0,0,0,0,False
12696,5,1,0,24,,5,495,675,15.0,36,60,0,0,0,0,0,1,0,0,0,0,0,0,False,0,0,0,0,1,0,0,0,1,0,0,1,0,0,0,0,0,0,0,1,0,1,0,0,1,1,0,0,0,0,0,0,1,0,0,0,0,0,0,0,0,0,1,False,0,0,0,0,0,0,0,0,1,1,0,0,0,1,False
3401,4,0,0,65,,5,300,1020,60.0,24,60,0,0,0,0,0,1,0,0,0,0,0,0,False,0,0,0,0,1,0,0,0,1,0,0,1,1,0,0,0,0,1,0,0,0,0,0,0,1,0,0,0,0,0,0,0,0,0,0,0,0,0,0,0,0,0,0,False,0,0,0,0,0,0,0,0,0,0,0,0,0,0,False
5830,5,0,0,20,0,5,480,960,40.0,36,60,0,0,0,0,0,1,0,0,0,0,0,0,False,0,0,0,0,1,0,0,1,1,0,0,1,1,0,0,0,0,0,0,1,0,1,0,0,1,1,1,1,0,1,0,0,0,0,0,0,0,0,0,0,0,0,0,False,1,0,0,0,1,0,0,0,0,0,0,0,0,0,False
12368,5,0,0,24,,5,485,665,15.0,36,60,0,0,0,0,0,1,0,0,0,0,0,0,False,0,0,0,0,1,0,0,1,1,0,0,1,1,0,0,0,0,0,0,1,0,1,0,0,1,1,0,0,0,0,0,0,1,0,0,0,0,0,0,0,0,0,0,False,0,0,0,0,0,0,0,0,0,1,0,0,0,0,False
4935,5,1,0,24,,5,465,645,15.0,36,60,0,0,0,0,0,1,0,0,0,0,0,0,False,0,0,0,0,1,0,0,0,1,0,0,1,0,0,0,1,0,0,0,1,0,1,0,0,1,1,0,0,0,0,0,0,1,0,0,0,0,0,0,0,0,0,1,False,0,0,0,0,1,0,0,0,1,1,0,0,0,0,False
5664,5,1,1,22,1,5,495,675,15.0,24,60,0,0,0,0,0,1,0,0,0,0,0,0,False,0,0,0,0,1,0,0,0,1,0,0,1,0,0,0,0,0,0,0,1,0,1,0,0,0,1,0,0,0,1,0,0,0,0,0,0,0,0,0,0,1,0,0,False,0,0,0,0,1,0,0,0,0,0,0,0,1,1,False
14945,4,0,0,390,,5,420,1080,55.0,36,60,0,0,0,0,0,1,0,0,0,0,0,0,False,0,0,0,0,1,0,0,1,1,0,0,1,1,0,0,0,0,0,0,1,0,1,0,0,1,0,0,0,0,0,0,0,0,0,0,0,0,0,0,0,0,0,0,False,0,0,0,0,0,0,0,0,0,0,0,0,0,0,False
10959,4,0,0,45,,,,,,36,60,0,0,0,0,0,1,0,0,0,0,0,0,False,0,0,0,0,0,0,0,0,0,0,0,0,0,0,0,0,0,1,1,1,0,1,0,1,1,0,0,0,0,0,0,0,0,0,0,0,0,0,0,0,0,0,0,False,0,0,0,0,0,0,0,0,0,0,0,0,0,0,False
3366,4,0,0,63,,5,360,1080,60.0,36,60,0,0,0,0,0,1,0,0,0,0,0,0,False,0,0,0,0,1,0,0,1,0,0,0,0,1,1,1,1,0,1,1,1,1,1,0,1,1,0,0,0,0,0,0,0,0,0,0,0,0,0,0,0,0,0,0,False,0,0,0,0,0,0,0,0,0,0,0,0,0,0,False
15758,5,1,0,191,,5,510,960,37.5,36,60,0,1,0,0,0,1,0,0,0,0,0,0,False,0,0,0,0,1,1,0,0,1,1,0,1,0,0,0,0,0,1,0,1,0,1,0,0,1,1,1,0,0,0,0,0,1,0,0,0,0,0,0,0,0,0,0,False,0,0,0,1,1,0,0,0,1,1,0,1,0,0,False
16256,5,1,0,65,,5,450,1080,52.5,24,60,0,0,1,1,0,1,0,0,0,0,0,0,False,0,0,0,0,0,0,0,0,1,1,0,1,1,0,0,0,0,1,1,0,0,0,0,0,1,1,0,0,0,0,1,1,1,0,0,0,0,0,0,0,0,0,0,False,0,1,0,0,0,0,0,0,0,0,0,1,0,1,False
5147,4,0,0,40,,5,480,940,38.33,36,60,0,0,0,0,0,1,0,0,0,0,0,0,False,0,0,0,0,1,0,0,0,1,0,0,1,0,0,0,0,0,0,0,1,0,1,0,0,1,0,0,0,0,0,0,0,0,0,0,0,0,0,0,0,0,0,0,False,0,0,0,0,0,0,0,0,0,0,0,0,0,0,False
3691,4,0,0,75,,5,480,1080,50.0,36,144,0,0,0,0,0,1,0,0,0,0,0,0,False,0,0,0,0,1,0,0,0,1,0,0,1,0,0,0,0,0,0,0,1,0,1,0,0,1,0,0,0,0,0,0,0,0,0,0,0,0,0,0,0,0,0,0,False,0,0,0,0,0,0,0,0,0,0,0,0,0,0,False
10038,5,,0,25,,5,480,865,32.08,36,48,0,0,0,0,0,1,0,0,0,0,0,0,False,0,0,0,0,1,0,0,0,0,1,0,0,0,0,0,0,0,0,0,1,0,1,0,0,0,1,0,0,0,0,0,0,0,0,0,0,0,0,0,0,0,0,0,False,0,0,0,0,0,0,0,0,0,0,0,0,0,0,False
6756,5,,0,60,,5,780,960,15.0,36,60,0,0,0,0,0,1,0,0,0,0,0,0,False,0,0,0,0,1,0,0,0,0,0,0,0,0,0,0,0,0,0,0,1,0,1,0,0,0,1,0,0,0,0,0,0,0,0,0,0,0,0,0,0,0,0,0,False,0,0,0,0,0,0,0,0,0,0,0,0,0,0,False
13755,3,0,0,24,,5,420,1020,50.0,0,0,0,0,0,0,0,1,0,0,0,0,0,0,False,0,0,0,0,0,0,0,0,0,0,0,0,0,0,0,0,0,1,0,0,0,1,0,0,1,0,0,0,0,0,0,0,0,0,0,0,0,0,0,0,0,0,0,False,0,0,0,0,0,0,0,0,0,0,0,0,0,0,False
9613,4,,0,48,,5,480,675,16.25,36,60,0,0,0,0,0,1,0,0,0,0,0,0,False,0,0,0,0,0,0,0,0,0,1,0,0,0,0,0,0,0,0,0,1,0,1,0,0,0,1,0,0,0,0,0,0,0,0,0,0,0,0,0,0,0,0,0,False,0,0,0,0,0,0,0,0,0,0,0,0,0,0,False
18930,4,1,1,215,,5,450,1050,50.0,0,120,1,0,0,0,0,1,0,0,0,0,0,0,False,0,0,0,0,1,0,0,0,1,1,0,1,1,1,1,0,0,1,1,1,0,1,0,0,0,0,0,1,0,0,0,0,1,0,0,0,0,0,0,0,0,0,0,False,0,0,0,0,0,0,0,0,0,0,0,0,0,0,False
6473,4,,0,53,,5,450,1050,50.0,24,60,0,0,0,0,0,1,0,0,0,0,0,0,False,0,0,0,0,1,0,0,0,0,1,0,0,0,0,0,0,0,1,1,1,0,0,0,0,0,0,0,1,0,0,0,0,0,0,0,0,0,0,0,0,0,0,0,False,0,0,0,0,0,0,0,0,0,0,0,0,0,0,False
15703,5,,0,24,,5,480,690,17.5,36,48,0,0,0,0,0,1,0,0,0,0,0,0,False,0,0,0,0,1,0,0,0,0,0,0,0,0,0,0,0,0,0,0,1,0,1,0,0,0,1,0,0,0,0,0,0,0,0,0,0,0,0,0,0,0,0,0,False,0,0,0,0,0,0,0,0,0,0,0,0,0,0,False
5238,5,0,0,24,,5,360,1080,60.0,0,11,0,0,0,0,0,1,0,0,0,0,0,0,False,0,0,0,0,0,0,0,0,1,0,0,0,0,1,1,1,0,1,1,1,1,1,0,1,1,0,0,0,0,0,0,0,0,0,0,0,0,0,0,0,0,0,0,False,0,0,0,0,0,0,0,0,0,0,0,0,0,0,False
15853,4,1,0,48,,,,,,36,60,0,0,0,0,0,1,0,0,0,0,0,0,False,0,0,0,0,0,0,0,1,1,0,0,1,0,0,0,0,0,1,1,1,0,1,0,1,1,0,0,0,1,1,0,0,0,0,0,0,0,0,0,0,0,0,0,False,0,0,0,0,0,0,0,0,0,0,0,0,0,0,False
15727,5,1,0,49,,5,420,1020,50.0,36,60,0,0,0,0,0,1,0,0,0,0,0,0,False,0,0,0,0,1,0,0,1,1,0,0,1,0,0,0,0,0,1,1,1,0,1,0,1,1,0,0,0,1,1,0,0,0,0,0,0,0,0,0,0,0,0,0,False,0,0,0,0,0,0,0,0,0,0,0,0,0,0,False
16719,5,1,0,24,,5,360,1080,60.0,36,60,0,0,0,0,0,1,0,0,0,0,0,0,False,0,0,0,0,1,0,0,1,1,0,0,1,0,0,0,0,0,1,1,1,0,0,0,0,1,0,0,0,1,1,0,0,0,0,0,0,0,0,0,0,0,0,0,False,0,0,0,0,0,0,0,0,0,0,0,0,0,0,False
4852,5,1,0,24,,5,360,1080,60.0,36,60,0,0,0,0,0,1,0,0,0,0,0,0,False,0,0,0,0,0,0,0,1,1,0,0,1,0,0,0,0,0,1,1,1,0,0,0,0,1,0,0,0,1,1,0,0,0,0,0,0,0,0,0,0,0,0,0,False,0,0,0,0,0,0,0,0,0,0,0,0,0,0,False
10167,5,1,0,216,0,5,360,1080,60.0,24,60,0,0,0,0,0,1,0,0,0,0,0,0,True,0,0,0,0,1,0,1,1,1,0,0,1,0,0,0,1,0,1,1,1,1,1,0,1,1,0,0,0,1,0,0,0,0,0,0,0,0,0,0,0,0,0,0,False,0,0,0,0,0,0,0,0,0,0,0,0,0,0,False
6925,5,1,0,24,,5,360,1080,60.0,36,60,0,0,0,0,0,1,0,0,0,0,0,0,True,0,0,0,0,0,0,0,0,0,0,0,0,0,0,0,0,0,1,1,1,0,1,0,0,1,0,0,0,1,1,0,0,0,0,0,0,0,0,0,0,0,0,0,False,0,0,0,0,0,0,0,0,0,0,0,0,0,0,False
1716,5,1,0,48,,5,465,870,33.75,36,60,0,0,0,0,0,1,0,0,0,0,0,0,False,0,0,0,0,0,0,1,1,1,0,0,1,0,0,0,0,0,1,1,1,0,1,0,0,1,0,0,0,1,1,0,0,0,0,0,0,0,0,0,0,0,0,0,False,0,0,0,0,0,0,0,0,0,0,0,0,0,0,False
11215,5,1,0,24,,5,510,720,17.5,24,60,0,0,0,0,0,1,0,0,0,0,0,0,False,0,0,0,0,0,0,0,1,0,1,0,0,0,0,0,0,0,0,0,1,0,1,0,0,0,1,1,0,0,0,0,0,1,0,0,0,0,1,0,0,0,0,0,False,1,1,0,1,1,0,0,0,0,0,0,0,0,0,False
11936,4,,0,90,,5,480,660,15.0,36,48,0,0,0,0,0,1,0,0,0,0,0,0,False,0,0,0,0,0,0,0,0,0,1,0,0,0,0,0,0,0,1,1,1,0,1,0,0,0,1,0,0,0,0,0,0,0,0,0,0,0,0,0,0,0,0,0,False,0,0,0,0,0,0,0,0,0,0,0,0,0,0,False
5895,5,0,0,25,,5,360,1080,60.0,36,60,0,0,0,0,0,1,0,0,0,0,0,0,False,0,0,0,0,0,0,0,0,0,0,0,0,0,0,0,0,0,1,0,0,0,1,0,0,1,0,0,0,0,0,0,0,0,0,0,0,0,0,0,0,0,0,0,False,0,0,0,0,0,0,0,0,0,0,0,0,0,0,False
17494,4,1,1,70,,5,480,930,37.5,24,60,1,0,0,0,0,1,0,0,0,0,0,0,False,0,0,0,0,1,0,0,0,1,1,0,1,1,0,0,0,0,1,1,1,0,1,0,0,1,1,0,0,0,1,0,0,1,0,0,0,0,0,0,0,0,0,0,False,0,1,0,0,1,0,0,0,1,0,0,0,0,0,False
5735,4,0,0,40,0,5,480,900,35.0,36,60,0,0,0,0,0,1,0,0,0,0,0,0,False,0,0,0,0,1,0,0,0,1,0,0,1,0,0,0,1,0,1,1,1,1,1,0,1,1,0,0,0,0,0,0,0,0,0,0,0,0,0,0,0,0,0,0,False,0,0,0,0,0,0,0,0,0,0,0,0,0,0,False
7073,4,1,1,100,1,5,405,1080,56.25,24,144,0,0,0,0,0,1,0,1,0,0,0,0,False,0,0,0,0,1,0,0,1,0,0,0,1,1,1,1,1,0,1,1,1,1,1,1,1,1,0,0,0,0,1,1,1,1,1,0,0,0,1,0,1,1,0,0,True,1,1,0,1,1,0,0,0,1,0,1,1,1,0,False
14629,5,1,0,32,,5,480,1020,45.0,36,60,0,0,0,0,0,1,0,0,0,0,0,0,False,0,0,0,0,1,0,0,0,1,1,0,1,1,0,0,0,0,1,1,0,0,0,0,0,1,1,1,1,0,0,0,1,0,0,0,0,0,0,0,0,0,0,0,False,0,1,0,1,0,0,0,0,0,0,0,1,0,0,False
140,4,1,0,32,,5,480,1020,45.0,24,60,0,0,1,1,0,1,0,0,0,0,0,0,False,0,0,0,0,1,0,0,0,1,1,0,1,1,0,0,0,0,1,1,0,0,0,0,0,1,1,1,1,0,0,0,1,0,0,0,0,0,0,0,0,0,0,0,False,0,1,0,1,0,0,0,0,0,0,0,1,0,0,False
7211,5,1,0,48,,5,480,885,33.75,36,60,0,0,0,0,0,1,0,0,0,0,0,0,False,0,0,0,0,0,0,1,1,1,0,0,1,0,0,0,0,0,1,1,1,0,1,0,0,1,0,0,0,1,1,0,0,0,0,0,0,0,0,0,0,0,0,0,False,0,0,0,0,0,0,0,0,0,0,0,0,0,0,False
14071,4,0,0,24,,5,360,1080,60.0,0,11,0,0,0,0,0,1,0,0,0,0,0,0,False,0,0,0,0,0,0,0,0,0,0,0,0,0,0,0,0,0,1,1,0,0,0,0,0,1,0,0,0,0,0,0,0,0,0,0,0,0,0,0,0,0,0,0,False,0,0,0,0,0,0,0,0,0,0,0,0,0,0,False
16191,4,1,0,42,,5,420,1095,56.25,24,60,0,1,0,0,0,1,0,0,0,0,0,0,False,0,0,0,0,1,0,0,0,1,1,0,1,1,0,0,0,0,1,1,1,0,0,0,0,1,0,0,0,0,0,1,1,1,0,0,0,0,1,0,0,0,0,0,False,0,1,1,1,1,1,1,0,0,0,0,1,0,0,False
17155,4,1,0,32,,5,450,1080,52.5,24,60,0,0,1,1,0,1,0,0,0,0,0,0,False,0,0,0,0,1,0,0,0,1,1,0,1,1,0,0,1,0,1,1,0,0,0,0,0,1,0,0,0,0,0,1,1,0,0,0,0,0,0,0,0,0,0,0,False,0,1,0,0,0,1,1,0,0,0,0,0,0,0,False
5154,4,0,0,49,,5,360,1080,60.0,0,11,0,0,0,0,0,1,0,0,0,0,0,0,False,0,0,0,0,0,0,0,0,0,0,0,0,0,0,0,0,0,1,0,0,0,0,0,0,1,0,0,0,0,0,0,0,0,0,0,0,0,0,0,0,0,0,0,False,0,0,0,0,0,0,0,0,0,0,0,0,0,0,False
13590,4,0,0,61,,5,360,1080,60.0,36,60,0,0,0,0,0,1,0,0,0,0,0,0,False,0,0,0,0,0,0,0,0,0,0,0,0,0,0,0,0,0,1,1,0,0,1,0,1,1,0,0,0,0,0,0,0,0,0,0,0,0,0,0,0,0,0,0,False,0,0,0,0,0,0,0,0,0,0,0,0,0,0,False
18560,5,1,0,30,,5,480,675,16.25,24,60,0,0,0,0,0,1,0,0,0,0,0,0,False,0,0,0,0,1,0,0,0,0,0,0,0,0,0,0,0,0,0,0,1,0,1,0,0,0,1,0,0,0,0,0,0,1,0,0,0,0,1,0,0,0,0,0,False,0,1,0,0,1,0,0,0,1,0,0,0,0,0,False
4508,5,0,0,24,,5,480,675,16.25,24,60,0,0,0,0,0,1,0,0,0,0,0,0,False,0,0,0,0,0,0,0,1,0,0,0,0,0,0,0,0,0,0,0,1,0,1,0,0,1,0,0,0,0,0,0,0,0,0,0,0,0,0,0,0,0,0,0,False,0,0,0,0,0,0,0,0,0,0,0,0,0,0,False
9063,4,1,0,302,,6,330,1140,81.0,1,144,0,0,0,0,0,1,0,0,0,0,0,0,False,0,0,0,0,1,0,0,1,1,1,0,1,1,1,1,1,1,1,1,1,1,1,0,1,1,0,0,0,0,0,0,0,0,0,0,0,0,0,0,0,0,0,0,False,0,0,0,0,0,0,0,0,0,0,0,0,0,0,False
11240,3,0,0,54,,5,330,1080,62.5,1,144,0,0,0,0,0,1,0,0,0,0,0,0,False,0,0,0,0,1,0,0,0,1,1,0,1,1,1,1,0,0,1,1,1,1,1,0,1,1,0,0,0,0,0,0,0,0,0,0,0,0,0,0,0,0,0,0,False,0,0,0,0,0,0,0,0,0,0,0,0,0,0,False
11110,4,1,0,122,,5,510,930,35.0,0,11,0,0,0,0,0,1,0,0,0,0,0,0,False,0,0,0,0,1,0,1,1,1,1,1,1,1,0,0,1,1,1,1,1,1,1,0,1,1,0,0,0,0,0,0,0,0,0,1,0,0,0,0,0,0,0,0,False,0,0,0,0,0,0,0,0,0,0,0,0,0,0,False
9144,4,0,0,36,,5,360,1080,60.0,1,24,0,0,0,0,0,1,0,0,0,0,0,0,False,0,0,0,0,0,0,0,0,0,0,0,0,0,0,0,0,0,1,1,0,0,0,0,0,1,0,0,0,0,0,0,0,0,0,0,0,0,0,0,0,0,0,0,False,0,0,0,0,0,0,0,0,0,0,0,0,0,0,False
252,4,1,0,234,0,5,435,1080,53.75,0,11,0,0,0,0,0,1,0,0,0,0,0,0,False,0,0,0,0,0,0,0,0,0,0,0,0,0,0,0,0,0,1,1,0,0,0,0,0,1,0,0,0,0,0,0,0,0,0,0,0,0,0,0,0,0,0,0,False,0,0,0,0,0,0,0,0,0,0,0,0,0,0,False
7796,4,1,0,93,1,,,,,0,11,0,0,0,0,0,1,0,0,0,0,0,0,False,0,0,0,0,1,0,0,0,1,1,0,1,1,0,0,1,0,1,1,1,0,1,0,1,1,0,0,0,0,0,0,0,0,0,0,0,0,0,0,0,0,0,0,False,0,0,0,0,0,0,0,0,0,0,0,0,0,0,False
14226,1,0,0,98,1,5,420,1080,55.0,1,60,0,0,0,0,0,1,0,0,0,0,0,0,True,0,0,0,0,1,0,0,0,0,0,0,0,0,0,0,1,0,1,1,1,1,1,0,1,1,0,0,0,0,1,0,0,0,0,0,0,0,0,0,0,0,0,0,False,0,0,0,0,0,0,0,1,0,0,0,0,0,0,False
9336,1,1,0,105,1,5,390,1080,57.5,2,72,0,0,0,0,0,1,0,0,0,0,0,0,False,0,0,0,0,1,0,0,1,0,0,0,0,1,0,0,0,0,1,1,1,0,1,0,1,1,0,0,0,0,0,0,0,0,0,0,0,0,0,0,0,0,0,0,False,0,0,0,0,0,0,0,0,0,0,0,0,0,0,False
13760,3,0,0,230,,5,360,1140,65.0,1,144,0,0,0,0,0,1,0,0,0,0,0,0,False,0,0,0,0,1,0,0,1,1,0,0,1,1,1,1,1,0,1,1,1,1,1,0,1,1,0,0,0,0,0,0,0,0,0,0,0,0,0,0,0,0,0,0,False,0,0,0,0,0,0,0,0,0,0,0,0,0,0,False
7800,2,1,0,124,,5,420,1080,55.0,1,144,0,0,0,0,0,1,1,0,0,0,0,0,False,0,0,0,0,1,0,0,1,1,0,0,1,1,1,1,1,0,1,1,1,0,1,0,1,1,0,0,0,0,1,0,0,0,0,0,0,0,0,0,0,0,0,0,False,0,0,0,0,0,0,0,0,0,0,0,0,0,0,False
5543,2,1,0,92,,5,390,1110,60.0,24,144,0,0,0,0,0,1,1,0,0,0,0,0,False,0,0,0,0,1,0,0,1,1,0,0,1,1,1,1,1,0,1,1,1,1,1,0,1,1,0,0,0,1,1,0,0,0,0,0,0,0,0,0,0,0,0,0,False,0,0,0,0,0,0,0,0,0,0,0,0,0,0,False
19270,2,1,0,125,,5,420,1080,55.0,0,11,0,0,0,0,1,1,0,0,0,0,0,0,False,0,0,0,0,0,0,0,1,1,0,0,1,1,1,1,1,1,1,1,1,1,1,0,1,1,0,0,0,0,1,0,0,0,0,0,0,0,0,0,0,0,0,0,False,0,0,0,0,0,0,0,0,0,0,0,0,0,0,False
5727,2,0,0,180,1,5,390,1110,60.0,0,11,0,0,0,0,1,1,1,0,0,0,0,0,False,0,0,0,0,1,0,0,1,1,0,0,1,1,1,1,1,0,1,1,1,1,1,0,1,1,0,0,0,0,1,0,0,0,0,0,0,0,0,0,0,0,0,0,False,0,0,0,0,0,0,0,0,0,0,0,0,0,0,False
8035,2,1,0,184,,5,390,1110,60.0,1,144,0,0,0,0,0,1,0,0,0,0,0,0,False,0,0,0,0,1,0,0,1,1,0,0,1,1,1,1,1,0,1,1,1,0,0,0,0,1,0,0,0,0,1,0,0,0,0,0,0,0,0,0,0,0,0,0,False,0,0,0,0,0,0,0,0,0,0,0,0,0,0,False
16916,2,1,0,168,0,5,390,1110,60.0,0,11,0,0,0,0,0,1,0,0,0,0,0,1,False,0,0,0,0,1,0,0,1,1,1,0,1,1,1,1,1,0,1,1,1,0,1,0,1,1,0,0,0,0,0,0,0,0,0,0,0,0,0,0,0,0,0,0,False,0,0,0,0,0,0,0,0,0,0,0,0,0,0,False
16328,4,0,0,172,,5,390,1110,60.0,2,144,0,0,0,0,0,1,1,0,0,0,0,0,False,0,0,0,0,1,0,0,1,1,0,0,1,1,1,1,1,0,1,1,1,1,1,0,1,1,0,0,0,0,1,0,0,0,0,0,0,0,0,0,0,0,0,0,False,0,0,0,0,0,0,0,0,0,0,0,0,0,0,False
2390,2,1,0,162,,5,390,1110,60.0,1,144,0,0,0,0,0,1,0,0,0,0,0,0,False,0,0,0,0,0,0,0,1,1,0,0,1,1,1,1,1,0,1,1,1,1,1,0,1,1,0,0,0,0,0,0,0,0,0,0,0,0,0,0,0,0,0,0,False,0,0,0,0,0,0,0,0,0,0,0,0,0,0,False
3104,2,0,0,146,,5,360,1110,62.5,1,144,0,0,0,0,0,1,0,0,0,0,0,0,False,0,0,0,0,0,0,0,1,1,0,0,1,1,1,1,1,1,1,1,1,1,1,0,1,1,0,0,0,0,0,0,0,0,0,0,0,0,0,0,0,0,0,0,False,0,0,0,0,0,0,0,0,0,0,0,0,0,0,False
8958,3,0,0,135,,5,360,1110,62.5,1,60,0,0,0,0,0,1,0,0,0,0,0,0,False,0,0,0,0,1,0,0,1,1,1,0,1,1,1,1,0,0,1,1,1,0,1,0,1,1,0,0,0,0,0,0,0,0,0,0,0,0,0,0,0,0,0,0,False,0,0,0,0,0,0,0,0,0,0,0,0,0,0,False
16336,2,0,0,159,,5,360,1080,60.0,1,144,0,0,0,0,0,1,0,0,0,0,0,0,False,0,0,0,0,0,0,0,0,0,0,0,0,0,1,1,0,0,1,1,0,0,1,0,1,1,0,0,0,0,0,0,0,0,0,0,0,0,0,0,0,0,0,0,False,0,0,0,0,0,0,0,0,0,0,0,0,0,0,False
9301,4,0,0,24,,5,360,1080,60.0,0,11,0,0,0,0,0,1,0,0,0,0,0,0,False,0,0,0,0,0,0,0,0,0,0,0,0,0,0,0,0,0,1,0,0,0,0,0,0,1,0,0,0,0,0,0,0,0,0,0,0,0,0,0,0,0,0,0,False,0,0,0,0,0,0,0,0,0,0,0,0,0,0,False
662,5,0,0,36,,5,450,1050,50.0,0,12,0,0,0,0,0,1,0,0,0,0,0,0,False,0,0,0,0,1,0,0,0,0,0,0,0,0,0,0,0,0,1,1,0,0,0,0,0,0,0,1,0,0,0,0,0,0,0,0,0,0,0,0,0,0,0,0,False,0,0,0,0,0,0,0,0,0,0,0,0,0,0,False
12051,3,0,0,149,,5,360,1050,57.5,0,60,0,0,0,0,0,1,0,0,0,0,0,0,False,0,0,0,0,1,0,0,0,1,0,0,1,1,0,0,0,0,1,1,0,0,0,0,0,1,0,0,0,0,0,0,0,0,0,0,0,0,0,0,0,0,0,0,False,0,0,0,0,0,0,0,0,0,0,0,0,0,0,False
100,3,0,0,200,,5,360,1080,60.0,2,60,0,0,0,0,0,1,0,0,0,0,0,0,False,0,0,0,0,1,0,0,0,1,0,0,1,1,0,0,0,0,1,1,0,0,0,0,0,1,0,0,0,0,0,0,0,0,0,0,0,0,0,0,0,0,0,0,False,0,0,0,0,0,0,0,0,0,0,0,0,0,0,False
11,4,0,0,44,,5,450,1050,50.0,0,24,0,0,0,0,0,1,0,0,0,0,0,0,False,0,0,0,0,1,0,0,0,1,0,0,1,1,0,0,0,0,1,1,1,0,0,0,0,1,0,0,0,0,0,0,0,0,0,0,0,0,0,0,0,0,0,0,False,0,0,0,0,0,0,0,0,0,0,0,0,0,0,False
338,5,0,0,45,,5,390,975,48.75,0,11,0,0,0,0,0,1,0,0,0,0,0,0,False,0,0,0,0,0,0,0,0,0,0,0,0,0,0,0,0,0,1,1,0,0,0,0,0,1,0,0,0,0,0,0,0,0,0,0,0,0,0,0,0,0,0,0,False,0,0,0,0,0,0,0,0,0,0,0,0,0,0,False
9499,3,0,0,65,,5,420,1050,52.5,1,144,0,0,0,0,0,1,0,0,0,0,0,0,False,0,0,0,0,1,0,0,1,1,1,0,1,1,1,1,0,0,1,1,1,0,1,0,1,1,0,0,0,0,0,0,0,0,0,0,0,0,0,0,0,0,0,0,False,0,0,0,0,0,0,0,0,0,0,0,1,0,1,False
19368,4,1,0,16,,5,450,960,42.5,2,11,0,0,0,0,0,1,0,0,0,0,0,0,False,0,0,0,0,1,0,0,0,1,1,0,1,1,0,0,0,0,1,1,0,0,0,0,0,1,0,1,0,0,0,0,0,1,0,0,0,0,1,0,0,0,0,0,False,0,0,0,0,1,0,0,0,0,0,0,0,0,0,False
11808,4,1,0,16,1,5,450,900,37.5,2,36,0,0,0,0,0,1,0,0,0,0,0,0,False,0,0,0,0,1,0,0,1,1,1,0,1,1,0,0,0,0,0,0,1,0,1,0,0,1,0,1,0,0,0,0,0,0,0,0,0,0,0,0,0,0,0,0,False,0,0,0,0,0,0,0,0,0,0,0,0,0,0,False
10584,3,0,0,152,,5,450,1050,50.0,1,144,0,0,0,0,0,1,0,0,0,0,0,0,False,0,0,0,0,1,0,0,1,1,0,0,1,1,1,1,1,1,1,1,1,1,1,0,1,1,0,0,0,0,0,0,0,0,0,0,0,0,0,0,0,0,0,0,False,0,0,0,0,0,0,0,0,0,0,0,0,0,0,False
1332,3,1,0,168,1,5,420,1080,55.0,12,60,0,0,0,0,0,1,0,0,0,0,0,0,False,0,0,0,0,0,0,0,1,0,0,0,0,1,0,0,0,0,1,1,1,0,1,0,1,1,0,0,0,0,1,0,0,1,0,0,0,0,0,0,0,0,0,0,False,0,0,0,0,1,0,0,1,0,0,0,0,0,0,False
15251,4,1,0,221,,5,390,1080,57.5,1,144,0,0,0,0,0,1,0,0,0,0,0,0,False,0,0,0,0,1,0,0,1,1,0,0,0,1,1,1,0,0,1,1,1,0,1,0,1,1,0,0,0,0,0,0,0,0,0,0,0,0,0,0,0,0,0,0,False,0,0,0,0,0,0,0,0,0,0,0,0,0,0,False
10207,5,0,0,42,,5,495,1035,45.0,3,24,0,0,0,1,1,1,1,0,0,0,0,0,True,0,0,0,0,1,0,1,0,1,1,0,1,1,0,0,0,0,1,1,0,0,0,0,0,1,1,0,0,0,0,0,0,0,1,0,0,0,1,0,0,0,0,0,False,1,1,0,0,1,0,0,0,0,0,0,0,0,0,False
4424,5,1,0,28,,5,480,1020,45.0,0,24,0,0,1,1,0,1,0,0,0,0,0,0,False,0,0,0,0,0,0,0,0,1,1,0,1,1,0,0,0,0,1,1,0,0,0,0,0,1,0,1,1,0,0,0,1,1,0,0,0,0,0,0,0,0,0,0,False,0,1,0,1,0,0,0,0,0,0,0,1,0,0,False
15900,4,0,0,171,,5,360,1080,60.0,1,144,0,0,0,0,0,1,0,0,0,0,0,0,False,0,0,0,0,0,0,0,0,0,0,0,0,0,1,1,0,0,1,1,0,0,1,0,1,1,0,0,0,0,0,0,0,0,0,0,0,0,0,0,0,0,0,0,False,0,0,0,0,0,0,0,0,0,0,0,0,0,0,False
15032,4,1,0,89,,5,540,720,15.0,36,120,0,0,0,0,0,1,0,0,0,0,0,0,False,0,0,0,0,1,0,0,1,1,0,0,1,1,1,0,0,0,1,1,1,0,1,0,0,1,1,0,1,1,0,0,1,0,0,0,0,0,0,0,0,0,0,0,False,0,0,0,0,0,0,0,0,0,0,0,0,0,0,False
2926,4,1,0,60,,5,390,1080,57.5,48,144,0,0,0,0,0,1,0,0,0,0,0,0,False,0,0,0,0,0,0,0,1,0,0,0,0,1,1,0,0,0,1,1,1,0,1,0,1,1,0,0,0,0,1,0,0,0,0,0,0,0,0,0,0,0,0,0,False,0,0,0,0,0,0,0,0,0,0,0,0,0,0,False
3991,4,1,0,70,,,,,,72,144,0,0,0,0,0,1,0,0,0,0,0,0,False,0,0,0,0,1,0,0,1,0,1,0,1,0,1,1,1,0,1,1,1,1,1,0,1,1,0,0,0,1,0,0,0,0,0,0,0,0,0,0,0,0,0,0,False,0,0,0,0,0,0,0,0,0,0,0,1,0,0,False
9344,4,1,0,105,,5,420,1080,55.0,48,144,0,0,0,0,0,1,0,0,0,0,0,1,True,0,0,0,0,1,1,0,1,0,1,0,1,1,1,1,1,0,1,1,1,1,1,0,1,1,0,0,0,1,0,0,0,0,0,0,0,0,0,0,0,0,0,0,False,0,0,0,0,0,0,0,0,0,0,0,1,0,0,False
10173,2,1,0,70,,5,420,1080,55.0,72,144,0,0,0,0,0,1,0,0,0,0,0,0,False,0,0,0,0,1,0,1,1,0,1,0,1,1,1,1,1,0,1,1,1,1,1,0,1,1,0,0,0,1,0,0,0,0,0,0,0,0,0,0,0,0,0,0,False,0,0,0,0,0,0,0,0,0,0,0,1,0,0,False
7471,5,1,0,105,,5,480,1020,45.0,72,144,0,0,0,0,0,1,0,0,0,0,0,0,False,0,0,0,0,1,0,0,1,0,1,0,1,1,1,1,1,0,1,1,1,1,1,0,1,1,0,0,0,0,0,0,0,0,0,0,0,0,0,0,0,0,0,0,False,0,0,0,0,0,0,0,0,0,0,0,1,0,0,False
2141,4,1,0,70,,5,420,1080,55.0,48,144,0,0,0,0,0,1,0,0,0,0,0,0,False,0,0,0,0,0,0,1,1,0,1,0,1,1,1,1,1,0,1,1,1,1,1,0,1,1,0,0,0,1,1,0,0,0,0,0,0,0,0,0,0,0,0,0,False,0,0,0,0,0,0,0,0,0,0,0,1,0,0,False
5313,3,0,0,65,,5,360,1080,60.0,24,60,0,0,0,0,0,1,0,0,0,0,0,0,False,0,0,0,0,0,0,0,0,0,0,0,0,0,0,0,0,0,1,0,0,0,1,0,0,1,0,0,0,0,0,0,0,0,0,0,0,0,0,0,0,0,0,0,False,0,0,0,0,0,0,0,0,0,0,0,0,0,0,False
3046,4,0,0,75,,5,450,1050,50.0,36,132,0,0,0,0,0,1,0,0,0,0,0,0,False,0,0,0,0,1,0,0,1,0,0,0,1,1,1,1,0,0,1,1,1,1,0,0,0,1,0,0,1,0,0,0,0,0,0,0,0,0,1,0,0,0,0,0,False,0,0,0,0,0,0,0,0,0,0,0,0,0,0,False
7661,4,0,0,70,,5,360,1080,60.0,48,144,0,0,0,0,0,1,0,0,0,0,0,0,False,0,0,0,0,0,0,0,1,1,1,0,0,1,0,1,1,0,1,1,0,0,1,0,1,1,0,0,0,0,0,0,0,0,0,0,0,0,0,0,0,0,0,0,False,0,0,0,0,0,0,0,0,0,0,0,0,0,0,False
9720,4,1,0,64,,5,420,1080,55.0,24,132,0,0,0,1,0,1,0,0,0,0,0,0,False,0,0,0,0,1,0,0,0,1,0,0,0,1,1,1,0,0,1,1,0,0,0,0,0,1,0,0,0,0,0,0,0,0,0,0,0,0,0,0,0,0,0,0,False,0,0,0,0,0,0,0,0,0,0,0,0,0,1,False
7314,4,1,0,28,,5,840,1080,20.0,48,144,0,0,0,0,0,1,0,0,0,0,0,0,False,0,0,0,0,0,0,0,0,1,1,0,1,1,1,0,0,0,1,1,1,0,0,0,0,1,0,0,1,0,0,0,0,0,0,0,0,0,0,0,0,0,0,0,False,0,0,0,0,0,0,0,0,0,0,0,0,0,0,False
11391,5,1,0,96,,5,405,1080,56.25,72,156,0,0,0,0,0,1,0,0,0,0,0,0,False,0,0,0,0,1,0,0,0,1,0,0,0,0,1,1,0,0,1,1,1,0,1,0,1,1,0,0,0,0,0,0,0,0,0,0,0,0,0,0,0,0,0,0,False,0,0,0,0,0,0,0,0,0,0,0,0,0,0,False
630,4,0,0,90,,5,405,1080,56.25,48,144,0,0,0,0,0,1,0,0,0,0,0,0,False,0,0,0,0,0,0,0,1,0,0,0,0,1,1,1,1,0,1,1,1,0,0,0,0,1,0,0,0,0,1,0,0,0,0,0,0,0,0,0,0,0,0,0,False,0,0,0,0,0,0,0,0,0,0,0,0,0,0,False
12390,4,1,0,185,1,5,360,1080,60.0,72,144,0,0,0,0,0,1,0,0,0,0,0,0,False,0,0,0,0,1,0,0,1,0,0,0,0,1,1,1,0,0,1,1,1,0,0,0,0,1,0,0,0,0,1,0,0,0,0,0,0,0,0,0,0,0,0,0,False,0,0,0,0,0,0,0,0,0,0,0,0,0,0,False
6324,4,1,0,180,1,5,405,1080,56.25,72,144,0,0,0,0,0,1,0,0,0,0,0,0,False,0,0,0,0,1,0,0,1,0,0,0,0,1,1,1,0,0,1,1,1,0,0,0,0,1,0,0,0,0,1,0,0,0,0,0,0,0,0,0,0,0,0,0,False,0,0,0,0,0,0,0,0,0,0,0,0,0,0,False
14355,3,0,0,19,,5,390,1050,55.0,36,60,0,0,0,0,0,1,0,0,0,0,0,0,False,0,0,0,0,1,0,0,1,1,1,0,1,1,1,1,0,0,1,1,1,0,1,0,1,1,0,0,0,0,0,0,0,0,0,0,0,0,0,0,0,0,0,0,False,0,0,0,0,0,0,0,0,0,0,0,0,0,0,False
3599,4,1,0,94,,5,420,1020,50.0,24,60,0,0,0,0,0,1,0,0,0,0,0,0,False,0,0,0,0,1,0,0,0,1,0,0,1,1,0,0,0,0,1,1,0,0,1,0,1,1,1,1,0,0,0,0,0,0,0,0,0,0,0,0,0,0,0,0,False,0,0,0,0,0,0,0,0,1,1,0,0,0,0,False
11303,5,1,0,24,,5,480,660,15.0,36,60,0,1,0,0,0,1,1,0,0,0,0,0,False,0,0,0,0,1,0,0,1,0,1,0,0,1,0,0,0,0,0,0,1,0,1,0,0,1,0,0,0,0,0,0,0,0,0,0,0,0,0,0,0,0,0,0,False,0,0,0,0,0,0,0,0,0,0,0,1,0,0,False
15967,5,0,0,124,,5,390,1080,57.5,1,144,0,0,0,0,0,1,0,0,0,0,0,0,False,0,0,0,0,1,0,0,1,0,0,0,1,1,1,1,1,0,1,1,1,1,1,0,1,1,0,0,0,0,1,0,0,1,0,0,0,0,0,0,0,0,0,0,False,0,0,0,0,1,0,0,0,0,0,0,1,0,0,False
14414,4,0,0,98,,5,330,1080,62.5,36,60,0,0,0,0,0,1,0,0,0,0,0,0,False,0,0,0,0,1,0,0,0,1,1,0,1,1,0,0,0,0,1,1,0,0,0,0,0,1,0,0,1,0,0,0,1,1,0,0,0,0,1,0,0,0,0,0,False,1,1,0,0,1,0,0,0,0,0,0,0,0,0,False
16344,2,1,0,101,1,5,360,1200,70.0,1,60,0,0,0,0,0,1,0,0,0,0,0,0,False,0,0,0,0,1,0,0,1,1,1,0,1,1,0,0,0,1,1,1,1,0,0,0,0,1,1,0,0,0,1,0,1,1,0,0,0,0,1,0,0,0,0,0,True,0,1,0,1,1,0,0,0,1,0,0,0,0,0,False
2982,3,0,0,149,,5,450,990,45.0,12,72,0,0,0,0,0,1,0,0,0,0,0,0,False,0,0,0,0,1,0,0,0,1,0,0,1,1,0,0,0,0,1,1,0,0,1,0,1,1,1,0,1,0,1,0,0,0,0,0,0,0,0,0,0,0,0,0,False,0,0,0,0,0,0,0,0,0,0,0,0,0,0,False
14558,4,,1,116,,5,450,1050,50.0,24,60,0,0,0,0,0,1,0,0,0,0,0,0,False,0,0,0,0,1,0,0,1,1,1,0,1,1,0,0,0,0,1,1,1,0,0,0,0,0,1,0,0,1,1,1,1,1,1,0,1,1,1,0,0,0,0,0,False,1,1,1,1,1,1,0,0,1,0,1,0,0,0,False
6419,4,1,0,32,,5,510,990,40.0,24,60,0,0,0,0,0,1,0,0,0,0,0,0,False,0,0,0,0,1,0,0,0,1,1,0,1,1,0,0,0,0,1,1,0,0,0,0,0,1,1,1,0,0,0,0,1,1,0,0,0,0,0,0,0,0,0,0,False,0,0,0,1,0,0,0,0,0,0,0,0,0,0,False
13408,5,1,0,22,,5,450,1020,47.5,12,60,0,0,0,0,0,1,0,0,0,0,0,0,False,0,0,0,0,0,0,0,1,1,1,0,1,1,0,0,0,0,1,0,1,0,1,0,0,1,1,1,0,0,0,0,0,1,0,0,0,0,0,0,0,0,0,0,False,0,0,0,0,1,0,0,0,1,1,0,0,0,0,False
16290,4,1,0,26,,5,420,1020,50.0,1,36,0,0,0,0,0,1,1,0,0,0,0,0,True,0,0,0,0,1,0,0,1,1,0,0,1,1,0,0,0,0,1,0,1,0,1,0,0,1,0,1,0,0,0,0,0,1,0,0,0,0,0,0,0,0,0,0,False,0,0,0,0,1,0,0,0,1,1,0,0,0,0,False
18969,5,1,0,26,,5,450,900,37.5,1,36,0,1,1,1,0,1,1,1,0,0,0,0,False,0,0,1,0,1,1,1,0,1,0,0,1,1,0,0,0,0,1,0,1,0,1,0,0,1,0,1,0,0,0,0,0,1,0,0,0,0,0,0,0,0,0,0,False,0,0,0,0,0,0,0,0,1,1,0,0,1,1,False
13532,4,1,0,71,,5,450,1020,47.5,1,60,0,0,0,0,0,1,0,0,0,0,0,0,False,0,0,0,0,1,0,0,0,1,1,0,1,1,0,0,0,0,1,0,0,0,1,0,0,1,1,1,0,0,0,0,0,1,0,0,0,0,0,0,0,0,0,0,False,0,0,0,0,1,0,0,0,1,1,0,0,0,0,False
7261,5,1,0,24,,,,,,36,60,0,0,0,0,0,1,0,0,0,0,0,0,False,0,0,0,0,1,0,0,1,0,1,0,0,1,0,0,0,0,0,0,1,0,1,0,0,1,0,0,0,0,0,0,0,0,0,0,0,0,0,0,0,0,0,0,False,0,0,0,0,0,0,0,0,0,0,0,1,0,0,False
7858,4,1,0,60,,5,450,990,45.0,12,60,0,0,0,0,0,1,1,0,1,0,0,0,False,0,1,0,0,1,0,0,1,1,0,0,1,1,0,0,0,0,1,1,1,0,0,0,0,0,1,0,1,0,0,0,0,1,0,0,0,0,1,0,0,0,0,0,False,0,1,0,1,1,0,0,0,0,0,0,0,0,0,False
6201,2,1,0,237,0,5,420,1080,55.0,0,11,0,0,0,0,0,1,0,0,0,0,0,0,False,0,0,0,0,1,0,0,1,0,0,0,1,1,1,1,0,0,1,1,1,0,1,0,0,1,0,0,0,0,1,0,0,0,0,0,0,0,0,0,0,0,0,0,False,0,0,0,0,0,0,0,0,0,0,0,0,0,0,False
12497,4,0,0,96,,5,360,1080,60.0,0,60,0,0,0,0,0,1,0,0,0,0,0,0,False,0,0,0,0,1,0,0,1,0,0,0,1,1,0,0,0,0,1,1,1,0,0,0,0,1,1,1,1,0,0,0,0,0,0,0,0,0,0,0,0,0,0,0,False,0,0,0,0,1,0,0,0,0,0,0,0,0,0,False
12528,5,1,0,24,,5,480,660,15.0,36,60,0,0,0,0,0,1,0,0,0,0,0,0,False,0,0,0,0,1,0,0,1,0,1,0,0,1,0,0,0,0,0,0,1,0,1,0,0,1,0,0,0,0,0,0,0,0,0,0,0,0,0,0,0,0,0,0,False,0,0,0,0,0,0,0,0,0,0,0,1,0,0,False
2067,5,0,0,94,,5,390,1080,57.5,36,144,0,0,0,0,0,1,0,0,0,0,0,0,False,0,0,0,0,1,0,0,1,1,1,0,1,1,0,1,1,0,1,1,1,0,1,0,1,1,0,0,0,0,0,0,0,0,0,0,0,0,0,0,0,0,0,0,False,0,0,0,0,0,0,0,0,0,0,0,0,0,0,False
10767,2,0,0,106,,5,360,1080,60.0,1,144,0,0,0,0,0,1,0,0,0,0,0,0,False,0,0,0,0,0,0,0,1,0,0,0,1,1,1,1,0,0,1,1,1,0,1,0,1,1,0,0,0,0,0,0,0,0,0,0,0,0,0,0,0,0,0,0,False,0,0,0,0,0,0,0,0,0,0,0,1,0,0,False
12292,5,0,0,22,,5,480,885,33.75,36,60,0,1,0,0,0,1,0,0,0,0,0,0,False,0,0,0,0,0,0,0,0,1,0,0,1,0,0,0,0,0,0,0,1,0,1,0,0,1,1,0,0,0,0,0,0,1,0,0,0,0,0,0,0,0,0,0,False,0,0,0,0,0,0,0,0,0,1,0,0,0,0,False
15773,5,1,0,98,,5,480,1020,45.0,24,60,0,0,0,0,0,1,0,0,0,0,0,0,False,0,0,0,0,0,0,1,0,1,1,0,1,1,0,0,0,0,1,0,1,0,1,0,0,0,0,0,1,0,0,0,0,1,0,0,0,0,0,0,0,0,0,0,False,0,0,0,0,0,0,0,0,0,0,0,0,0,0,False
12119,4,1,0,66,,5,450,960,38.5,12,60,0,0,0,1,0,1,1,0,0,0,0,0,False,0,0,0,0,1,0,1,0,1,1,0,1,1,0,0,0,0,1,0,1,0,1,0,0,1,1,1,1,0,0,0,0,1,0,0,0,0,0,0,0,0,0,0,False,0,0,0,0,0,0,0,0,1,1,0,0,0,0,False
14518,5,0,0,24,,5,480,660,15.0,36,48,0,0,0,0,0,1,0,0,0,0,0,0,False,0,0,0,0,1,0,0,0,0,0,0,0,0,0,0,0,0,0,0,1,0,1,0,0,1,0,0,0,0,0,0,0,0,0,0,0,0,0,0,0,0,0,0,False,0,0,0,0,0,0,0,0,0,0,0,0,0,0,False
17331,5,0,0,24,,5,420,1020,50.0,36,60,0,0,0,0,0,1,0,0,0,0,0,0,False,0,0,0,0,0,0,0,0,0,0,0,0,0,0,0,0,0,1,0,0,0,1,0,0,1,0,0,0,0,1,0,0,0,0,0,0,0,0,0,0,0,0,0,False,0,0,0,0,0,0,0,0,0,0,0,0,0,0,False
7631,4,0,0,160,,5,450,1050,50.0,24,60,0,0,0,0,0,1,0,0,0,0,0,0,False,0,0,0,0,1,0,0,0,1,0,0,1,1,0,0,0,0,1,1,1,0,1,0,0,0,1,0,1,0,0,0,0,1,0,0,0,0,0,0,0,0,0,0,False,0,0,0,0,0,0,0,0,0,0,0,0,0,0,False
9974,4,1,0,20,,5,480,1020,45.0,24,60,0,0,0,0,0,1,0,0,0,0,0,0,False,0,0,0,0,1,0,0,0,1,1,0,1,1,0,0,0,0,1,1,0,0,0,0,0,1,1,0,0,1,0,0,1,1,0,0,0,0,0,0,0,0,0,0,False,0,0,0,0,0,0,0,0,0,0,0,0,0,0,False
12684,5,0,0,24,,5,480,1020,45.0,36,60,0,0,0,0,0,1,0,0,0,0,0,0,False,0,0,0,0,1,0,0,0,1,1,0,1,1,0,0,0,0,1,1,0,0,0,0,0,1,1,0,0,1,0,0,1,1,1,0,0,0,1,0,0,0,0,0,False,1,1,1,1,0,0,0,0,1,0,0,0,0,0,False
10230,5,1,0,96,,4,510,960,30.0,24,72,0,0,0,0,0,1,0,0,0,0,0,0,False,0,0,0,0,1,0,0,1,0,0,0,0,0,0,0,0,0,1,1,0,0,0,0,0,1,0,0,0,0,0,0,1,0,0,0,0,0,0,0,0,0,0,0,False,0,1,0,0,0,0,0,0,0,0,0,0,0,0,False
9590,3,0,0,24,,5,480,660,15.0,36,48,0,0,0,0,0,1,0,0,0,0,0,0,False,0,0,0,0,1,0,0,0,1,0,0,1,0,0,0,0,0,0,0,1,0,1,0,0,0,1,0,0,0,0,0,0,1,0,0,0,0,0,0,0,0,0,0,False,0,0,0,0,0,0,0,0,0,0,0,0,0,0,False
10702,4,0,0,24,,5,480,660,15.0,36,60,0,0,0,0,0,1,0,0,0,0,0,0,False,0,0,0,0,0,0,0,1,0,0,0,0,1,0,0,0,0,1,0,1,0,1,0,0,1,0,0,0,0,0,0,0,0,0,0,0,0,0,0,0,0,0,0,False,0,0,0,0,0,0,0,0,0,0,0,0,0,0,False
15919,4,0,0,132,,5,360,1080,60.0,36,60,0,0,0,0,0,1,0,0,0,0,0,0,False,0,0,0,0,0,0,0,0,0,0,0,0,0,0,0,0,0,1,0,0,0,1,0,0,1,0,0,0,0,0,0,0,0,0,0,0,0,0,0,0,0,0,0,False,0,0,0,0,0,0,0,0,0,0,0,0,0,0,False
3149,4,0,0,20,,5,480,660,15.0,36,60,0,0,0,0,0,1,0,0,0,0,0,0,False,0,0,0,0,0,0,0,1,0,0,0,0,1,0,0,0,0,1,0,1,0,1,0,0,1,0,0,0,0,0,0,0,0,0,0,0,0,0,0,0,0,0,0,False,0,0,0,0,0,0,0,0,0,0,0,0,0,0,False
9629,4,0,0,24,,5,360,1080,60.0,36,60,0,0,0,0,0,1,0,0,0,0,0,0,False,0,0,0,0,0,0,0,0,0,0,0,0,0,0,0,0,0,1,0,0,0,1,0,0,1,0,0,0,0,0,0,0,0,0,0,0,0,0,0,0,0,0,0,False,0,0,0,0,0,0,0,0,0,0,0,0,0,0,False
18344,4,0,0,24,,5,360,1080,60.0,36,60,0,0,0,0,0,1,0,0,0,0,0,0,False,0,0,0,0,0,0,0,0,0,0,0,0,0,0,0,0,0,1,0,0,0,1,0,0,1,0,0,0,0,0,0,0,0,0,0,0,0,0,0,0,0,0,0,False,0,0,0,0,0,0,0,0,0,0,0,0,0,0,False
16696,5,1,0,94,,5,480,660,15.0,36,60,0,0,0,0,0,1,0,0,0,0,0,0,False,0,0,0,0,1,0,0,0,1,1,0,1,0,0,0,0,0,0,0,1,0,1,0,0,0,1,0,0,0,0,0,0,0,0,0,0,0,0,0,0,0,0,0,False,0,0,0,0,0,0,0,0,0,0,0,0,0,0,False
833,5,1,0,107,,5,720,900,15.0,36,60,0,0,0,0,0,1,0,0,0,0,0,0,False,0,0,0,0,1,0,0,0,0,1,0,1,0,0,0,0,0,0,0,1,0,1,0,0,0,1,0,0,0,0,0,0,0,0,0,0,0,0,0,0,0,0,0,False,0,0,0,0,1,0,0,0,0,0,0,0,0,0,False
9300,4,0,0,40,,5,420,1050,52.5,24,60,0,0,0,0,0,1,0,0,0,0,0,0,False,0,0,0,0,1,0,0,1,1,0,0,1,1,0,0,0,0,1,1,0,0,0,0,0,1,0,0,0,0,0,0,0,0,0,0,0,0,0,0,0,0,0,0,False,0,0,0,0,0,0,0,0,0,0,0,0,0,0,False
11120,4,0,0,66,,5,420,1050,52.5,36,60,0,0,0,0,0,1,0,0,0,0,0,0,False,0,0,0,0,1,0,0,0,1,0,0,1,1,0,0,0,0,1,1,0,0,0,0,0,1,0,0,0,0,0,0,0,0,0,0,0,0,0,0,0,0,0,0,False,0,0,0,0,0,0,0,0,0,0,0,0,0,0,False
4072,4,1,0,120,1,5,390,1050,55.0,0,108,0,0,0,0,0,1,0,0,0,0,0,0,False,0,0,0,0,1,0,0,0,0,0,0,0,0,1,1,0,0,1,1,1,0,0,0,0,1,0,0,0,0,0,0,0,0,0,0,0,0,0,0,0,0,0,0,False,0,0,0,0,0,0,0,0,0,0,0,0,0,0,False
17987,4,0,0,144,,5,360,1080,60.0,36,60,0,0,0,0,0,1,0,0,0,0,0,0,False,0,0,0,0,1,0,0,0,0,0,0,0,0,0,0,0,0,1,1,0,0,1,0,1,1,0,0,0,0,0,0,0,0,0,0,0,0,0,0,0,0,0,0,False,0,0,0,0,0,0,0,0,0,0,0,0,0,0,False
971,4,0,0,48,,5,495,900,33.75,24,60,0,0,0,0,0,1,0,0,0,0,0,0,False,0,0,0,0,1,0,0,1,0,0,0,0,1,0,0,0,0,0,0,1,0,1,0,0,1,0,0,0,0,0,0,0,0,0,0,0,0,0,0,0,0,0,0,False,0,0,0,0,0,0,0,0,0,0,0,0,0,0,False
3044,4,1,0,32,,5,450,1020,47.5,24,60,0,0,0,0,0,1,0,0,0,0,0,0,False,0,0,0,0,1,0,0,1,1,0,0,1,1,0,0,0,0,1,1,1,1,1,0,1,1,0,0,1,0,0,0,0,1,0,0,0,0,0,0,0,0,0,0,False,0,0,0,0,0,0,0,0,1,1,0,0,0,0,False
2679,4,1,0,84,,5,435,1020,48.75,2,60,0,0,0,0,0,1,0,0,0,0,0,0,False,0,0,0,0,0,0,0,0,1,1,0,1,1,0,0,0,0,1,1,1,0,1,1,1,1,1,0,0,0,0,0,1,0,0,0,0,0,0,0,0,0,0,0,False,0,0,0,0,0,0,0,0,0,0,0,1,0,0,False
5768,5,1,0,60,,5,465,975,39.75,24,60,0,0,0,0,0,1,0,0,0,0,0,0,False,0,0,0,0,1,0,0,0,1,1,0,1,1,0,0,0,0,1,1,1,0,1,0,0,0,1,1,0,0,0,0,0,1,1,0,0,0,1,0,0,0,0,0,False,1,1,0,1,1,0,0,0,0,0,0,0,0,0,False
10206,5,1,0,56,1,5,450,975,40.0,12,60,0,0,0,0,0,1,0,0,0,0,0,0,False,0,0,0,0,1,0,0,0,1,1,0,1,1,0,0,0,0,1,1,1,0,1,0,0,1,1,1,0,0,0,0,0,1,1,0,0,0,1,0,0,0,0,0,False,1,1,0,1,1,0,0,0,0,0,0,0,0,0,False
16852,5,1,0,40,0,5,480,900,32.5,3,60,0,0,0,0,0,1,0,0,0,0,0,0,False,0,0,0,0,1,0,0,1,1,1,0,1,1,0,0,0,0,1,0,1,0,1,0,0,0,1,1,0,0,0,0,0,1,1,0,0,0,1,0,0,0,0,0,False,1,1,0,0,1,0,0,0,0,0,0,0,0,0,False
15537,4,,0,32,,5,420,1050,52.5,24,72,0,0,0,0,0,1,0,0,1,0,0,0,False,0,0,0,0,1,0,0,0,1,1,0,1,1,1,1,0,0,1,1,1,0,0,0,0,1,0,0,0,0,0,0,0,0,0,0,0,0,0,0,0,0,0,0,False,0,0,0,0,0,0,0,0,0,0,0,0,0,0,False
14734,4,,1,96,,5,420,1050,52.5,0,144,1,0,0,0,0,1,0,0,0,0,0,0,False,0,0,0,0,1,0,0,0,1,1,1,1,1,1,1,1,0,1,1,1,0,0,0,0,1,0,0,1,0,0,0,0,0,0,0,0,0,0,0,0,0,0,0,False,0,0,0,0,0,0,0,0,0,0,0,0,0,0,False
8391,4,0,0,48,,5,360,1080,60.0,24,60,0,0,0,0,0,1,0,0,0,0,0,0,False,0,0,0,0,0,0,0,0,0,0,0,0,0,0,0,0,0,1,1,0,0,0,0,0,1,0,0,0,0,0,0,0,0,0,0,0,0,0,0,0,0,0,0,False,0,0,0,0,0,0,0,0,0,0,0,0,0,0,False
15872,5,1,0,98,,5,480,1080,50.0,24,60,0,0,0,0,0,1,0,0,0,0,0,1,False,0,0,0,0,1,0,0,1,0,1,1,1,0,0,0,1,0,1,1,0,0,0,0,0,1,1,0,1,0,0,0,0,0,0,0,0,0,1,0,0,0,0,0,False,0,0,0,1,0,0,0,0,0,0,0,0,0,0,False
1920,4,1,0,44,,5,450,990,45.0,36,60,0,0,0,0,0,1,0,0,0,0,0,0,False,0,0,0,0,1,0,0,0,1,1,0,1,1,0,0,0,0,1,0,1,0,1,0,0,1,1,1,0,0,0,0,1,1,0,0,0,0,0,0,0,0,0,0,False,0,0,0,0,1,0,0,1,1,1,0,0,0,1,False
15485,5,1,0,43,,5,450,900,37.5,12,60,0,0,0,0,0,1,0,0,0,0,0,0,False,0,0,0,1,1,0,1,0,1,0,0,1,1,0,0,0,0,1,0,1,0,1,0,0,1,0,1,0,0,0,0,0,1,0,0,0,0,0,0,0,0,0,0,False,0,0,0,0,0,0,0,0,1,1,0,0,0,0,False
8714,5,1,0,60,,5,450,1020,47.5,24,60,0,1,0,0,0,1,0,0,0,0,0,0,True,0,0,0,1,1,1,0,0,1,0,0,1,1,0,0,0,0,1,0,1,0,1,0,0,1,1,1,0,0,0,0,0,0,0,0,0,0,0,0,0,0,0,0,False,0,0,0,0,0,0,0,1,1,1,0,0,0,0,False
11400,5,1,0,52,,5,450,900,37.5,24,60,0,0,0,0,0,1,0,0,0,0,0,0,False,0,0,0,1,1,0,1,0,1,0,0,1,1,0,0,0,0,1,0,0,0,1,0,0,1,1,1,0,0,0,0,0,0,0,0,0,0,0,0,0,0,0,0,False,0,0,0,0,0,0,0,0,1,1,0,0,0,0,False
17329,4,1,0,40,,5,450,1020,47.5,36,60,0,0,0,0,0,1,0,0,0,0,0,0,False,0,0,0,0,1,0,0,0,1,0,0,1,1,0,0,0,0,1,0,1,0,1,0,0,1,1,1,0,0,0,0,0,0,0,0,0,0,0,0,0,0,0,0,False,0,0,0,0,0,0,0,0,1,1,0,1,0,1,False
12857,5,0,0,22,,5,495,960,38.75,36,48,0,0,0,0,0,1,0,0,0,0,0,0,False,0,0,0,0,1,0,0,1,0,0,0,0,1,0,0,0,0,0,0,1,0,1,0,0,1,0,0,0,0,0,0,0,0,0,0,0,0,0,0,0,0,0,0,False,0,0,0,0,0,0,0,0,0,0,0,0,0,0,False
17706,4,0,0,47,,5,465,645,15.0,36,60,0,0,0,0,0,1,0,0,0,0,0,0,False,0,0,0,0,1,0,0,0,1,0,0,1,1,0,0,0,0,0,0,1,0,1,0,0,1,1,0,1,0,0,0,0,0,0,0,0,0,0,0,0,0,0,0,False,0,0,0,0,0,0,0,0,0,0,0,0,0,0,False
8507,4,1,0,24,,5,510,990,40.0,36,60,0,0,0,0,0,1,0,0,0,0,0,0,False,0,0,0,0,1,1,0,0,0,1,0,0,0,0,0,0,0,0,1,1,0,1,0,1,1,1,1,0,0,0,0,0,0,0,0,0,0,0,0,0,0,0,0,False,0,0,0,0,0,0,0,0,0,0,0,1,1,1,False
16118,4,1,0,29,1,5,480,660,15.0,36,60,0,0,0,0,0,1,0,0,0,0,0,0,False,0,0,0,0,1,0,0,0,0,1,0,0,0,0,0,0,0,1,1,0,0,0,0,0,1,1,0,0,0,0,0,0,0,0,0,0,0,0,0,0,0,0,0,False,0,1,0,0,1,0,0,0,0,0,0,1,0,0,False
5682,4,1,0,48,,5,390,1050,55.0,36,60,0,0,0,0,0,1,0,0,0,0,0,0,False,0,0,0,0,1,0,0,0,1,1,0,1,1,0,0,0,0,1,1,0,0,0,0,0,0,0,0,1,0,0,0,0,0,0,0,0,0,0,0,0,0,0,0,False,0,0,0,0,1,0,0,0,0,0,0,0,0,0,False
18026,4,0,0,38,,5,420,990,47.5,0,48,0,0,0,0,0,1,0,0,0,0,0,0,False,0,0,0,0,1,0,0,0,0,1,0,0,0,0,0,0,0,1,1,0,0,0,0,0,0,0,1,0,1,0,0,0,0,0,0,0,0,0,0,0,0,0,0,False,0,0,0,0,0,0,0,0,0,0,0,0,0,0,False
14221,5,0,0,24,,5,450,900,37.5,36,60,0,0,0,0,0,1,0,0,0,0,0,0,False,0,0,0,0,1,0,0,0,1,0,0,1,0,0,0,1,0,0,1,1,1,1,0,1,1,0,0,0,0,0,0,0,0,0,0,0,0,0,0,0,0,0,0,False,0,0,0,0,0,0,0,0,0,0,0,0,0,0,False
4375,5,1,0,54,,5,465,885,35.0,36,60,0,0,0,0,0,1,0,0,0,0,0,0,False,0,0,0,0,0,0,0,1,0,0,0,0,1,0,0,0,0,0,0,1,0,1,0,0,1,1,0,0,0,1,0,1,1,0,0,0,0,0,0,0,0,0,0,False,0,0,0,0,0,0,0,0,1,1,0,0,0,0,False
17665,5,1,0,48,,5,480,900,35.0,36,60,0,0,0,0,0,1,0,0,0,0,0,0,False,0,0,0,0,1,0,1,1,0,1,0,0,1,0,0,0,0,0,0,1,0,1,0,0,1,0,0,0,0,0,0,0,0,0,0,0,0,0,0,0,0,0,0,False,0,0,0,0,0,0,0,0,0,0,0,1,0,0,False
13583,4,1,0,72,,5,510,900,32.5,36,48,0,0,0,0,0,1,0,0,0,0,0,0,False,0,0,0,0,1,0,0,0,1,1,0,1,0,0,0,0,0,1,0,1,0,1,0,0,1,1,0,0,0,0,0,0,0,0,1,0,0,0,0,0,0,0,0,False,0,0,0,0,0,0,0,0,0,0,0,0,0,0,False
19016,4,1,0,48,,5,510,900,32.5,36,48,0,0,0,0,0,1,0,0,0,0,0,0,False,0,0,0,0,1,0,0,0,1,1,0,1,0,0,0,0,0,0,0,1,0,1,0,0,1,1,0,0,0,0,0,0,0,0,1,0,0,1,0,0,0,0,0,False,0,0,0,0,0,0,0,0,0,0,0,0,0,0,False
6920,4,0,0,96,,5,510,900,32.5,36,60,0,0,1,1,0,1,0,0,0,0,0,0,False,0,0,0,0,1,0,1,0,1,1,0,1,1,0,0,0,0,1,1,0,0,0,0,0,1,1,0,1,0,0,0,0,1,0,0,0,0,0,0,0,0,0,0,False,0,0,0,0,0,0,0,0,0,0,0,0,1,1,False
1649,4,1,0,72,,5,480,1020,45.0,36,60,0,0,0,0,0,1,0,0,0,0,0,0,False,0,0,0,0,1,0,0,0,0,1,0,0,0,0,0,0,0,1,1,0,0,1,0,1,1,0,0,1,0,0,0,0,0,0,0,0,0,0,0,0,0,0,0,False,0,0,0,0,0,0,0,0,0,0,0,1,1,1,False
37,2,1,0,101,,,,,,36,60,0,0,0,0,0,1,0,0,0,0,0,0,True,0,0,0,0,0,0,0,0,0,1,0,0,0,0,0,0,0,1,1,0,0,1,0,1,1,0,0,1,0,0,0,0,0,0,0,0,0,0,0,0,0,0,0,False,0,0,0,0,0,0,0,0,0,0,0,1,1,1,False
16662,4,1,0,48,,5,480,1020,45.0,36,60,0,0,0,0,0,1,0,0,0,0,0,0,False,0,0,0,0,1,0,0,0,0,1,0,0,0,0,0,0,0,1,1,1,0,1,0,1,1,1,0,1,0,0,0,0,0,0,0,0,0,0,0,0,0,0,0,False,0,0,0,0,0,0,0,0,0,0,0,1,1,1,False
10955,3,1,0,48,,,,,,36,60,0,0,0,0,0,1,0,0,0,0,0,0,False,0,0,0,0,1,0,0,0,0,1,0,0,0,0,0,0,0,1,1,0,0,1,0,1,1,0,0,1,0,0,0,0,0,0,0,0,0,0,0,0,0,0,0,False,0,0,0,0,0,0,0,0,0,0,0,1,1,1,False
18078,3,1,0,79,,5,450,1050,50.0,36,60,0,0,0,0,0,1,0,0,0,0,0,0,False,0,0,0,0,1,0,0,0,0,1,0,0,0,0,0,0,0,1,1,1,0,0,0,0,1,1,0,1,0,0,0,0,0,0,0,0,0,0,0,0,0,0,0,False,0,0,0,0,0,0,0,0,0,0,0,1,1,1,False
9469,3,1,0,48,,5,510,900,32.5,36,48,0,0,0,0,0,1,0,0,0,0,0,0,False,0,0,0,0,0,0,0,0,0,1,0,0,0,0,0,0,0,0,1,1,0,1,0,1,1,1,0,0,0,0,0,0,0,0,1,0,0,0,0,0,0,0,0,False,0,0,0,0,0,0,0,0,0,0,0,1,1,1,False
15748,3,1,0,24,,5,510,900,32.5,36,48,0,0,0,0,0,1,0,0,0,0,0,0,False,0,0,0,0,1,0,0,0,0,1,0,0,0,0,0,0,0,0,1,1,0,1,0,1,1,1,0,0,0,0,0,0,0,0,1,0,0,0,0,0,0,0,0,False,0,0,0,0,0,0,0,0,0,0,0,1,1,1,False
1879,4,1,0,82,,,,,,36,60,0,0,0,0,1,1,0,0,0,0,0,0,False,0,0,0,0,0,0,1,0,0,1,0,0,0,0,0,0,0,1,1,1,0,1,0,1,1,1,0,1,0,0,0,1,0,0,0,0,0,0,0,0,0,0,0,False,0,0,0,0,0,0,0,0,0,0,0,1,1,1,False
10011,5,0,0,24,,5,450,890,36.67,36,60,0,0,0,0,0,1,0,0,0,0,0,0,False,0,0,0,0,1,0,0,0,1,0,0,1,0,0,0,1,0,0,1,1,1,1,0,1,1,0,0,0,0,0,0,0,0,0,0,0,0,0,0,0,0,0,0,False,0,0,0,0,0,0,0,0,0,0,0,0,0,0,False
11373,4,0,0,16,,5,510,930,35.0,36,60,0,0,0,0,0,1,0,0,0,0,0,0,False,0,0,0,0,1,0,0,0,0,0,0,0,0,0,0,0,0,0,0,1,0,1,0,0,1,0,0,0,0,0,0,0,0,0,0,0,0,0,0,0,0,0,0,False,0,0,0,0,0,0,0,0,0,0,0,0,0,0,False
19247,4,1,0,80,,5,450,1110,55.0,24,60,0,0,0,0,0,1,0,0,0,0,0,0,False,0,0,0,0,0,0,0,1,1,0,0,1,1,0,0,0,0,1,1,0,0,0,0,0,1,0,0,0,0,0,0,0,0,1,0,0,0,1,0,0,0,0,0,False,1,1,0,0,1,1,1,0,1,0,0,0,0,0,False
1001,4,1,0,75,,5,450,1110,55.0,24,60,0,0,0,0,0,1,0,0,0,0,0,0,False,0,0,0,0,0,0,0,1,1,0,0,1,1,1,1,0,0,1,1,0,0,0,0,0,1,0,0,0,0,0,0,0,0,1,0,0,0,1,0,0,0,0,0,False,1,1,0,0,1,1,1,0,0,0,0,0,0,0,False
13460,5,1,0,72,,5,480,660,15.0,36,60,0,0,0,0,0,1,0,0,0,0,0,0,False,0,0,0,0,1,0,0,0,1,0,0,1,0,0,0,0,0,0,0,1,0,1,0,0,1,1,1,0,0,0,0,0,1,0,0,0,0,0,0,0,0,0,0,False,0,0,0,0,0,0,0,0,1,1,0,0,0,0,False
19093,4,,0,93,,5,420,1050,52.5,0,144,0,0,0,0,0,1,0,0,0,1,0,0,False,0,0,0,0,1,0,0,0,0,1,0,0,0,1,1,0,0,1,1,1,0,1,0,1,1,1,0,0,0,0,0,0,0,0,0,0,0,0,0,0,0,0,0,False,0,0,0,0,0,0,0,0,0,0,0,0,1,0,False
896,4,,0,61,,5,450,960,42.5,36,60,0,0,0,0,0,1,0,0,0,0,0,0,False,0,0,0,0,1,0,0,0,0,1,0,0,0,0,0,0,0,1,1,1,0,1,0,1,0,0,0,1,0,0,0,0,0,0,0,0,0,0,0,0,0,0,0,False,0,0,0,0,0,0,0,0,0,0,0,0,0,0,False
18898,4,0,0,48,,,,,,36,60,0,0,0,0,0,1,0,0,0,0,0,0,False,0,0,0,0,1,0,0,0,0,0,0,0,0,0,0,0,0,0,0,1,0,1,0,0,1,0,0,0,0,0,0,0,0,0,0,0,0,0,0,0,0,0,0,False,0,0,0,0,0,0,0,0,0,0,0,0,0,0,False
12219,4,1,0,75,,5,390,1080,57.5,2,72,0,0,0,0,0,1,0,0,0,1,0,0,False,0,0,0,0,1,0,0,1,1,1,0,1,1,1,1,0,0,1,1,1,0,0,0,0,1,1,1,1,0,0,0,0,1,0,0,0,0,0,1,0,0,0,0,True,1,0,0,1,0,0,0,0,0,0,0,0,0,0,False
6406,5,1,0,24,,5,510,690,15.0,24,60,0,0,0,0,0,1,0,0,0,0,0,0,False,0,0,0,0,1,0,0,1,1,1,0,1,1,0,0,0,0,0,0,1,0,1,0,0,0,1,0,0,0,0,0,0,1,0,0,0,0,0,0,0,0,0,0,False,0,0,0,0,1,0,0,0,0,0,0,0,0,0,False
17461,4,0,0,237,,5,480,1080,50.0,36,60,0,0,0,0,0,1,0,0,0,0,0,0,False,0,0,0,0,0,0,0,0,0,0,0,0,0,0,0,0,0,1,1,1,0,1,0,1,1,0,0,0,0,0,0,0,0,0,0,0,0,0,0,0,0,0,0,False,0,0,0,0,0,0,0,0,0,0,0,0,0,0,False
9712,4,1,0,24,,5,450,960,42.5,12,60,0,0,0,0,0,1,0,0,0,0,0,0,True,0,0,0,0,0,0,0,0,1,1,0,1,1,0,0,0,0,1,1,0,0,0,0,0,1,0,0,1,0,0,0,1,0,0,0,0,0,1,0,0,0,0,0,True,0,1,0,1,0,0,0,0,1,0,0,0,0,1,False
10975,5,0,0,59,,5,360,1080,60.0,36,60,0,0,0,0,0,1,0,0,0,0,0,0,False,0,0,0,0,1,0,0,0,0,0,0,0,0,0,0,0,0,1,0,0,0,1,0,0,1,0,1,0,0,0,0,0,0,0,0,0,0,0,0,0,0,0,0,False,0,0,0,0,0,0,0,0,0,0,0,0,0,0,False
17840,4,0,0,24,,5,480,690,17.5,36,60,0,0,0,0,0,1,0,0,0,0,0,0,False,0,0,0,0,1,0,0,0,1,0,0,1,0,0,0,0,0,0,0,1,0,1,0,0,1,1,0,0,0,1,0,0,0,0,0,0,0,0,0,0,0,0,0,False,0,0,0,0,1,0,0,0,0,0,0,0,0,0,False
5019,5,0,0,178,,1,450,1050,10.0,12,72,0,0,0,0,0,1,0,0,0,0,0,0,False,0,0,0,0,1,0,0,0,0,0,0,0,0,0,0,0,0,1,1,1,0,0,0,0,0,0,1,0,0,0,0,0,0,0,0,0,0,0,0,0,0,0,0,False,0,0,0,0,0,0,0,0,0,0,0,0,0,0,False
13947,4,0,0,66,,5,360,990,52.5,12,60,0,0,0,0,0,1,0,0,0,0,0,0,False,0,0,0,0,1,0,0,1,0,0,0,1,1,0,0,0,0,1,0,0,0,0,0,0,1,0,0,0,0,0,0,0,0,0,0,0,0,0,0,0,0,0,0,False,0,0,0,0,0,0,0,0,0,0,0,0,0,0,False
3907,4,0,0,96,,5,300,1020,60.0,36,60,0,0,0,0,0,1,0,0,0,0,0,0,False,0,0,0,0,1,0,0,1,1,0,0,1,1,0,0,0,0,1,1,1,0,0,0,0,0,1,1,1,0,1,0,0,1,0,0,0,0,0,0,0,0,0,0,False,1,0,0,0,1,0,0,0,0,0,0,0,0,0,False
3209,4,1,0,12,,5,510,780,22.5,24,48,0,0,0,0,0,1,0,0,0,0,0,0,False,0,0,0,0,1,0,0,1,0,0,0,0,0,0,0,0,0,0,0,1,0,1,0,0,1,0,0,0,0,0,0,1,1,0,0,0,0,0,0,0,0,0,0,False,0,1,0,0,0,0,0,0,0,0,0,1,0,0,False
16654,4,0,0,40,,5,360,1080,60.0,36,60,0,0,0,0,0,1,0,0,0,0,0,0,False,0,0,0,0,0,0,0,0,0,0,0,0,0,0,0,0,0,1,0,0,0,1,0,0,1,0,0,0,0,0,0,0,0,0,0,0,0,0,0,0,0,0,0,False,0,0,0,0,0,0,0,0,0,0,0,0,0,0,False
47,4,0,0,51,,5,360,1080,60.0,24,60,0,0,0,0,0,1,0,0,0,0,0,0,False,0,0,0,0,0,0,0,0,0,0,0,0,0,0,0,0,0,1,0,0,0,1,0,0,1,0,0,0,0,0,0,0,0,0,0,0,0,0,0,0,0,0,0,False,0,0,0,0,0,0,0,0,0,0,0,0,0,0,False
4971,4,0,0,45,,5,360,1080,60.0,36,60,0,0,0,0,0,1,0,0,0,0,0,0,False,0,0,0,0,1,0,0,0,0,0,0,0,0,0,0,0,0,1,0,0,0,1,0,0,1,0,1,0,0,0,0,0,0,0,0,0,0,0,0,0,0,0,0,False,0,0,0,0,0,0,0,0,0,0,0,0,0,0,False
9496,4,0,0,42,,5,360,1080,60.0,36,60,0,0,0,0,0,1,0,0,0,0,0,0,False,0,0,0,0,1,0,0,0,0,0,0,0,0,0,0,0,0,1,0,0,0,1,0,0,1,0,0,0,0,0,0,0,0,0,0,0,0,0,0,0,0,0,0,False,0,0,0,0,0,0,0,0,0,0,0,0,0,0,False
14565,4,0,0,20,,5,360,1080,60.0,36,60,0,0,0,0,0,1,0,0,0,0,0,0,False,0,0,0,0,1,0,0,0,0,0,0,0,0,0,0,0,0,1,0,0,0,1,0,0,1,0,0,0,0,0,0,0,0,0,0,0,0,0,0,0,0,0,0,False,0,0,0,0,0,0,0,0,0,0,0,0,0,0,False
2314,4,0,0,24,,5,360,1080,60.0,36,60,0,0,0,0,0,1,0,0,0,0,0,0,False,0,0,0,0,1,0,0,0,0,0,0,0,0,0,0,0,0,1,0,0,0,1,0,0,1,0,0,0,0,0,0,0,0,0,0,0,0,0,0,0,0,0,0,False,0,0,0,0,0,0,0,0,0,0,0,0,0,0,False
8230,4,0,0,48,,5,360,1080,60.0,36,60,0,0,0,0,0,1,0,0,0,0,0,0,False,0,0,0,0,0,0,0,0,0,0,0,0,0,0,0,0,0,1,0,0,0,1,0,0,1,0,0,0,0,0,0,0,0,0,0,0,0,0,0,0,0,0,0,False,0,0,0,0,0,0,0,0,0,0,0,0,0,0,False
5513,5,1,0,87,0,5,420,1080,55.0,12,60,0,0,0,0,0,1,0,0,0,0,0,0,False,0,0,0,0,1,0,0,1,0,1,0,1,1,0,0,1,0,1,1,1,1,1,0,1,1,0,0,0,0,0,0,0,0,0,1,0,0,0,0,0,0,0,0,False,0,0,0,0,0,0,0,0,0,0,0,0,0,0,False
14139,1,0,0,24,,5,480,960,40.0,0,11,0,0,0,0,0,1,0,0,0,0,0,0,False,0,0,0,0,0,0,0,0,0,0,0,0,0,0,0,0,0,1,1,0,0,0,0,0,1,0,0,0,0,0,0,0,0,0,0,0,0,0,0,0,0,0,0,False,0,0,0,0,0,0,0,0,0,0,0,0,0,0,False
