provider_id,qr_rating,provider_type,transportation,toddler,school_age,preschool,infant,subsidy_accepted,is_ongoing_process,accreditation_available,food_permit_available,capacity,hours_monday,hours_tuesday,hours_wednesday,hours_thursday,hours_friday,hours_saturday,hours_sunday,cost_under1_fulltime,cost_under1_parttime,cost_age1_fulltime,cost_age1_parttime,cost_age2_fulltime,cost_age2_parttime,cost_age3_fulltime,cost_age3_parttime,cost_age4_fulltime,cost_age4_parttime,cost_age5_fulltime,cost_age5_parttime,cost_age6to8_fulltime,cost_age6to8_parttime,cost_age8to13_fulltime,cost_age8to13_parttime,cost_age13to18_fulltime,cost_age13to18_parttime,ongoing_status,geo_county,inspection_inspectiontype_annual_inspection,inspection_inspectiontype_change_of_hours,inspection_inspectiontype_change_of_location,inspection_inspectiontype_change_of_ownership,inspection_inspectiontype_change_of_service,inspection_inspectiontype_change_of_space_change_in_capacity,inspection_inspectiontype_follow_up,inspection_inspectiontype_initial_application,inspection_inspectiontype_investigation,inspection_inspectiontype_monitoring,inspection_inspectiontype_monitoring_dpoc,inspection_inspectiontype_other,inspection_inspectiontype_post_preliminary_inspection,inspection_inspectiontype_renewal_application,inspection_reportname_kid013,inspection_reportname_kid013a,inspection_reportname_kid013b,inspection_source_dms,inspection_source_ssrs,ongoing_processtype_adverse_action,ongoing_processtype_directed_plan_of_correction
106,4,Licensed,Y,Y,N,Y,Y,N,N,,Y,72,other,other,other,other,other,No Information Available,No Information Available,,,,,,,,,,,,,,,,,,,,county_30,,Change of Hours,,,,Change of Space/Change in Capacity,Follow-up,,Investigation,,,,,Renewal Application,KID013,KID013A,KID013B,,SSRS,,
1471,4,Licensed,Y,N,N,Y,N,N,N,N,Y,51,other,other,other,other,No Information Available,No Information Available,No Information Available,,,,,,,,,,,,,,,,,,,,county_69,,Change of Hours,Change of Location,,,,,,,,,,,Renewal Application,KID013,KID013A,KID013B,,SSRS,,
847,3,Certified,N,N,N,N,N,Y,N,N,,6,6:00 AM - 10:00 PM,6:00 AM - 10:00 PM,6:00 AM - 10:00 PM,6:00 AM - 10:00 PM,6:00 AM - 10:00 PM,No Information Available,No Information Available,35.0,25.0,35.0,25.0,35.0,25.0,33.0,23.0,33.0,23.0,33.0,23.0,32.0,22.0,32.0,22.0,,,,county_30,Annual Inspection,Change of Hours,,,,,,,Investigation,,,,,Renewal Application,KID013,KID013A,KID013B,,SSRS,,
697,3,Licensed,N,Y,Y,Y,Y,Y,N,N,Y,103,5:30 AM - 5:30 PM,5:30 AM - 5:30 PM,5:30 AM - 5:30 PM,5:30 AM - 5:30 PM,5:30 AM - 5:30 PM,No Information Available,No Information Available,40.0,33.0,40.0,33.0,40.0,33.0,36.0,27.0,36.0,27.0,36.0,27.0,32.0,26.0,32.0,26.0,,,,county_69,,,,,,Change of Space/Change in Capacity,Follow-up,,Investigation,,,,,Renewal Application,KID013,KID013A,KID013B,,SSRS,,
1537,3,Licensed,N,Y,Y,Y,Y,Y,N,N,Y,98,5:00 AM - 6:00 PM,5:00 AM - 6:00 PM,5:00 AM - 6:00 PM,5:00 AM - 6:00 PM,5:00 AM - 6:00 PM,No Information Available,No Information Available,40.0,33.0,40.0,33.0,40.0,33.0,36.0,27.0,36.0,27.0,36.0,27.0,30.0,30.0,30.0,30.0,,,,county_30,,,,,,Change of Space/Change in Capacity,,,Investigation,,,,,Renewal Application,KID013,KID013A,KID013B,,SSRS,,
73,3,Licensed,N,Y,Y,Y,Y,Y,N,N,Y,73,5:30 AM - 5:00 PM,5:30 AM - 5:00 PM,5:30 AM - 5:00 PM,5:30 AM - 5:00 PM,5:30 AM - 5:00 PM,No Information Available,No Information Available,40.0,33.0,40.0,33.0,40.0,33.0,36.0,27.0,36.0,27.0,36.0,27.0,30.0,30.0,30.0,30.0,30.0,30.0,,county_69,,,Change of Location,,,,Follow-up,,Investigation,,,,,Renewal Application,KID013,KID013A,KID013B,,SSRS,,
1071,3,Licensed,N,Y,Y,Y,Y,Y,N,N,Y,69,other,other,other,other,other,No Information Available,No Information Available,40.0,33.0,40.0,33.0,40.0,33.0,36.0,27.0,36.0,27.0,36.0,27.0,30.0,30.0,30.0,30.0,,,,county_30,,,Change of Location,,,,Follow-up,,Investigation,,,,,Renewal Application,KID013,KID013A,KID013B,,SSRS,,
294,4,Certified,N,N,N,N,N,Y,N,,,6,other,other,other,other,other,other,other,28.0,26.0,28.0,26.0,28.0,26.0,28.0,23.0,28.0,23.0,28.0,23.0,23.0,23.0,23.0,23.0,23.0,23.0,,county_69,Annual Inspection,,,,,,,Initial Application,Investigation,,,,,Renewal Application,,KID013A,KID013B,DMS,SSRS,,
800,2,Licensed,N,Y,Y,Y,Y,Y,N,,Y,65,6:00 AM - 4:30 PM,6:00 AM - 4:30 PM,6:00 AM - 4:30 PM,6:00 AM - 4:30 PM,6:00 AM - 4:30 PM,No Information Available,No Information Available,40.0,,40.0,,40.0,,36.0,27.0,36.0,27.0,36.0,27.0,30.0,10.0,30.0,10.0,,,,county_69,,,Change of Location,Change of Ownership,,,,,Investigation,,,,Post-Preliminary Inspection,Renewal Application,,KID013A,KID013B,,SSRS,,
181,1,Licensed,N,Y,Y,Y,Y,Y,N,,N,119,5:30 AM - 5:00 PM,5:30 AM - 5:00 PM,5:30 AM - 5:00 PM,5:30 AM - 5:00 PM,5:30 AM - 5:00 PM,No Information Available,No Information Available,40.0,33.0,40.0,33.0,40.0,33.0,36.0,27.0,36.0,27.0,36.0,27.0,30.0,30.0,30.0,30.0,30.0,30.0,,county_69,,,,,,Change of Space/Change in Capacity,,Initial Application,Investigation,,,,Post-Preliminary Inspection,Renewal Application,,KID013A,KID013B,,SSRS,,
610,1,Licensed,N,Y,Y,Y,Y,Y,N,,N,114,6:30 AM - 5:00 PM,6:30 AM - 5:00 PM,6:30 AM - 5:00 PM,6:30 AM - 5:00 PM,6:30 AM - 5:00 PM,No Information Available,No Information Available,40.0,33.0,40.0,33.0,40.0,33.0,36.0,27.0,36.0,27.0,36.0,27.0,30.0,30.0,30.0,30.0,,,,county_30,,,,Change of Ownership,,,,,Investigation,,,,Post-Preliminary Inspection,,,,KID013B,,SSRS,,
1463,1,Licensed,N,Y,Y,Y,Y,Y,N,,N,49,6:00 AM - 5:00 PM,6:00 AM - 5:00 PM,6:00 AM - 5:00 PM,6:00 AM - 5:00 PM,6:00 AM - 5:00 PM,No Information Available,No Information Available,40.0,33.0,40.0,33.0,40.0,33.0,36.0,27.0,36.0,27.0,36.0,27.0,30.0,30.0,30.0,30.0,30.0,30.0,,county_30,,,,Change of Ownership,,Change of Space/Change in Capacity,,,,,,,Post-Preliminary Inspection,,,,KID013B,,SSRS,,
69,5,Licensed,N,Y,N,Y,Y,Y,N,,Y,60,7:30 AM - 3:30 PM,7:30 AM - 3:30 PM,7:30 AM - 3:30 PM,7:30 AM - 3:30 PM,7:30 AM - 3:30 PM,No Information Available,No Information Available,,,,,,,32.0,,32.0,,32.0,,,,,,,,,county_49,,,,,,Change of Space/Change in Capacity,,,Investigation,,,,,Renewal Application,KID013,KID013A,KID013B,,SSRS,,
1348,1,Licensed,Y,N,Y,N,N,Y,N,N,Y,75,other,other,other,other,other,No Information Available,No Information Available,,,,,,,,,,,33.0,10.3,33.0,10.3,33.0,10.3,33.0,10.3,,county_36,,Change of Hours,,,,,,,Investigation,,,,,Renewal Application,KID013,KID013A,KID013B,,SSRS,,
825,4,Licensed,Y,N,Y,Y,N,Y,N,N,Y,140,2:45 PM - 6:00 PM,2:45 PM - 6:00 PM,2:45 PM - 6:00 PM,2:45 PM - 6:00 PM,2:45 PM - 6:00 PM,No Information Available,No Information Available,,,,,,,,,25.0,11.0,25.0,11.0,25.0,11.0,25.0,11.0,,,,county_49,,,,,Change of Service,,Follow-up,,Investigation,,,,,Renewal Application,KID013,KID013A,KID013B,DMS,SSRS,,
1548,1,Licensed,N,Y,Y,Y,Y,Y,N,N,Y,60,other,other,other,other,other,No Information Available,No Information Available,33.0,33.0,32.0,32.0,31.0,31.0,30.0,30.0,29.0,29.0,29.0,29.0,29.0,29.0,29.0,29.0,,,,county_49,,,Change of Location,,,,,,Investigation,,,,,Renewal Application,KID013,KID013A,KID013B,,SSRS,,
427,3,Licensed,N,Y,Y,Y,Y,Y,N,,Y,50,6:30 AM - 5:30 PM,6:30 AM - 5:30 PM,6:30 AM - 5:30 PM,6:30 AM - 5:30 PM,6:30 AM - 5:30 PM,No Information Available,No Information Available,32.0,32.0,31.0,31.0,30.0,30.0,29.0,29.0,28.0,28.0,28.0,28.0,28.0,28.0,28.0,28.0,28.0,28.0,,county_49,,,,,,Change of Space/Change in Capacity,,Initial Application,Investigation,,,,Post-Preliminary Inspection,Renewal Application,,KID013A,KID013B,,SSRS,,
36,1,Licensed,N,N,Y,Y,N,Y,N,,N,50,6:30 AM - 5:30 PM,6:30 AM - 5:30 PM,6:30 AM - 5:30 PM,6:30 AM - 5:30 PM,6:30 AM - 5:30 PM,No Information Available,No Information Available,,,,,,,,12.0,,12.0,,12.0,,12.0,,12.0,,,,county_16,,Change of Hours,,,,Change of Space/Change in Capacity,,Initial Application,,,,,Post-Preliminary Inspection,Renewal Application,,KID013A,KID013B,,SSRS,,
732,1,Certified,N,N,N,N,N,,N,,,6,6:00 AM - 7:00 PM,6:00 AM - 7:00 PM,6:00 AM - 7:00 PM,6:00 AM - 7:00 PM,6:00 AM - 7:00 PM,No Information Available,No Information Available,,,,,,,,,,,,,,,,,,,,county_49,Annual Inspection,Change of Hours,,,,,,Initial Application,,,,,,,,,KID013B,,SSRS,,
1635,1,Licensed,Y,N,Y,Y,N,Y,N,N,Y,85,7:00 AM - 5:30 PM,7:00 AM - 5:30 PM,7:00 AM - 5:30 PM,7:00 AM - 5:30 PM,7:00 AM - 5:30 PM,No Information Available,No Information Available,,,,,,,,,,,27.0,15.0,27.0,15.0,27.0,15.0,,,,county_70,,,,,,Change of Space/Change in Capacity,Follow-up,,Investigation,,,,,Renewal Application,KID013,KID013A,KID013B,DMS,SSRS,,
1853,5,Licensed,N,N,N,Y,N,Y,N,N,Y,20,7:30 AM - 5:30 PM,7:30 AM - 5:30 PM,7:30 AM - 5:30 PM,7:30 AM - 5:30 PM,7:30 AM - 5:30 PM,No Information Available,No Information Available,,,,,27.0,15.0,27.0,15.0,27.0,15.0,27.0,15.0,,,,,,,,county_70,,,Change of Location,,,,,,,,,,,Renewal Application,KID013,KID013A,KID013B,DMS,SSRS,,
1219,3,Licensed,N,Y,Y,Y,Y,Y,N,,Y,142,6:30 AM - 5:00 PM,6:30 AM - 5:00 PM,6:30 AM - 5:00 PM,6:30 AM - 5:00 PM,6:30 AM - 5:00 PM,No Information Available,No Information Available,35.0,,35.0,,33.0,,33.0,,33.0,,30.0,16.0,30.0,16.0,30.0,16.0,30.0,16.0,,county_50,,Change of Hours,,,Change of Service,Change of Space/Change in Capacity,,Initial Application,Investigation,,,,Post-Preliminary Inspection,Renewal Application,,KID013A,KID013B,,SSRS,,
1657,1,Licensed,N,Y,Y,Y,Y,Y,N,,N,75,6:30 AM - 5:30 PM,6:30 AM - 5:30 PM,6:30 AM - 5:30 PM,6:30 AM - 5:30 PM,6:30 AM - 5:30 PM,No Information Available,No Information Available,35.0,35.0,35.0,35.0,35.0,35.0,35.0,35.0,35.0,35.0,35.0,35.0,35.0,35.0,35.0,35.0,,,,county_50,,,,,,Change of Space/Change in Capacity,Follow-up,Initial Application,Investigation,,,,Post-Preliminary Inspection,Renewal Application,,KID013A,KID013B,,SSRS,,
1507,1,Licensed,N,Y,Y,Y,Y,Y,N,,N,67,6:00 AM - 6:00 PM,6:00 AM - 6:00 PM,6:00 AM - 6:00 PM,6:00 AM - 6:00 PM,6:00 AM - 6:00 PM,No Information Available,No Information Available,27.0,,26.0,,26.0,,26.0,,26.0,,26.0,,26.0,,26.0,,,,,county_70,,,,,,Change of Space/Change in Capacity,,Initial Application,,,,,Post-Preliminary Inspection,Renewal Application,,KID013A,KID013B,DMS,SSRS,,
1450,4,Licensed,N,Y,N,Y,Y,Y,N,,Y,80,7:30 AM - 3:30 PM,7:30 AM - 3:30 PM,7:30 AM - 3:30 PM,7:30 AM - 3:30 PM,7:30 AM - 3:30 PM,No Information Available,No Information Available,34.0,31.0,34.0,31.0,34.0,31.0,,,,,,,,,,,,,,county_16,,,,,Change of Service,,,,Investigation,,,,,Renewal Application,KID013,KID013A,KID013B,,SSRS,,
1854,3,Licensed,N,Y,Y,Y,Y,Y,N,N,Y,99,6:00 AM - 5:30 PM,6:00 AM - 5:30 PM,6:00 AM - 5:30 PM,6:00 AM - 5:30 PM,6:00 AM - 5:30 PM,No Information Available,No Information Available,34.0,,34.0,,34.0,,32.0,,32.0,,32.0,,,,,,,,,county_16,,,,,,,Follow-up,,Investigation,,Monitoring (DPOC),,,Renewal Application,KID013,KID013A,KID013B,DMS,SSRS,,
1744,1,Licensed,N,N,Y,Y,N,Y,N,N,Y,140,6:30 AM - 6:00 PM,6:30 AM - 6:00 PM,6:30 AM - 6:00 PM,6:30 AM - 6:00 PM,6:30 AM - 6:00 PM,No Information Available,No Information Available,,,,,,,29.0,29.0,29.0,29.0,29.0,29.0,29.0,29.0,29.0,29.0,29.0,29.0,,county_16,,,,,,,Follow-up,,Investigation,,,,,Renewal Application,KID013,KID013A,KID013B,DMS,SSRS,,
1895,4,Licensed,N,Y,N,Y,Y,Y,N,N,Y,80,other,other,other,other,No Information Available,No Information Available,No Information Available,34.0,,34.0,,34.0,,32.0,,32.0,,32.0,,,,,,,,,county_70,,,,,,Change of Space/Change in Capacity,Follow-up,,Investigation,,,,,Renewal Application,KID013,KID013A,KID013B,DMS,SSRS,,
328,1,Licensed,N,Y,Y,Y,N,Y,N,,N,80,other,other,other,other,other,No Information Available,No Information Available,,,,,,,26.25,25.0,26.25,25.0,26.25,25.0,26.25,25.0,26.25,25.0,,,,county_16,,,,,Change of Service,,,,Investigation,,,,,Renewal Application,KID013,KID013A,KID013B,DMS,SSRS,,
714,1,Licensed,Y,Y,Y,Y,Y,Y,N,,Y,69,6:30 AM - 5:30 PM,6:30 AM - 5:30 PM,6:30 AM - 5:30 PM,6:30 AM - 5:30 PM,6:30 AM - 5:30 PM,No Information Available,No Information Available,25.0,,25.0,,25.0,,25.0,,25.0,,25.0,,,,,,,,,county_16,,,,,Change of Service,,Follow-up,,Investigation,,,,,Renewal Application,KID013,KID013A,KID013B,DMS,SSRS,,
1637,4,Licensed,N,Y,Y,Y,N,Y,N,,Y,64,7:00 AM - 5:00 PM,7:00 AM - 5:00 PM,7:00 AM - 5:00 PM,7:00 AM - 5:00 PM,7:00 AM - 5:00 PM,No Information Available,No Information Available,34.0,31.0,32.0,31.0,32.0,31.0,32.0,29.0,30.0,29.0,30.0,29.0,29.0,29.0,29.0,29.0,29.0,29.0,,county_16,,,Change of Location,,,,Follow-up,,Investigation,,Monitoring (DPOC),,,Renewal Application,KID013,KID013A,KID013B,DMS,SSRS,,
559,3,Licensed,N,Y,Y,Y,Y,Y,N,,Y,40,6:00 AM - 5:30 PM,6:00 AM - 5:30 PM,6:00 AM - 5:30 PM,6:00 AM - 5:30 PM,6:00 AM - 5:30 PM,No Information Available,No Information Available,34.0,,34.0,,34.0,,32.0,29.0,32.0,29.0,32.0,29.0,29.0,29.0,29.0,29.0,,,,county_16,,,,,,,,,Investigation,,,,,Renewal Application,KID013,KID013A,KID013B,,SSRS,,
432,1,Licensed,N,Y,Y,Y,Y,Y,N,,Y,49,6:00 AM - 5:00 PM,6:00 AM - 5:00 PM,6:00 AM - 5:00 PM,6:00 AM - 5:00 PM,6:00 AM - 5:00 PM,No Information Available,No Information Available,29.0,,29.0,,29.0,,28.0,,28.0,,28.0,,27.0,24.0,27.0,24.0,27.0,24.0,,county_70,,Change of Hours,,,,,Follow-up,Initial Application,Investigation,,,,,Renewal Application,KID013,KID013A,KID013B,DMS,SSRS,,
647,3,Licensed,N,Y,Y,Y,Y,Y,N,,Y,75,6:00 AM - 6:00 PM,6:00 AM - 6:00 PM,6:00 AM - 6:00 PM,6:00 AM - 6:00 PM,6:00 AM - 6:00 PM,No Information Available,No Information Available,34.0,31.0,34.0,31.0,34.0,31.0,32.0,29.0,32.0,29.0,32.0,29.0,29.0,29.0,29.0,29.0,,,,county_16,,,Change of Location,Change of Ownership,,,Follow-up,,Investigation,,,,Post-Preliminary Inspection,Renewal Application,KID013,KID013A,KID013B,DMS,SSRS,,
43,1,Licensed,N,Y,Y,Y,Y,Y,N,,Y,99,6:00 AM - 6:00 PM,6:00 AM - 6:00 PM,6:00 AM - 6:00 PM,6:00 AM - 6:00 PM,6:00 AM - 6:00 PM,No Information Available,No Information Available,34.0,,34.0,,34.0,,32.0,,32.0,,32.0,,32.0,,,,,,,county_16,,,,,,Change of Space/Change in Capacity,,Initial Application,Investigation,,Monitoring (DPOC),,Post-Preliminary Inspection,Renewal Application,,KID013A,KID013B,,SSRS,,
1286,1,Licensed,N,N,Y,Y,N,Y,N,,Y,100,other,other,other,other,other,No Information Available,No Information Available,,,,,,,,12.0,,12.0,,12.0,,12.0,,12.0,,,,county_16,,Change of Hours,,,,Change of Space/Change in Capacity,,Initial Application,,,,,Post-Preliminary Inspection,Renewal Application,,KID013A,KID013B,DMS,SSRS,,
1685,1,Licensed,N,N,Y,Y,N,Y,N,,Y,100,2:30 PM - 5:30 PM,2:30 PM - 5:30 PM,2:30 PM - 5:30 PM,2:30 PM - 5:30 PM,2:30 PM - 5:30 PM,No Information Available,No Information Available,,,,,,,,,,,,11.0,,11.0,,11.0,,,,county_16,,Change of Hours,,,,Change of Space/Change in Capacity,,Initial Application,,,,,Post-Preliminary Inspection,Renewal Application,,KID013A,KID013B,DMS,SSRS,,
1496,1,Licensed,N,N,Y,Y,N,Y,N,,Y,100,6:30 AM - 5:30 PM,6:30 AM - 5:30 PM,6:30 AM - 5:30 PM,6:30 AM - 5:30 PM,6:30 AM - 5:30 PM,No Information Available,No Information Available,,,,,,,,,,12.0,,12.0,,12.0,,12.0,,12.0,,county_16,,Change of Hours,,,,Change of Space/Change in Capacity,,Initial Application,,,,,Post-Preliminary Inspection,Renewal Application,,KID013A,KID013B,,SSRS,,
1833,1,Licensed,N,N,Y,Y,N,Y,N,,Y,100,6:30 AM - 5:30 PM,6:30 AM - 5:30 PM,6:30 AM - 5:30 PM,6:30 AM - 5:30 PM,6:30 AM - 5:30 PM,No Information Available,No Information Available,,,,,,,,12.0,,12.0,,12.0,,12.0,,12.0,,,,county_16,,Change of Hours,,,,Change of Space/Change in Capacity,,Initial Application,Investigation,,,,Post-Preliminary Inspection,Renewal Application,,KID013A,KID013B,DMS,SSRS,,
1155,1,Licensed,N,Y,N,Y,Y,Y,N,,N,49,6:30 AM - 5:30 PM,6:30 AM - 5:30 PM,6:30 AM - 5:30 PM,6:30 AM - 5:30 PM,6:30 AM - 5:30 PM,No Information Available,No Information Available,34.0,31.0,34.0,31.0,34.0,31.0,32.0,29.0,32.0,29.0,32.0,29.0,,,,,,,,county_16,,,,,,,Follow-up,Initial Application,Investigation,,,,Post-Preliminary Inspection,Renewal Application,,KID013A,KID013B,,SSRS,,
37,1,Licensed,N,N,Y,Y,N,Y,N,,N,75,other,other,other,other,other,No Information Available,No Information Available,,,,,,,,12.0,,12.0,,12.0,,12.0,,12.0,,,,county_16,,Change of Hours,,,,Change of Space/Change in Capacity,,Initial Application,,,,,Post-Preliminary Inspection,Renewal Application,,KID013A,KID013B,DMS,SSRS,,
1546,1,Licensed,N,N,Y,Y,N,Y,N,,N,50,6:30 AM - 5:30 PM,6:30 AM - 5:30 PM,6:30 AM - 5:30 PM,6:30 AM - 5:30 PM,6:30 AM - 5:30 PM,No Information Available,No Information Available,,,,,,,,12.0,,12.0,,12.0,,12.0,,12.0,,,,county_16,,Change of Hours,,,,,,Initial Application,,,,,Post-Preliminary Inspection,Renewal Application,,KID013A,KID013B,,SSRS,,
844,1,Licensed,N,N,N,Y,N,Y,N,,N,61,6:30 AM - 5:30 PM,6:30 AM - 5:30 PM,6:30 AM - 5:30 PM,6:30 AM - 5:30 PM,6:30 AM - 5:30 PM,No Information Available,No Information Available,,,,,,,,12.0,,12.0,,,,,,,,,,county_16,,,,,Change of Service,Change of Space/Change in Capacity,,Initial Application,,,,,Post-Preliminary Inspection,Renewal Application,,KID013A,KID013B,,SSRS,,
12,1,Certified,N,N,N,N,N,Y,N,,,6,other,other,other,other,other,No Information Available,No Information Available,34.0,34.0,34.0,34.0,34.0,34.0,34.0,34.0,34.0,34.0,34.0,34.0,34.0,34.0,34.0,34.0,34.0,34.0,,county_16,,,,,,,,Initial Application,,,,,,,,,KID013B,,,,
1054,1,Certified,N,N,N,N,N,,N,,,6,7:00 AM - 5:00 PM,7:00 AM - 5:00 PM,7:00 AM - 5:00 PM,7:00 AM - 5:00 PM,7:00 AM - 5:00 PM,No Information Available,No Information Available,,,,,,,,,,,,,,,,,,,,county_16,,,,,,,,Initial Application,,,,,,,,,KID013B,,,,
1686,4,Licensed,Y,N,Y,Y,N,Y,N,N,N,98,6:00 AM - 6:00 PM,6:00 AM - 6:00 PM,6:00 AM - 6:00 PM,6:00 AM - 6:00 PM,6:00 AM - 6:00 PM,No Information Available,No Information Available,,,,,,,25.0,,25.0,,,,25.0,,25.0,,,,,county_27,,,,,Change of Service,,,,Investigation,,,,,Renewal Application,KID013,KID013A,KID013B,,SSRS,,
1318,4,Licensed,N,N,Y,Y,N,Y,N,N,N,231,6:00 AM - 6:00 PM,6:00 AM - 6:00 PM,6:00 AM - 6:00 PM,6:00 AM - 6:00 PM,6:00 AM - 6:00 PM,No Information Available,No Information Available,,,,,,,,,,,,,25.0,12.0,25.0,12.0,25.0,12.0,,county_27,,,,,Change of Service,Change of Space/Change in Capacity,,,Investigation,,,,,Renewal Application,KID013,KID013A,KID013B,,SSRS,,
1214,2,Licensed,Y,N,Y,Y,N,Y,Y,N,Y,154,7:00 AM - 5:30 PM,7:00 AM - 5:30 PM,7:00 AM - 5:30 PM,7:00 AM - 5:30 PM,7:00 AM - 5:30 PM,No Information Available,No Information Available,,,,,,,17.0,9.0,17.0,9.0,17.0,9.0,17.0,9.0,17.0,9.0,17.0,9.0,On-going,county_70,,,,,,Change of Space/Change in Capacity,,,Investigation,,Monitoring (DPOC),,,Renewal Application,KID013,KID013A,KID013B,,SSRS,,Directed Plan of Correction
1226,4,Licensed,Y,N,Y,Y,N,Y,N,N,N,172,6:00 AM - 6:00 PM,6:00 AM - 6:00 PM,6:00 AM - 6:00 PM,6:00 AM - 6:00 PM,6:00 AM - 6:00 PM,No Information Available,No Information Available,,,,,,,25.0,,25.0,,,,25.0,,25.0,,,,,county_27,,,,,Change of Service,Change of Space/Change in Capacity,,,Investigation,,,,,Renewal Application,KID013,KID013A,KID013B,,SSRS,,
1121,4,Licensed,Y,N,N,Y,N,Y,N,,Y,76,7:45 AM - 2:45 PM,7:45 AM - 2:45 PM,7:45 AM - 2:45 PM,7:45 AM - 2:45 PM,7:45 AM - 2:45 PM,No Information Available,No Information Available,,,,,,,15.0,8.0,15.0,8.0,,,,,,,,,,county_70,,,,,Change of Service,Change of Space/Change in Capacity,,,Investigation,,,,,Renewal Application,KID013,KID013A,KID013B,,SSRS,,
1100,1,Certified,N,N,N,N,N,Y,N,N,,6,5:30 AM - 6:00 PM,5:30 AM - 6:00 PM,5:30 AM - 6:00 PM,5:30 AM - 6:00 PM,5:30 AM - 6:00 PM,No Information Available,No Information Available,20.0,,20.0,,20.0,,20.0,,20.0,,20.0,,20.0,,,,,,,county_27,Annual Inspection,,,,,,,,,,,,,Renewal Application,KID013,KID013A,KID013B,,SSRS,,
412,4,Licensed,Y,Y,Y,Y,Y,Y,N,N,Y,106,7:30 AM - 5:30 PM,7:30 AM - 5:30 PM,7:30 AM - 5:30 PM,7:30 AM - 5:30 PM,7:30 AM - 5:30 PM,No Information Available,No Information Available,,,,,41.0,,41.0,,41.0,,41.0,,41.0,,41.0,,,,,county_46,,,,,Change of Service,Change of Space/Change in Capacity,Follow-up,,Investigation,,,,,Renewal Application,KID013,KID013A,KID013B,,SSRS,,
799,1,Licensed,N,Y,Y,Y,Y,Y,N,N,Y,49,other,other,other,other,other,No Information Available,No Information Available,28.0,28.0,28.0,28.0,28.0,28.0,27.0,26.0,27.0,26.0,27.0,26.0,27.0,26.0,27.0,26.0,,,,county_27,,,,,,,Follow-up,,Investigation,,Monitoring (DPOC),,,Renewal Application,KID013,KID013A,KID013B,,SSRS,,
596,1,Licensed,Y,Y,Y,Y,Y,Y,N,N,Y,208,6:30 AM - 5:30 PM,6:30 AM - 5:30 PM,6:30 AM - 5:30 PM,6:30 AM - 5:30 PM,6:30 AM - 5:30 PM,No Information Available,No Information Available,28.0,,28.0,,26.0,,26.0,,26.0,,26.0,10.0,26.0,10.0,26.0,10.0,26.0,10.0,,county_27,,,,,Change of Service,Change of Space/Change in Capacity,Follow-up,,Investigation,,,,,Renewal Application,KID013,KID013A,KID013B,DMS,SSRS,,
1782,5,Licensed,Y,N,N,Y,N,Y,N,N,Y,52,7:30 AM - 4:30 PM,7:30 AM - 4:30 PM,7:30 AM - 4:30 PM,7:30 AM - 4:30 PM,7:30 AM - 4:30 PM,No Information Available,No Information Available,,,,,,,25.0,12.5,25.0,12.5,25.0,12.5,,,,,,,,county_46,,,Change of Location,,,Change of Space/Change in Capacity,Follow-up,,Investigation,,,,,Renewal Application,KID013,KID013A,KID013B,,SSRS,,
1634,4,Certified,N,N,N,N,N,Y,N,N,,6,5:30 AM - 5:30 PM,5:30 AM - 5:30 PM,5:30 AM - 5:30 PM,5:30 AM - 5:30 PM,5:30 AM - 5:30 PM,No Information Available,No Information Available,,,26.0,26.0,24.0,24.0,24.0,24.0,24.0,24.0,24.0,24.0,,,,,,,,county_27,Annual Inspection,,Change of Location,,,,,,,,,,,Renewal Application,KID013,KID013A,KID013B,,,,
361,4,Licensed,Y,N,Y,Y,N,Y,N,,N,437,6:00 AM - 6:00 PM,6:00 AM - 6:00 PM,6:00 AM - 6:00 PM,6:00 AM - 6:00 PM,6:00 AM - 6:00 PM,No Information Available,No Information Available,,,,,,,25.0,,25.0,,25.0,,,,,,,,,county_27,,,,,Change of Service,Change of Space/Change in Capacity,Follow-up,Initial Application,Investigation,,,,,Renewal Application,KID013,KID013A,KID013B,,SSRS,,
792,1,Licensed,N,N,Y,Y,N,Y,N,,N,35,other,other,other,other,other,No Information Available,No Information Available,,,,,,,,10.53,20.79,15.09,,,,12.0,,,,,,county_27,,,Change of Location,,,Change of Space/Change in Capacity,,Initial Application,,,,,Post-Preliminary Inspection,Renewal Application,KID013,KID013A,KID013B,DMS,SSRS,,
1821,1,Licensed,N,Y,Y,Y,Y,Y,N,,Y,39,6:00 AM - 6:00 PM,6:00 AM - 6:00 PM,6:00 AM - 6:00 PM,6:00 AM - 6:00 PM,6:00 AM - 6:00 PM,No Information Available,No Information Available,26.0,22.0,26.0,22.0,26.0,22.0,26.0,22.0,24.0,20.0,24.0,20.0,24.0,20.0,24.0,20.0,24.0,20.0,,county_46,,,,,,,Follow-up,Initial Application,Investigation,,,,Post-Preliminary Inspection,Renewal Application,KID013,KID013A,KID013B,DMS,SSRS,,
1019,1,Licensed,N,Y,Y,Y,Y,Y,N,,Y,49,7:00 AM - 6:00 PM,7:00 AM - 6:00 PM,7:00 AM - 6:00 PM,7:00 AM - 6:00 PM,7:00 AM - 6:00 PM,No Information Available,No Information Available,28.0,28.0,28.0,28.0,27.0,26.0,27.0,26.0,27.0,26.0,27.0,26.0,,,,,,,,county_70,,,,,Change of Service,Change of Space/Change in Capacity,Follow-up,Initial Application,Investigation,,,,Post-Preliminary Inspection,Renewal Application,,KID013A,KID013B,DMS,SSRS,,
1279,4,Licensed,Y,N,N,Y,N,Y,N,,Y,108,other,other,other,other,No Information Available,No Information Available,No Information Available,,,,,,,15.0,8.0,15.0,8.0,,,,,,,,,,county_46,,,Change of Location,,,,,Initial Application,Investigation,,,,Post-Preliminary Inspection,Renewal Application,,KID013A,KID013B,,SSRS,,
341,2,Licensed,N,N,N,Y,N,Y,N,,Y,20,other,other,other,other,No Information Available,No Information Available,No Information Available,,,,,,,15.0,8.0,15.0,8.0,,,,,,,,,,county_27,,,,,Change of Service,Change of Space/Change in Capacity,,Initial Application,Investigation,,,,Post-Preliminary Inspection,Renewal Application,,KID013A,KID013B,,SSRS,,
1405,2,Certified,N,N,N,N,N,Y,N,,,6,other,other,other,other,other,other,No Information Available,21.0,,21.0,,21.0,,21.0,,21.0,,21.0,10.5,21.0,10.5,,,,,,county_70,Annual Inspection,,,,,,Follow-up,Initial Application,Investigation,,,,,Renewal Application,,KID013A,KID013B,,SSRS,,
1603,4,Licensed,N,Y,N,Y,Y,Y,N,,Y,36,other,other,other,other,No Information Available,No Information Available,No Information Available,15.0,8.0,15.0,8.0,15.0,8.0,,,,,,,,,,,,,,county_27,,,,,,Change of Space/Change in Capacity,,Initial Application,,,,,Post-Preliminary Inspection,Renewal Application,,KID013A,KID013B,,SSRS,,
607,1,Licensed,N,N,N,Y,N,,N,,N,18,other,other,other,other,other,No Information Available,No Information Available,,,,,,,,,,,,,,,,,,,,county_46,,,,,,Change of Space/Change in Capacity,,Initial Application,Investigation,,,,Post-Preliminary Inspection,Renewal Application,,KID013A,KID013B,DMS,SSRS,,
142,1,Licensed,Y,N,N,Y,N,Y,N,,N,40,other,other,other,other,other,No Information Available,No Information Available,,,,,,,15.0,8.0,15.0,8.0,,,,,,,,,,county_27,,,,,Change of Service,Change of Space/Change in Capacity,,Initial Application,Investigation,,,,Post-Preliminary Inspection,Renewal Application,,KID013A,KID013B,DMS,SSRS,,
826,1,Licensed,N,N,N,Y,N,Y,N,,Y,20,other,other,other,other,other,No Information Available,No Information Available,,,,,,,15.0,8.0,15.0,8.0,,,,,,,,,,county_27,,,,,Change of Service,,,Initial Application,Investigation,,,,Post-Preliminary Inspection,Renewal Application,,KID013A,KID013B,,SSRS,,
1464,1,Licensed,N,Y,Y,Y,Y,Y,N,,Y,99,7:00 AM - 5:00 PM,7:00 AM - 5:00 PM,7:00 AM - 5:00 PM,7:00 AM - 5:00 PM,7:00 AM - 5:00 PM,No Information Available,No Information Available,28.0,28.0,28.0,28.0,28.0,28.0,27.0,26.0,27.0,26.0,27.0,26.0,27.0,26.0,27.0,26.0,27.0,26.0,,county_46,,,,,,,Follow-up,Initial Application,Investigation,,,,Post-Preliminary Inspection,Renewal Application,,KID013A,KID013B,DMS,SSRS,,
183,1,Licensed,N,Y,Y,Y,N,Y,N,,N,90,7:30 AM - 5:30 PM,7:30 AM - 5:30 PM,7:30 AM - 5:30 PM,7:30 AM - 5:30 PM,7:30 AM - 5:30 PM,No Information Available,No Information Available,,,24.0,18.0,24.0,18.0,24.0,18.0,24.0,18.0,24.0,18.0,30.0,10.0,30.0,10.0,,,,county_46,,,,,,,,Initial Application,Investigation,,,,Post-Preliminary Inspection,Renewal Application,,KID013A,KID013B,,SSRS,,
400,1,Licensed,N,Y,N,Y,Y,Y,N,,N,49,6:30 AM - 5:30 PM,6:30 AM - 5:30 PM,6:30 AM - 5:30 PM,6:30 AM - 5:30 PM,6:30 AM - 5:30 PM,No Information Available,No Information Available,34.0,,34.0,,30.0,,28.0,,28.0,,28.0,,,,,,,,,county_27,,,,Change of Ownership,,Change of Space/Change in Capacity,Follow-up,,,,,,Post-Preliminary Inspection,,,,KID013B,DMS,,,
1204,1,Certified,N,N,N,N,N,Y,N,,,6,7:30 AM - 5:00 PM,7:30 AM - 5:00 PM,7:30 AM - 5:00 PM,7:30 AM - 5:00 PM,7:30 AM - 5:00 PM,No Information Available,No Information Available,30.0,30.0,25.0,25.0,25.0,25.0,25.0,25.0,25.0,25.0,25.0,25.0,25.0,25.0,25.0,25.0,25.0,25.0,,county_46,Annual Inspection,,,,,,,Initial Application,,,,,,,,,KID013B,,,,
195,1,Licensed,N,Y,Y,Y,Y,Y,N,,N,67,6:00 AM - 6:00 PM,6:00 AM - 6:00 PM,6:00 AM - 6:00 PM,6:00 AM - 6:00 PM,6:00 AM - 6:00 PM,No Information Available,No Information Available,40.0,,38.0,,36.0,,34.0,,34.0,,34.0,,30.0,20.0,30.0,20.0,,,,county_27,,,,,,,,Initial Application,,,,,Post-Preliminary Inspection,,,,KID013B,,SSRS,,
579,1,Licensed,N,Y,Y,Y,Y,Y,N,,N,49,6:00 AM - 6:00 PM,6:00 AM - 6:00 PM,6:00 AM - 6:00 PM,6:00 AM - 6:00 PM,6:00 AM - 6:00 PM,No Information Available,No Information Available,28.0,28.0,28.0,28.0,28.0,28.0,27.0,26.0,27.0,26.0,27.0,26.0,27.0,26.0,27.0,26.0,,,,county_27,,,,,,,,Initial Application,,,,,,,,,KID013B,,SSRS,,
1607,1,Licensed,N,Y,Y,Y,Y,Y,N,N,Y,80,6:00 AM - 10:00 PM,6:00 AM - 10:00 PM,6:00 AM - 10:00 PM,6:00 AM - 10:00 PM,6:00 AM - 10:00 PM,other,No Information Available,24.0,23.0,24.0,23.0,24.0,23.0,24.0,23.0,24.0,23.0,24.0,23.0,24.0,23.0,24.0,23.0,24.0,23.0,,county_55,,,,,Change of Service,,Follow-up,,Investigation,,Monitoring (DPOC),,,Renewal Application,KID013,KID013A,KID013B,,SSRS,,
348,3,Licensed,N,Y,Y,Y,Y,Y,N,N,Y,80,6:00 AM - 6:00 PM,6:00 AM - 6:00 PM,6:00 AM - 6:00 PM,6:00 AM - 6:00 PM,6:00 AM - 6:00 PM,other,No Information Available,27.0,27.0,27.0,27.0,27.0,27.0,27.0,27.0,27.0,27.0,27.0,27.0,27.0,27.0,27.0,27.0,27.0,27.0,,county_55,,,Change of Location,,,Change of Space/Change in Capacity,Follow-up,,Investigation,,,,,Renewal Application,KID013,KID013A,KID013B,,SSRS,,
1588,5,Licensed,N,Y,N,N,Y,N,N,,Y,19,8:00 AM - 4:00 PM,8:00 AM - 4:00 PM,8:00 AM - 4:00 PM,8:00 AM - 4:00 PM,8:00 AM - 4:00 PM,No Information Available,No Information Available,,,,,,,,,,,,,,,,,,,,county_55,,,,,,,,,,,,,,Renewal Application,KID013,KID013A,KID013B,,SSRS,,
1076,4,Licensed,N,Y,N,N,Y,N,N,,Y,35,8:00 AM - 4:00 PM,8:00 AM - 4:00 PM,8:00 AM - 4:00 PM,8:00 AM - 4:00 PM,8:00 AM - 4:00 PM,No Information Available,No Information Available,,,,,,,,,,,,,,,,,,,,county_55,,,Change of Location,,,,,,Investigation,,,,,Renewal Application,KID013,KID013A,KID013B,,SSRS,,
249,3,Certified,N,N,N,N,N,Y,N,N,,6,other,other,other,other,other,other,other,24.0,18.0,24.0,18.0,24.0,18.0,25.0,17.0,25.0,17.0,25.0,17.0,20.0,12.0,20.0,12.0,20.0,12.0,,county_55,Annual Inspection,,,,,,Follow-up,,Investigation,,,,,Renewal Application,KID013,KID013A,KID013B,DMS,SSRS,,
914,1,Licensed,N,Y,Y,Y,Y,Y,N,N,Y,41,6:30 AM - 5:30 PM,6:30 AM - 5:30 PM,6:30 AM - 5:30 PM,6:30 AM - 5:30 PM,6:30 AM - 5:30 PM,No Information Available,No Information Available,28.0,28.0,28.0,28.0,28.0,28.0,27.0,26.0,27.0,26.0,27.0,26.0,27.0,26.0,27.0,26.0,27.0,26.0,,county_70,,,,,,Change of Space/Change in Capacity,Follow-up,,Investigation,,,,,Renewal Application,KID013,KID013A,KID013B,,SSRS,,
1739,1,Licensed,N,Y,Y,Y,Y,Y,N,,Y,42,other,other,other,other,other,No Information Available,No Information Available,27.0,27.0,27.0,27.0,27.0,27.0,25.0,25.0,25.0,25.0,25.0,25.0,27.0,26.0,27.0,26.0,27.0,26.0,,county_55,,,Change of Location,,Change of Service,Change of Space/Change in Capacity,Follow-up,Initial Application,Investigation,,,,Post-Preliminary Inspection,Renewal Application,KID013,KID013A,,,SSRS,,
1392,3,Licensed,N,Y,N,Y,Y,Y,N,,N,76,7:15 AM - 6:00 PM,7:15 AM - 6:00 PM,7:15 AM - 6:00 PM,7:15 AM - 6:00 PM,7:15 AM - 6:00 PM,No Information Available,No Information Available,27.0,27.0,27.0,27.0,27.0,27.0,27.0,27.0,27.0,27.0,27.0,27.0,,,,,,,,county_55,,,,,,Change of Space/Change in Capacity,,Initial Application,Investigation,,,,Post-Preliminary Inspection,Renewal Application,,KID013A,KID013B,,SSRS,,
1709,3,Licensed,N,Y,Y,Y,Y,Y,N,,N,49,6:30 AM - 5:30 PM,6:30 AM - 5:30 PM,6:30 AM - 5:30 PM,6:30 AM - 5:30 PM,6:30 AM - 5:30 PM,No Information Available,No Information Available,28.0,28.0,28.0,28.0,28.0,28.0,27.0,26.0,27.0,26.0,27.0,26.0,27.0,26.0,27.0,26.0,27.0,26.0,,county_70,,,,,,Change of Space/Change in Capacity,Follow-up,Initial Application,Investigation,,,,Post-Preliminary Inspection,Renewal Application,,KID013A,KID013B,,SSRS,,
686,3,Licensed,N,Y,N,Y,N,Y,N,,N,51,7:15 AM - 6:00 PM,7:15 AM - 6:00 PM,7:15 AM - 6:00 PM,7:15 AM - 6:00 PM,7:15 AM - 6:00 PM,No Information Available,No Information Available,,,28.0,33.0,28.0,33.0,28.0,33.0,28.0,33.0,28.0,33.0,,,,,,,,county_55,,,,,,,,Initial Application,Investigation,,,,Post-Preliminary Inspection,Renewal Application,,KID013A,KID013B,,SSRS,,
1540,1,Licensed,N,Y,Y,Y,Y,Y,N,,N,28,other,other,other,other,other,No Information Available,No Information Available,27.0,27.0,27.0,27.0,27.0,27.0,25.0,24.0,25.0,24.0,25.0,24.0,27.0,26.0,27.0,26.0,27.0,26.0,,county_55,,,,Change of Ownership,,,,,,,,,Post-Preliminary Inspection,Renewal Application,,KID013A,KID013B,,SSRS,,
1908,1,Certified,N,N,N,N,N,Y,N,,,6,7:30 AM - 5:00 PM,7:30 AM - 5:00 PM,7:30 AM - 5:00 PM,7:30 AM - 5:00 PM,7:30 AM - 5:00 PM,No Information Available,No Information Available,40.0,40.0,40.0,40.0,35.0,35.0,35.0,35.0,35.0,35.0,35.0,35.0,35.0,35.0,,,,,,county_55,,,,,,,,Initial Application,,,,,,,,,KID013B,,,,
1205,1,Licensed,N,Y,Y,Y,Y,Y,N,N,Y,112,7:30 AM - 4:30 PM,7:30 AM - 4:30 PM,7:30 AM - 4:30 PM,7:30 AM - 4:30 PM,7:30 AM - 4:30 PM,No Information Available,No Information Available,47.0,,47.0,,47.0,,,,,,,,,,,,,,,county_44,,,Change of Location,,Change of Service,,Follow-up,,Investigation,,,,,Renewal Application,KID013,KID013A,KID013B,,SSRS,,
1313,3,Licensed,Y,Y,Y,Y,Y,Y,N,Y,Y,145,7:00 AM - 6:00 PM,7:00 AM - 6:00 PM,7:00 AM - 6:00 PM,7:00 AM - 6:00 PM,7:00 AM - 6:00 PM,No Information Available,No Information Available,47.0,,47.0,,47.0,,41.0,,41.0,,41.0,,37.0,32.0,37.0,32.0,,,,county_44,,,,,,Change of Space/Change in Capacity,Follow-up,,Investigation,,,,,Renewal Application,KID013,KID013A,KID013B,,SSRS,,
1597,1,Licensed,N,Y,N,Y,Y,Y,N,N,Y,90,6:30 AM - 6:00 PM,6:30 AM - 6:00 PM,6:30 AM - 6:00 PM,6:30 AM - 6:00 PM,6:30 AM - 6:00 PM,No Information Available,No Information Available,34.0,42.0,33.0,42.0,32.0,42.0,32.0,42.0,32.0,42.0,32.0,42.0,,,,,,,,county_32,,,,,Change of Service,Change of Space/Change in Capacity,Follow-up,,Investigation,,,,,Renewal Application,KID013,KID013A,KID013B,,SSRS,,
482,5,Licensed,N,N,N,Y,N,Y,N,N,Y,55,8:00 AM - 5:00 PM,8:00 AM - 5:00 PM,8:00 AM - 5:00 PM,8:00 AM - 5:00 PM,8:00 AM - 5:00 PM,No Information Available,No Information Available,,,,,,,0.01,,0.01,,0.01,,,,,,,,,county_32,,,,,,,,,Investigation,,,,,Renewal Application,KID013,KID013A,KID013B,,SSRS,,
1454,4,Licensed,N,N,Y,N,N,Y,N,N,N,55,2:30 PM - 6:00 PM,2:30 PM - 6:00 PM,2:30 PM - 6:00 PM,2:30 PM - 6:00 PM,2:30 PM - 6:00 PM,No Information Available,No Information Available,,,,,,,,,,,,,15.0,15.0,15.0,15.0,15.0,15.0,,county_32,,,,,,Change of Space/Change in Capacity,Follow-up,,,,,,,Renewal Application,KID013,KID013A,KID013B,,SSRS,,
869,5,Licensed,N,Y,Y,Y,Y,Y,N,Y,Y,83,other,other,other,other,other,No Information Available,No Information Available,36.0,,34.0,,34.0,,31.0,,31.0,,31.0,,,,,,,,,county_32,,,,,,Change of Space/Change in Capacity,,,Investigation,,Monitoring (DPOC),,,Renewal Application,KID013,KID013A,KID013B,DMS,SSRS,,
1262,5,Licensed,N,Y,Y,Y,Y,Y,N,Y,Y,188,7:00 AM - 5:30 PM,7:00 AM - 5:30 PM,7:00 AM - 5:30 PM,7:00 AM - 5:30 PM,7:00 AM - 5:30 PM,No Information Available,No Information Available,69.0,69.0,69.0,69.0,59.0,59.0,54.0,54.0,54.0,54.0,54.0,54.0,,,,,,,,county_32,,,,,,,Follow-up,,Investigation,,,,,Renewal Application,KID013,KID013A,KID013B,,SSRS,,
1090,1,Licensed,N,Y,Y,Y,N,N,N,N,N,53,6:30 AM - 6:00 PM,6:30 AM - 6:00 PM,6:30 AM - 6:00 PM,6:30 AM - 6:00 PM,6:30 AM - 6:00 PM,No Information Available,No Information Available,,,,,,,,,,,,,,,,,,,,county_32,,,,,,Change of Space/Change in Capacity,Follow-up,,,,,,,Renewal Application,KID013,KID013A,KID013B,,SSRS,,
208,4,Licensed,N,N,Y,Y,N,Y,N,,N,157,other,other,other,other,other,No Information Available,No Information Available,,,,,,,,22.5,,20.0,,14.5,,,,,,,,county_32,,,,,Change of Service,,,,Investigation,,,,,Renewal Application,KID013,KID013A,KID013B,DMS,SSRS,,
1704,4,Licensed,N,N,Y,N,N,Y,N,N,N,85,other,other,other,other,other,No Information Available,No Information Available,,,,,,,,,,,,,17.0,17.0,17.0,17.0,17.0,17.0,,county_32,,,,,,Change of Space/Change in Capacity,,,Investigation,,,,,Renewal Application,KID013,KID013A,KID013B,,SSRS,,
1382,4,Licensed,N,N,Y,N,N,Y,N,N,N,132,2:30 PM - 6:00 PM,2:30 PM - 6:00 PM,2:30 PM - 6:00 PM,2:30 PM - 6:00 PM,2:30 PM - 6:00 PM,No Information Available,No Information Available,,,,,,,,,,,,,15.0,15.0,15.0,15.0,15.0,15.0,,county_32,,,,,,Change of Space/Change in Capacity,,,Investigation,,,,,Renewal Application,KID013,KID013A,KID013B,,SSRS,,
466,5,Licensed,Y,Y,N,Y,Y,Y,N,N,Y,126,6:30 AM - 6:00 PM,6:30 AM - 6:00 PM,6:30 AM - 6:00 PM,6:30 AM - 6:00 PM,6:30 AM - 6:00 PM,No Information Available,No Information Available,57.8,57.8,53.6,53.6,53.6,53.6,49.4,49.4,49.4,49.4,49.4,49.4,,,,,,,,county_32,,,,,Change of Service,,,,Investigation,,,,,Renewal Application,KID013,KID013A,KID013B,,SSRS,,
707,5,Licensed,N,Y,Y,Y,Y,Y,N,Y,Y,110,6:30 AM - 6:00 PM,6:30 AM - 6:00 PM,6:30 AM - 6:00 PM,6:30 AM - 6:00 PM,6:30 AM - 6:00 PM,No Information Available,No Information Available,69.0,69.0,69.0,69.0,59.0,59.0,54.0,54.0,54.0,54.0,54.0,54.0,,,,,,,,county_32,,,,,,,Follow-up,,Investigation,,Monitoring (DPOC),,,Renewal Application,KID013,KID013A,KID013B,,SSRS,,
915,1,Licensed,Y,Y,Y,Y,Y,Y,N,N,Y,80,6:00 AM - 6:00 PM,6:00 AM - 6:00 PM,6:00 AM - 6:00 PM,6:00 AM - 6:00 PM,6:00 AM - 6:00 PM,No Information Available,No Information Available,48.0,45.0,48.0,45.0,47.0,45.0,41.0,35.0,41.0,35.0,41.0,35.0,38.0,33.0,38.0,33.0,38.0,33.0,,county_64,,,,,Change of Service,,Follow-up,,Investigation,,,,,Renewal Application,KID013,KID013A,KID013B,,SSRS,,
592,2,Licensed,N,Y,Y,Y,N,Y,N,N,Y,72,7:00 AM - 5:30 PM,7:00 AM - 5:30 PM,7:00 AM - 5:30 PM,7:00 AM - 5:30 PM,7:00 AM - 5:30 PM,No Information Available,No Information Available,,,43.46,,43.46,,41.07,,38.68,,38.68,,38.21,,38.21,,,,,county_32,,,,,,Change of Space/Change in Capacity,,,Investigation,,,,,Renewal Application,KID013,KID013A,KID013B,,SSRS,,
574,4,Licensed,N,Y,Y,Y,Y,Y,N,N,N,102,7:30 AM - 4:30 PM,7:30 AM - 4:30 PM,7:30 AM - 4:30 PM,7:30 AM - 4:30 PM,7:30 AM - 4:30 PM,No Information Available,No Information Available,58.5,25.72,56.17,24.56,56.17,24.56,54.13,23.39,52.08,22.22,52.08,22.22,,,,,,,,county_32,,,,,Change of Service,,,,Investigation,,,,,Renewal Application,KID013,KID013A,KID013B,,SSRS,,
1756,1,Licensed,N,N,Y,Y,N,N,N,,N,89,7:30 AM - 6:00 PM,7:30 AM - 6:00 PM,7:30 AM - 6:00 PM,7:30 AM - 6:00 PM,7:30 AM - 6:00 PM,No Information Available,No Information Available,,,,,,,,,,,,,,,,,,,,county_32,,,Change of Location,,,,,,,,,,,Renewal Application,KID013,KID013A,KID013B,,SSRS,,
1570,4,Licensed,N,Y,N,Y,N,Y,N,,N,227,other,other,other,other,other,No Information Available,No Information Available,,,,,,17.0,,14.0,,14.0,,,,,,,,,,county_32,,,,,,,,,Investigation,,,,,Renewal Application,KID013,KID013A,KID013B,,SSRS,,
1694,3,Licensed,N,Y,Y,Y,N,Y,N,,Y,209,other,other,other,other,other,No Information Available,No Information Available,,,86.0,54.0,86.0,54.0,80.0,52.0,80.0,52.0,81.0,,83.0,,83.0,,,,,county_32,,,,,Change of Service,Change of Space/Change in Capacity,Follow-up,,Investigation,,,,,Renewal Application,KID013,KID013A,KID013B,,SSRS,,
619,1,Licensed,N,N,Y,Y,N,Y,N,N,Y,99,7:30 AM - 5:30 PM,7:30 AM - 5:30 PM,7:30 AM - 5:30 PM,7:30 AM - 5:30 PM,7:30 AM - 5:30 PM,No Information Available,No Information Available,,,,,,,39.0,22.0,39.0,22.0,39.0,22.0,39.0,22.0,39.0,22.0,,,,county_64,,,,,,Change of Space/Change in Capacity,Follow-up,,,,,,,Renewal Application,KID013,KID013A,KID013B,,SSRS,,
874,3,Licensed,Y,Y,Y,Y,Y,Y,N,N,Y,60,5:30 AM - 5:30 PM,5:30 AM - 5:30 PM,5:30 AM - 5:30 PM,5:30 AM - 5:30 PM,5:30 AM - 5:30 PM,No Information Available,No Information Available,47.0,43.0,47.0,43.0,47.0,43.0,41.0,34.0,41.0,34.0,41.0,34.0,37.0,32.0,37.0,32.0,37.0,32.0,,county_32,,,,,,,Follow-up,,Investigation,,Monitoring (DPOC),,,Renewal Application,KID013,KID013A,KID013B,,SSRS,,
692,1,Licensed,Y,Y,Y,Y,Y,Y,N,N,Y,179,7:30 AM - 5:30 PM,7:30 AM - 5:30 PM,7:30 AM - 5:30 PM,7:30 AM - 5:30 PM,7:30 AM - 5:30 PM,No Information Available,No Information Available,67.0,67.0,62.0,62.0,62.0,62.0,62.0,62.0,62.0,62.0,62.0,62.0,58.0,58.0,58.0,58.0,,,,county_64,,,,,Change of Service,,,,Investigation,,Monitoring (DPOC),,,Renewal Application,KID013,KID013A,KID013B,,SSRS,,
1472,4,Licensed,N,Y,Y,Y,Y,Y,N,N,Y,129,7:30 AM - 5:30 PM,7:30 AM - 5:30 PM,7:30 AM - 5:30 PM,7:30 AM - 5:30 PM,7:30 AM - 5:30 PM,No Information Available,No Information Available,42.0,,,,,,39.0,,,,,,,,,,,,,county_44,,,,,,Change of Space/Change in Capacity,,,Investigation,,Monitoring (DPOC),,,Renewal Application,KID013,KID013A,KID013B,,SSRS,,
1498,3,Licensed,Y,Y,Y,Y,Y,Y,N,N,Y,131,7:00 AM - 6:00 PM,7:00 AM - 6:00 PM,7:00 AM - 6:00 PM,7:00 AM - 6:00 PM,7:00 AM - 6:00 PM,No Information Available,No Information Available,63.0,71.66,58.0,70.0,56.0,66.66,55.0,66.66,55.0,66.66,55.0,66.66,59.0,66.66,59.0,66.66,,,,county_32,,,,,,,Follow-up,,Investigation,,,,,Renewal Application,KID013,KID013A,KID013B,,SSRS,,
338,1,Licensed,Y,N,Y,Y,N,Y,N,N,Y,47,7:15 AM - 5:30 PM,7:15 AM - 5:30 PM,7:15 AM - 5:30 PM,7:15 AM - 5:30 PM,7:15 AM - 5:30 PM,No Information Available,No Information Available,,,,,,,,,42.32,31.0,,,,,,,,,,county_32,,,Change of Location,,,,Follow-up,,,,,,,Renewal Application,KID013,KID013A,KID013B,,SSRS,,
1252,1,Licensed,N,Y,Y,Y,Y,Y,N,N,Y,96,6:30 AM - 6:00 PM,6:30 AM - 6:00 PM,6:30 AM - 6:00 PM,6:30 AM - 6:00 PM,6:30 AM - 6:00 PM,No Information Available,No Information Available,47.0,43.0,47.0,43.0,47.0,43.0,41.0,34.0,41.0,34.0,41.0,34.0,37.0,32.0,37.0,32.0,37.0,32.0,,county_64,,,,,,,Follow-up,,Investigation,,Monitoring (DPOC),,,Renewal Application,KID013,KID013A,KID013B,DMS,SSRS,,
646,3,Licensed,N,Y,Y,Y,N,Y,N,N,Y,70,7:00 AM - 5:30 PM,7:00 AM - 5:30 PM,7:00 AM - 5:30 PM,7:00 AM - 5:30 PM,No Information Available,No Information Available,No Information Available,,,,,41.0,,41.0,,41.0,,41.0,,41.0,,41.0,,,,,county_32,,,,,,,Follow-up,,Investigation,,,,,Renewal Application,KID013,KID013A,KID013B,,SSRS,,
508,2,Licensed,N,Y,Y,Y,N,N,N,N,Y,100,other,other,other,other,other,No Information Available,No Information Available,,,,,,,,,,,,,,,,,,,,county_64,,,,,,,Follow-up,,,,,,,Renewal Application,KID013,KID013A,KID013B,,SSRS,,
464,4,Licensed,N,Y,Y,Y,N,Y,N,,N,142,7:00 AM - 6:00 PM,7:00 AM - 6:00 PM,7:00 AM - 6:00 PM,7:00 AM - 6:00 PM,7:00 AM - 6:00 PM,No Information Available,No Information Available,35.0,20.0,35.0,20.0,35.0,20.0,35.0,20.0,35.0,20.0,35.0,20.0,,17.5,,17.5,,,,county_32,,,,,Change of Service,Change of Space/Change in Capacity,Follow-up,,Investigation,,,,,Renewal Application,KID013,KID013A,KID013B,,SSRS,,
628,4,Licensed,N,Y,N,Y,Y,Y,N,N,Y,160,7:00 AM - 6:00 PM,7:00 AM - 6:00 PM,7:00 AM - 6:00 PM,7:00 AM - 6:00 PM,7:00 AM - 6:00 PM,No Information Available,No Information Available,54.0,,46.5,40.0,43.0,36.0,41.0,32.0,41.0,32.0,,,,,,,,,,county_32,,,,,Change of Service,,Follow-up,,Investigation,,,,,Renewal Application,KID013,KID013A,KID013B,DMS,SSRS,,
264,4,Licensed,Y,Y,Y,Y,Y,Y,N,Y,Y,155,7:00 AM - 6:00 PM,7:00 AM - 6:00 PM,7:00 AM - 6:00 PM,7:00 AM - 6:00 PM,7:00 AM - 6:00 PM,No Information Available,No Information Available,50.0,40.0,47.0,40.0,44.0,38.0,43.0,33.0,43.0,33.0,43.0,33.0,35.0,25.0,35.0,25.0,,,,county_64,,,,,Change of Service,,Follow-up,,Investigation,,,,,Renewal Application,KID013,KID013A,KID013B,DMS,SSRS,,
731,3,Licensed,N,Y,Y,Y,N,Y,N,N,Y,270,6:30 AM - 6:00 PM,6:30 AM - 6:00 PM,6:30 AM - 6:00 PM,6:30 AM - 6:00 PM,6:30 AM - 6:00 PM,No Information Available,No Information Available,,,,,54.0,30.0,54.0,30.0,54.0,30.0,54.0,30.0,54.0,30.0,54.0,30.0,,,,county_64,,,,,,Change of Space/Change in Capacity,,,Investigation,,,,,Renewal Application,KID013,KID013A,KID013B,,SSRS,,
260,4,Certified,N,N,N,N,N,Y,N,N,,6,other,other,other,other,other,No Information Available,No Information Available,45.0,30.0,45.0,30.0,45.0,30.0,40.0,28.0,40.0,28.0,40.0,28.0,40.0,28.0,40.0,28.0,40.0,28.0,,county_64,Annual Inspection,,Change of Location,,,,Follow-up,,Investigation,,,,,Renewal Application,KID013,KID013A,KID013B,,SSRS,,
401,3,Certified,N,N,N,N,N,Y,N,N,,6,6:00 AM - 6:00 PM,6:00 AM - 6:00 PM,6:00 AM - 6:00 PM,6:00 AM - 6:00 PM,6:00 AM - 6:00 PM,6:00 AM - 6:00 PM,No Information Available,35.0,17.5,35.0,17.5,35.0,17.5,35.0,17.5,35.0,17.5,35.0,17.5,35.0,17.5,35.0,17.5,35.0,17.5,,county_32,Annual Inspection,,,,,,Follow-up,,Investigation,,,,,Renewal Application,KID013,KID013A,KID013B,,SSRS,,
9,1,Certified,N,N,N,N,N,Y,N,N,,6,7:00 AM - 5:00 PM,7:00 AM - 5:00 PM,7:00 AM - 5:00 PM,7:00 AM - 5:00 PM,7:00 AM - 5:00 PM,No Information Available,No Information Available,28.0,,28.0,,20.0,,,,,,,,,,,,,,,county_32,Annual Inspection,,,,,,Follow-up,,Investigation,,,,,Renewal Application,KID013,KID013A,KID013B,,SSRS,,
1393,2,Certified,N,N,N,N,N,Y,N,N,,6,other,other,other,other,other,other,No Information Available,36.0,31.0,36.0,31.0,36.0,31.0,34.0,31.0,34.0,31.0,34.0,31.0,28.0,26.0,28.0,26.0,28.0,26.0,,county_32,Annual Inspection,,,,,,,,Investigation,,,,,Renewal Application,KID013,KID013A,KID013B,DMS,SSRS,,
1127,3,Licensed,N,Y,Y,Y,N,Y,N,N,Y,260,7:00 AM - 5:30 PM,7:00 AM - 5:30 PM,7:00 AM - 5:30 PM,7:00 AM - 5:30 PM,7:00 AM - 5:30 PM,No Information Available,No Information Available,,,53.0,26.5,53.0,26.5,58.92,23.5,57.41,23.5,47.0,23.5,47.0,23.5,47.0,23.5,47.0,23.5,,county_64,,,,,,Change of Space/Change in Capacity,Follow-up,,Investigation,,,,,Renewal Application,KID013,KID013A,KID013B,,SSRS,,
1245,4,Licensed,N,N,Y,N,N,Y,N,N,N,120,6:30 AM - 6:00 PM,6:30 AM - 6:00 PM,6:30 AM - 6:00 PM,6:30 AM - 6:00 PM,6:30 AM - 6:00 PM,No Information Available,No Information Available,,,,,,,,,,,,,26.0,26.0,26.0,26.0,26.0,26.0,,county_64,,,,,,Change of Space/Change in Capacity,,,Investigation,,,,,Renewal Application,KID013,KID013A,KID013B,,SSRS,,
781,1,Licensed,N,Y,Y,Y,Y,Y,N,,N,12,6:00 AM - 5:00 PM,6:00 AM - 5:00 PM,6:00 AM - 5:00 PM,6:00 AM - 5:00 PM,6:00 AM - 5:00 PM,No Information Available,No Information Available,35.0,35.0,35.0,35.0,35.0,35.0,35.0,35.0,35.0,35.0,35.0,35.0,35.0,35.0,35.0,35.0,35.0,35.0,,county_64,,,,,,,Follow-up,,Investigation,,,,,Renewal Application,KID013,KID013A,KID013B,,SSRS,,
641,2,Licensed,Y,N,Y,Y,N,N,N,,Y,243,7:00 AM - 6:00 PM,7:00 AM - 6:00 PM,7:00 AM - 6:00 PM,7:00 AM - 6:00 PM,7:00 AM - 6:00 PM,No Information Available,No Information Available,,,,,,,,,,,,,,,,,,,,county_32,,,,,Change of Service,Change of Space/Change in Capacity,Follow-up,,Investigation,,,,,Renewal Application,KID013,KID013A,KID013B,,SSRS,,
128,1,Licensed,Y,Y,Y,Y,Y,Y,N,N,Y,207,7:00 AM - 6:00 PM,7:00 AM - 6:00 PM,7:00 AM - 6:00 PM,7:00 AM - 6:00 PM,7:00 AM - 6:00 PM,No Information Available,No Information Available,57.8,57.8,57.8,57.8,54.8,54.8,49.0,49.0,49.0,49.0,49.0,49.0,44.8,31.0,44.8,31.0,,,,county_64,,,,,,Change of Space/Change in Capacity,Follow-up,,Investigation,,Monitoring (DPOC),,,Renewal Application,KID013,KID013A,KID013B,,SSRS,,
483,1,Licensed,N,Y,Y,Y,N,Y,N,N,Y,65,other,other,other,other,other,other,No Information Available,,,53.0,60.0,50.0,56.0,47.0,50.0,47.0,50.0,47.0,50.0,45.0,48.0,45.0,48.0,,,,county_64,,Change of Hours,,,,Change of Space/Change in Capacity,,,,,,,,Renewal Application,KID013,KID013A,KID013B,,SSRS,,
461,5,Licensed,N,N,N,Y,N,Y,N,Y,N,25,7:00 AM - 5:30 PM,7:00 AM - 5:30 PM,7:00 AM - 5:30 PM,7:00 AM - 5:30 PM,7:00 AM - 5:30 PM,No Information Available,No Information Available,,,,,,,50.0,50.0,50.0,50.0,50.0,50.0,,,,,,,,county_32,,,,,,,,,Investigation,,,,,Renewal Application,KID013,KID013A,KID013B,,SSRS,,
35,1,Licensed,N,Y,Y,Y,N,Y,N,N,N,49,6:30 AM - 6:00 PM,6:30 AM - 6:00 PM,6:30 AM - 6:00 PM,6:30 AM - 6:00 PM,6:30 AM - 6:00 PM,No Information Available,No Information Available,,,32.0,,32.0,,30.0,,30.0,,20.0,,20.0,,20.0,,,,,county_32,,,,,Change of Service,,Follow-up,,Investigation,,,,,Renewal Application,KID013,KID013A,KID013B,DMS,SSRS,,
1365,4,Licensed,Y,Y,Y,Y,Y,Y,N,N,Y,112,6:30 AM - 5:30 PM,6:30 AM - 5:30 PM,6:30 AM - 5:30 PM,6:30 AM - 5:30 PM,6:30 AM - 5:30 PM,No Information Available,No Information Available,55.0,45.0,55.0,45.0,55.0,45.0,55.0,40.0,55.0,40.0,55.0,40.0,45.0,40.0,45.0,40.0,45.0,40.0,,county_32,,,Change of Location,,Change of Service,Change of Space/Change in Capacity,Follow-up,,Investigation,Monitoring,Monitoring (DPOC),,,Renewal Application,KID013,KID013A,KID013B,DMS,SSRS,,
1091,2,Licensed,N,Y,Y,Y,Y,Y,N,N,Y,107,6:30 AM - 6:00 PM,6:30 AM - 6:00 PM,6:30 AM - 6:00 PM,6:30 AM - 6:00 PM,6:30 AM - 6:00 PM,No Information Available,No Information Available,55.0,55.0,55.0,55.0,55.0,55.0,50.0,45.0,50.0,45.0,50.0,45.0,45.0,40.0,45.0,40.0,45.0,40.0,,county_32,,Change of Hours,Change of Location,,,Change of Space/Change in Capacity,Follow-up,,Investigation,,,,,Renewal Application,KID013,KID013A,KID013B,,SSRS,,
940,1,Licensed,N,N,Y,N,N,Y,N,,N,100,3:00 PM - 5:30 PM,3:00 PM - 5:30 PM,3:00 PM - 5:30 PM,3:00 PM - 5:30 PM,3:00 PM - 5:30 PM,No Information Available,No Information Available,,,,,,,,,41.0,19.6,41.0,19.6,37.0,19.6,37.0,19.6,37.0,19.6,,county_32,,,,,,Change of Space/Change in Capacity,,,Investigation,,,,,Renewal Application,KID013,KID013A,KID013B,,SSRS,,
1283,1,Licensed,Y,N,Y,N,N,Y,N,N,N,138,3:00 PM - 6:00 PM,3:00 PM - 6:00 PM,3:00 PM - 6:00 PM,3:00 PM - 6:00 PM,3:00 PM - 6:00 PM,No Information Available,No Information Available,,,,,,,,,41.0,19.6,41.0,19.6,37.0,19.6,37.0,19.6,37.0,19.6,,county_32,,,,,Change of Service,Change of Space/Change in Capacity,,,Investigation,,,,,Renewal Application,KID013,KID013A,KID013B,,SSRS,,
875,1,Licensed,N,N,Y,N,N,Y,N,,N,100,3:00 PM - 6:00 PM,3:00 PM - 6:00 PM,3:00 PM - 6:00 PM,3:00 PM - 6:00 PM,3:00 PM - 6:00 PM,No Information Available,No Information Available,,,,,,,,,41.0,19.6,41.0,19.6,37.0,19.6,37.0,19.6,37.0,19.6,,county_32,,,,,,Change of Space/Change in Capacity,,,Investigation,,,,,Renewal Application,KID013,KID013A,KID013B,,SSRS,,
1287,1,Licensed,N,N,Y,N,N,Y,N,,N,100,3:00 PM - 6:00 PM,3:00 PM - 6:00 PM,3:00 PM - 6:00 PM,3:00 PM - 6:00 PM,3:00 PM - 6:00 PM,No Information Available,No Information Available,,,,,,,,,41.0,19.6,41.0,19.6,37.0,19.6,37.0,19.6,37.0,19.6,,county_32,,,,,,Change of Space/Change in Capacity,,,Investigation,,,,,Renewal Application,KID013,KID013A,KID013B,,SSRS,,
1442,1,Licensed,Y,N,N,Y,N,Y,N,,Y,96,other,other,other,other,No Information Available,No Information Available,No Information Available,,,,,,,0.01,,0.01,,0.01,,,,,,,,,county_64,,,,,,Change of Space/Change in Capacity,Follow-up,,Investigation,,,,,Renewal Application,KID013,KID013A,KID013B,,SSRS,,
241,4,Licensed,Y,Y,Y,Y,Y,Y,N,N,Y,99,7:30 AM - 5:00 PM,7:30 AM - 5:00 PM,7:30 AM - 5:00 PM,7:30 AM - 5:00 PM,7:30 AM - 5:00 PM,No Information Available,No Information Available,52.0,45.0,52.0,45.0,52.0,45.0,46.0,36.0,46.0,36.0,46.0,36.0,38.0,32.0,38.0,32.0,38.0,32.0,,county_64,,,Change of Location,,Change of Service,Change of Space/Change in Capacity,Follow-up,,Investigation,,Monitoring (DPOC),,,Renewal Application,KID013,KID013A,KID013B,DMS,SSRS,,
1233,3,Licensed,Y,Y,Y,Y,Y,Y,N,,Y,99,7:00 AM - 5:30 PM,7:00 AM - 5:30 PM,7:00 AM - 5:30 PM,7:00 AM - 5:30 PM,7:00 AM - 5:30 PM,No Information Available,No Information Available,55.0,45.0,55.0,45.0,55.0,45.0,55.0,40.0,55.0,40.0,55.0,40.0,45.0,40.0,45.0,40.0,45.0,40.0,,county_64,,,,Change of Ownership,Change of Service,,Follow-up,,Investigation,,,,,Renewal Application,KID013,KID013A,KID013B,DMS,SSRS,,
952,1,Licensed,N,Y,Y,Y,Y,Y,N,,Y,182,7:00 AM - 6:00 PM,7:00 AM - 6:00 PM,7:00 AM - 6:00 PM,7:00 AM - 6:00 PM,7:00 AM - 6:00 PM,No Information Available,No Information Available,45.0,,45.0,,45.0,,45.0,45.0,45.0,45.0,45.0,45.0,15.0,15.0,15.0,15.0,15.0,15.0,,county_32,,,,,,Change of Space/Change in Capacity,Follow-up,Initial Application,Investigation,,,,,Renewal Application,KID013,KID013A,KID013B,,SSRS,,
585,4,Licensed,N,N,Y,N,N,Y,N,,Y,244,6:30 AM - 6:00 PM,6:30 AM - 6:00 PM,6:30 AM - 6:00 PM,6:30 AM - 6:00 PM,6:30 AM - 6:00 PM,No Information Available,No Information Available,,,,,,,,,,,,,54.0,30.0,54.0,30.0,,,,county_64,,,,,,Change of Space/Change in Capacity,,Initial Application,,,,,,Renewal Application,KID013,KID013A,KID013B,,SSRS,,
510,1,Licensed,Y,Y,Y,Y,Y,Y,N,,Y,127,6:00 AM - 6:00 AM,6:00 AM - 6:00 AM,6:00 AM - 6:00 AM,6:00 AM - 6:00 AM,6:00 AM - 6:00 AM,6:00 AM - 6:00 AM,6:00 AM - 6:00 AM,47.0,43.0,47.0,43.0,47.0,43.0,41.0,34.0,41.0,34.0,41.0,34.0,37.0,32.0,37.0,32.0,37.0,32.0,,county_32,,,,,,,Follow-up,Initial Application,Investigation,,,,,Renewal Application,KID013,KID013A,KID013B,DMS,SSRS,,
789,3,Licensed,Y,Y,Y,Y,Y,Y,N,,Y,172,other,other,other,other,other,No Information Available,No Information Available,58.0,,54.0,,53.0,,51.0,,49.0,,48.0,,48.0,42.0,48.0,42.0,,,,county_64,,,Change of Location,,Change of Service,Change of Space/Change in Capacity,Follow-up,Initial Application,Investigation,,,,Post-Preliminary Inspection,Renewal Application,KID013,KID013A,KID013B,DMS,SSRS,,
767,3,Licensed,Y,Y,Y,Y,Y,Y,N,,Y,99,7:00 AM - 5:00 PM,7:00 AM - 5:00 PM,7:00 AM - 5:00 PM,7:00 AM - 5:00 PM,7:00 AM - 5:00 PM,No Information Available,No Information Available,55.0,45.0,55.0,45.0,55.0,45.0,55.0,40.0,55.0,40.0,55.0,40.0,45.0,40.0,45.0,40.0,45.0,40.0,,county_64,,,,Change of Ownership,,,Follow-up,,Investigation,,,,Post-Preliminary Inspection,Renewal Application,KID013,KID013A,KID013B,,SSRS,,
1064,1,Licensed,Y,Y,Y,Y,Y,Y,N,,Y,178,7:00 AM - 6:00 PM,7:00 AM - 6:00 PM,7:00 AM - 6:00 PM,7:00 AM - 6:00 PM,7:00 AM - 6:00 PM,No Information Available,No Information Available,48.0,44.0,48.0,44.0,48.0,44.0,42.0,35.0,42.0,35.0,42.0,35.0,38.0,33.0,38.0,33.0,,,,county_64,,,,,Change of Service,,,Initial Application,Investigation,,Monitoring (DPOC),,Post-Preliminary Inspection,Renewal Application,KID013,KID013A,KID013B,,SSRS,,
1824,4,Licensed,N,Y,N,Y,N,Y,N,,N,98,other,other,other,other,other,No Information Available,No Information Available,,,,,,,,20.26,,20.26,,20.26,,,,,,,,county_32,,,,,,,,Initial Application,Investigation,,,,Post-Preliminary Inspection,Renewal Application,KID013,KID013A,KID013B,DMS,SSRS,,
308,3,Licensed,N,Y,Y,Y,N,Y,N,,Y,94,6:30 AM - 6:00 PM,6:30 AM - 6:00 PM,6:30 AM - 6:00 PM,6:30 AM - 6:00 PM,6:30 AM - 6:00 PM,No Information Available,No Information Available,,,,,32.0,18.0,32.0,18.0,32.0,18.0,32.0,18.0,32.0,15.0,32.0,15.0,,,,county_32,,,Change of Location,,Change of Service,Change of Space/Change in Capacity,Follow-up,Initial Application,Investigation,,,,Post-Preliminary Inspection,Renewal Application,KID013,KID013A,KID013B,DMS,SSRS,,
1858,5,Licensed,N,N,Y,Y,N,Y,N,,Y,200,6:30 AM - 6:00 PM,6:30 AM - 6:00 PM,6:30 AM - 6:00 PM,6:30 AM - 6:00 PM,6:30 AM - 6:00 PM,No Information Available,No Information Available,,,,,,,54.0,30.0,54.0,30.0,54.0,30.0,54.0,30.0,54.0,30.0,,,,county_64,,,,,,Change of Space/Change in Capacity,Follow-up,Initial Application,,,,,Post-Preliminary Inspection,Renewal Application,KID013,KID013A,KID013B,,SSRS,,
1074,1,Licensed,N,Y,Y,Y,Y,Y,N,,Y,65,6:00 AM - 6:00 PM,6:00 AM - 6:00 PM,6:00 AM - 6:00 PM,6:00 AM - 6:00 PM,6:00 AM - 6:00 PM,No Information Available,No Information Available,50.0,45.0,50.0,45.0,50.0,45.0,50.0,45.0,50.0,45.0,50.0,45.0,40.0,35.0,40.0,35.0,40.0,35.0,,county_32,,,Change of Location,,,Change of Space/Change in Capacity,Follow-up,Initial Application,Investigation,,Monitoring (DPOC),,Post-Preliminary Inspection,Renewal Application,KID013,KID013A,KID013B,DMS,SSRS,,
1459,1,Licensed,N,Y,Y,Y,Y,Y,N,,Y,80,other,other,other,other,other,No Information Available,No Information Available,,,,,,,0.01,,0.01,,0.01,,,,,,,,,county_32,,,,,Change of Service,Change of Space/Change in Capacity,,Initial Application,Investigation,,,,Post-Preliminary Inspection,Renewal Application,KID013,KID013A,KID013B,,SSRS,,
45,3,Licensed,N,Y,Y,Y,Y,Y,N,,Y,30,7:00 AM - 5:30 PM,7:00 AM - 5:30 PM,7:00 AM - 5:30 PM,7:00 AM - 5:30 PM,7:00 AM - 5:30 PM,No Information Available,No Information Available,47.0,43.0,47.0,43.0,47.0,43.0,41.0,34.0,41.0,34.0,37.0,32.0,37.0,32.0,37.0,32.0,,,,county_44,,,,,Change of Service,Change of Space/Change in Capacity,,Initial Application,Investigation,,Monitoring (DPOC),,Post-Preliminary Inspection,Renewal Application,KID013,KID013A,KID013B,,SSRS,,
695,1,Licensed,N,Y,Y,Y,Y,Y,N,,Y,80,6:30 AM - 6:00 PM,6:30 AM - 6:00 PM,6:30 AM - 6:00 PM,6:30 AM - 6:00 PM,6:30 AM - 6:00 PM,No Information Available,No Information Available,58.0,,58.0,,58.0,,58.0,,58.0,,58.0,,58.0,,58.0,,58.0,,,county_32,,,Change of Location,,,,Follow-up,Initial Application,Investigation,,,,Post-Preliminary Inspection,Renewal Application,KID013,KID013A,KID013B,,SSRS,,
859,3,Licensed,N,Y,Y,Y,Y,Y,N,,N,12,5:00 AM - 6:00 PM,5:00 AM - 6:00 PM,5:00 AM - 6:00 PM,5:00 AM - 6:00 PM,5:00 AM - 6:00 PM,No Information Available,No Information Available,40.0,40.0,40.0,40.0,40.0,40.0,40.0,40.0,40.0,40.0,40.0,40.0,40.0,10.0,40.0,10.0,40.0,10.0,,county_32,,,,,,,Follow-up,Initial Application,,,,,Post-Preliminary Inspection,Renewal Application,KID013,KID013A,KID013B,DMS,SSRS,,
1400,4,Licensed,N,Y,Y,Y,Y,Y,N,,Y,44,6:30 AM - 5:30 PM,6:30 AM - 5:30 PM,6:30 AM - 5:30 PM,6:30 AM - 5:30 PM,6:30 AM - 5:30 PM,No Information Available,No Information Available,56.0,65.0,55.0,70.0,55.0,70.0,65.0,80.0,65.0,80.0,45.0,60.0,45.0,60.0,45.0,60.0,45.0,60.0,,county_44,,,,,,,Follow-up,Initial Application,Investigation,,,,Post-Preliminary Inspection,Renewal Application,KID013,KID013A,KID013B,,SSRS,,
1328,1,Licensed,N,Y,N,Y,N,Y,N,,Y,105,7:30 AM - 3:00 PM,7:30 AM - 3:00 PM,7:30 AM - 3:00 PM,7:30 AM - 3:00 PM,7:30 AM - 3:00 PM,No Information Available,No Information Available,,,,,,,34.0,28.0,34.0,28.0,34.0,28.0,,,,,,,,county_64,,,,,,Change of Space/Change in Capacity,Follow-up,Initial Application,,,,,Post-Preliminary Inspection,Renewal Application,KID013,KID013A,KID013B,,SSRS,,
1807,3,Licensed,N,Y,Y,Y,Y,Y,N,Y,Y,110,7:00 AM - 6:00 PM,7:00 AM - 6:00 PM,7:00 AM - 6:00 PM,7:00 AM - 6:00 PM,7:00 AM - 6:00 PM,No Information Available,No Information Available,47.0,,47.0,,47.0,,41.0,,41.0,,41.0,,37.0,32.0,37.0,32.0,,,,county_44,,,,,,,,Initial Application,Investigation,,,,Post-Preliminary Inspection,Renewal Application,KID013,KID013A,KID013B,,SSRS,,
1901,1,Licensed,N,Y,Y,Y,Y,Y,N,,Y,31,other,other,other,other,other,No Information Available,No Information Available,30.0,25.0,25.0,23.0,23.0,20.0,23.0,20.0,23.0,20.0,23.0,20.0,18.0,18.0,15.0,15.0,15.0,15.0,,county_32,,,,,Change of Service,,Follow-up,Initial Application,Investigation,,Monitoring (DPOC),,Post-Preliminary Inspection,Renewal Application,KID013,KID013A,KID013B,,SSRS,,
1056,4,Licensed,N,N,Y,N,N,Y,N,,N,19,6:30 AM - 6:00 PM,6:30 AM - 6:00 PM,6:30 AM - 6:00 PM,6:30 AM - 6:00 PM,6:30 AM - 6:00 PM,No Information Available,No Information Available,,,,,,,,,,,,,26.0,26.0,26.0,26.0,26.0,26.0,,county_64,,,,,,,,Initial Application,Investigation,,,,Post-Preliminary Inspection,Renewal Application,KID013,KID013A,KID013B,,SSRS,,
1078,3,Licensed,Y,Y,Y,Y,Y,Y,N,,Y,76,7:00 AM - 5:30 PM,7:00 AM - 5:30 PM,7:00 AM - 5:30 PM,7:00 AM - 5:30 PM,7:00 AM - 5:30 PM,No Information Available,No Information Available,55.0,45.0,55.0,45.0,55.0,45.0,55.0,40.0,55.0,40.0,55.0,40.0,45.0,40.0,45.0,40.0,45.0,40.0,,county_32,,,Change of Location,,,,Follow-up,Initial Application,Investigation,,,,Post-Preliminary Inspection,Renewal Application,,KID013A,KID013B,,SSRS,,
941,1,Licensed,N,Y,Y,Y,Y,Y,N,,N,44,6:30 AM - 5:30 PM,6:30 AM - 5:30 PM,6:30 AM - 5:30 PM,6:30 AM - 5:30 PM,6:30 AM - 5:30 PM,No Information Available,No Information Available,47.0,55.0,47.0,55.0,47.0,55.0,47.0,55.0,47.0,55.0,47.0,55.0,47.0,55.0,47.0,55.0,,,,county_64,,,Change of Location,,,Change of Space/Change in Capacity,Follow-up,Initial Application,Investigation,,Monitoring (DPOC),,Post-Preliminary Inspection,Renewal Application,,KID013A,KID013B,,SSRS,,
1610,1,Licensed,Y,Y,Y,Y,Y,Y,N,,N,73,7:30 AM - 5:30 PM,7:30 AM - 5:30 PM,7:30 AM - 5:30 PM,7:30 AM - 5:30 PM,7:30 AM - 5:30 PM,No Information Available,No Information Available,62.0,,62.0,,62.0,,62.0,,62.0,,58.0,30.0,58.0,30.0,58.0,30.0,,,,county_32,,,,,,,,Initial Application,Investigation,,,,Post-Preliminary Inspection,Renewal Application,,KID013A,KID013B,,SSRS,,
904,1,Certified,N,N,N,N,N,Y,N,,,6,7:00 AM - 6:00 PM,7:00 AM - 6:00 PM,7:00 AM - 6:00 PM,7:00 AM - 6:00 PM,7:00 AM - 6:00 PM,No Information Available,No Information Available,40.0,20.0,40.0,20.0,40.0,20.0,40.0,20.0,40.0,20.0,40.0,20.0,40.0,20.0,40.0,20.0,40.0,20.0,,county_32,Annual Inspection,,,,,,Follow-up,Initial Application,Investigation,,,,,Renewal Application,,KID013A,KID013B,DMS,SSRS,,
1667,1,Licensed,Y,N,Y,N,N,Y,N,,Y,100,other,other,other,other,other,No Information Available,No Information Available,,,,,,,,,,,,,15.0,15.0,15.0,15.0,15.0,15.0,,county_32,,,,,Change of Service,,Follow-up,Initial Application,Investigation,,,,Post-Preliminary Inspection,Renewal Application,,KID013A,KID013B,,SSRS,,
329,1,Licensed,N,N,Y,N,N,Y,N,,N,45,7:00 AM - 6:00 PM,7:00 AM - 6:00 PM,7:00 AM - 6:00 PM,7:00 AM - 6:00 PM,7:00 AM - 6:00 PM,No Information Available,No Information Available,,,,,,,,,,,38.0,19.2,38.0,19.2,38.0,19.2,,,,county_32,,,,,,,Follow-up,Initial Application,Investigation,Monitoring,Monitoring (DPOC),,Post-Preliminary Inspection,Renewal Application,,KID013A,KID013B,,SSRS,,
1085,1,Licensed,N,N,Y,N,N,Y,N,,N,45,7:00 AM - 6:00 PM,7:00 AM - 6:00 PM,7:00 AM - 6:00 PM,7:00 AM - 6:00 PM,7:00 AM - 6:00 PM,No Information Available,No Information Available,,,,,,,,,,,38.0,19.2,38.0,19.2,38.0,19.2,,,,county_32,,,,,,,,Initial Application,,,,,Post-Preliminary Inspection,Renewal Application,,KID013A,KID013B,,SSRS,,
1266,1,Licensed,N,N,Y,N,N,Y,N,,N,45,7:00 AM - 6:00 PM,7:00 AM - 6:00 PM,7:00 AM - 6:00 PM,7:00 AM - 6:00 PM,7:00 AM - 6:00 PM,No Information Available,No Information Available,,,,,,,,,,,38.0,19.2,38.0,19.2,38.0,19.2,,,,county_32,,,,,,,,Initial Application,Investigation,,,,Post-Preliminary Inspection,Renewal Application,,KID013A,KID013B,,SSRS,,
748,1,Licensed,N,N,Y,N,N,Y,N,,N,45,7:00 AM - 6:00 PM,7:00 AM - 6:00 PM,7:00 AM - 6:00 PM,7:00 AM - 6:00 PM,7:00 AM - 6:00 PM,No Information Available,No Information Available,,,,,,,,,,,38.0,19.8,38.0,19.8,38.0,19.8,,,,county_32,,,,,,,,Initial Application,,,,,Post-Preliminary Inspection,Renewal Application,,KID013A,KID013B,,SSRS,,
1373,4,Licensed,Y,Y,Y,Y,Y,Y,Y,,Y,100,6:30 AM - 5:30 PM,6:30 AM - 5:30 PM,6:30 AM - 5:30 PM,6:30 AM - 5:30 PM,6:30 AM - 5:30 PM,No Information Available,No Information Available,47.0,43.0,47.0,43.0,47.0,43.0,41.0,34.0,41.0,34.0,41.0,34.0,40.0,32.0,40.0,32.0,40.0,32.0,On-going,county_32,,,,,Change of Service,,,Initial Application,Investigation,Monitoring,Monitoring (DPOC),,Post-Preliminary Inspection,Renewal Application,,KID013A,KID013B,,SSRS,Adverse Action,
139,1,Licensed,N,Y,Y,Y,Y,Y,N,,Y,131,5:30 AM - 6:00 PM,5:30 AM - 6:00 PM,5:30 AM - 6:00 PM,5:30 AM - 6:00 PM,5:30 AM - 6:00 PM,No Information Available,No Information Available,45.0,40.0,45.0,40.0,40.0,35.0,35.0,30.0,35.0,30.0,25.0,20.0,25.0,20.0,25.0,20.0,,,,county_64,,,,,,Change of Space/Change in Capacity,,Initial Application,Investigation,,,,Post-Preliminary Inspection,Renewal Application,,KID013A,KID013B,,SSRS,,
1705,1,Licensed,N,Y,Y,Y,Y,Y,N,,N,39,7:00 AM - 5:00 PM,7:00 AM - 5:00 PM,7:00 AM - 5:00 PM,7:00 AM - 5:00 PM,7:00 AM - 5:00 PM,No Information Available,No Information Available,52.0,48.0,52.0,48.0,52.0,48.0,46.0,39.0,46.0,39.0,46.0,39.0,42.0,37.0,42.0,37.0,42.0,37.0,,county_64,,,,,,,Follow-up,Initial Application,Investigation,,,,Post-Preliminary Inspection,Renewal Application,,KID013A,KID013B,,SSRS,,
1778,3,Licensed,N,Y,Y,Y,Y,Y,N,,N,97,7:00 AM - 6:00 PM,7:00 AM - 6:00 PM,7:00 AM - 6:00 PM,7:00 AM - 6:00 PM,7:00 AM - 6:00 PM,No Information Available,No Information Available,47.0,43.0,47.0,43.0,47.0,43.0,41.0,34.0,41.0,34.0,41.0,34.0,37.0,32.0,37.0,32.0,,,,county_64,,,Change of Location,,,,Follow-up,Initial Application,Investigation,,,,Post-Preliminary Inspection,Renewal Application,,KID013A,KID013B,,SSRS,,
331,1,Licensed,N,N,Y,Y,N,Y,N,,N,31,2:30 PM - 5:30 PM,2:30 PM - 5:30 PM,2:30 PM - 5:30 PM,2:30 PM - 5:30 PM,2:30 PM - 5:30 PM,No Information Available,No Information Available,,,,,,,,,,,58.0,18.47,58.0,18.47,58.0,18.47,,,,county_64,,,,,,Change of Space/Change in Capacity,Follow-up,Initial Application,,,,,Post-Preliminary Inspection,Renewal Application,,KID013A,KID013B,,SSRS,,
1470,4,Licensed,N,N,Y,N,N,Y,N,,N,150,6:30 AM - 6:00 PM,6:30 AM - 6:00 PM,6:30 AM - 6:00 PM,6:30 AM - 6:00 PM,6:30 AM - 6:00 PM,No Information Available,No Information Available,,,,,,,,,,,,,54.0,30.0,54.0,30.0,,,,county_64,,,,,,,,Initial Application,,,,,Post-Preliminary Inspection,Renewal Application,,KID013A,KID013B,,SSRS,,
157,1,Licensed,N,N,Y,N,N,Y,N,,N,45,7:00 AM - 6:00 PM,7:00 AM - 6:00 PM,7:00 AM - 6:00 PM,7:00 AM - 6:00 PM,7:00 AM - 6:00 PM,No Information Available,No Information Available,,,,,,,,,,,38.0,19.2,38.0,19.2,38.0,19.2,,,,county_32,,,,,,,,Initial Application,,,,,Post-Preliminary Inspection,Renewal Application,,KID013A,KID013B,,SSRS,,
1785,1,Licensed,N,Y,Y,Y,Y,Y,N,,N,135,5:00 AM - 6:00 PM,5:00 AM - 6:00 PM,5:00 AM - 6:00 PM,5:00 AM - 6:00 PM,5:00 AM - 6:00 PM,No Information Available,No Information Available,60.0,43.0,60.0,43.0,60.0,43.0,55.0,34.0,55.0,34.0,50.0,34.0,45.0,32.0,45.0,32.0,40.0,32.0,,county_64,,,Change of Location,,,Change of Space/Change in Capacity,Follow-up,Initial Application,Investigation,,Monitoring (DPOC),,Post-Preliminary Inspection,Renewal Application,,KID013A,KID013B,DMS,SSRS,,
576,1,Licensed,N,N,N,Y,N,Y,N,,Y,43,7:30 AM - 5:30 PM,7:30 AM - 5:30 PM,7:30 AM - 5:30 PM,7:30 AM - 5:30 PM,7:30 AM - 5:30 PM,No Information Available,No Information Available,,,,,,,41.0,,41.0,,41.0,,,,,,,,,county_44,,,,,Change of Service,Change of Space/Change in Capacity,,Initial Application,,,,,Post-Preliminary Inspection,Renewal Application,,KID013A,KID013B,,SSRS,,
689,2,Licensed,N,N,N,Y,N,Y,N,,Y,45,7:30 AM - 3:00 PM,7:30 AM - 3:00 PM,7:30 AM - 3:00 PM,7:30 AM - 3:00 PM,7:30 AM - 3:00 PM,No Information Available,No Information Available,,,,,,,23.0,13.0,,,,,,,,,,,,county_44,,,,,,Change of Space/Change in Capacity,,Initial Application,,,,,Post-Preliminary Inspection,Renewal Application,,KID013A,KID013B,,SSRS,,
1238,1,Licensed,N,Y,N,Y,Y,Y,N,Y,Y,145,6:30 AM - 6:00 PM,6:30 AM - 6:00 PM,6:30 AM - 6:00 PM,6:30 AM - 6:00 PM,6:30 AM - 6:00 PM,No Information Available,No Information Available,59.0,44.0,56.0,42.0,54.0,41.0,52.0,39.0,52.0,39.0,,,,,,,,,,county_32,,,,,,,Follow-up,Initial Application,Investigation,,,,Post-Preliminary Inspection,Renewal Application,,KID013A,KID013B,DMS,SSRS,,
1062,1,Licensed,N,Y,Y,Y,Y,Y,N,Y,N,159,6:30 AM - 6:00 PM,6:30 AM - 6:00 PM,6:30 AM - 6:00 PM,6:30 AM - 6:00 PM,6:30 AM - 6:00 PM,No Information Available,No Information Available,65.0,,62.0,,60.0,,57.0,,57.0,,57.0,,51.0,,51.0,,,,,county_64,,,,Change of Ownership,,,Follow-up,,Investigation,,,,Post-Preliminary Inspection,Renewal Application,,KID013A,KID013B,DMS,SSRS,,
481,1,Licensed,N,Y,Y,Y,Y,Y,N,Y,N,180,6:30 AM - 6:00 PM,6:30 AM - 6:00 PM,6:30 AM - 6:00 PM,6:30 AM - 6:00 PM,6:30 AM - 6:00 PM,No Information Available,No Information Available,64.0,,61.0,,58.0,,56.0,,56.0,,56.0,,51.0,27.0,51.0,27.0,51.0,27.0,,county_64,,,,Change of Ownership,,,Follow-up,,Investigation,,Monitoring (DPOC),,Post-Preliminary Inspection,Renewal Application,,KID013A,KID013B,,SSRS,,
917,1,Licensed,N,Y,Y,Y,Y,Y,N,Y,Y,212,6:30 AM - 6:00 PM,6:30 AM - 6:00 PM,6:30 AM - 6:00 PM,6:30 AM - 6:00 PM,6:30 AM - 6:00 PM,No Information Available,No Information Available,62.0,,59.0,,59.0,,55.0,,55.0,,55.0,,50.0,27.0,50.0,27.0,,,,county_64,,,,Change of Ownership,,,,,Investigation,Monitoring,Monitoring (DPOC),,Post-Preliminary Inspection,Renewal Application,,KID013A,KID013B,,SSRS,,
550,1,Licensed,Y,Y,Y,Y,Y,Y,N,Y,N,163,6:30 AM - 6:00 PM,6:30 AM - 6:00 PM,6:30 AM - 6:00 PM,6:30 AM - 6:00 PM,6:30 AM - 6:00 PM,No Information Available,No Information Available,60.0,,57.0,,55.0,,53.0,,53.0,,51.0,,51.0,,51.0,,,,,county_64,,,,Change of Ownership,,,Follow-up,,Investigation,,,,Post-Preliminary Inspection,Renewal Application,,KID013A,KID013B,DMS,SSRS,,
130,3,Licensed,N,Y,Y,Y,Y,Y,N,Y,N,125,7:00 AM - 6:00 PM,7:00 AM - 6:00 PM,7:00 AM - 6:00 PM,7:00 AM - 6:00 PM,7:00 AM - 6:00 PM,No Information Available,No Information Available,64.0,64.0,60.0,45.0,58.0,44.0,57.0,43.0,57.0,43.0,57.0,43.0,57.0,43.0,57.0,43.0,,,,county_32,,,,Change of Ownership,,,Follow-up,,Investigation,,,,Post-Preliminary Inspection,Renewal Application,,KID013A,KID013B,DMS,SSRS,,
688,1,Licensed,N,Y,Y,Y,Y,Y,N,,Y,72,6:30 AM - 6:00 PM,6:30 AM - 6:00 PM,6:30 AM - 6:00 PM,6:30 AM - 6:00 PM,6:30 AM - 6:00 PM,No Information Available,No Information Available,80.0,80.0,80.0,80.0,75.0,75.0,75.0,75.0,75.0,55.0,75.0,55.0,70.0,70.0,70.0,70.0,,,,county_64,,,,Change of Ownership,,,Follow-up,,Investigation,,Monitoring (DPOC),,Post-Preliminary Inspection,Renewal Application,,KID013A,KID013B,,SSRS,,
416,1,Licensed,Y,Y,Y,Y,Y,Y,N,,N,197,6:30 AM - 6:00 PM,6:30 AM - 6:00 PM,6:30 AM - 6:00 PM,6:30 AM - 6:00 PM,6:30 AM - 6:00 PM,No Information Available,No Information Available,90.0,90.0,90.0,90.0,85.0,85.0,85.0,65.0,85.0,65.0,85.0,65.0,70.0,40.0,70.0,40.0,,,,county_32,,,,Change of Ownership,,,Follow-up,,Investigation,,,,Post-Preliminary Inspection,Renewal Application,,KID013A,KID013B,,SSRS,,
1027,1,Licensed,N,Y,Y,Y,Y,Y,N,,Y,98,6:30 AM - 6:00 PM,6:30 AM - 6:00 PM,6:30 AM - 6:00 PM,6:30 AM - 6:00 PM,6:30 AM - 6:00 PM,No Information Available,No Information Available,95.0,95.0,90.0,65.0,85.0,65.0,80.0,60.0,80.0,60.0,80.0,60.0,70.0,70.0,70.0,70.0,,,,county_32,,,,Change of Ownership,,,Follow-up,,Investigation,,,,Post-Preliminary Inspection,Renewal Application,,KID013A,KID013B,,SSRS,,
1156,1,Licensed,N,Y,Y,Y,Y,Y,N,,Y,99,6:30 AM - 6:00 PM,6:30 AM - 6:00 PM,6:30 AM - 6:00 PM,6:30 AM - 6:00 PM,6:30 AM - 6:00 PM,No Information Available,No Information Available,80.0,80.0,80.0,60.0,75.0,55.0,70.0,55.0,70.0,55.0,70.0,55.0,70.0,70.0,70.0,70.0,,,,county_64,,,,Change of Ownership,,,Follow-up,,Investigation,,,,Post-Preliminary Inspection,Renewal Application,,KID013A,KID013B,,SSRS,,
624,1,Licensed,Y,Y,Y,Y,Y,Y,N,,Y,160,6:30 AM - 6:00 PM,6:30 AM - 6:00 PM,6:30 AM - 6:00 PM,6:30 AM - 6:00 PM,6:30 AM - 6:00 PM,No Information Available,No Information Available,85.0,85.0,85.0,85.0,80.0,80.0,75.0,60.0,75.0,60.0,75.0,60.0,70.0,70.0,70.0,70.0,,,,county_32,,,,Change of Ownership,,,Follow-up,,Investigation,,Monitoring (DPOC),,Post-Preliminary Inspection,Renewal Application,,KID013A,KID013B,,SSRS,,
659,1,Licensed,N,Y,N,Y,Y,Y,N,,Y,115,6:30 AM - 6:00 PM,6:30 AM - 6:00 PM,6:30 AM - 6:00 PM,6:30 AM - 6:00 PM,6:30 AM - 6:00 PM,No Information Available,No Information Available,85.0,85.0,85.0,85.0,80.0,60.0,80.0,60.0,80.0,60.0,80.0,60.0,70.0,70.0,70.0,70.0,,,,county_32,,,,Change of Ownership,,,Follow-up,,Investigation,,,,Post-Preliminary Inspection,Renewal Application,,KID013A,KID013B,DMS,SSRS,,
1510,1,Licensed,N,Y,Y,Y,Y,Y,N,,N,97,6:30 AM - 5:30 PM,6:30 AM - 5:30 PM,6:30 AM - 5:30 PM,6:30 AM - 5:30 PM,6:30 AM - 5:30 PM,No Information Available,No Information Available,50.0,45.0,50.0,45.0,50.0,45.0,50.0,45.0,50.0,45.0,50.0,45.0,40.0,35.0,40.0,35.0,40.0,35.0,,county_32,,,,,,Change of Space/Change in Capacity,,Initial Application,Investigation,,,,Post-Preliminary Inspection,Renewal Application,,KID013A,KID013B,,SSRS,,
229,3,Licensed,N,Y,Y,Y,Y,Y,N,,Y,117,7:00 AM - 5:30 PM,7:00 AM - 5:30 PM,7:00 AM - 5:30 PM,7:00 AM - 5:30 PM,7:00 AM - 5:30 PM,No Information Available,No Information Available,49.0,,49.0,,44.0,,43.0,,43.0,,43.0,,33.0,18.0,33.0,18.0,,,,county_64,,,,Change of Ownership,,,Follow-up,,Investigation,,,,Post-Preliminary Inspection,Renewal Application,,KID013A,KID013B,,SSRS,,
1721,4,Licensed,N,Y,Y,Y,Y,Y,N,Y,N,129,7:00 AM - 5:30 PM,7:00 AM - 5:30 PM,7:00 AM - 5:30 PM,7:00 AM - 5:30 PM,7:00 AM - 5:30 PM,No Information Available,No Information Available,46.0,,46.0,,43.4,,41.0,,41.0,,41.0,,33.0,17.0,33.0,17.0,,,,county_32,,,,Change of Ownership,,Change of Space/Change in Capacity,,,Investigation,,,,Post-Preliminary Inspection,Renewal Application,,KID013A,KID013B,,SSRS,,
1647,4,Licensed,N,Y,Y,Y,Y,Y,N,Y,Y,112,7:00 AM - 5:30 PM,7:00 AM - 5:30 PM,7:00 AM - 5:30 PM,7:00 AM - 5:30 PM,7:00 AM - 5:30 PM,No Information Available,No Information Available,49.0,,48.0,,44.6,,43.0,,43.0,,43.0,,33.0,18.4,33.0,18.4,,,,county_32,,,,Change of Ownership,,,,,Investigation,,,,Post-Preliminary Inspection,Renewal Application,,KID013A,KID013B,,SSRS,,
1740,1,Licensed,N,N,Y,Y,N,Y,N,,Y,50,7:00 AM - 6:00 PM,7:00 AM - 6:00 PM,7:00 AM - 6:00 PM,7:00 AM - 6:00 PM,7:00 AM - 6:00 PM,No Information Available,No Information Available,,,,,,,,,,,38.0,19.2,38.0,19.2,38.0,19.2,,,,county_32,,,,,,,Follow-up,Initial Application,Investigation,,,,Post-Preliminary Inspection,Renewal Application,,KID013A,KID013B,,SSRS,,
72,1,Licensed,N,N,Y,Y,N,Y,N,,Y,75,7:00 AM - 6:00 PM,7:00 AM - 6:00 PM,7:00 AM - 6:00 PM,7:00 AM - 6:00 PM,7:00 AM - 6:00 PM,No Information Available,No Information Available,,,,,,,,,,,38.0,19.2,38.0,19.2,38.0,19.2,,,,county_32,,,,,,,,Initial Application,Investigation,,,,Post-Preliminary Inspection,Renewal Application,,KID013A,KID013B,,SSRS,,
1787,1,Licensed,N,N,Y,N,N,Y,N,,N,75,6:30 AM - 6:00 PM,6:30 AM - 6:00 PM,6:30 AM - 6:00 PM,6:30 AM - 6:00 PM,6:30 AM - 6:00 PM,No Information Available,No Information Available,,,,,,,,,,,38.0,20.2,38.0,20.2,38.0,20.2,,,,county_32,,,,,,,,Initial Application,Investigation,,,,Post-Preliminary Inspection,Renewal Application,,KID013A,KID013B,,SSRS,,
760,3,Certified,N,N,N,N,N,,N,,,6,7:00 AM - 5:00 PM,7:00 AM - 5:00 PM,7:00 AM - 5:00 PM,7:00 AM - 5:00 PM,No Information Available,No Information Available,No Information Available,,,,,,,,,,,,,,,,,,,,county_32,Annual Inspection,,,,,,,Initial Application,,,,,,Renewal Application,,KID013A,KID013B,,SSRS,,
517,4,Licensed,N,N,Y,Y,N,Y,N,,N,117,6:30 AM - 6:00 PM,6:30 AM - 6:00 PM,6:30 AM - 6:00 PM,6:30 AM - 6:00 PM,6:30 AM - 6:00 PM,No Information Available,No Information Available,,,,,,,,,,,42.0,32.33,42.0,32.33,42.0,32.33,42.0,32.33,,county_32,,,,,Change of Service,,,Initial Application,,,,,Post-Preliminary Inspection,Renewal Application,,KID013A,KID013B,,SSRS,,
1423,1,Licensed,N,N,N,Y,N,,N,,N,17,8:00 AM - 3:00 PM,8:00 AM - 3:00 PM,8:00 AM - 3:00 PM,8:00 AM - 3:00 PM,8:00 AM - 3:00 PM,No Information Available,No Information Available,,,,,,,,,,,,,,,,,,,,county_64,,,,,,Change of Space/Change in Capacity,,Initial Application,,,,,Post-Preliminary Inspection,Renewal Application,,KID013A,KID013B,,SSRS,,
90,4,Licensed,N,N,Y,N,N,Y,N,,N,75,7:00 AM - 6:00 PM,7:00 AM - 6:00 PM,7:00 AM - 6:00 PM,7:00 AM - 6:00 PM,7:00 AM - 6:00 PM,No Information Available,No Information Available,,,,,,,,,,,,,26.0,26.0,26.0,26.0,26.0,26.0,,county_64,,,,,,,,Initial Application,Investigation,,,,Post-Preliminary Inspection,Renewal Application,,KID013A,KID013B,,SSRS,,
1005,1,Licensed,N,N,Y,N,N,Y,N,,N,75,6:30 AM - 6:00 PM,6:30 AM - 6:00 PM,6:30 AM - 6:00 PM,6:30 AM - 6:00 PM,6:30 AM - 6:00 PM,No Information Available,No Information Available,,,,,,,,,,,,,26.0,26.0,26.0,26.0,26.0,26.0,,county_64,,,,,,,,Initial Application,Investigation,,,,Post-Preliminary Inspection,Renewal Application,,KID013A,KID013B,,SSRS,,
1383,4,Licensed,N,N,Y,N,N,Y,N,,N,75,2:00 PM - 6:00 PM,2:00 PM - 6:00 PM,2:00 PM - 6:00 PM,2:00 PM - 6:00 PM,2:00 PM - 6:00 PM,No Information Available,No Information Available,,,,,,,,,,,,,15.0,15.0,15.0,15.0,15.0,15.0,,county_32,,,,,,,,Initial Application,,,,,Post-Preliminary Inspection,Renewal Application,,KID013A,KID013B,,SSRS,,
1206,1,Licensed,N,Y,Y,Y,Y,Y,N,,Y,162,6:30 AM - 6:00 PM,6:30 AM - 6:00 PM,6:30 AM - 6:00 PM,6:30 AM - 6:00 PM,6:30 AM - 6:00 PM,No Information Available,No Information Available,60.0,,55.0,,55.0,,50.0,35.0,50.0,35.0,50.0,35.0,45.0,32.0,45.0,32.0,,32.0,,county_64,,,,,,,,Initial Application,Investigation,,,,Post-Preliminary Inspection,Renewal Application,,KID013A,KID013B,,SSRS,,
1255,1,Licensed,N,Y,Y,Y,Y,Y,N,,N,28,6:30 AM - 6:00 PM,6:30 AM - 6:00 PM,6:30 AM - 6:00 PM,6:30 AM - 6:00 PM,6:30 AM - 6:00 PM,No Information Available,No Information Available,50.0,50.0,43.0,43.0,43.0,43.0,40.0,40.0,40.0,40.0,40.0,40.0,37.0,37.0,37.0,37.0,37.0,37.0,,county_32,,,,,,Change of Space/Change in Capacity,Follow-up,Initial Application,Investigation,Monitoring,Monitoring (DPOC),,Post-Preliminary Inspection,Renewal Application,,KID013A,KID013B,,SSRS,,
609,1,Licensed,N,Y,Y,Y,Y,Y,N,,N,33,other,other,other,other,other,No Information Available,No Information Available,52.0,52.0,49.0,49.0,49.0,49.0,45.0,45.0,45.0,45.0,45.0,45.0,,,,,,,,county_32,,,,,,,Follow-up,Initial Application,Investigation,,,,Post-Preliminary Inspection,Renewal Application,,KID013A,KID013B,,SSRS,,
96,5,Licensed,N,Y,Y,Y,Y,Y,N,,Y,149,6:30 AM - 6:00 PM,6:30 AM - 6:00 PM,6:30 AM - 6:00 PM,6:30 AM - 6:00 PM,6:30 AM - 6:00 PM,No Information Available,No Information Available,57.8,57.8,53.6,53.6,53.6,53.6,49.4,49.4,49.4,49.4,49.4,49.4,,,,,,,,county_64,,,,,,,Follow-up,Initial Application,Investigation,,,,Post-Preliminary Inspection,Renewal Application,,KID013A,KID013B,,SSRS,,
1541,1,Licensed,N,Y,Y,Y,Y,Y,N,,N,22,7:00 AM - 6:00 PM,7:00 AM - 6:00 PM,7:00 AM - 6:00 PM,7:00 AM - 6:00 PM,7:00 AM - 6:00 PM,No Information Available,No Information Available,49.0,45.0,48.0,44.0,47.0,43.0,46.0,42.0,46.0,42.0,45.0,42.0,45.0,41.0,45.0,41.0,45.0,41.0,,county_64,,,,,,,,Initial Application,,,,,Post-Preliminary Inspection,Renewal Application,,KID013A,KID013B,,SSRS,,
188,5,Licensed,N,Y,N,Y,N,,N,,N,138,other,other,other,other,other,No Information Available,No Information Available,,,,,,,,,,,,,,,,,,,,county_32,,,,,,,,Initial Application,Investigation,,,,Post-Preliminary Inspection,Renewal Application,,KID013A,KID013B,,SSRS,,
728,1,Licensed,N,Y,N,Y,N,,N,,N,65,other,other,other,other,other,No Information Available,No Information Available,,,,,,,,,,,,,,,,,,,,county_64,,,,,,,,Initial Application,,,,,Post-Preliminary Inspection,Renewal Application,,KID013A,KID013B,,SSRS,,
1308,1,Certified,N,N,N,N,N,,N,,,6,6:30 AM - 5:30 PM,6:30 AM - 5:30 PM,6:30 AM - 5:30 PM,6:30 AM - 5:30 PM,6:30 AM - 5:30 PM,No Information Available,No Information Available,,,,,,,,,,,,,,,,,,,,county_64,Annual Inspection,,,,,,,Initial Application,,,,,,Renewal Application,,KID013A,KID013B,,SSRS,,
1003,1,Licensed,N,Y,Y,Y,Y,Y,N,,N,79,6:30 AM - 6:00 PM,6:30 AM - 6:00 PM,6:30 AM - 6:00 PM,6:30 AM - 6:00 PM,6:30 AM - 6:00 PM,No Information Available,No Information Available,60.0,,57.0,,57.0,,53.0,,53.0,,53.0,,53.0,,53.0,,53.0,,,county_32,,,,,,,,Initial Application,Investigation,,,,Post-Preliminary Inspection,Renewal Application,,KID013A,KID013B,,SSRS,,
558,1,Licensed,N,Y,Y,Y,Y,Y,N,,N,38,7:00 AM - 6:00 PM,7:00 AM - 6:00 PM,7:00 AM - 6:00 PM,7:00 AM - 6:00 PM,7:00 AM - 6:00 PM,No Information Available,No Information Available,50.0,45.0,49.0,44.0,48.0,43.0,47.0,42.0,47.0,42.0,46.0,41.0,46.0,41.0,46.0,41.0,,,,county_64,,,,,,Change of Space/Change in Capacity,,Initial Application,Investigation,,,,Post-Preliminary Inspection,Renewal Application,,KID013A,KID013B,,SSRS,,
439,4,Certified,N,N,N,N,N,Y,N,,,6,other,other,other,other,other,No Information Available,No Information Available,47.0,35.0,47.0,35.0,47.0,35.0,34.0,31.0,34.0,31.0,34.0,31.0,28.0,26.0,28.0,26.0,28.0,26.0,,county_32,Annual Inspection,,,,,,,Initial Application,,,,,,Renewal Application,,KID013A,KID013B,,SSRS,,
179,1,Licensed,N,Y,Y,Y,Y,Y,N,,Y,100,7:00 AM - 5:30 PM,7:00 AM - 5:30 PM,7:00 AM - 5:30 PM,7:00 AM - 5:30 PM,7:00 AM - 5:30 PM,No Information Available,No Information Available,63.0,,61.0,,56.0,,52.0,,52.0,,52.0,,52.0,,52.0,,52.0,,,county_32,,,,,,Change of Space/Change in Capacity,Follow-up,Initial Application,Investigation,,,,Post-Preliminary Inspection,Renewal Application,,KID013A,KID013B,,SSRS,,
1218,1,Licensed,N,Y,N,Y,N,Y,N,,N,60,7:00 AM - 6:00 PM,7:00 AM - 6:00 PM,7:00 AM - 6:00 PM,7:00 AM - 6:00 PM,7:00 AM - 6:00 PM,No Information Available,No Information Available,,,55.0,,53.0,,51.0,,51.0,,51.0,,,,,,,,,county_44,,,,,,,,Initial Application,Investigation,,,,Post-Preliminary Inspection,Renewal Application,,KID013A,KID013B,DMS,SSRS,,
879,1,Licensed,N,N,Y,N,N,Y,N,,N,70,6:30 AM - 6:00 PM,6:30 AM - 6:00 PM,6:30 AM - 6:00 PM,6:30 AM - 6:00 PM,6:30 AM - 6:00 PM,No Information Available,No Information Available,,,,,,,,,,,,,26.0,26.0,26.0,26.0,26.0,26.0,,county_64,,,,,,,,Initial Application,,,,,Post-Preliminary Inspection,Renewal Application,,KID013A,KID013B,,,,
309,5,Licensed,N,N,N,Y,N,Y,N,,N,20,7:30 AM - 5:00 PM,7:30 AM - 5:00 PM,7:30 AM - 5:00 PM,7:30 AM - 5:00 PM,7:30 AM - 5:00 PM,No Information Available,No Information Available,,,,,,,45.0,35.0,45.0,35.0,45.0,35.0,,,,,,,,county_32,,,,,,Change of Space/Change in Capacity,Follow-up,Initial Application,,,,,Post-Preliminary Inspection,Renewal Application,,KID013A,KID013B,DMS,SSRS,,
770,1,Licensed,N,Y,Y,Y,Y,Y,N,,N,95,6:30 AM - 5:30 PM,6:30 AM - 5:30 PM,6:30 AM - 5:30 PM,6:30 AM - 5:30 PM,6:30 AM - 5:30 PM,No Information Available,No Information Available,50.0,46.0,50.0,46.0,50.0,46.0,45.0,37.0,45.0,37.0,45.0,37.0,40.0,37.0,40.0,37.0,40.0,37.0,,county_32,,,,,,,,Initial Application,,,,,Post-Preliminary Inspection,Renewal Application,,,KID013B,,SSRS,,
1808,1,Licensed,N,Y,Y,Y,Y,Y,N,,N,59,6:30 AM - 5:30 PM,6:30 AM - 5:30 PM,6:30 AM - 5:30 PM,6:30 AM - 5:30 PM,6:30 AM - 5:30 PM,No Information Available,No Information Available,55.0,75.0,52.0,72.0,45.0,65.0,45.0,65.0,40.0,60.0,40.0,60.0,37.0,35.0,37.0,35.0,37.0,35.0,,county_64,,,,,Change of Service,,,Initial Application,Investigation,,,,Post-Preliminary Inspection,Renewal Application,,,KID013B,,SSRS,,
1924,1,Licensed,N,Y,N,Y,N,Y,N,,N,10,7:00 AM - 5:15 PM,7:00 AM - 5:15 PM,7:00 AM - 5:15 PM,7:00 AM - 5:15 PM,7:00 AM - 5:15 PM,No Information Available,No Information Available,,,,,36.0,,36.0,,36.0,,,,,,,,,,,county_32,,,,Change of Ownership,,,Follow-up,,Investigation,,,,Post-Preliminary Inspection,Renewal Application,,,KID013B,,SSRS,,
34,1,Licensed,N,Y,Y,Y,Y,Y,N,,N,98,7:00 AM - 5:30 PM,7:00 AM - 5:30 PM,7:00 AM - 5:30 PM,7:00 AM - 5:30 PM,7:00 AM - 5:30 PM,No Information Available,No Information Available,59.0,,55.8,,53.6,,51.4,,49.4,,49.4,,48.0,,48.0,,,,,county_32,,,,Change of Ownership,Change of Service,,Follow-up,,Investigation,,,,Post-Preliminary Inspection,,,,KID013B,,SSRS,,
1601,1,Certified,N,N,N,N,N,Y,N,,,6,6:30 AM - 6:00 PM,6:30 AM - 6:00 PM,6:30 AM - 6:00 PM,6:30 AM - 6:00 PM,6:30 AM - 6:00 PM,No Information Available,No Information Available,64.0,64.0,56.0,56.0,54.0,54.0,52.0,52.0,50.0,50.0,,,,,,,,,,county_64,Annual Inspection,,,,,,,Initial Application,,,,,,,,,KID013B,,,,
303,1,Licensed,N,Y,Y,Y,Y,Y,N,,N,49,7:00 AM - 5:30 PM,7:00 AM - 5:30 PM,7:00 AM - 5:30 PM,7:00 AM - 5:30 PM,7:00 AM - 5:30 PM,No Information Available,No Information Available,70.0,60.0,70.0,60.0,57.0,52.0,54.0,47.0,54.0,47.0,54.0,47.0,54.0,47.0,50.0,43.0,50.0,43.0,,county_64,,,,Change of Ownership,,,,,Investigation,,,,Post-Preliminary Inspection,,,,KID013B,,SSRS,,
1477,1,Licensed,N,Y,Y,Y,Y,Y,N,,N,40,7:00 AM - 6:00 PM,7:00 AM - 6:00 PM,7:00 AM - 6:00 PM,7:00 AM - 6:00 PM,7:00 AM - 6:00 PM,No Information Available,No Information Available,50.0,45.0,49.0,44.0,48.0,43.0,47.0,42.0,47.0,42.0,46.0,41.0,46.0,41.0,46.0,41.0,,,,county_32,,,,,,,,Initial Application,,,,,Post-Preliminary Inspection,,,,KID013B,,SSRS,,
768,1,Licensed,N,N,Y,N,N,Y,N,,N,23,6:30 AM - 6:30 PM,6:30 AM - 6:30 PM,6:30 AM - 6:30 PM,6:30 AM - 6:30 PM,6:30 AM - 6:30 PM,No Information Available,No Information Available,,,,,,,,,,,,,20.6,13.0,20.6,13.0,,,,county_64,,,,,,,,Initial Application,,,,,Post-Preliminary Inspection,,,,KID013B,,SSRS,,
1451,1,Licensed,N,Y,Y,Y,Y,Y,N,,N,77,7:00 AM - 5:30 PM,7:00 AM - 5:30 PM,7:00 AM - 5:30 PM,7:00 AM - 5:30 PM,7:00 AM - 5:30 PM,No Information Available,No Information Available,60.5,45.5,57.75,43.25,57.75,43.25,54.5,41.0,53.4,40.0,53.4,40.0,38.0,33.0,38.0,33.0,38.0,33.0,,county_64,,,,,,Change of Space/Change in Capacity,,Initial Application,Investigation,,,,Post-Preliminary Inspection,,,,KID013B,,SSRS,,
1326,1,Licensed,N,Y,Y,Y,Y,Y,N,,N,221,6:30 AM - 6:00 PM,6:30 AM - 6:00 PM,6:30 AM - 6:00 PM,6:30 AM - 6:00 PM,6:30 AM - 6:00 PM,No Information Available,No Information Available,59.2,41.4,59.2,41.4,56.8,39.8,49.8,34.8,49.8,34.8,49.8,34.8,,,,,,,,county_64,,,,,,,,Initial Application,Investigation,,,,Post-Preliminary Inspection,,,,KID013B,,SSRS,,
304,1,Certified,N,N,N,N,N,Y,N,,,6,7:00 AM - 5:00 PM,7:00 AM - 5:00 PM,7:00 AM - 5:00 PM,7:00 AM - 5:00 PM,7:00 AM - 5:00 PM,No Information Available,No Information Available,,,45.0,,45.0,,45.0,,45.0,,,,,,,,,,,county_64,,,,,,,,Initial Application,,,,,,,,,KID013B,,,,
1073,1,Licensed,N,Y,Y,Y,Y,Y,N,,N,103,7:00 AM - 5:30 PM,7:00 AM - 5:30 PM,7:00 AM - 5:30 PM,7:00 AM - 5:30 PM,7:00 AM - 5:30 PM,No Information Available,No Information Available,59.0,,55.8,,53.6,,51.4,,49.4,,49.4,,42.0,25.0,42.0,25.0,,,,county_64,,,,,,,,Initial Application,,,,,,,,,KID013B,,,,
257,4,Licensed,N,Y,Y,Y,Y,Y,N,N,Y,99,6:00 AM - 5:30 PM,6:00 AM - 5:30 PM,6:00 AM - 5:30 PM,6:00 AM - 5:30 PM,6:00 AM - 5:30 PM,No Information Available,No Information Available,28.0,,28.0,,28.0,,28.0,,28.0,,30.0,15.0,30.0,15.0,30.0,15.0,,,,county_8,,,,,,Change of Space/Change in Capacity,Follow-up,,Investigation,,,,,Renewal Application,KID013,KID013A,KID013B,,SSRS,,
1840,5,Licensed,N,Y,Y,Y,Y,Y,N,N,Y,180,6:30 AM - 6:00 PM,6:30 AM - 6:00 PM,6:30 AM - 6:00 PM,6:30 AM - 6:00 PM,6:30 AM - 6:00 PM,No Information Available,No Information Available,30.0,,30.0,,30.0,,30.0,,30.0,,30.0,,30.0,15.0,30.0,15.0,,,,county_8,,,,,Change of Service,Change of Space/Change in Capacity,Follow-up,,Investigation,,,,,Renewal Application,KID013,KID013A,KID013B,,SSRS,,
1881,3,Licensed,N,N,Y,N,N,Y,N,N,Y,385,6:30 AM - 6:00 PM,6:30 AM - 6:00 PM,6:30 AM - 6:00 PM,6:30 AM - 6:00 PM,6:30 AM - 6:00 PM,No Information Available,No Information Available,,,,,,,,,,,20.0,10.0,20.0,10.0,20.0,10.0,,,,county_10,,,,,Change of Service,Change of Space/Change in Capacity,,,Investigation,,,,,Renewal Application,KID013,KID013A,KID013B,,SSRS,,
761,5,Licensed,Y,N,N,Y,N,N,N,N,Y,16,other,other,other,other,No Information Available,No Information Available,No Information Available,,,,,,,,,,,,,,,,,,,,county_8,,Change of Hours,,,Change of Service,Change of Space/Change in Capacity,,,Investigation,,,,,Renewal Application,KID013,KID013A,KID013B,,SSRS,,
673,4,Licensed,Y,Y,Y,Y,Y,Y,N,N,Y,300,6:30 AM - 5:30 PM,6:30 AM - 5:30 PM,6:30 AM - 5:30 PM,6:30 AM - 5:30 PM,6:30 AM - 5:30 PM,No Information Available,No Information Available,47.0,47.0,47.0,47.0,47.0,47.0,40.0,40.0,40.0,40.0,40.0,40.0,40.0,30.0,40.0,30.0,,,,county_10,,,,,,Change of Space/Change in Capacity,Follow-up,,Investigation,,,,,Renewal Application,KID013,KID013A,KID013B,,SSRS,,
637,5,Licensed,Y,Y,N,Y,N,Y,N,Y,Y,75,7:30 AM - 5:00 PM,7:30 AM - 5:00 PM,7:30 AM - 5:00 PM,7:30 AM - 5:00 PM,7:30 AM - 5:00 PM,No Information Available,No Information Available,,,,,,,23.0,18.0,23.0,18.0,23.0,18.0,,,,,,,,county_8,,,,,Change of Service,Change of Space/Change in Capacity,,,Investigation,,,,,Renewal Application,KID013,KID013A,KID013B,,SSRS,,
851,5,Licensed,Y,Y,N,Y,Y,Y,N,Y,Y,80,other,other,other,other,other,No Information Available,No Information Available,30.0,22.0,30.0,22.0,30.0,22.0,,,,,,,,,,,,,,county_10,,,Change of Location,,Change of Service,Change of Space/Change in Capacity,,,Investigation,,,,,Renewal Application,KID013,KID013A,KID013B,,SSRS,,
420,1,Licensed,N,Y,N,Y,N,Y,N,,N,166,other,other,other,other,other,No Information Available,No Information Available,,,,,62.0,30.0,62.0,30.0,62.0,30.0,87.0,87.0,,,,,,,,county_14,,,,,,,Follow-up,,,,,,,Renewal Application,KID013,KID013A,KID013B,,SSRS,,
1022,5,Licensed,Y,Y,N,Y,Y,Y,N,N,Y,18,7:30 AM - 5:00 PM,7:30 AM - 5:00 PM,7:30 AM - 5:00 PM,7:30 AM - 5:00 PM,7:30 AM - 5:00 PM,No Information Available,No Information Available,24.0,17.0,24.0,17.0,24.0,17.0,,,,,,,,,,,,,,county_8,,,,,,Change of Space/Change in Capacity,,,Investigation,,,,,Renewal Application,KID013,KID013A,KID013B,,SSRS,,
1723,5,Licensed,N,N,N,Y,N,N,N,,Y,20,other,other,other,other,other,No Information Available,No Information Available,,,,,,,,,,,,,,,,,,,,county_8,,,,,,,,,Investigation,,,,,Renewal Application,KID013,KID013A,KID013B,,SSRS,,
715,4,Licensed,N,Y,N,Y,Y,Y,N,N,Y,36,6:00 AM - 6:00 PM,6:00 AM - 6:00 PM,6:00 AM - 6:00 PM,6:00 AM - 6:00 PM,6:00 AM - 6:00 PM,No Information Available,No Information Available,47.0,43.0,47.0,43.0,47.0,43.0,41.0,34.0,41.0,34.0,41.0,34.0,,,,,,,,county_10,,,,,,,Follow-up,,Investigation,,,,,Renewal Application,KID013,KID013A,KID013B,,SSRS,,
1106,3,Licensed,N,N,Y,N,N,Y,N,,Y,200,6:30 AM - 6:00 PM,6:30 AM - 6:00 PM,6:30 AM - 6:00 PM,6:30 AM - 6:00 PM,6:30 AM - 6:00 PM,No Information Available,No Information Available,,,,,,,,,,,20.0,10.0,20.0,10.0,20.0,10.0,,,,county_10,,,,,,Change of Space/Change in Capacity,Follow-up,,Investigation,,,,,Renewal Application,KID013,KID013A,KID013B,,SSRS,,
31,5,Licensed,N,Y,Y,Y,Y,Y,N,N,Y,77,6:00 AM - 6:00 AM,6:00 AM - 6:00 AM,6:00 AM - 6:00 AM,6:00 AM - 6:00 AM,6:00 AM - 6:00 AM,6:00 AM - 6:00 AM,6:00 AM - 6:00 AM,49.0,45.0,49.0,45.0,49.0,45.0,42.0,36.0,42.0,36.0,42.0,36.0,39.0,34.0,39.0,34.0,39.0,34.0,,county_10,,,,,Change of Service,Change of Space/Change in Capacity,,,Investigation,,,,,Renewal Application,KID013,KID013A,KID013B,DMS,SSRS,,
846,1,Licensed,N,Y,Y,Y,N,Y,N,,N,12,6:00 AM - 5:00 PM,6:00 AM - 5:00 PM,6:00 AM - 5:00 PM,6:00 AM - 5:00 PM,6:00 AM - 4:30 PM,No Information Available,No Information Available,,,30.0,10.0,30.0,10.0,30.0,10.0,30.0,10.0,30.0,10.0,30.0,10.0,30.0,10.0,,,,county_10,,,,,,,,,,,,,,Renewal Application,KID013,KID013A,KID013B,,SSRS,,
374,2,Licensed,N,Y,Y,Y,Y,Y,N,,N,12,7:00 AM - 5:00 PM,7:00 AM - 5:00 PM,7:00 AM - 5:00 PM,7:00 AM - 5:00 PM,7:00 AM - 5:00 PM,No Information Available,No Information Available,25.0,25.0,25.0,25.0,25.0,25.0,23.2,23.2,23.2,23.2,23.2,23.2,,,,,,,,county_54,,,,,,,,Initial Application,,,,,Post-Preliminary Inspection,Renewal Application,KID013,KID013A,KID013B,,SSRS,,
1728,1,Licensed,N,Y,Y,Y,Y,Y,N,,Y,98,7:00 AM - 6:00 PM,7:00 AM - 6:00 PM,7:00 AM - 6:00 PM,7:00 AM - 6:00 PM,7:00 AM - 6:00 PM,No Information Available,No Information Available,47.0,43.0,47.0,43.0,47.0,43.0,41.0,34.0,41.0,34.0,41.0,34.0,37.0,32.0,37.0,32.0,,,,county_54,,,Change of Location,,Change of Service,,Follow-up,Initial Application,Investigation,,,,Post-Preliminary Inspection,Renewal Application,KID013,KID013A,KID013B,DMS,SSRS,,
1826,1,Licensed,N,Y,N,Y,Y,Y,N,,N,36,6:00 AM - 6:00 PM,6:00 AM - 6:00 PM,6:00 AM - 6:00 PM,6:00 AM - 6:00 PM,6:00 AM - 6:00 PM,No Information Available,No Information Available,47.0,43.0,47.0,43.0,47.0,43.0,41.0,34.0,41.0,34.0,41.0,34.0,,,,,,,,county_10,,,Change of Location,,,,Follow-up,Initial Application,Investigation,,Monitoring (DPOC),,Post-Preliminary Inspection,Renewal Application,,KID013A,KID013B,,SSRS,,
1758,5,Licensed,N,Y,N,Y,Y,,N,,Y,25,other,other,other,other,other,No Information Available,No Information Available,,,,,,,,,,,,,,,,,,,,county_70,,,,,,,,Initial Application,Investigation,,,,Post-Preliminary Inspection,Renewal Application,,KID013A,KID013B,,SSRS,,
84,5,Licensed,N,N,Y,Y,N,Y,N,,N,60,7:30 AM - 3:00 PM,7:30 AM - 3:00 PM,7:30 AM - 3:00 PM,7:30 AM - 3:00 PM,7:30 AM - 3:00 PM,No Information Available,No Information Available,,,,,,,39.63,39.63,39.63,39.63,39.63,39.63,,15.0,,15.0,,15.0,,county_10,,,,,Change of Service,Change of Space/Change in Capacity,,Initial Application,,,,,Post-Preliminary Inspection,Renewal Application,,KID013A,KID013B,,SSRS,,
418,1,Licensed,N,Y,Y,Y,Y,Y,N,,N,69,5:00 AM - 6:00 PM,5:00 AM - 6:00 PM,5:00 AM - 6:00 PM,5:00 AM - 6:00 PM,5:00 AM - 6:00 PM,No Information Available,No Information Available,40.0,33.0,40.0,33.0,40.0,33.0,36.0,27.0,36.0,27.0,36.0,27.0,30.0,30.0,30.0,30.0,30.0,30.0,,county_70,,,Change of Location,,,Change of Space/Change in Capacity,Follow-up,Initial Application,Investigation,,Monitoring (DPOC),,Post-Preliminary Inspection,Renewal Application,,KID013A,KID013B,,SSRS,,
322,1,Licensed,Y,Y,Y,Y,Y,Y,N,,N,219,6:30 AM - 5:30 PM,6:30 AM - 5:30 PM,6:30 AM - 5:30 PM,6:30 AM - 5:30 PM,6:30 AM - 5:30 PM,No Information Available,No Information Available,47.0,47.0,47.0,47.0,47.0,47.0,41.0,41.0,41.0,41.0,41.0,41.0,37.0,32.0,37.0,32.0,,,,county_10,,,,,,Change of Space/Change in Capacity,Follow-up,Initial Application,Investigation,,,,Post-Preliminary Inspection,Renewal Application,,KID013A,KID013B,,SSRS,,
794,3,Licensed,N,Y,Y,Y,Y,Y,N,,N,70,7:30 AM - 5:00 PM,7:30 AM - 5:00 PM,7:30 AM - 5:00 PM,7:30 AM - 5:00 PM,7:30 AM - 5:00 PM,No Information Available,No Information Available,40.0,40.0,40.0,40.0,40.0,40.0,36.0,36.0,36.0,36.0,36.0,,30.0,25.0,30.0,25.0,,,,county_8,,,,,Change of Service,,,Initial Application,Investigation,,,,Post-Preliminary Inspection,Renewal Application,,KID013A,KID013B,,SSRS,,
1870,1,Licensed,N,Y,Y,Y,Y,Y,N,,Y,116,6:30 AM - 6:00 PM,6:30 AM - 6:00 PM,6:30 AM - 6:00 PM,6:30 AM - 6:00 PM,6:30 AM - 6:00 PM,No Information Available,No Information Available,44.0,22.0,44.0,22.0,44.0,22.0,44.0,22.0,44.0,22.0,44.0,22.0,44.0,22.0,44.0,22.0,44.0,22.0,,county_2,,,,,Change of Service,Change of Space/Change in Capacity,Follow-up,Initial Application,Investigation,,,,Post-Preliminary Inspection,Renewal Application,,KID013A,KID013B,,SSRS,,
996,1,Licensed,N,Y,N,Y,Y,Y,N,,N,37,6:00 AM - 6:00 PM,6:00 AM - 6:00 PM,6:00 AM - 6:00 PM,6:00 AM - 6:00 PM,6:00 AM - 6:00 PM,No Information Available,No Information Available,40.0,33.0,40.0,33.0,40.0,33.0,36.0,27.0,36.0,27.0,36.0,27.0,,,,,,,,county_8,,,,,,,Follow-up,Initial Application,Investigation,,,,Post-Preliminary Inspection,Renewal Application,,KID013A,KID013B,,SSRS,,
1812,1,Licensed,N,N,N,Y,N,Y,N,,Y,43,6:30 AM - 6:00 PM,6:30 AM - 6:00 PM,6:30 AM - 6:00 PM,6:30 AM - 6:00 PM,6:30 AM - 6:00 PM,No Information Available,No Information Available,,,,,,,27.0,17.0,27.0,17.0,,,,,,,,,,county_10,,,Change of Location,,,Change of Space/Change in Capacity,,Initial Application,Investigation,,,,Post-Preliminary Inspection,Renewal Application,,KID013A,KID013B,,SSRS,,
1012,1,Licensed,N,N,Y,N,N,Y,N,,N,145,2:00 PM - 6:00 PM,2:00 PM - 6:00 PM,2:00 PM - 6:00 PM,2:00 PM - 6:00 PM,2:00 PM - 6:00 PM,No Information Available,No Information Available,,,,,,,,,,,50.0,,50.0,,50.0,,,,,county_54,,,,,,,,Initial Application,Investigation,,,,Post-Preliminary Inspection,Renewal Application,,KID013A,KID013B,,SSRS,,
235,1,Licensed,N,N,Y,N,N,Y,N,,N,91,2:00 PM - 6:00 PM,2:00 PM - 6:00 PM,2:00 PM - 6:00 PM,2:00 PM - 6:00 PM,2:00 PM - 6:00 PM,No Information Available,No Information Available,,,,,,,,,,,50.0,,50.0,,50.0,,,,,county_54,,,,,,,,Initial Application,,,,,Post-Preliminary Inspection,Renewal Application,,KID013A,KID013B,,SSRS,,
368,1,Licensed,N,N,Y,N,N,Y,N,,N,120,2:00 PM - 6:00 PM,2:00 PM - 6:00 PM,2:00 PM - 6:00 PM,2:00 PM - 6:00 PM,2:00 PM - 6:00 PM,No Information Available,No Information Available,,,,,,,,,,,50.0,50.0,50.0,50.0,50.0,50.0,,,,county_54,,,,,,,,Initial Application,,,,,Post-Preliminary Inspection,Renewal Application,,KID013A,KID013B,,SSRS,,
1230,1,Licensed,N,N,N,Y,N,Y,N,,N,132,other,other,other,other,other,No Information Available,No Information Available,,,,,,,50.0,,50.0,,50.0,,50.0,,50.0,,,,,county_54,,,Change of Location,,,Change of Space/Change in Capacity,,Initial Application,,,,,Post-Preliminary Inspection,Renewal Application,,KID013A,KID013B,,SSRS,,
60,1,Licensed,N,N,Y,N,N,Y,N,,N,80,2:00 PM - 6:00 PM,2:00 PM - 6:00 PM,2:00 PM - 6:00 PM,2:00 PM - 6:00 PM,2:00 PM - 6:00 PM,No Information Available,No Information Available,,,,,,,,,,,50.0,50.0,50.0,50.0,50.0,50.0,,,,county_54,,,,,,,,Initial Application,,,,,Post-Preliminary Inspection,Renewal Application,,KID013A,KID013B,,SSRS,,
975,1,Licensed,N,N,Y,Y,N,Y,N,,N,150,6:30 AM - 5:30 PM,6:30 AM - 5:30 PM,6:30 AM - 5:30 PM,6:30 AM - 5:30 PM,6:30 AM - 5:30 PM,No Information Available,No Information Available,,,,,,,33.0,33.0,33.0,33.0,33.0,33.0,37.0,25.0,37.0,25.0,37.0,25.0,,county_10,,,,,,,,Initial Application,,,,,Post-Preliminary Inspection,,,,KID013B,,SSRS,,
213,1,Certified,N,N,N,N,N,Y,N,,,6,6:30 AM - 5:30 PM,6:30 AM - 5:30 PM,6:30 AM - 5:30 PM,6:30 AM - 5:30 PM,6:30 AM - 5:30 PM,No Information Available,No Information Available,28.0,,28.0,,28.0,,28.0,,28.0,,28.0,,28.0,10.0,28.0,10.0,28.0,10.0,,county_10,,,,,Change of Service,,,Initial Application,,,,,,,,,KID013B,,,,
534,1,Licensed,N,Y,Y,Y,N,Y,N,N,Y,143,7:00 AM - 5:30 PM,7:00 AM - 5:30 PM,7:00 AM - 5:30 PM,7:00 AM - 5:30 PM,7:00 AM - 5:30 PM,No Information Available,No Information Available,,,30.0,,28.0,,25.0,,25.0,,25.0,,35.0,,35.0,,,,,county_40,,,Change of Location,,,Change of Space/Change in Capacity,,,Investigation,,,,,Renewal Application,KID013,KID013A,KID013B,,SSRS,,
448,5,Licensed,Y,N,N,Y,N,Y,N,N,Y,38,8:00 AM - 3:00 PM,8:00 AM - 3:00 PM,8:00 AM - 3:00 PM,8:00 AM - 3:00 PM,No Information Available,No Information Available,No Information Available,0.01,0.01,0.01,0.01,0.01,0.01,0.01,0.01,0.01,0.01,0.01,0.01,0.01,0.01,0.01,0.01,,,,county_20,,,,,,,,,Investigation,,,,,Renewal Application,KID013,KID013A,KID013B,,SSRS,,
805,1,Licensed,N,Y,Y,Y,Y,Y,N,N,Y,162,7:00 AM - 5:30 PM,7:00 AM - 5:30 PM,7:00 AM - 5:30 PM,7:00 AM - 5:30 PM,7:00 AM - 5:30 PM,No Information Available,No Information Available,29.0,,29.0,,29.0,,29.0,,29.0,,29.0,,29.0,,,,,,,county_40,,,,,,Change of Space/Change in Capacity,,,Investigation,,,,,Renewal Application,KID013,KID013A,KID013B,,SSRS,,
1138,1,Licensed,N,Y,Y,Y,N,Y,N,N,N,99,2:00 PM - 6:00 PM,2:00 PM - 6:00 PM,2:00 PM - 6:00 PM,2:00 PM - 6:00 PM,2:00 PM - 6:00 PM,No Information Available,No Information Available,,,,,,,,15.0,30.0,15.0,30.0,15.0,30.0,15.0,30.0,15.0,,,,county_40,,,,,Change of Service,,,,Investigation,,,,,Renewal Application,KID013,KID013A,KID013B,,SSRS,,
948,3,Licensed,N,Y,Y,Y,N,Y,N,N,Y,178,7:00 AM - 5:30 PM,7:00 AM - 5:30 PM,7:00 AM - 5:30 PM,7:00 AM - 5:30 PM,7:00 AM - 5:30 PM,No Information Available,No Information Available,,,40.0,,40.0,,40.0,,40.0,,40.0,,30.0,15.0,30.0,15.0,,,,county_40,,,,,Change of Service,Change of Space/Change in Capacity,Follow-up,,Investigation,,,,,Renewal Application,KID013,KID013A,KID013B,,SSRS,,
1632,1,Licensed,N,Y,Y,Y,N,Y,N,N,Y,44,7:30 AM - 6:00 PM,7:30 AM - 6:00 PM,7:30 AM - 6:00 PM,7:30 AM - 6:00 PM,7:30 AM - 6:00 PM,No Information Available,No Information Available,,,,,25.0,18.0,25.0,18.0,25.0,18.0,25.0,18.0,25.0,18.0,25.0,18.0,,,,county_40,,,,,,,,,Investigation,,,,,Renewal Application,KID013,KID013A,KID013B,,SSRS,,
1427,1,Licensed,N,Y,Y,Y,N,Y,N,N,N,99,2:30 PM - 6:00 PM,2:30 PM - 6:00 PM,2:30 PM - 6:00 PM,2:30 PM - 6:00 PM,2:30 PM - 6:00 PM,No Information Available,No Information Available,,,,,,,,15.0,,15.0,,15.0,,15.0,,15.0,,,,county_40,,,,,Change of Service,,,,Investigation,,,,,Renewal Application,KID013,KID013A,KID013B,,SSRS,,
1847,4,Licensed,Y,N,N,Y,N,N,N,,Y,105,8:00 AM - 3:00 PM,8:00 AM - 3:00 PM,8:00 AM - 3:00 PM,8:00 AM - 3:00 PM,No Information Available,No Information Available,No Information Available,,,,,,,,,,,,,,,,,,,,county_38,,,Change of Location,,,,Follow-up,,Investigation,,,,,Renewal Application,KID013,KID013A,KID013B,,SSRS,,
1587,1,Licensed,N,N,N,Y,N,Y,N,N,N,40,other,other,other,other,No Information Available,No Information Available,No Information Available,,,,,23.0,,23.0,,23.0,,,,,,,,,,,county_38,,,,,,,,,Investigation,,,,,Renewal Application,KID013,KID013A,KID013B,,SSRS,,
759,1,Licensed,N,Y,Y,Y,Y,Y,N,N,N,99,other,other,other,other,other,No Information Available,No Information Available,25.0,12.5,25.0,12.5,25.0,12.5,25.0,12.5,25.0,12.5,25.0,12.5,25.0,12.5,25.0,12.5,,,,county_38,,,,,,Change of Space/Change in Capacity,Follow-up,,Investigation,,,,,Renewal Application,KID013,KID013A,KID013B,,SSRS,,
1033,1,Licensed,N,Y,N,Y,Y,Y,N,N,N,40,7:00 AM - 4:30 PM,7:00 AM - 4:30 PM,7:00 AM - 4:30 PM,7:00 AM - 4:30 PM,7:00 AM - 4:30 PM,No Information Available,No Information Available,30.0,30.0,30.0,30.0,30.0,30.0,30.0,30.0,30.0,30.0,,,,,,,,,,county_40,,,,,,,,,Investigation,,Monitoring (DPOC),,,Renewal Application,KID013,KID013A,KID013B,DMS,SSRS,,
632,5,Licensed,N,Y,Y,Y,Y,Y,N,N,Y,160,other,other,other,other,other,No Information Available,No Information Available,34.2,47.6,34.2,47.6,34.2,47.6,33.2,46.33,33.2,46.33,33.2,46.33,,,,,,,,county_40,,,,,,,Follow-up,,Investigation,,,,,Renewal Application,KID013,KID013A,KID013B,,SSRS,,
597,1,Licensed,Y,N,Y,Y,N,Y,N,N,Y,80,7:30 AM - 6:00 PM,7:30 AM - 6:00 PM,7:30 AM - 6:00 PM,7:30 AM - 6:00 PM,7:30 AM - 6:00 PM,No Information Available,No Information Available,,,,,,,25.0,25.0,25.0,25.0,25.0,25.0,,,,,,,,county_38,,,Change of Location,,Change of Service,Change of Space/Change in Capacity,,,Investigation,,,,,Renewal Application,KID013,KID013A,KID013B,DMS,SSRS,,
1800,3,Licensed,N,Y,Y,Y,Y,Y,N,N,Y,74,7:00 AM - 5:30 PM,7:00 AM - 5:30 PM,7:00 AM - 5:30 PM,7:00 AM - 5:30 PM,7:00 AM - 5:30 PM,No Information Available,No Information Available,27.0,27.0,27.0,27.0,27.0,27.0,25.0,25.0,25.0,21.0,25.0,21.0,27.0,20.0,27.0,20.0,27.0,20.0,,county_38,,,,,,Change of Space/Change in Capacity,Follow-up,,Investigation,,,,,Renewal Application,KID013,KID013A,KID013B,DMS,SSRS,,
1751,4,Licensed,N,N,Y,Y,N,Y,N,N,N,25,8:00 AM - 5:00 PM,8:00 AM - 5:00 PM,8:00 AM - 5:00 PM,8:00 AM - 5:00 PM,8:00 AM - 5:00 PM,No Information Available,No Information Available,,,,,,,25.0,15.0,25.0,15.0,25.0,15.0,,,,,,,,county_40,,,,,Change of Service,,,,Investigation,,,,,Renewal Application,KID013,KID013A,KID013B,,SSRS,,
586,1,Licensed,N,Y,Y,Y,Y,Y,N,,N,89,7:00 AM - 5:30 PM,7:00 AM - 5:30 PM,7:00 AM - 5:30 PM,7:00 AM - 5:30 PM,7:00 AM - 5:30 PM,No Information Available,No Information Available,,,,,30.0,30.0,25.0,25.0,25.0,25.0,25.0,25.0,25.0,12.0,25.0,12.0,25.0,12.0,,county_38,,,,,Change of Service,Change of Space/Change in Capacity,Follow-up,Initial Application,Investigation,,,,Post-Preliminary Inspection,Renewal Application,KID013,KID013A,KID013B,,SSRS,,
351,1,Licensed,N,Y,N,Y,N,,N,,N,60,7:15 AM - 5:30 PM,7:15 AM - 5:30 PM,7:15 AM - 5:30 PM,7:15 AM - 5:30 PM,7:15 AM - 5:30 PM,No Information Available,No Information Available,,,,,,,,,,,,,,,,,,,,county_20,,,,,Change of Service,Change of Space/Change in Capacity,,Initial Application,Investigation,,,,Post-Preliminary Inspection,Renewal Application,KID013,KID013A,KID013B,,SSRS,,
1802,1,Licensed,N,Y,Y,Y,Y,Y,N,,Y,100,6:30 AM - 5:30 PM,6:30 AM - 5:30 PM,6:30 AM - 5:30 PM,6:30 AM - 5:30 PM,6:30 AM - 5:30 PM,No Information Available,No Information Available,30.0,31.67,30.0,31.67,30.0,31.67,29.0,31.67,29.0,31.67,29.0,31.67,29.0,31.67,29.0,31.67,29.0,31.67,,county_20,,,Change of Location,,,Change of Space/Change in Capacity,Follow-up,Initial Application,Investigation,,,,Post-Preliminary Inspection,Renewal Application,,KID013A,KID013B,DMS,SSRS,,
1294,1,Licensed,N,N,N,Y,N,Y,N,,N,20,7:30 AM - 4:00 PM,7:30 AM - 4:00 PM,7:30 AM - 4:00 PM,7:30 AM - 4:00 PM,7:30 AM - 4:00 PM,No Information Available,No Information Available,,,,,,,20.0,,20.0,,20.0,,,,,,,,,county_20,,,,,,,,Initial Application,Investigation,,,,Post-Preliminary Inspection,Renewal Application,,KID013A,KID013B,,SSRS,,
18,1,Licensed,N,Y,Y,Y,Y,,N,,N,40,7:00 AM - 5:00 PM,7:00 AM - 5:00 PM,7:00 AM - 5:00 PM,7:00 AM - 5:00 PM,7:00 AM - 5:00 PM,No Information Available,No Information Available,,,,,,,,,,,,,,,,,,,,county_20,,,,,,Change of Space/Change in Capacity,,Initial Application,Investigation,,,,Post-Preliminary Inspection,Renewal Application,,KID013A,KID013B,,SSRS,,
1828,1,Licensed,N,Y,Y,Y,Y,Y,N,,N,75,6:30 AM - 5:30 PM,6:30 AM - 5:30 PM,6:30 AM - 5:30 PM,6:30 AM - 5:30 PM,6:30 AM - 5:30 PM,No Information Available,No Information Available,40.0,20.0,40.0,20.0,40.0,20.0,40.0,20.0,35.0,20.0,35.0,20.0,30.0,20.0,,,,,,county_20,,,,,,,,Initial Application,Investigation,Monitoring,Monitoring (DPOC),,Post-Preliminary Inspection,Renewal Application,,,KID013B,,SSRS,,
1110,1,Licensed,N,Y,N,Y,Y,Y,N,,N,51,6:30 AM - 5:30 PM,6:30 AM - 5:30 PM,6:30 AM - 5:30 PM,6:30 AM - 5:30 PM,6:30 AM - 5:30 PM,No Information Available,No Information Available,35.0,20.0,35.0,20.0,35.0,20.0,35.0,20.0,35.0,20.0,35.0,20.0,,,,,,,,county_38,,,,,,,,Initial Application,,,,,,,,,KID013B,,,,
606,5,Licensed,Y,N,N,Y,N,N,N,,Y,40,8:00 AM - 4:00 PM,8:00 AM - 4:00 PM,8:00 AM - 4:00 PM,8:00 AM - 4:00 PM,No Information Available,No Information Available,No Information Available,,,,,,,,,,,,,,,,,,,,county_22,,,,,,,Follow-up,,Investigation,,,,,Renewal Application,KID013,KID013A,KID013B,,SSRS,,
1774,1,Licensed,N,N,Y,Y,N,Y,N,N,Y,74,7:30 AM - 5:00 PM,7:30 AM - 5:00 PM,7:30 AM - 5:00 PM,7:30 AM - 5:00 PM,7:30 AM - 5:00 PM,No Information Available,No Information Available,,,,,,,38.8,,38.8,,38.8,,,,,,,,,county_6,,,,,,Change of Space/Change in Capacity,,,Investigation,,,,,Renewal Application,KID013,KID013A,KID013B,DMS,SSRS,,
114,1,Licensed,N,N,N,Y,N,Y,N,,N,60,other,other,other,other,other,No Information Available,No Information Available,,,,,,,26.0,16.0,25.0,15.0,20.0,11.0,,,,,,,,county_6,,,,,,,,,,,,,,Renewal Application,KID013,KID013A,KID013B,,SSRS,,
360,3,Licensed,N,Y,Y,Y,Y,Y,N,N,Y,82,8:00 AM - 5:00 PM,8:00 AM - 5:00 PM,8:00 AM - 5:00 PM,8:00 AM - 5:00 PM,8:00 AM - 5:00 PM,No Information Available,No Information Available,36.6,,36.6,,34.6,,34.6,,34.6,,34.6,,34.6,,34.6,,,,,county_6,,,,,,Change of Space/Change in Capacity,Follow-up,,Investigation,,,,,Renewal Application,KID013,KID013A,KID013B,,SSRS,,
743,5,Licensed,Y,Y,Y,Y,N,Y,N,,Y,56,7:00 AM - 5:30 PM,7:00 AM - 5:30 PM,7:00 AM - 5:30 PM,7:00 AM - 5:30 PM,7:00 AM - 5:30 PM,No Information Available,No Information Available,,,,,33.75,20.0,33.75,20.0,33.75,20.0,,,,,,,,,,county_6,,Change of Hours,,,Change of Service,Change of Space/Change in Capacity,,,Investigation,,,,,Renewal Application,KID013,KID013A,KID013B,,SSRS,,
1869,2,Licensed,N,Y,N,Y,N,Y,N,N,Y,40,6:30 AM - 5:00 PM,6:30 AM - 5:00 PM,6:30 AM - 5:00 PM,6:30 AM - 5:00 PM,6:30 AM - 5:00 PM,No Information Available,No Information Available,,,33.0,20.0,33.0,20.0,32.0,16.0,32.0,16.0,32.0,16.0,,,,,,,,county_6,,,,,,Change of Space/Change in Capacity,,,Investigation,,,,,Renewal Application,KID013,KID013A,KID013B,,SSRS,,
1081,4,Licensed,Y,Y,N,Y,Y,N,N,,Y,80,other,other,other,other,other,No Information Available,No Information Available,,,,,,,,,,,,,,,,,,,,county_70,,,Change of Location,,Change of Service,Change of Space/Change in Capacity,,,,,,,,Renewal Application,KID013,KID013A,KID013B,DMS,SSRS,,
754,2,Certified,N,N,N,N,N,Y,N,N,,6,7:00 AM - 5:00 PM,7:00 AM - 5:00 PM,7:00 AM - 5:00 PM,7:00 AM - 5:00 PM,7:00 AM - 5:00 PM,No Information Available,No Information Available,20.0,,20.0,,20.0,,20.0,,20.0,,20.0,,20.0,14.0,20.0,14.0,20.0,14.0,,county_22,Annual Inspection,,,,,,,,,,,,,Renewal Application,KID013,KID013A,KID013B,,SSRS,,
1184,3,Licensed,N,Y,Y,Y,Y,Y,N,,Y,100,7:00 AM - 5:00 PM,7:00 AM - 5:00 PM,7:00 AM - 5:00 PM,7:00 AM - 5:00 PM,7:00 AM - 5:00 PM,No Information Available,No Information Available,32.0,,30.0,,28.0,,26.0,,26.0,,26.0,,23.0,16.0,23.0,16.0,23.0,16.0,,county_35,,,,,,,,,Investigation,,Monitoring (DPOC),,,Renewal Application,KID013,KID013A,KID013B,DMS,SSRS,,
857,1,Licensed,N,Y,Y,Y,Y,Y,N,,Y,111,7:00 AM - 5:30 PM,7:00 AM - 5:30 PM,7:00 AM - 5:30 PM,7:00 AM - 5:30 PM,7:00 AM - 5:30 PM,No Information Available,No Information Available,31.0,31.0,31.0,31.0,29.0,29.0,29.0,29.0,29.0,29.0,29.0,29.0,29.0,17.0,29.0,17.0,,,,county_22,,,,,Change of Service,Change of Space/Change in Capacity,,Initial Application,Investigation,,Monitoring (DPOC),,,Renewal Application,KID013,KID013A,KID013B,DMS,SSRS,,
1077,1,Licensed,N,Y,Y,Y,Y,Y,N,,Y,78,7:00 AM - 5:30 PM,7:00 AM - 5:30 PM,7:00 AM - 5:30 PM,7:00 AM - 5:30 PM,7:00 AM - 5:30 PM,No Information Available,No Information Available,40.0,33.0,40.0,33.0,40.0,33.0,36.0,27.0,36.0,27.0,36.0,27.0,30.0,30.0,30.0,30.0,,,,county_70,,,Change of Location,,Change of Service,Change of Space/Change in Capacity,,Initial Application,Investigation,,,,Post-Preliminary Inspection,Renewal Application,KID013,KID013A,KID013B,DMS,SSRS,,
472,1,Licensed,N,Y,Y,Y,Y,Y,N,,N,38,6:00 AM - 5:30 PM,6:00 AM - 5:30 PM,6:00 AM - 5:30 PM,6:00 AM - 5:30 PM,6:00 AM - 5:30 PM,No Information Available,No Information Available,35.0,,35.0,,35.0,,32.0,,32.0,,32.0,,,,,,,,,county_6,,,,Change of Ownership,,Change of Space/Change in Capacity,Follow-up,,Investigation,,,,Post-Preliminary Inspection,Renewal Application,,KID013A,KID013B,,SSRS,,
59,1,Licensed,N,N,Y,Y,N,Y,N,,N,23,6:00 AM - 5:30 PM,6:00 AM - 5:30 PM,6:00 AM - 5:30 PM,6:00 AM - 5:30 PM,6:00 AM - 5:30 PM,No Information Available,No Information Available,,,,,25.0,13.0,25.0,13.0,25.0,13.0,25.0,13.0,25.0,13.0,25.0,13.0,,,,county_35,,,,,,,,Initial Application,Investigation,,,,Post-Preliminary Inspection,Renewal Application,,KID013A,KID013B,DMS,SSRS,,
1804,1,Licensed,N,Y,Y,Y,Y,Y,N,,N,49,7:00 AM - 5:15 PM,7:00 AM - 5:15 PM,7:00 AM - 5:15 PM,7:00 AM - 5:15 PM,7:00 AM - 5:15 PM,No Information Available,No Information Available,40.0,33.0,40.0,33.0,40.0,33.0,36.0,27.0,36.0,27.0,30.0,30.0,30.0,30.0,30.0,30.0,30.0,30.0,,county_22,,,,,Change of Service,Change of Space/Change in Capacity,Follow-up,Initial Application,Investigation,Monitoring,Monitoring (DPOC),,Post-Preliminary Inspection,Renewal Application,,KID013A,KID013B,,SSRS,,
1306,1,Licensed,N,Y,Y,Y,Y,Y,N,,N,40,other,other,other,other,other,No Information Available,No Information Available,35.0,35.0,34.0,34.0,34.0,34.0,33.0,33.0,33.0,33.0,33.0,33.0,,,,,,,,county_6,,,,,Change of Service,Change of Space/Change in Capacity,,Initial Application,Investigation,,,,Post-Preliminary Inspection,Renewal Application,,KID013A,KID013B,,SSRS,,
1323,1,Licensed,N,Y,Y,Y,Y,Y,Y,,Y,153,other,other,other,other,other,No Information Available,No Information Available,40.0,33.0,40.0,33.0,40.0,33.0,36.0,27.0,36.0,27.0,36.0,27.0,30.0,30.0,30.0,30.0,30.0,30.0,On-going,county_22,,,,,,,Follow-up,Initial Application,Investigation,,,,Post-Preliminary Inspection,Renewal Application,,KID013A,KID013B,,SSRS,,Directed Plan of Correction
1379,1,Licensed,N,Y,Y,Y,Y,Y,N,,Y,82,7:00 AM - 5:00 PM,7:00 AM - 5:00 PM,7:00 AM - 5:00 PM,7:00 AM - 5:00 PM,7:00 AM - 5:00 PM,No Information Available,No Information Available,36.0,36.0,34.0,34.0,34.0,34.0,33.0,33.0,33.0,33.0,33.0,33.0,25.0,25.0,25.0,25.0,25.0,25.0,,county_22,,,,,Change of Service,,,Initial Application,Investigation,,,,Post-Preliminary Inspection,Renewal Application,,KID013A,KID013B,,SSRS,,
623,5,Licensed,N,Y,N,N,Y,,N,,N,42,7:30 AM - 3:00 PM,7:30 AM - 3:00 PM,7:30 AM - 3:00 PM,7:30 AM - 3:00 PM,7:30 AM - 3:00 PM,No Information Available,No Information Available,,,,,,,,,,,,,,,,,,,,county_35,,,,,,Change of Space/Change in Capacity,,Initial Application,Investigation,,,,Post-Preliminary Inspection,Renewal Application,,KID013A,KID013B,DMS,SSRS,,
1827,1,Licensed,N,N,N,Y,N,Y,N,,N,12,8:00 AM - 3:00 PM,8:00 AM - 3:00 PM,8:00 AM - 3:00 PM,8:00 AM - 3:00 PM,8:00 AM - 3:00 PM,No Information Available,No Information Available,,,,,,,35.0,20.0,35.0,20.0,35.0,20.0,,,,,,,,county_22,,,,,,,,Initial Application,,,,,Post-Preliminary Inspection,Renewal Application,,KID013A,KID013B,DMS,SSRS,,
103,1,Licensed,N,N,Y,Y,N,Y,N,,N,60,2:45 PM - 6:00 PM,2:45 PM - 6:00 PM,2:45 PM - 6:00 PM,2:45 PM - 6:00 PM,2:45 PM - 6:00 PM,No Information Available,No Information Available,,,,,,,26.0,26.0,23.0,23.0,23.0,23.0,20.0,20.0,20.0,20.0,20.0,20.0,,county_35,,,,,,,,Initial Application,,,,,Post-Preliminary Inspection,Renewal Application,,KID013A,KID013B,,SSRS,,
218,3,Licensed,N,N,N,Y,N,Y,N,,N,20,7:30 AM - 5:30 PM,7:30 AM - 5:30 PM,7:30 AM - 5:30 PM,7:30 AM - 5:30 PM,7:30 AM - 5:30 PM,No Information Available,No Information Available,,,,,,,25.0,28.0,25.0,28.0,25.0,28.0,,,,,,,,county_22,,,,,,,,Initial Application,,,,,Post-Preliminary Inspection,Renewal Application,,KID013A,KID013B,DMS,SSRS,,
1577,1,Licensed,N,Y,Y,Y,Y,Y,N,,Y,40,7:00 AM - 5:30 PM,7:00 AM - 5:30 PM,7:00 AM - 5:30 PM,7:00 AM - 5:30 PM,7:00 AM - 5:30 PM,No Information Available,No Information Available,47.0,47.0,47.0,47.0,47.0,47.0,41.0,41.0,41.0,41.0,41.0,41.0,37.0,32.0,37.0,32.0,,,,county_6,,,,,,,,Initial Application,Investigation,,,,Post-Preliminary Inspection,Renewal Application,,KID013A,KID013B,DMS,SSRS,,
1399,1,Licensed,N,Y,Y,Y,Y,Y,N,,N,48,7:00 AM - 5:30 PM,7:00 AM - 5:30 PM,7:00 AM - 5:30 PM,7:00 AM - 5:30 PM,7:00 AM - 5:30 PM,No Information Available,No Information Available,30.0,30.0,30.0,30.0,30.0,30.0,30.0,30.0,30.0,30.0,30.0,30.0,30.0,30.0,30.0,30.0,30.0,30.0,,county_22,,,Change of Location,,Change of Service,Change of Space/Change in Capacity,,Initial Application,,,,,Post-Preliminary Inspection,Renewal Application,,KID013A,KID013B,,SSRS,,
81,1,Licensed,N,Y,Y,Y,Y,Y,N,,N,99,7:00 AM - 6:00 PM,7:00 AM - 6:00 PM,7:00 AM - 6:00 PM,7:00 AM - 6:00 PM,7:00 AM - 6:00 PM,No Information Available,No Information Available,40.0,40.0,40.0,40.0,40.0,40.0,35.0,35.0,35.0,35.0,35.0,35.0,30.0,30.0,30.0,30.0,30.0,30.0,,county_35,,,,,,Change of Space/Change in Capacity,,Initial Application,Investigation,,,,Post-Preliminary Inspection,Renewal Application,,KID013A,KID013B,,SSRS,,
1641,1,Licensed,N,Y,Y,Y,Y,Y,N,,Y,44,6:00 AM - 6:00 PM,6:00 AM - 6:00 PM,6:00 AM - 6:00 PM,6:00 AM - 6:00 PM,6:00 AM - 6:00 PM,No Information Available,No Information Available,40.0,40.0,40.0,40.0,40.0,40.0,38.0,38.0,38.0,38.0,38.0,38.0,30.0,30.0,30.0,30.0,30.0,30.0,,county_70,,,Change of Location,,,Change of Space/Change in Capacity,,Initial Application,Investigation,,,,Post-Preliminary Inspection,Renewal Application,,KID013A,KID013B,,SSRS,,
502,1,Licensed,N,Y,Y,Y,Y,Y,Y,,N,98,6:30 AM - 5:30 PM,6:30 AM - 5:30 PM,6:30 AM - 5:30 PM,6:30 AM - 5:30 PM,6:30 AM - 5:30 PM,No Information Available,No Information Available,47.0,35.25,47.0,35.25,47.0,35.25,41.0,24.6,41.0,24.6,41.0,24.6,37.0,20.4,37.0,20.4,37.0,20.4,On-going,county_70,,,,,,Change of Space/Change in Capacity,,Initial Application,Investigation,Monitoring,Monitoring (DPOC),,Post-Preliminary Inspection,Renewal Application,,KID013A,KID013B,DMS,SSRS,,Directed Plan of Correction
706,1,Licensed,N,Y,N,Y,N,Y,N,,N,24,6:30 AM - 5:30 PM,6:30 AM - 5:30 PM,6:30 AM - 5:30 PM,6:30 AM - 5:30 PM,6:30 AM - 5:30 PM,No Information Available,No Information Available,,,41.0,,41.0,,41.0,,41.0,,41.0,,,,,,,,,county_22,,Change of Hours,,,Change of Service,,Follow-up,Initial Application,Investigation,,,,Post-Preliminary Inspection,Renewal Application,,KID013A,KID013B,,SSRS,,
240,1,Licensed,N,Y,Y,Y,Y,Y,N,,N,119,6:45 AM - 5:15 PM,6:45 AM - 5:15 PM,6:45 AM - 5:15 PM,6:45 AM - 5:15 PM,6:45 AM - 5:15 PM,No Information Available,No Information Available,47.0,43.0,47.0,43.0,47.0,43.0,41.0,34.0,41.0,34.0,37.0,34.0,37.0,32.0,37.0,32.0,,,,county_6,,,,Change of Ownership,,,,,Investigation,,,,Post-Preliminary Inspection,Renewal Application,,,KID013B,DMS,,,
1277,1,Licensed,N,Y,Y,Y,Y,Y,N,,Y,40,6:30 AM - 5:30 PM,6:30 AM - 5:30 PM,6:30 AM - 5:30 PM,6:30 AM - 5:30 PM,6:30 AM - 5:30 PM,No Information Available,No Information Available,,,,,,,,,,,,,,,,,,,,county_6,,,,Change of Ownership,,,Follow-up,,Investigation,,,,Post-Preliminary Inspection,,,,KID013B,,SSRS,,
391,1,Licensed,N,Y,Y,Y,Y,Y,N,,Y,151,6:30 AM - 5:30 PM,6:30 AM - 5:30 PM,6:30 AM - 5:30 PM,6:30 AM - 5:30 PM,6:30 AM - 5:30 PM,No Information Available,No Information Available,47.0,47.0,47.0,47.0,47.0,47.0,41.0,41.0,41.0,41.0,41.0,41.0,37.0,37.0,37.0,37.0,37.0,37.0,,county_6,,,,,,,,Initial Application,,,,,,,,,KID013B,,,,
539,2,Licensed,N,Y,Y,Y,Y,Y,N,,Y,76,6:00 AM - 5:30 PM,6:00 AM - 5:30 PM,6:00 AM - 5:30 PM,6:00 AM - 5:30 PM,6:00 AM - 5:30 PM,No Information Available,No Information Available,35.0,35.0,35.0,35.0,35.0,35.0,32.0,32.0,32.0,32.0,32.0,32.0,30.0,30.0,30.0,30.0,30.0,30.0,,county_70,,,Change of Location,Change of Ownership,,,Follow-up,,Investigation,,,,,Renewal Application,KID013,KID013A,KID013B,,SSRS,,
1639,5,Licensed,N,Y,N,N,Y,Y,N,,Y,20,other,other,other,other,No Information Available,No Information Available,No Information Available,15.0,8.0,15.0,8.0,15.0,8.0,15.0,8.0,15.0,8.0,,8.0,,,,,,,,county_5,,,Change of Location,,Change of Service,Change of Space/Change in Capacity,,Initial Application,Investigation,,,,Post-Preliminary Inspection,Renewal Application,,KID013A,KID013B,,SSRS,,
171,1,Licensed,Y,N,N,Y,N,Y,N,,N,20,7:45 AM - 2:45 PM,7:45 AM - 2:45 PM,7:45 AM - 2:45 PM,7:45 AM - 2:45 PM,7:45 AM - 2:45 PM,No Information Available,No Information Available,,,,,,,15.0,8.0,15.0,8.0,,,,,,,,,,county_70,,,,,Change of Service,,,Initial Application,,,,,Post-Preliminary Inspection,Renewal Application,,KID013A,KID013B,,,,
553,4,Licensed,N,Y,Y,Y,Y,Y,N,,Y,56,6:00 AM - 6:00 PM,6:00 AM - 6:00 PM,6:00 AM - 6:00 PM,6:00 AM - 6:00 PM,6:00 AM - 6:00 PM,No Information Available,No Information Available,35.0,35.0,35.0,35.0,32.0,32.0,32.0,32.0,32.0,32.0,32.0,32.0,30.0,30.0,30.0,30.0,30.0,30.0,,county_70,,,,,,,,Initial Application,,,,,Post-Preliminary Inspection,Renewal Application,,KID013A,KID013B,,SSRS,,
583,1,Licensed,N,N,N,Y,N,,N,,N,40,7:00 AM - 4:00 PM,7:00 AM - 4:00 PM,7:00 AM - 4:00 PM,7:00 AM - 4:00 PM,7:00 AM - 4:00 PM,No Information Available,No Information Available,,,,,,,,,,,,,,,,,,,,county_70,,,,,,,Follow-up,Initial Application,,,,,Post-Preliminary Inspection,Renewal Application,,KID013A,KID013B,,SSRS,,
655,1,Licensed,Y,N,N,Y,N,,N,,N,78,other,other,other,other,other,No Information Available,No Information Available,,,,,,,,,,,,,,,,,,,,county_5,,,,,,,,Initial Application,Investigation,,,,Post-Preliminary Inspection,Renewal Application,,KID013A,KID013B,,SSRS,,
1387,5,Licensed,Y,N,N,Y,N,Y,N,,Y,44,7:30 AM - 3:30 PM,7:30 AM - 3:30 PM,7:30 AM - 3:30 PM,7:30 AM - 3:30 PM,7:30 AM - 3:30 PM,No Information Available,No Information Available,0.01,0.01,0.01,0.01,0.01,0.01,0.01,0.01,0.01,0.01,0.01,0.01,0.01,0.01,0.01,0.01,0.01,0.01,,county_70,,,Change of Location,,,,,,Investigation,,,,,Renewal Application,KID013,KID013A,KID013B,,SSRS,,
1452,5,Licensed,Y,N,N,Y,N,Y,N,,Y,20,7:30 AM - 3:30 PM,7:30 AM - 3:30 PM,7:30 AM - 3:30 PM,7:30 AM - 3:30 PM,No Information Available,No Information Available,No Information Available,0.01,0.01,0.01,0.01,0.01,0.01,0.01,0.01,0.01,0.01,0.01,0.01,0.01,0.01,0.01,0.01,0.01,0.01,,county_70,,,,,,,,,Investigation,,,,,Renewal Application,KID013,KID013A,KID013B,,SSRS,,
259,2,Licensed,N,Y,Y,Y,Y,Y,N,,N,49,6:00 AM - 6:00 PM,6:00 AM - 6:00 PM,6:00 AM - 6:00 PM,6:00 AM - 6:00 PM,6:00 AM - 6:00 PM,No Information Available,No Information Available,28.0,28.0,28.0,28.0,28.0,28.0,27.0,26.0,27.0,26.0,27.0,26.0,27.0,26.0,27.0,26.0,27.0,26.0,,county_70,,,Change of Location,,,Change of Space/Change in Capacity,Follow-up,Initial Application,Investigation,,,,Post-Preliminary Inspection,Renewal Application,,KID013A,KID013B,,SSRS,,
897,1,Licensed,N,N,N,Y,N,Y,N,,Y,26,7:00 AM - 4:00 PM,7:00 AM - 4:00 PM,7:00 AM - 4:00 PM,7:00 AM - 4:00 PM,7:00 AM - 4:00 PM,No Information Available,No Information Available,,,,,,,30.0,28.0,30.0,28.0,30.0,28.0,,,,,,,,county_70,,,,,,,,Initial Application,,,,,Post-Preliminary Inspection,Renewal Application,,KID013A,KID013B,,SSRS,,
492,2,Licensed,N,N,N,Y,N,N,N,N,Y,54,7:00 AM - 4:00 PM,7:00 AM - 4:00 PM,7:00 AM - 4:00 PM,7:00 AM - 4:00 PM,7:00 AM - 4:00 PM,No Information Available,No Information Available,,,,,,,,,,,,,,,,,,,,county_68,,,,,,,Follow-up,,,,,,,Renewal Application,KID013,KID013A,KID013B,,SSRS,,
716,5,Licensed,N,Y,N,Y,N,Y,N,,Y,8,other,other,other,other,other,No Information Available,No Information Available,,,0.01,0.01,0.01,0.01,,,,,,,,,,,,,,county_68,,,,,,,,Initial Application,Investigation,,,,Post-Preliminary Inspection,Renewal Application,KID013,KID013A,KID013B,DMS,SSRS,,
1720,1,Licensed,N,Y,Y,Y,Y,Y,N,,N,83,6:00 AM - 6:00 PM,6:00 AM - 6:00 PM,6:00 AM - 6:00 PM,6:00 AM - 6:00 PM,6:00 AM - 6:00 PM,No Information Available,No Information Available,25.0,,25.0,,25.0,,25.0,,25.0,,25.0,,25.0,,25.0,,,,,county_68,,,,Change of Ownership,,,,,Investigation,,,,Post-Preliminary Inspection,Renewal Application,,KID013A,KID013B,DMS,SSRS,,
1246,1,Licensed,N,Y,Y,Y,Y,Y,N,,N,99,5:30 AM - 5:00 PM,5:30 AM - 5:00 PM,5:30 AM - 5:00 PM,5:30 AM - 5:00 PM,5:30 AM - 5:00 PM,No Information Available,No Information Available,30.0,,30.0,,26.0,,26.0,,26.0,,26.0,,26.0,13.0,26.0,13.0,26.0,13.0,,county_68,,,,,,,,Initial Application,Investigation,,,,Post-Preliminary Inspection,Renewal Application,,KID013A,KID013B,,SSRS,,
808,1,Certified,N,N,N,N,N,Y,N,,,6,7:30 AM - 5:30 PM,7:30 AM - 5:30 PM,7:30 AM - 5:30 PM,7:30 AM - 5:30 PM,7:30 AM - 5:30 PM,No Information Available,No Information Available,30.0,35.0,28.0,30.0,28.0,30.0,28.0,30.0,28.0,30.0,25.0,25.0,25.0,25.0,25.0,25.0,25.0,25.0,,county_68,Annual Inspection,,,,,,,Initial Application,,,,,,,,,KID013B,,SSRS,,
551,1,Licensed,N,N,Y,N,N,Y,N,,N,60,other,other,other,other,other,No Information Available,No Information Available,,,,,,,,,,10.0,,10.0,,10.0,,10.0,,,,county_68,,,,,,,,Initial Application,,,,,Post-Preliminary Inspection,,,,KID013B,,SSRS,,
1099,1,Licensed,N,Y,Y,Y,Y,Y,N,N,Y,74,7:00 AM - 6:00 PM,7:00 AM - 6:00 PM,7:00 AM - 6:00 PM,7:00 AM - 6:00 PM,7:00 AM - 6:00 PM,No Information Available,No Information Available,45.0,50.0,45.0,50.0,45.0,50.0,42.0,50.0,42.0,50.0,42.0,50.0,42.0,50.0,42.0,50.0,42.0,50.0,,county_21,,,,,,,,,Investigation,,,,,Renewal Application,KID013,KID013A,KID013B,DMS,SSRS,,
922,1,Licensed,N,Y,Y,Y,Y,Y,N,N,Y,99,6:00 AM - 6:00 PM,6:00 AM - 6:00 PM,6:00 AM - 6:00 PM,6:00 AM - 6:00 PM,6:00 AM - 6:00 PM,No Information Available,No Information Available,52.0,,52.0,,52.0,,48.0,,48.0,,48.0,,48.0,40.0,48.0,40.0,,,,county_21,,,,,Change of Service,,Follow-up,,Investigation,,,,,Renewal Application,KID013,KID013A,KID013B,,SSRS,,
560,4,Licensed,N,Y,Y,Y,Y,Y,N,N,Y,74,6:00 AM - 6:00 PM,6:00 AM - 6:00 PM,6:00 AM - 6:00 PM,6:00 AM - 6:00 PM,6:00 AM - 6:00 PM,No Information Available,No Information Available,56.75,49.75,56.75,49.75,56.75,49.75,54.75,40.75,54.75,40.75,54.75,40.75,54.75,40.75,,,,,,county_21,,,,,Change of Service,Change of Space/Change in Capacity,Follow-up,,Investigation,,,,,Renewal Application,KID013,KID013A,KID013B,,SSRS,,
926,1,Licensed,Y,Y,Y,Y,N,Y,N,N,Y,297,other,other,other,other,other,No Information Available,No Information Available,42.7,30.95,42.7,30.95,42.7,30.95,42.7,30.95,42.7,30.95,42.7,30.95,42.7,30.95,,,,,,county_21,,,,,,Change of Space/Change in Capacity,,,Investigation,,,,,Renewal Application,KID013,KID013A,KID013B,,SSRS,,
630,1,Licensed,N,Y,N,Y,Y,Y,N,N,N,160,other,other,other,other,other,No Information Available,No Information Available,20.0,,20.0,,20.0,,20.0,,20.0,,,,,,,,,,,county_21,,,,,,,Follow-up,,Investigation,,,,,Renewal Application,KID013,KID013A,KID013B,,SSRS,,
1354,3,Licensed,N,Y,Y,Y,Y,Y,N,N,Y,227,6:00 AM - 5:30 PM,6:00 AM - 5:30 PM,6:00 AM - 5:30 PM,6:00 AM - 5:30 PM,6:00 AM - 5:30 PM,No Information Available,No Information Available,59.0,59.0,53.0,53.0,49.0,49.0,47.0,47.0,47.0,47.0,47.0,47.0,40.0,12.0,40.0,12.0,,,,county_21,,,,,,Change of Space/Change in Capacity,Follow-up,,Investigation,,,,,Renewal Application,KID013,KID013A,KID013B,DMS,SSRS,,
1288,3,Licensed,Y,Y,Y,Y,Y,Y,N,N,Y,118,7:00 AM - 6:00 PM,7:00 AM - 6:00 PM,7:00 AM - 6:00 PM,7:00 AM - 6:00 PM,7:00 AM - 6:00 PM,No Information Available,No Information Available,54.0,,53.0,,53.0,,52.0,,52.0,,,,,,,,,,,county_21,,,,,Change of Service,Change of Space/Change in Capacity,Follow-up,,Investigation,,Monitoring (DPOC),,,Renewal Application,KID013,KID013A,KID013B,,SSRS,,
1629,1,Licensed,N,Y,Y,Y,Y,Y,N,N,Y,162,5:30 AM - 5:30 PM,5:30 AM - 5:30 PM,5:30 AM - 5:30 PM,5:30 AM - 5:30 PM,5:30 AM - 5:30 PM,No Information Available,No Information Available,41.0,,41.0,,41.0,,39.0,,39.0,,39.0,,38.0,20.0,38.0,20.0,38.0,20.0,,county_21,,Change of Hours,,,,,Follow-up,,Investigation,,,,,Renewal Application,KID013,KID013A,KID013B,DMS,SSRS,,
1444,5,Licensed,Y,Y,N,Y,Y,Y,N,N,Y,110,other,other,other,other,other,No Information Available,No Information Available,25.0,,25.0,,25.0,,22.0,,,,,,,,,,,,,county_21,,,,,,Change of Space/Change in Capacity,,,Investigation,,,,,Renewal Application,KID013,KID013A,KID013B,DMS,SSRS,,
1891,1,Licensed,Y,Y,Y,Y,Y,Y,N,N,Y,225,6:30 AM - 5:30 PM,6:30 AM - 5:30 PM,6:30 AM - 5:30 PM,6:30 AM - 5:30 PM,6:30 AM - 5:30 PM,No Information Available,No Information Available,45.0,45.0,45.0,45.0,41.0,41.0,39.0,39.0,39.0,39.0,39.0,39.0,37.0,23.0,37.0,23.0,37.0,23.0,,county_21,,,,,,,Follow-up,,Investigation,,Monitoring (DPOC),,,Renewal Application,KID013,KID013A,KID013B,,SSRS,,
881,1,Licensed,N,Y,N,Y,Y,Y,N,N,N,186,other,other,other,other,No Information Available,No Information Available,No Information Available,,,,,,25.0,,25.0,,25.0,,25.0,,,,,,,,county_1,,,,,,,Follow-up,,Investigation,,,,,Renewal Application,KID013,KID013A,KID013B,,SSRS,,
389,3,Licensed,Y,Y,Y,Y,N,Y,N,N,Y,99,7:00 AM - 6:00 PM,7:00 AM - 6:00 PM,7:00 AM - 6:00 PM,7:00 AM - 6:00 PM,7:00 AM - 6:00 PM,No Information Available,No Information Available,45.0,45.0,45.0,45.0,41.0,41.0,39.0,39.0,39.0,39.0,39.0,39.0,37.0,23.0,37.0,23.0,37.0,23.0,,county_21,,,,,Change of Service,Change of Space/Change in Capacity,Follow-up,,Investigation,,,,,Renewal Application,KID013,KID013A,KID013B,,SSRS,,
1228,1,Licensed,Y,N,Y,Y,N,Y,N,N,Y,174,7:00 AM - 6:00 PM,7:00 AM - 6:00 PM,7:00 AM - 6:00 PM,7:00 AM - 6:00 PM,7:00 AM - 6:00 PM,No Information Available,No Information Available,,,,,,,35.0,,35.0,,35.0,,35.0,,35.0,,,,,county_21,,,,,,Change of Space/Change in Capacity,,,,,,,,Renewal Application,KID013,KID013A,KID013B,,SSRS,,
176,3,Licensed,Y,Y,Y,Y,Y,Y,N,N,Y,99,6:30 AM - 6:00 PM,6:30 AM - 6:00 PM,6:30 AM - 6:00 PM,6:30 AM - 6:00 PM,6:30 AM - 6:00 PM,No Information Available,No Information Available,47.0,,47.0,,47.0,,44.0,,44.0,,44.0,,44.0,,44.0,,44.0,,,county_21,,,,,Change of Service,,,,Investigation,,,,,Renewal Application,KID013,KID013A,KID013B,DMS,SSRS,,
867,3,Licensed,N,Y,Y,Y,Y,Y,N,N,Y,32,6:00 AM - 6:00 PM,6:00 AM - 6:00 PM,6:00 AM - 6:00 PM,6:00 AM - 6:00 PM,6:00 AM - 6:00 PM,No Information Available,No Information Available,47.0,43.0,47.0,43.0,47.0,43.0,41.0,34.0,41.0,34.0,37.0,32.0,37.0,32.0,37.0,32.0,,,,county_21,,,,,,,Follow-up,,,,,,,Renewal Application,KID013,KID013A,KID013B,DMS,SSRS,,
1170,1,Licensed,N,N,N,Y,N,N,N,,N,60,other,other,other,other,other,No Information Available,No Information Available,,,,,,,,,,,,,,,,,,,,county_21,,,,,Change of Service,Change of Space/Change in Capacity,Follow-up,,Investigation,,,,,Renewal Application,KID013,KID013A,KID013B,,SSRS,,
1063,4,Licensed,Y,N,Y,Y,N,Y,Y,N,Y,261,7:30 AM - 6:00 PM,7:30 AM - 6:00 PM,7:30 AM - 6:00 PM,7:30 AM - 6:00 PM,7:30 AM - 6:00 PM,No Information Available,No Information Available,,,,,,,39.0,33.0,39.0,33.0,35.0,16.0,35.0,16.0,35.0,16.0,,,On-going,county_21,,,,,,Change of Space/Change in Capacity,,,Investigation,,,,,Renewal Application,KID013,KID013A,KID013B,,SSRS,,Directed Plan of Correction
1462,2,Licensed,Y,Y,Y,Y,Y,Y,N,N,Y,139,5:30 AM - 5:30 PM,5:30 AM - 5:30 PM,5:30 AM - 5:30 PM,5:30 AM - 5:30 PM,5:30 AM - 5:30 PM,No Information Available,No Information Available,34.0,34.0,34.0,34.0,31.0,31.0,28.0,28.0,26.0,26.0,26.0,20.0,26.0,20.0,26.0,20.0,,,,county_1,,,,,,,Follow-up,,Investigation,,,,,Renewal Application,KID013,KID013A,KID013B,,SSRS,,
640,2,Licensed,N,Y,Y,Y,Y,Y,N,N,Y,40,7:00 AM - 6:00 PM,7:00 AM - 6:00 PM,7:00 AM - 6:00 PM,7:00 AM - 6:00 PM,7:00 AM - 6:00 PM,No Information Available,No Information Available,47.0,43.0,47.0,43.0,47.0,43.0,41.0,34.0,41.0,34.0,41.0,34.0,37.0,32.0,37.0,32.0,37.0,32.0,,county_21,,,Change of Location,,,Change of Space/Change in Capacity,,,Investigation,,,,,Renewal Application,KID013,KID013A,KID013B,DMS,SSRS,,
1633,1,Licensed,N,N,N,Y,N,Y,N,N,Y,33,7:30 AM - 4:00 PM,7:30 AM - 4:00 PM,7:30 AM - 4:00 PM,7:30 AM - 4:00 PM,7:30 AM - 4:00 PM,No Information Available,No Information Available,,,,,,,25.0,,25.0,,25.0,,,,,,,,,county_61,,,,,Change of Service,,Follow-up,,,,,,,Renewal Application,KID013,KID013A,KID013B,,SSRS,,
1339,3,Licensed,Y,N,Y,Y,N,Y,N,N,Y,90,7:00 AM - 6:00 PM,7:00 AM - 6:00 PM,7:00 AM - 6:00 PM,7:00 AM - 6:00 PM,7:00 AM - 6:00 PM,No Information Available,No Information Available,,,,,,,,,35.0,18.2,35.0,18.2,,,35.0,18.2,35.0,18.2,,county_21,,,,,Change of Service,,Follow-up,,Investigation,,,,,Renewal Application,KID013,KID013A,KID013B,,,,
546,4,Licensed,N,Y,Y,Y,Y,Y,N,N,Y,40,6:00 AM - 6:00 PM,6:00 AM - 6:00 PM,6:00 AM - 6:00 PM,6:00 AM - 6:00 PM,6:00 AM - 6:00 PM,No Information Available,No Information Available,47.0,47.0,47.0,47.0,47.0,47.0,41.0,41.0,41.0,34.0,41.0,34.0,37.0,32.0,37.0,32.0,,,,county_21,,,,,,,Follow-up,,Investigation,,,,,Renewal Application,KID013,KID013A,KID013B,,SSRS,,
1904,3,Licensed,N,Y,Y,Y,Y,Y,N,N,Y,99,6:00 AM - 6:00 PM,6:00 AM - 6:00 PM,6:00 AM - 6:00 PM,6:00 AM - 6:00 PM,6:00 AM - 6:00 PM,No Information Available,No Information Available,47.0,47.0,47.0,47.0,47.0,47.0,41.0,41.0,41.0,34.0,41.0,34.0,37.0,32.0,37.0,32.0,,,,county_21,,,,,,,Follow-up,,Investigation,,,,,Renewal Application,KID013,KID013A,KID013B,,SSRS,,
51,3,Licensed,Y,Y,Y,Y,Y,Y,N,N,Y,200,6:00 AM - 6:00 PM,6:00 AM - 6:00 PM,6:00 AM - 6:00 PM,6:00 AM - 6:00 PM,6:00 AM - 6:00 PM,No Information Available,No Information Available,47.0,47.0,47.0,47.0,47.0,47.0,41.0,41.0,41.0,34.0,41.0,34.0,37.0,32.0,37.0,32.0,,,,county_21,,,,,,,Follow-up,,Investigation,,Monitoring (DPOC),,,Renewal Application,KID013,KID013A,KID013B,,SSRS,,
1137,3,Licensed,N,Y,Y,Y,Y,Y,N,N,Y,53,6:00 AM - 6:00 PM,6:00 AM - 6:00 PM,6:00 AM - 6:00 PM,6:00 AM - 6:00 PM,6:00 AM - 6:00 PM,No Information Available,No Information Available,47.0,47.0,47.0,47.0,47.0,47.0,41.0,41.0,41.0,34.0,41.0,34.0,37.0,32.0,37.0,32.0,,,,county_21,,,,,,,,,Investigation,,Monitoring (DPOC),,,Renewal Application,KID013,KID013A,KID013B,,SSRS,,
1232,3,Licensed,Y,N,Y,N,N,Y,N,N,Y,120,7:00 AM - 6:00 PM,7:00 AM - 6:00 PM,7:00 AM - 6:00 PM,7:00 AM - 6:00 PM,7:00 AM - 6:00 PM,No Information Available,No Information Available,,,,,,,,,35.0,18.2,35.0,18.2,,,35.0,18.2,35.0,18.2,,county_21,,,,,Change of Service,,Follow-up,,Investigation,,,,,Renewal Application,KID013,KID013A,KID013B,DMS,SSRS,,
24,3,Licensed,Y,N,Y,Y,N,Y,N,N,Y,140,7:00 AM - 6:00 PM,7:00 AM - 6:00 PM,7:00 AM - 6:00 PM,7:00 AM - 6:00 PM,7:00 AM - 6:00 PM,No Information Available,No Information Available,,,,,,,,,35.0,18.2,35.0,18.2,,,35.0,18.2,35.0,18.2,,county_21,,,,,Change of Service,,Follow-up,,Investigation,,,,,Renewal Application,KID013,KID013A,KID013B,,SSRS,,
499,3,Licensed,Y,N,Y,Y,N,Y,N,N,Y,100,6:00 AM - 5:30 PM,6:00 AM - 5:30 PM,6:00 AM - 5:30 PM,6:00 AM - 5:30 PM,6:00 AM - 5:30 PM,No Information Available,No Information Available,,,,,,,30.0,,30.0,,30.0,,30.0,,30.0,,,,,county_61,,,,,Change of Service,Change of Space/Change in Capacity,,,Investigation,,,,,Renewal Application,KID013,KID013A,KID013B,DMS,SSRS,,
1295,1,Licensed,N,Y,Y,Y,Y,Y,N,N,Y,88,7:00 AM - 5:30 PM,7:00 AM - 5:30 PM,7:00 AM - 5:30 PM,7:00 AM - 5:30 PM,7:00 AM - 5:30 PM,No Information Available,No Information Available,45.0,45.0,45.0,45.0,45.0,45.0,45.0,45.0,45.0,45.0,45.0,45.0,45.0,34.0,45.0,34.0,45.0,34.0,,county_21,,,,,,,Follow-up,,Investigation,,,,,Renewal Application,KID013,KID013A,KID013B,DMS,SSRS,,
777,3,Licensed,N,Y,Y,Y,Y,Y,N,N,Y,90,6:00 AM - 6:00 PM,6:00 AM - 6:00 PM,6:00 AM - 6:00 PM,6:00 AM - 6:00 PM,6:00 AM - 6:00 PM,No Information Available,No Information Available,47.0,47.0,47.0,47.0,47.0,47.0,41.0,41.0,41.0,34.0,41.0,34.0,37.0,32.0,37.0,32.0,,,,county_21,,,,,,,Follow-up,,Investigation,,,,,Renewal Application,KID013,KID013A,KID013B,,SSRS,,
1102,1,Licensed,N,Y,Y,Y,Y,Y,N,N,Y,49,6:30 AM - 5:00 PM,6:30 AM - 5:00 PM,6:30 AM - 5:00 PM,6:30 AM - 5:00 PM,6:30 AM - 5:00 PM,No Information Available,No Information Available,40.0,33.0,40.0,33.0,40.0,33.0,36.0,27.0,36.0,27.0,36.0,27.0,30.0,30.0,30.0,30.0,30.0,30.0,,county_1,,,,,,,Follow-up,,Investigation,,Monitoring (DPOC),,,Renewal Application,KID013,KID013A,KID013B,,SSRS,,
1622,3,Licensed,Y,N,Y,Y,N,Y,N,N,Y,250,6:00 AM - 6:00 PM,6:00 AM - 6:00 PM,6:00 AM - 6:00 PM,6:00 AM - 6:00 PM,6:00 AM - 6:00 PM,No Information Available,No Information Available,,,,,,,30.0,,30.0,,30.0,,30.0,,30.0,,,,,county_61,,,Change of Location,,Change of Service,Change of Space/Change in Capacity,,,Investigation,,,,,Renewal Application,KID013,KID013A,KID013B,DMS,SSRS,,
1892,1,Licensed,Y,N,N,Y,N,Y,N,,N,80,other,other,other,other,other,No Information Available,No Information Available,,,,,,,25.8,,25.8,,,,,,,,,,,county_21,,,,,,Change of Space/Change in Capacity,,,,,,,,Renewal Application,KID013,KID013A,KID013B,,SSRS,,
1187,1,Licensed,N,Y,Y,Y,Y,Y,N,N,Y,57,6:30 AM - 6:00 PM,6:30 AM - 6:00 PM,6:30 AM - 6:00 PM,6:30 AM - 6:00 PM,6:30 AM - 6:00 PM,No Information Available,No Information Available,47.0,65.0,47.0,65.0,47.0,65.0,45.0,65.0,45.0,65.0,45.0,65.0,41.0,65.0,41.0,65.0,,,,county_21,,,,,,,Follow-up,,Investigation,,,,,Renewal Application,KID013,KID013A,KID013B,DMS,,,
556,5,Licensed,Y,N,N,Y,N,N,N,,Y,39,6:30 AM - 5:30 PM,6:30 AM - 5:30 PM,6:30 AM - 5:30 PM,6:30 AM - 5:30 PM,No Information Available,No Information Available,No Information Available,,,,,,,,,,,,,,,,,,,,county_1,,,,,,Change of Space/Change in Capacity,,,Investigation,,,,,Renewal Application,KID013,KID013A,KID013B,,SSRS,,
960,1,Certified,N,N,N,N,N,Y,N,N,,6,5:30 AM - 12:00 AM,5:30 AM - 12:00 AM,5:30 AM - 12:00 AM,5:30 AM - 12:00 AM,5:30 AM - 12:00 AM,other,other,26.0,18.0,24.0,18.0,22.0,16.0,20.0,16.0,18.0,14.0,17.0,14.0,17.0,13.0,16.0,13.0,,,,county_21,Annual Inspection,,,,,,,,,,,,,Renewal Application,KID013,KID013A,KID013B,DMS,SSRS,,
588,1,Certified,N,N,N,N,N,Y,N,N,,6,6:00 AM - 9:00 PM,6:00 AM - 9:00 PM,6:00 AM - 9:00 PM,6:00 AM - 9:00 PM,6:00 AM - 9:00 PM,No Information Available,No Information Available,35.0,30.0,35.0,30.0,35.0,30.0,30.0,26.0,30.0,26.0,30.0,26.0,26.0,22.0,26.0,22.0,26.0,22.0,,county_21,Annual Inspection,,,,,,,,Investigation,,,,,Renewal Application,KID013,KID013A,KID013B,DMS,SSRS,,
1153,3,Licensed,N,Y,Y,Y,Y,Y,Y,N,Y,116,5:00 AM - 6:00 PM,5:00 AM - 6:00 PM,5:00 AM - 6:00 PM,5:00 AM - 6:00 PM,5:00 AM - 6:00 PM,No Information Available,No Information Available,44.0,,44.0,,42.0,,41.0,,41.0,,41.0,,33.0,24.0,33.0,24.0,,,On-going,county_1,,,,,Change of Service,Change of Space/Change in Capacity,Follow-up,,Investigation,,,,,Renewal Application,KID013,KID013A,KID013B,,SSRS,,Directed Plan of Correction
1351,3,Licensed,N,Y,Y,Y,Y,Y,N,N,Y,45,6:00 AM - 6:00 PM,6:00 AM - 6:00 PM,6:00 AM - 6:00 PM,6:00 AM - 6:00 PM,6:00 AM - 6:00 PM,No Information Available,No Information Available,47.0,47.0,47.0,47.0,47.0,47.0,41.0,41.0,41.0,34.0,41.0,34.0,37.0,32.0,37.0,32.0,,,,county_21,,,,,,,Follow-up,,Investigation,,,,,Renewal Application,KID013,KID013A,KID013B,,SSRS,,
1593,1,Licensed,N,Y,N,N,Y,Y,N,N,N,18,7:00 AM - 6:00 PM,7:00 AM - 6:00 PM,7:00 AM - 6:00 PM,7:00 AM - 6:00 PM,7:00 AM - 6:00 PM,No Information Available,No Information Available,45.0,,,,,,,,,,,,,,,,,,,county_21,,,,,Change of Service,,,,Investigation,,,,,Renewal Application,KID013,KID013A,KID013B,DMS,SSRS,,
1616,4,Licensed,N,Y,N,Y,Y,Y,N,N,Y,65,7:30 AM - 5:00 PM,7:30 AM - 5:00 PM,7:30 AM - 5:00 PM,7:30 AM - 5:00 PM,7:30 AM - 5:00 PM,No Information Available,No Information Available,40.0,33.0,40.0,33.0,40.0,33.0,36.0,27.0,36.0,27.0,,,,,,,,,,county_1,,,,,,,,,Investigation,,,,,Renewal Application,KID013,KID013A,KID013B,,SSRS,,
1440,1,Certified,N,N,N,N,N,Y,N,N,,6,6:00 AM - 6:00 PM,6:00 AM - 6:00 PM,6:00 AM - 6:00 PM,6:00 AM - 6:00 PM,6:00 AM - 6:00 PM,No Information Available,No Information Available,36.0,31.0,34.0,30.0,32.0,28.0,34.0,31.0,32.0,31.0,32.0,28.0,28.0,26.0,28.0,26.0,25.0,26.0,,county_21,Annual Inspection,,,,,,,,,,,,,Renewal Application,KID013,KID013A,KID013B,DMS,SSRS,,
1388,3,Certified,N,N,N,N,N,Y,N,N,,6,6:00 AM - 6:00 AM,6:00 AM - 6:00 AM,6:00 AM - 6:00 AM,6:00 AM - 6:00 AM,6:00 AM - 6:00 AM,other,No Information Available,38.0,31.0,36.0,31.0,36.0,31.0,34.0,29.0,34.0,29.0,34.0,29.0,28.0,26.0,28.0,26.0,28.0,26.0,,county_21,Annual Inspection,Change of Hours,,,Change of Service,,Follow-up,,Investigation,,,,,Renewal Application,KID013,KID013A,KID013B,DMS,SSRS,,
1759,1,Licensed,N,Y,Y,Y,Y,Y,N,N,Y,125,6:30 AM - 6:00 PM,6:30 AM - 6:00 PM,6:30 AM - 6:00 PM,6:30 AM - 6:00 PM,6:30 AM - 6:00 PM,No Information Available,No Information Available,42.0,,42.0,,40.0,,39.0,,39.0,,,,,,,,,,,county_1,,Change of Hours,,,Change of Service,,Follow-up,,Investigation,,Monitoring (DPOC),,,Renewal Application,KID013,KID013A,KID013B,,SSRS,,
842,3,Licensed,Y,N,Y,Y,N,Y,N,N,Y,100,7:00 AM - 6:00 PM,7:00 AM - 6:00 PM,7:00 AM - 6:00 PM,7:00 AM - 6:00 PM,7:00 AM - 6:00 PM,No Information Available,No Information Available,,,,,,,,,35.0,16.6,35.0,16.6,,,35.0,16.6,35.0,16.6,,county_21,,,,,,,,,Investigation,,,,,Renewal Application,KID013,KID013A,KID013B,,SSRS,,
998,1,Licensed,N,Y,Y,Y,Y,Y,N,N,Y,93,6:00 AM - 9:00 PM,6:00 AM - 9:00 PM,6:00 AM - 9:00 PM,6:00 AM - 9:00 PM,6:00 AM - 9:00 PM,No Information Available,No Information Available,47.0,43.0,47.0,43.0,47.0,43.0,41.0,34.0,41.0,34.0,41.0,34.0,37.0,32.0,37.0,32.0,37.0,32.0,,county_21,,,,,,,,,Investigation,,,,,Renewal Application,KID013,KID013A,KID013B,,SSRS,,
373,2,Licensed,N,Y,Y,Y,Y,Y,N,N,Y,30,6:00 AM - 6:00 PM,6:00 AM - 6:00 PM,6:00 AM - 6:00 PM,6:00 AM - 6:00 PM,6:00 AM - 6:00 PM,No Information Available,No Information Available,33.0,35.0,30.0,35.0,29.0,35.0,29.0,35.0,27.0,25.0,27.0,25.0,25.0,35.0,25.0,35.0,,,,county_21,,,,,,Change of Space/Change in Capacity,Follow-up,,Investigation,Monitoring,Monitoring (DPOC),,,Renewal Application,KID013,KID013A,KID013B,DMS,SSRS,,
931,1,Certified,N,N,N,N,N,Y,N,N,,6,6:00 AM - 10:00 PM,6:00 AM - 10:00 PM,6:00 AM - 10:00 PM,6:00 AM - 10:00 PM,6:00 AM - 10:00 PM,No Information Available,No Information Available,46.0,43.0,46.0,43.0,46.0,43.0,46.0,43.0,46.0,40.0,46.0,40.0,43.0,38.0,43.0,38.0,40.0,38.0,,county_21,Annual Inspection,,,,,,,,Investigation,,,,,Renewal Application,KID013,KID013A,KID013B,DMS,SSRS,,
956,3,Licensed,Y,Y,Y,Y,Y,Y,N,N,Y,186,6:00 AM - 6:00 PM,6:00 AM - 6:00 PM,6:00 AM - 6:00 PM,6:00 AM - 6:00 PM,6:00 AM - 6:00 PM,No Information Available,No Information Available,48.0,,48.0,,48.0,,46.0,,46.0,,46.0,,35.0,23.0,35.0,23.0,35.0,23.0,,county_1,,,Change of Location,,,Change of Space/Change in Capacity,Follow-up,,Investigation,,Monitoring (DPOC),,,Renewal Application,KID013,KID013A,KID013B,,SSRS,,
1031,3,Licensed,Y,N,Y,Y,N,Y,N,N,Y,99,7:00 AM - 6:00 PM,7:00 AM - 6:00 PM,7:00 AM - 6:00 PM,7:00 AM - 6:00 PM,7:00 AM - 6:00 PM,No Information Available,No Information Available,,,,,,,,,35.0,18.2,35.0,18.2,,,35.0,18.2,35.0,18.2,,county_21,,,,,,,,,Investigation,,,,,Renewal Application,KID013,KID013A,KID013B,DMS,SSRS,,
47,3,Licensed,Y,Y,Y,Y,N,Y,N,N,Y,206,6:30 AM - 6:00 PM,6:30 AM - 6:00 PM,6:30 AM - 6:00 PM,6:30 AM - 6:00 PM,6:30 AM - 6:00 PM,No Information Available,No Information Available,,,,,45.57,22.35,43.65,21.08,43.65,21.08,43.65,21.08,39.29,15.87,39.29,15.87,,,,county_21,,,,,Change of Service,Change of Space/Change in Capacity,,,Investigation,,,,,Renewal Application,KID013,KID013A,KID013B,,SSRS,,
1659,1,Licensed,N,Y,Y,Y,Y,Y,N,N,Y,50,other,other,other,other,other,other,No Information Available,47.0,43.0,47.0,43.0,47.0,43.0,41.0,34.0,41.0,34.0,41.0,34.0,37.0,32.0,37.0,32.0,37.0,32.0,,county_21,,,,,,,Follow-up,,Investigation,,,,,Renewal Application,KID013,KID013A,KID013B,DMS,SSRS,,
831,2,Licensed,N,Y,N,Y,Y,Y,N,N,Y,73,6:30 AM - 5:30 PM,6:30 AM - 5:30 PM,6:30 AM - 5:30 PM,6:30 AM - 5:30 PM,6:30 AM - 5:30 PM,No Information Available,No Information Available,42.0,42.0,42.0,42.0,42.0,42.0,40.0,40.0,40.0,40.0,40.0,40.0,,,,,,,,county_1,,,,,Change of Service,Change of Space/Change in Capacity,,,Investigation,,Monitoring (DPOC),,,Renewal Application,KID013,KID013A,KID013B,,SSRS,,
593,3,Licensed,N,Y,Y,Y,Y,Y,N,N,Y,103,6:00 AM - 6:00 PM,6:00 AM - 6:00 PM,6:00 AM - 6:00 PM,6:00 AM - 6:00 PM,6:00 AM - 6:00 PM,No Information Available,No Information Available,48.0,43.0,48.0,43.0,48.0,43.0,45.0,34.0,45.0,34.0,45.0,34.0,40.0,34.0,40.0,34.0,40.0,34.0,,county_21,,,,,,Change of Space/Change in Capacity,Follow-up,,Investigation,,,,,Renewal Application,KID013,KID013A,KID013B,,SSRS,,
910,3,Licensed,N,Y,Y,Y,Y,Y,N,N,Y,98,6:00 AM - 6:00 PM,6:00 AM - 6:00 PM,6:00 AM - 6:00 PM,6:00 AM - 6:00 PM,6:00 AM - 6:00 PM,No Information Available,No Information Available,48.0,43.0,48.0,43.0,48.0,43.0,45.0,34.0,45.0,34.0,45.0,34.0,40.0,34.0,40.0,34.0,40.0,34.0,,county_21,,,Change of Location,,,Change of Space/Change in Capacity,Follow-up,,Investigation,,Monitoring (DPOC),,,Renewal Application,KID013,KID013A,KID013B,,SSRS,,
1289,1,Licensed,N,Y,Y,Y,Y,Y,N,N,N,12,5:30 AM - 5:30 PM,5:30 AM - 5:30 PM,5:30 AM - 5:30 PM,5:30 AM - 5:30 PM,5:30 AM - 5:30 PM,No Information Available,No Information Available,,,35.0,25.0,35.0,25.0,35.0,25.0,35.0,25.0,35.0,25.0,35.0,25.0,35.0,25.0,35.0,25.0,,county_1,,,,,,,Follow-up,,Investigation,,,,,Renewal Application,KID013,KID013A,KID013B,,SSRS,,
927,1,Licensed,N,Y,Y,Y,Y,Y,N,,Y,49,6:00 AM - 6:00 PM,6:00 AM - 6:00 PM,6:00 AM - 6:00 PM,6:00 AM - 6:00 PM,6:00 AM - 6:00 PM,No Information Available,No Information Available,35.0,,35.0,,35.0,,35.0,,35.0,,35.0,,35.0,,35.0,,35.0,,,county_21,,,,,,,Follow-up,,Investigation,,Monitoring (DPOC),,,Renewal Application,KID013,KID013A,KID013B,DMS,SSRS,,
1806,3,Licensed,N,Y,Y,Y,Y,Y,N,N,Y,135,6:00 AM - 6:00 PM,6:00 AM - 6:00 PM,6:00 AM - 6:00 PM,6:00 AM - 6:00 PM,6:00 AM - 6:00 PM,No Information Available,No Information Available,48.0,43.0,48.0,43.0,48.0,43.0,45.0,34.0,45.0,34.0,45.0,34.0,40.0,34.0,40.0,34.0,40.0,34.0,,county_21,,,,,,Change of Space/Change in Capacity,Follow-up,,Investigation,,,,,Renewal Application,KID013,KID013A,KID013B,,SSRS,,
1112,5,Licensed,N,Y,Y,Y,N,Y,N,Y,N,49,other,other,other,other,No Information Available,No Information Available,No Information Available,,,,,,37.0,,51.0,,51.0,,51.0,,51.0,,,,,,county_21,,,,,Change of Service,Change of Space/Change in Capacity,Follow-up,,,,,,,Renewal Application,KID013,KID013A,KID013B,DMS,SSRS,,
698,1,Licensed,N,Y,Y,Y,Y,Y,N,N,Y,77,5:00 AM - 6:00 PM,5:00 AM - 6:00 PM,5:00 AM - 6:00 PM,5:00 AM - 6:00 PM,5:00 AM - 6:00 PM,No Information Available,No Information Available,40.0,33.0,40.0,33.0,40.0,33.0,40.0,33.0,40.0,33.0,40.0,33.0,40.0,33.0,40.0,33.0,40.0,33.0,,county_21,,,,,,,Follow-up,,Investigation,,,,,Renewal Application,KID013,KID013A,KID013B,,SSRS,,
1468,3,Licensed,Y,N,Y,Y,N,Y,N,N,Y,153,7:00 AM - 6:00 PM,7:00 AM - 6:00 PM,7:00 AM - 6:00 PM,7:00 AM - 6:00 PM,7:00 AM - 6:00 PM,No Information Available,No Information Available,,,,,,,,,35.0,18.2,35.0,18.2,,,35.0,18.2,35.0,18.2,,county_21,,,,,Change of Service,Change of Space/Change in Capacity,,,Investigation,,,,,Renewal Application,KID013,KID013A,KID013B,,SSRS,,
1873,3,Licensed,N,Y,Y,Y,Y,Y,N,N,Y,189,6:00 AM - 7:00 PM,6:00 AM - 7:00 PM,6:00 AM - 7:00 PM,6:00 AM - 7:00 PM,6:00 AM - 7:00 PM,No Information Available,No Information Available,48.0,43.0,48.0,43.0,48.0,43.0,45.0,34.0,45.0,34.0,45.0,34.0,40.0,34.0,40.0,34.0,40.0,34.0,,county_21,,,,,,Change of Space/Change in Capacity,Follow-up,,Investigation,,,,,Renewal Application,KID013,KID013A,KID013B,,SSRS,,
669,3,Licensed,Y,N,Y,Y,N,Y,N,N,Y,58,7:00 AM - 6:00 PM,7:00 AM - 6:00 PM,7:00 AM - 6:00 PM,7:00 AM - 6:00 PM,7:00 AM - 6:00 PM,No Information Available,No Information Available,,,,,,,38.0,,38.0,,38.0,,38.0,,38.0,,38.0,,,county_21,,,,,Change of Service,Change of Space/Change in Capacity,,,Investigation,,,,,Renewal Application,KID013,KID013A,KID013B,,SSRS,,
662,1,Licensed,N,Y,Y,Y,Y,Y,N,N,Y,159,7:00 AM - 6:00 PM,7:00 AM - 6:00 PM,7:00 AM - 6:00 PM,7:00 AM - 6:00 PM,7:00 AM - 6:00 PM,No Information Available,No Information Available,50.0,50.0,50.0,50.0,50.0,50.0,44.0,44.0,44.0,44.0,44.0,44.0,20.0,20.0,20.0,20.0,20.0,20.0,,county_21,,,,,,Change of Space/Change in Capacity,Follow-up,,Investigation,,,,,Renewal Application,KID013,KID013A,KID013B,DMS,SSRS,,
336,5,Licensed,Y,Y,Y,Y,Y,Y,N,N,Y,32,6:00 AM - 11:30 PM,6:00 AM - 11:30 PM,6:00 AM - 11:30 PM,6:00 AM - 11:30 PM,6:00 AM - 11:30 PM,No Information Available,No Information Available,50.0,45.0,50.0,45.0,50.0,45.0,41.0,35.0,41.0,35.0,37.0,32.0,37.0,32.0,37.0,32.0,37.0,32.0,,county_21,,,,,,,,,Investigation,,,,,Renewal Application,KID013,KID013A,KID013B,,SSRS,,
787,1,Licensed,N,Y,Y,Y,Y,Y,N,N,Y,92,other,other,other,other,other,No Information Available,No Information Available,47.0,50.0,47.0,50.0,47.0,50.0,41.0,50.0,41.0,50.0,41.0,50.0,37.0,32.0,37.0,32.0,37.0,32.0,,county_21,,,,,,Change of Space/Change in Capacity,Follow-up,,Investigation,,,,,Renewal Application,KID013,KID013A,KID013B,,SSRS,,
1911,1,Licensed,N,Y,N,Y,Y,Y,N,,N,70,7:00 AM - 6:00 PM,7:00 AM - 6:00 PM,7:00 AM - 6:00 PM,7:00 AM - 6:00 PM,7:00 AM - 6:00 PM,No Information Available,No Information Available,61.0,,59.0,,54.4,,49.2,,49.2,,49.2,,,,,,,,,county_21,,,,,,,,,Investigation,,,,,Renewal Application,KID013,KID013A,KID013B,,SSRS,,
1109,2,Licensed,N,Y,Y,Y,Y,Y,N,N,Y,34,other,other,other,other,other,other,No Information Available,90.0,55.0,70.0,55.0,70.0,55.0,70.0,50.0,70.0,50.0,70.0,50.0,45.0,40.0,45.0,40.0,45.0,40.0,,county_21,,,Change of Location,,Change of Service,Change of Space/Change in Capacity,Follow-up,,Investigation,Monitoring,Monitoring (DPOC),,,Renewal Application,KID013,KID013A,KID013B,DMS,SSRS,,
1630,3,Licensed,N,Y,Y,Y,Y,Y,N,N,Y,84,6:00 AM - 12:00 AM,6:00 AM - 12:00 AM,6:00 AM - 12:00 AM,6:00 AM - 12:00 AM,6:00 AM - 12:00 AM,No Information Available,No Information Available,47.0,43.0,47.0,43.0,44.0,40.0,44.0,40.0,41.0,34.0,41.0,34.0,37.0,32.0,37.0,32.0,,,,county_21,,,,,,Change of Space/Change in Capacity,Follow-up,,Investigation,,,,,Renewal Application,KID013,KID013A,KID013B,DMS,SSRS,,
801,3,Licensed,N,Y,Y,Y,Y,Y,N,,Y,130,6:30 AM - 6:00 PM,6:30 AM - 6:00 PM,6:30 AM - 6:00 PM,6:30 AM - 6:00 PM,6:30 AM - 6:00 PM,No Information Available,No Information Available,60.0,,65.6,,62.6,,60.0,,60.0,,60.0,,,,,,,,,county_21,,,,Change of Ownership,,,Follow-up,,Investigation,,,,,Renewal Application,KID013,KID013A,KID013B,DMS,SSRS,,
934,3,Licensed,Y,Y,Y,Y,Y,Y,N,,Y,178,7:00 AM - 5:30 PM,7:00 AM - 5:30 PM,7:00 AM - 5:30 PM,7:00 AM - 5:30 PM,7:00 AM - 5:30 PM,No Information Available,No Information Available,63.4,,61.8,,58.6,,56.4,,56.2,,42.0,24.0,42.0,24.0,42.0,24.0,,,,county_21,,,,,,Change of Space/Change in Capacity,,Initial Application,Investigation,,,,,Renewal Application,KID013,KID013A,KID013B,DMS,SSRS,,
112,1,Certified,N,N,N,N,N,Y,N,,,6,other,other,other,other,other,No Information Available,No Information Available,40.0,35.0,40.0,35.0,40.0,35.0,38.0,33.0,38.0,33.0,38.0,33.0,32.0,28.0,32.0,28.0,32.0,28.0,,county_21,Annual Inspection,,,,,,,Initial Application,,,,,,Renewal Application,KID013,KID013A,KID013B,DMS,SSRS,,
738,1,Licensed,Y,Y,Y,Y,Y,Y,N,,Y,68,6:30 AM - 5:30 PM,6:30 AM - 5:30 PM,6:30 AM - 5:30 PM,6:30 AM - 5:30 PM,6:30 AM - 5:30 PM,No Information Available,No Information Available,51.0,51.0,51.0,51.0,51.0,47.0,49.0,47.0,49.0,47.0,49.0,47.0,47.0,45.0,47.0,45.0,47.0,45.0,,county_21,,,,,,,Follow-up,Initial Application,Investigation,,,,,Renewal Application,KID013,KID013A,KID013B,DMS,SSRS,,
1021,1,Licensed,N,Y,Y,Y,Y,Y,N,,Y,78,7:00 AM - 6:00 PM,7:00 AM - 6:00 PM,7:00 AM - 6:00 PM,7:00 AM - 6:00 PM,7:00 AM - 6:00 PM,No Information Available,No Information Available,53.0,,52.0,,50.0,,48.4,,48.0,,48.0,,48.0,,48.0,,48.0,,,county_21,,,Change of Location,Change of Ownership,Change of Service,Change of Space/Change in Capacity,,,Investigation,,Monitoring (DPOC),,,Renewal Application,KID013,KID013A,KID013B,DMS,SSRS,,
1820,1,Licensed,N,Y,Y,Y,Y,Y,N,,Y,27,other,other,other,other,other,No Information Available,No Information Available,47.0,43.0,47.0,43.0,47.0,43.0,47.0,34.0,41.0,34.0,41.0,34.0,37.0,32.0,37.0,32.0,37.0,32.0,,county_21,,,,,Change of Service,,Follow-up,Initial Application,Investigation,,,,,Renewal Application,KID013,KID013A,KID013B,DMS,SSRS,,
1698,3,Licensed,Y,Y,N,Y,Y,Y,N,,Y,80,6:30 AM - 5:30 PM,6:30 AM - 5:30 PM,6:30 AM - 5:30 PM,6:30 AM - 5:30 PM,6:30 AM - 5:30 PM,No Information Available,No Information Available,53.0,53.0,53.0,53.0,47.0,47.0,47.0,47.0,47.0,47.0,47.0,47.0,47.0,47.0,47.0,47.0,,,,county_21,,,Change of Location,,Change of Service,,Follow-up,Initial Application,Investigation,,,,,Renewal Application,KID013,KID013A,KID013B,DMS,SSRS,,
725,3,Licensed,Y,Y,Y,Y,Y,Y,N,,Y,97,6:00 AM - 5:30 PM,6:00 AM - 5:30 PM,6:00 AM - 5:30 PM,6:00 AM - 5:30 PM,6:00 AM - 5:30 PM,No Information Available,No Information Available,47.0,43.0,47.0,43.0,47.0,43.0,41.0,34.0,41.0,34.0,41.0,34.0,37.0,32.0,37.0,32.0,37.0,32.0,,county_21,,,Change of Location,,Change of Service,Change of Space/Change in Capacity,Follow-up,Initial Application,Investigation,,,,,Renewal Application,KID013,KID013A,KID013B,DMS,SSRS,,
56,3,Licensed,N,Y,Y,Y,Y,Y,N,,Y,171,other,other,other,other,other,No Information Available,No Information Available,48.0,43.0,48.0,43.0,48.0,43.0,45.0,34.0,45.0,34.0,45.0,34.0,40.0,34.0,40.0,34.0,40.0,34.0,,county_21,,,,Change of Ownership,,Change of Space/Change in Capacity,,,Investigation,,,,,Renewal Application,KID013,KID013A,KID013B,,SSRS,,
108,1,Licensed,N,Y,Y,Y,Y,Y,N,,Y,60,other,other,other,other,other,No Information Available,No Information Available,47.0,43.0,47.0,43.0,41.0,34.0,41.0,34.0,41.0,32.0,37.0,32.0,37.0,32.0,37.0,,,,,county_21,Annual Inspection,Change of Hours,Change of Location,,,,Follow-up,Initial Application,Investigation,,,,,Renewal Application,KID013,KID013A,KID013B,DMS,SSRS,,
928,3,Licensed,Y,Y,Y,Y,Y,Y,N,,Y,71,6:00 AM - 12:00 AM,6:00 AM - 12:00 AM,6:00 AM - 12:00 AM,6:00 AM - 12:00 AM,6:00 AM - 12:00 AM,No Information Available,No Information Available,47.0,43.0,47.0,43.0,47.0,43.0,41.0,34.0,41.0,34.0,41.0,34.0,37.0,32.0,37.0,32.0,37.0,32.0,,county_21,,,Change of Location,,Change of Service,,Follow-up,Initial Application,Investigation,,,,,Renewal Application,KID013,KID013A,KID013B,DMS,SSRS,,
981,1,Licensed,Y,Y,Y,Y,Y,Y,N,,Y,36,other,other,other,other,other,other,other,52.0,48.0,52.0,48.0,52.0,48.0,46.0,39.0,46.0,39.0,46.0,39.0,42.0,37.0,42.0,37.0,42.0,37.0,,county_21,,,,,Change of Service,,Follow-up,Initial Application,Investigation,Monitoring,Monitoring (DPOC),,,Renewal Application,KID013,KID013A,KID013B,,SSRS,,
1371,1,Licensed,N,N,Y,Y,N,Y,N,,Y,60,7:15 AM - 6:00 PM,7:15 AM - 6:00 PM,7:15 AM - 6:00 PM,7:15 AM - 6:00 PM,7:15 AM - 6:00 PM,No Information Available,No Information Available,,,,,,,30.45,22.05,30.45,22.05,30.45,22.05,15.48,10.8,15.48,10.8,15.48,10.8,,county_21,,,,,Change of Service,Change of Space/Change in Capacity,,Initial Application,Investigation,,,,Post-Preliminary Inspection,Renewal Application,KID013,KID013A,KID013B,,SSRS,,
1766,1,Licensed,N,Y,Y,Y,Y,Y,N,,Y,30,other,other,other,other,other,No Information Available,No Information Available,47.0,43.0,47.0,43.0,47.0,43.0,41.0,34.0,41.0,34.0,41.0,34.0,37.0,32.0,37.0,32.0,37.0,32.0,,county_21,,,Change of Location,,,,Follow-up,Initial Application,Investigation,,,,Post-Preliminary Inspection,Renewal Application,KID013,KID013A,KID013B,DMS,SSRS,,
121,3,Licensed,Y,Y,Y,Y,Y,Y,Y,,Y,210,6:00 AM - 6:00 PM,6:00 AM - 6:00 PM,6:00 AM - 6:00 PM,6:00 AM - 6:00 PM,6:00 AM - 6:00 PM,No Information Available,No Information Available,40.0,40.0,40.0,40.0,40.0,40.0,36.0,35.0,36.0,35.0,37.0,30.0,37.0,30.0,37.0,30.0,,,On-going | On-going,county_1,,,,Change of Ownership,,,Follow-up,,Investigation,,Monitoring (DPOC),,Post-Preliminary Inspection,Renewal Application,KID013,KID013A,KID013B,,SSRS,Adverse Action,Directed Plan of Correction
1491,1,Certified,N,N,N,N,N,Y,N,,,6,6:00 AM - 6:00 PM,6:00 AM - 6:00 PM,6:00 AM - 6:00 PM,6:00 AM - 6:00 PM,6:00 AM - 6:00 PM,No Information Available,No Information Available,36.0,31.0,36.0,31.0,36.0,31.0,34.0,31.0,34.0,31.0,34.0,31.0,28.0,26.0,28.0,26.0,28.0,26.0,,county_21,Annual Inspection,,,,,,Follow-up,Initial Application,Investigation,,,,,Renewal Application,KID013,KID013A,KID013B,DMS,SSRS,,
1792,1,Licensed,N,Y,Y,Y,Y,Y,N,,Y,49,6:00 AM - 6:00 PM,6:00 AM - 6:00 PM,6:00 AM - 6:00 PM,6:00 AM - 6:00 PM,6:00 AM - 6:00 PM,No Information Available,No Information Available,53.0,30.0,53.0,30.0,53.0,30.0,41.0,35.0,41.0,35.0,41.0,35.0,34.0,28.0,34.0,28.0,,,,county_21,,,Change of Location,,,,Follow-up,Initial Application,Investigation,,Monitoring (DPOC),,Post-Preliminary Inspection,Renewal Application,KID013,KID013A,KID013B,DMS,SSRS,,
1654,3,Licensed,Y,N,Y,Y,N,Y,N,,Y,120,6:30 AM - 6:00 PM,6:30 AM - 6:00 PM,6:30 AM - 6:00 PM,6:30 AM - 6:00 PM,6:30 AM - 6:00 PM,No Information Available,No Information Available,,,,,,,,,35.0,16.6,35.0,16.6,,,35.0,16.6,35.0,16.6,,county_21,,,,,Change of Service,Change of Space/Change in Capacity,,Initial Application,,,,,Post-Preliminary Inspection,Renewal Application,KID013,KID013A,KID013B,,SSRS,,
896,1,Licensed,N,Y,Y,Y,Y,Y,N,,Y,35,6:00 AM - 6:00 PM,6:00 AM - 6:00 PM,6:00 AM - 6:00 PM,6:00 AM - 6:00 PM,6:00 AM - 6:00 PM,No Information Available,No Information Available,50.0,35.0,50.0,35.0,50.0,35.0,40.0,30.0,40.0,30.0,40.0,30.0,30.0,25.0,30.0,25.0,30.0,25.0,,county_21,,,,,,,Follow-up,Initial Application,Investigation,,Monitoring (DPOC),,Post-Preliminary Inspection,Renewal Application,KID013,KID013A,KID013B,DMS,SSRS,,
1688,1,Licensed,Y,Y,Y,Y,Y,Y,N,,Y,44,other,other,other,other,other,other,other,47.0,43.0,47.0,43.0,47.0,43.0,41.0,34.0,41.0,34.0,41.0,34.0,37.0,32.0,37.0,32.0,37.0,32.0,,county_21,,,Change of Location,,Change of Service,Change of Space/Change in Capacity,Follow-up,Initial Application,Investigation,,Monitoring (DPOC),,Post-Preliminary Inspection,Renewal Application,KID013,KID013A,KID013B,DMS,SSRS,,
1768,1,Certified,N,N,N,N,N,Y,N,,,6,other,other,other,other,other,No Information Available,No Information Available,40.0,,39.0,30.0,38.0,30.0,38.0,31.0,38.0,31.0,38.0,31.0,38.0,,38.0,,,,,county_21,Annual Inspection,,,,,,,Initial Application,,,,,,Renewal Application,KID013,KID013A,KID013B,DMS,,,
1114,1,Licensed,N,Y,Y,Y,Y,Y,N,,N,41,8:00 AM - 5:00 PM,8:00 AM - 5:00 PM,8:00 AM - 5:00 PM,8:00 AM - 5:00 PM,8:00 AM - 5:00 PM,No Information Available,No Information Available,40.0,50.0,40.0,50.0,40.0,50.0,36.0,45.0,36.0,45.0,36.0,45.0,8.0,10.0,,,,,,county_21,,,,,Change of Service,Change of Space/Change in Capacity,,Initial Application,Investigation,,,,Post-Preliminary Inspection,Renewal Application,KID013,KID013A,KID013B,,SSRS,,
1271,1,Licensed,Y,Y,Y,Y,Y,Y,N,,Y,147,6:00 AM - 6:00 PM,6:00 AM - 6:00 PM,6:00 AM - 6:00 PM,6:00 AM - 6:00 PM,6:00 AM - 6:00 PM,No Information Available,No Information Available,50.0,,50.0,,48.0,,44.0,,44.0,,44.0,,44.0,22.0,44.0,22.0,44.0,22.0,,county_21,,,,,,Change of Space/Change in Capacity,,Initial Application,Investigation,,Monitoring (DPOC),,Post-Preliminary Inspection,Renewal Application,KID013,KID013A,KID013B,,SSRS,,
648,5,Licensed,Y,N,N,Y,N,,N,,N,20,other,other,other,other,No Information Available,No Information Available,No Information Available,,,,,,,,,,,,,,,,,,,,county_1,,,,,,,,Initial Application,,,,,Post-Preliminary Inspection,Renewal Application,,KID013A,KID013B,,SSRS,,
286,5,Licensed,Y,N,N,Y,N,,N,,N,20,other,other,other,other,No Information Available,No Information Available,No Information Available,,,,,,,,,,,,,,,,,,,,county_1,,,,,,,,Initial Application,Investigation,,,,Post-Preliminary Inspection,Renewal Application,,KID013A,KID013B,,SSRS,,
797,1,Licensed,Y,Y,Y,Y,Y,Y,N,,Y,40,6:00 AM - 12:00 AM,6:00 AM - 12:00 AM,6:00 AM - 12:00 AM,6:00 AM - 12:00 AM,6:00 AM - 12:00 AM,No Information Available,No Information Available,47.0,43.0,47.0,43.0,47.0,43.0,41.0,34.0,41.0,34.0,41.0,34.0,37.0,32.0,37.0,32.0,37.0,32.0,,county_21,,,,,Change of Service,Change of Space/Change in Capacity,Follow-up,Initial Application,Investigation,,,,Post-Preliminary Inspection,Renewal Application,,KID013A,KID013B,,SSRS,,
1166,1,Certified,N,N,N,N,N,Y,N,,,6,other,other,other,other,other,other,other,22.0,18.0,22.0,18.0,22.0,18.0,20.0,16.0,20.0,16.0,20.0,16.0,19.0,14.0,19.0,14.0,,,,county_21,Annual Inspection,,Change of Location,,,,,Initial Application,,,,,,Renewal Application,,KID013A,KID013B,DMS,SSRS,,
392,3,Licensed,Y,Y,Y,Y,Y,Y,N,,Y,60,other,other,other,other,other,other,No Information Available,47.0,,47.0,,47.0,,41.0,,41.0,,37.0,,37.0,32.0,37.0,32.0,37.0,32.0,,county_21,,Change of Hours,,,Change of Service,Change of Space/Change in Capacity,,Initial Application,Investigation,,,,Post-Preliminary Inspection,Renewal Application,,KID013A,KID013B,,SSRS,,
1159,1,Certified,N,N,N,N,N,Y,N,,,6,7:30 AM - 5:30 PM,7:30 AM - 5:30 PM,7:30 AM - 5:30 PM,7:30 AM - 5:30 PM,7:30 AM - 5:30 PM,No Information Available,No Information Available,36.0,36.0,36.0,36.0,36.0,36.0,36.0,36.0,,,,,,,,,,,,county_21,Annual Inspection,,,,,,Follow-up,Initial Application,Investigation,,,,,Renewal Application,,KID013A,KID013B,DMS,SSRS,,
1485,1,Certified,N,N,N,N,N,Y,N,,,6,5:00 AM - 6:00 PM,5:00 AM - 6:00 PM,5:00 AM - 6:00 PM,5:00 AM - 6:00 PM,5:00 AM - 6:00 PM,No Information Available,No Information Available,35.0,22.0,32.0,20.0,30.0,18.0,25.0,12.0,25.0,12.0,25.0,12.0,25.0,12.0,25.0,12.0,25.0,12.0,,county_21,Annual Inspection,,,,,,Follow-up,Initial Application,,,,,,Renewal Application,,KID013A,KID013B,DMS,SSRS,,
986,1,Licensed,Y,Y,Y,Y,Y,Y,N,,Y,43,other,other,other,other,other,other,other,47.0,43.0,47.0,43.0,47.0,43.0,41.0,32.0,41.0,32.0,40.0,32.0,38.0,32.0,38.0,32.0,38.0,32.0,,county_21,,,,,,,Follow-up,Initial Application,,,,,Post-Preliminary Inspection,Renewal Application,,KID013A,KID013B,,SSRS,,
1152,1,Licensed,N,Y,Y,Y,Y,Y,N,,N,90,6:00 AM - 6:00 PM,6:00 AM - 6:00 PM,6:00 AM - 6:00 PM,6:00 AM - 6:00 PM,6:00 AM - 6:00 PM,No Information Available,No Information Available,44.0,44.0,44.0,44.0,44.0,44.0,42.0,42.0,42.0,42.0,42.0,42.0,40.0,40.0,40.0,40.0,40.0,40.0,,county_21,,,,Change of Ownership,,,,,Investigation,,Monitoring (DPOC),,Post-Preliminary Inspection,Renewal Application,,KID013A,KID013B,,SSRS,,
1020,1,Certified,N,N,N,N,N,Y,N,,,6,6:00 AM - 6:00 PM,6:00 AM - 6:00 PM,6:00 AM - 6:00 PM,6:00 AM - 6:00 PM,6:00 AM - 6:00 PM,No Information Available,No Information Available,36.0,18.0,34.0,17.0,34.0,17.0,,,,,,,,,,,,,,county_21,Annual Inspection,,Change of Location,,,,Follow-up,Initial Application,,,,,,Renewal Application,,KID013A,KID013B,DMS,SSRS,,
987,1,Licensed,N,Y,Y,Y,Y,Y,N,,Y,59,other,other,other,other,other,other,No Information Available,40.0,25.0,40.0,25.0,35.0,25.0,35.0,25.0,35.0,25.0,30.0,25.0,30.0,25.0,30.0,25.0,,,,county_21,,,,,,,,Initial Application,Investigation,,Monitoring (DPOC),,Post-Preliminary Inspection,Renewal Application,,KID013A,KID013B,,SSRS,,
138,1,Certified,N,N,N,N,N,Y,N,,,6,other,other,other,other,other,No Information Available,No Information Available,30.0,27.0,28.0,26.0,26.0,24.0,21.0,23.0,25.0,23.0,21.0,18.0,23.0,18.0,23.0,18.0,20.0,18.0,,county_21,Annual Inspection,,,,,,,Initial Application,,,,,,Renewal Application,,KID013A,KID013B,DMS,SSRS,,
1453,1,Licensed,Y,N,Y,N,N,Y,N,,N,60,7:00 AM - 6:00 PM,7:00 AM - 6:00 PM,7:00 AM - 6:00 PM,7:00 AM - 6:00 PM,7:00 AM - 6:00 PM,No Information Available,No Information Available,,,,,,,,,,,42.0,31.0,42.0,31.0,42.0,31.0,42.0,31.0,,county_21,,,,,,Change of Space/Change in Capacity,,Initial Application,,Monitoring,Monitoring (DPOC),,Post-Preliminary Inspection,Renewal Application,,KID013A,KID013B,,SSRS,,
1636,1,Licensed,Y,Y,Y,Y,Y,Y,N,,N,62,7:30 AM - 5:30 PM,7:30 AM - 5:30 PM,7:30 AM - 5:30 PM,7:30 AM - 5:30 PM,7:30 AM - 5:30 PM,No Information Available,No Information Available,50.0,45.0,50.0,45.0,50.0,45.0,50.0,45.0,50.0,45.0,50.0,45.0,45.0,40.0,45.0,40.0,,,,county_21,,,,,Change of Service,,,,Investigation,,,,Post-Preliminary Inspection,Renewal Application,,KID013A,KID013B,DMS,SSRS,,
1673,1,Licensed,N,Y,Y,Y,Y,Y,N,,Y,40,other,other,other,other,other,No Information Available,No Information Available,47.0,43.0,47.0,43.0,47.0,43.0,41.0,34.0,41.0,34.0,41.0,34.0,37.0,32.0,37.0,32.0,37.0,32.0,,county_21,,,,,,,,Initial Application,Investigation,,,,Post-Preliminary Inspection,Renewal Application,,KID013A,KID013B,DMS,SSRS,,
61,1,Licensed,N,Y,Y,Y,Y,Y,N,,Y,193,7:30 AM - 5:30 PM,7:30 AM - 5:30 PM,7:30 AM - 5:30 PM,7:30 AM - 5:30 PM,7:30 AM - 5:30 PM,No Information Available,No Information Available,47.0,43.0,47.0,43.0,47.0,43.0,41.0,34.0,41.0,34.0,41.0,34.0,37.0,32.0,37.0,32.0,37.0,32.0,,county_21,,,,,,,,Initial Application,Investigation,,,,Post-Preliminary Inspection,Renewal Application,,KID013A,KID013B,DMS,SSRS,,
201,4,Licensed,N,Y,Y,Y,Y,Y,N,,Y,54,6:00 AM - 6:00 PM,6:00 AM - 6:00 PM,6:00 AM - 6:00 PM,6:00 AM - 6:00 PM,6:00 AM - 6:00 PM,No Information Available,No Information Available,47.0,47.0,47.0,47.0,47.0,47.0,41.0,41.0,41.0,34.0,41.0,34.0,37.0,32.0,37.0,32.0,,,,county_21,,,,,,,,Initial Application,Investigation,,,,Post-Preliminary Inspection,Renewal Application,,KID013A,KID013B,DMS,SSRS,,
168,1,Licensed,N,Y,Y,Y,Y,Y,N,,Y,39,other,other,other,other,other,other,No Information Available,45.0,45.0,45.0,45.0,45.0,45.0,45.0,45.0,45.0,45.0,45.0,45.0,45.0,45.0,45.0,45.0,45.0,45.0,,county_21,,Change of Hours,,Change of Ownership,,,,,Investigation,,Monitoring (DPOC),,Post-Preliminary Inspection,Renewal Application,,KID013A,KID013B,DMS,SSRS,,
861,1,Licensed,N,Y,Y,Y,Y,Y,N,,N,49,other,other,other,other,other,other,No Information Available,50.0,35.0,48.0,35.0,48.0,35.0,45.0,35.0,45.0,35.0,45.0,35.0,43.0,35.0,43.0,35.0,,,,county_21,,Change of Hours,,,,,Follow-up,Initial Application,Investigation,,Monitoring (DPOC),,Post-Preliminary Inspection,Renewal Application,,KID013A,KID013B,DMS,SSRS,,
4,4,Licensed,N,Y,Y,Y,Y,Y,N,Y,Y,39,6:00 AM - 6:00 PM,6:00 AM - 6:00 PM,6:00 AM - 6:00 PM,6:00 AM - 6:00 PM,6:00 AM - 6:00 PM,No Information Available,No Information Available,55.0,45.0,55.0,45.0,55.0,45.0,50.0,40.0,50.0,40.0,50.0,40.0,40.0,35.0,40.0,35.0,40.0,35.0,,county_21,,,Change of Location,Change of Ownership,,,,,Investigation,,Monitoring (DPOC),,Post-Preliminary Inspection,Renewal Application,,KID013A,KID013B,,SSRS,,
544,1,Licensed,N,Y,N,Y,Y,Y,N,,N,58,6:00 AM - 6:00 PM,6:00 AM - 6:00 PM,6:00 AM - 6:00 PM,6:00 AM - 6:00 PM,6:00 AM - 6:00 PM,No Information Available,No Information Available,48.0,,48.0,,48.0,,46.0,,46.0,,46.0,,35.0,23.0,35.0,23.0,35.0,23.0,,county_1,,,,,,,,Initial Application,Investigation,,,,Post-Preliminary Inspection,Renewal Application,,KID013A,KID013B,,SSRS,,
908,1,Licensed,N,Y,Y,Y,N,Y,N,,Y,43,7:00 AM - 4:30 PM,7:30 AM - 4:30 PM,7:30 AM - 4:30 PM,7:30 AM - 4:30 PM,7:30 AM - 4:30 PM,No Information Available,No Information Available,,,47.0,43.0,47.0,43.0,41.0,34.0,41.0,34.0,41.0,34.0,37.0,32.0,37.0,32.0,,,,county_21,,,,,,,,Initial Application,Investigation,,,,Post-Preliminary Inspection,Renewal Application,,KID013A,KID013B,,SSRS,,
720,1,Licensed,Y,N,Y,N,N,Y,N,,Y,17,other,other,other,other,other,No Information Available,No Information Available,,,,,,,,,46.0,39.0,46.0,39.0,42.0,37.0,42.0,37.0,42.0,37.0,,county_21,,,,,Change of Service,,,Initial Application,,,,,Post-Preliminary Inspection,Renewal Application,,KID013A,KID013B,DMS,SSRS,,
889,1,Licensed,N,Y,N,Y,Y,Y,N,,N,175,7:30 AM - 5:00 PM,7:30 AM - 5:00 PM,7:30 AM - 5:00 PM,7:30 AM - 5:00 PM,7:30 AM - 5:00 PM,No Information Available,No Information Available,,,,,,,27.0,19.0,27.0,19.0,,,,,,,,,,county_21,,,,,Change of Service,Change of Space/Change in Capacity,,Initial Application,Investigation,,,,Post-Preliminary Inspection,Renewal Application,,KID013A,KID013B,,SSRS,,
1276,1,Certified,N,N,N,N,N,Y,N,,,6,7:00 AM - 5:00 PM,7:00 AM - 5:00 PM,7:00 AM - 5:00 PM,7:00 AM - 5:00 PM,7:00 AM - 5:00 PM,No Information Available,No Information Available,32.0,32.0,32.0,32.0,32.0,32.0,32.0,32.0,32.0,32.0,32.0,32.0,32.0,32.0,32.0,32.0,32.0,32.0,,county_1,Annual Inspection,,,,,,,Initial Application,,,,,,Renewal Application,,KID013A,KID013B,,SSRS,,
467,1,Licensed,N,Y,Y,Y,Y,Y,N,,Y,126,6:00 AM - 6:00 PM,6:00 AM - 6:00 PM,6:00 AM - 6:00 PM,6:00 AM - 6:00 PM,6:00 AM - 6:00 PM,No Information Available,No Information Available,52.0,,52.0,,50.0,,45.0,,45.0,,45.0,,41.0,33.0,41.0,33.0,,,,county_21,,,,,,,Follow-up,Initial Application,Investigation,,Monitoring (DPOC),,Post-Preliminary Inspection,Renewal Application,,KID013A,KID013B,DMS,SSRS,,
705,1,Certified,N,N,N,N,N,,N,,,6,other,other,other,other,other,other,No Information Available,,,,,,,,,,,,,,,,,,,,county_21,Annual Inspection,,,,,,,Initial Application,,,,,,Renewal Application,,KID013A,KID013B,,SSRS,,
194,1,Licensed,N,N,N,Y,N,Y,N,,N,36,7:30 AM - 5:00 PM,7:30 AM - 5:00 PM,7:30 AM - 5:00 PM,7:30 AM - 5:00 PM,7:30 AM - 5:00 PM,No Information Available,No Information Available,,,,,,,41.0,34.0,41.0,34.0,,,,,,,,,,county_21,,,,,,Change of Space/Change in Capacity,,Initial Application,Investigation,,,,Post-Preliminary Inspection,Renewal Application,,KID013A,KID013B,,SSRS,,
1307,2,Licensed,N,Y,Y,Y,Y,Y,N,,Y,142,6:00 AM - 6:00 PM,6:00 AM - 6:00 PM,6:00 AM - 6:00 PM,6:00 AM - 6:00 PM,6:00 AM - 6:00 PM,No Information Available,No Information Available,,,35.0,,33.0,,32.0,,31.0,,31.0,,31.0,20.0,31.0,20.0,,,,county_1,,,,,Change of Service,Change of Space/Change in Capacity,Follow-up,Initial Application,Investigation,,,,Post-Preliminary Inspection,Renewal Application,,KID013A,KID013B,,SSRS,,
247,1,Licensed,N,Y,N,N,Y,Y,N,,N,45,7:30 AM - 5:00 PM,7:30 AM - 5:00 PM,7:30 AM - 5:00 PM,7:30 AM - 5:00 PM,7:30 AM - 5:00 PM,No Information Available,No Information Available,47.0,30.0,47.0,30.0,47.0,30.0,,,,,,,,,,,,,,county_21,,,,,,,,Initial Application,Investigation,,,,Post-Preliminary Inspection,Renewal Application,,KID013A,KID013B,,SSRS,,
570,3,Licensed,Y,Y,Y,Y,Y,Y,N,,N,97,other,other,other,other,other,other,No Information Available,47.0,,47.0,,47.0,,41.0,,41.0,,37.0,,37.0,32.0,37.0,32.0,37.0,32.0,,county_21,,,,,Change of Service,,,Initial Application,,,,,Post-Preliminary Inspection,Renewal Application,,KID013A,KID013B,,SSRS,,
978,1,Licensed,N,Y,N,Y,Y,Y,N,,N,63,7:30 AM - 5:00 PM,7:30 AM - 5:00 PM,7:30 AM - 5:00 PM,7:30 AM - 5:00 PM,7:30 AM - 5:00 PM,No Information Available,No Information Available,47.0,30.0,47.0,30.0,47.0,30.0,41.0,27.0,41.0,27.0,,,,,,,,,,county_21,,,,,,,,Initial Application,Investigation,,,,Post-Preliminary Inspection,Renewal Application,,KID013A,KID013B,,SSRS,,
664,1,Licensed,Y,Y,Y,Y,Y,Y,N,,N,12,other,other,other,other,other,other,other,50.0,42.0,50.0,42.0,45.0,38.0,45.0,38.0,45.0,38.0,40.0,33.0,40.0,33.0,40.0,33.0,40.0,33.0,,county_21,,,,,Change of Service,Change of Space/Change in Capacity,,Initial Application,Investigation,,,,Post-Preliminary Inspection,Renewal Application,,KID013A,KID013B,,SSRS,,
177,1,Licensed,N,Y,Y,Y,Y,,N,,N,67,other,other,other,other,other,No Information Available,No Information Available,,,,,,,,,,,,,,,,,,,,county_21,,,,,Change of Service,Change of Space/Change in Capacity,,Initial Application,Investigation,,,,Post-Preliminary Inspection,Renewal Application,,KID013A,KID013B,,SSRS,,
1168,1,Licensed,N,Y,Y,Y,Y,Y,N,,Y,34,6:00 AM - 6:00 PM,6:00 AM - 6:00 PM,6:00 AM - 6:00 PM,6:00 AM - 6:00 PM,6:00 AM - 6:00 PM,6:00 AM - 6:00 PM,6:00 AM - 6:00 PM,47.0,43.0,47.0,43.0,47.0,43.0,41.0,34.0,41.0,34.0,41.0,34.0,41.0,34.0,41.0,34.0,41.0,34.0,,county_21,,Change of Hours,,,,,,Initial Application,Investigation,,Monitoring (DPOC),,Post-Preliminary Inspection,Renewal Application,,KID013A,KID013B,,SSRS,,
980,1,Certified,N,N,N,N,N,Y,N,,,6,other,other,other,other,other,other,No Information Available,36.0,31.0,36.0,31.0,36.0,31.0,34.0,31.0,34.0,31.0,34.0,31.0,28.0,26.0,28.0,26.0,28.0,26.0,,county_21,Annual Inspection,,,,,,,Initial Application,,,,,,Renewal Application,,KID013A,KID013B,,SSRS,,
829,1,Licensed,N,Y,Y,Y,Y,Y,N,,N,49,5:30 AM - 5:00 PM,5:30 AM - 5:00 PM,5:30 AM - 5:00 PM,5:30 AM - 5:00 PM,5:30 AM - 5:00 PM,No Information Available,No Information Available,75.0,50.0,75.0,50.0,75.0,50.0,75.0,50.0,75.0,50.0,75.0,50.0,75.0,50.0,75.0,50.0,,,,county_21,,,,,,,,Initial Application,,,,,Post-Preliminary Inspection,Renewal Application,,KID013A,KID013B,,SSRS,,
891,1,Licensed,N,Y,N,Y,Y,Y,N,,N,32,6:00 AM - 6:00 PM,6:00 AM - 6:00 PM,6:00 AM - 6:00 PM,6:00 AM - 6:00 PM,6:00 AM - 6:00 PM,No Information Available,No Information Available,50.0,50.0,50.0,50.0,46.0,46.0,42.0,42.0,42.0,42.0,42.0,42.0,,,,,,,,county_21,,,,,Change of Service,Change of Space/Change in Capacity,,Initial Application,Investigation,,,,Post-Preliminary Inspection,Renewal Application,,KID013A,KID013B,,SSRS,,
1839,1,Certified,N,N,N,N,N,Y,N,,,6,7:00 AM - 6:00 PM,7:00 AM - 6:00 PM,7:00 AM - 6:00 PM,7:00 AM - 6:00 PM,7:00 AM - 6:00 PM,No Information Available,No Information Available,65.0,60.0,65.0,60.0,60.0,60.0,55.0,50.0,55.0,50.0,55.0,50.0,40.0,40.0,40.0,40.0,40.0,40.0,,county_21,Annual Inspection,Change of Hours,,,,,,Initial Application,,,,,,Renewal Application,,KID013A,KID013B,,SSRS,,
1458,1,Licensed,N,Y,Y,Y,Y,Y,N,,N,58,6:00 AM - 6:00 AM,6:00 AM - 6:00 AM,6:00 AM - 6:00 AM,6:00 AM - 6:00 AM,6:00 AM - 6:00 AM,No Information Available,No Information Available,47.0,43.0,47.0,43.0,47.0,43.0,41.0,34.0,41.0,34.0,41.0,34.0,37.0,33.0,37.0,33.0,37.0,33.0,,county_21,,,,,,Change of Space/Change in Capacity,Follow-up,Initial Application,Investigation,,,,Post-Preliminary Inspection,Renewal Application,,KID013A,KID013B,,SSRS,,
487,1,Licensed,N,Y,Y,Y,Y,Y,N,,N,49,6:00 AM - 6:00 PM,6:00 AM - 6:00 PM,6:00 AM - 6:00 PM,6:00 AM - 6:00 PM,6:00 AM - 6:00 PM,No Information Available,No Information Available,52.0,26.0,48.0,24.0,48.0,24.0,48.0,24.0,48.0,24.0,48.0,24.0,48.0,24.0,48.0,24.0,,,,county_21,,,,,,,Follow-up,Initial Application,,,,,Post-Preliminary Inspection,Renewal Application,,KID013A,KID013B,,SSRS,,
1769,1,Licensed,Y,Y,Y,Y,Y,Y,N,,N,88,7:30 AM - 5:30 PM,7:30 AM - 5:30 PM,7:30 AM - 5:30 PM,7:30 AM - 5:30 PM,7:30 AM - 5:30 PM,No Information Available,No Information Available,51.0,41.0,51.0,41.0,51.0,41.0,50.0,41.0,50.0,41.0,49.0,41.0,49.0,41.0,49.0,41.0,49.0,41.0,,county_21,,,,,,Change of Space/Change in Capacity,,Initial Application,Investigation,,,,Post-Preliminary Inspection,Renewal Application,,KID013A,KID013B,DMS,SSRS,,
1706,5,Licensed,N,N,N,Y,N,,N,,N,20,7:30 AM - 4:00 PM,7:30 AM - 4:00 PM,7:30 AM - 4:00 PM,7:30 AM - 4:00 PM,7:30 AM - 4:00 PM,No Information Available,No Information Available,,,,,,,,,,,,,,,,,,,,county_1,,,,,,,,Initial Application,Investigation,,,,Post-Preliminary Inspection,Renewal Application,,KID013A,KID013B,,,,
1125,1,Certified,N,N,N,N,N,Y,N,,,6,6:00 AM - 10:00 PM,6:00 AM - 10:00 PM,6:00 AM - 10:00 PM,6:00 AM - 10:00 PM,6:00 AM - 10:00 PM,other,No Information Available,54.0,60.0,54.0,60.0,54.0,60.0,54.0,60.0,54.0,60.0,52.0,60.0,44.0,50.0,44.0,50.0,44.0,50.0,,county_21,Annual Inspection,,,,,,,Initial Application,,,,,,Renewal Application,,KID013A,KID013B,,SSRS,,
1291,1,Licensed,N,Y,Y,Y,Y,Y,N,,N,68,6:00 AM - 6:00 PM,6:00 AM - 6:00 PM,6:00 AM - 6:00 PM,6:00 AM - 6:00 PM,6:00 AM - 6:00 PM,No Information Available,No Information Available,45.0,65.0,45.0,65.0,45.0,65.0,45.0,65.0,45.0,65.0,45.0,65.0,45.0,65.0,45.0,65.0,45.0,65.0,,county_1,,,,,,,,Initial Application,Investigation,,,,Post-Preliminary Inspection,Renewal Application,,KID013A,KID013B,,SSRS,,
1192,1,Certified,N,N,N,N,N,Y,N,,,6,other,other,other,other,other,No Information Available,No Information Available,40.0,40.0,38.0,33.0,36.0,33.0,35.0,32.0,35.0,32.0,34.0,31.0,32.0,28.0,30.0,25.0,28.0,26.0,,county_21,Annual Inspection,,,,,,,Initial Application,,,,,,Renewal Application,,KID013A,KID013B,,,,
1899,1,Licensed,N,Y,N,Y,N,Y,N,,N,12,other,other,other,other,other,No Information Available,No Information Available,,,,,45.0,40.0,40.0,35.0,40.0,35.0,40.0,35.0,,,,,,,,county_21,,,,,,,Follow-up,Initial Application,,,,,Post-Preliminary Inspection,Renewal Application,,KID013A,KID013B,,SSRS,,
245,1,Licensed,N,N,Y,N,N,Y,N,,N,18,7:00 AM - 6:00 PM,7:00 AM - 6:00 PM,7:00 AM - 6:00 PM,7:00 AM - 6:00 PM,7:00 AM - 6:00 PM,No Information Available,No Information Available,,,,,,,,,,,,,37.0,32.0,37.0,32.0,,,,county_21,,,,,,,Follow-up,Initial Application,,,,,Post-Preliminary Inspection,Renewal Application,,KID013A,KID013B,,SSRS,,
163,1,Licensed,N,Y,Y,Y,Y,Y,N,,N,25,6:00 AM - 7:00 PM,6:00 AM - 7:00 PM,6:00 AM - 7:00 PM,6:00 AM - 7:00 PM,6:00 AM - 7:00 PM,No Information Available,No Information Available,50.0,44.0,50.0,44.0,48.0,44.0,40.0,44.0,41.0,34.0,37.0,32.0,37.0,32.0,37.0,32.0,37.0,32.0,,county_21,,,,,,,Follow-up,Initial Application,Investigation,Monitoring,Monitoring (DPOC),other,Post-Preliminary Inspection,Renewal Application,,KID013A,KID013B,,SSRS,,
1497,1,Licensed,N,N,N,Y,N,Y,N,,N,23,7:00 AM - 6:00 PM,7:00 AM - 6:00 PM,7:00 AM - 6:00 PM,7:00 AM - 6:00 PM,7:00 AM - 6:00 PM,No Information Available,No Information Available,,,,,,,45.0,20.0,45.0,20.0,45.0,20.0,45.0,20.0,45.0,20.0,,,,county_21,,,,,Change of Service,,,Initial Application,,,,,Post-Preliminary Inspection,Renewal Application,,KID013A,KID013B,DMS,SSRS,,
780,1,Licensed,N,Y,Y,Y,Y,Y,N,,Y,161,7:00 AM - 5:30 PM,7:00 AM - 5:30 PM,7:00 AM - 5:30 PM,7:00 AM - 5:30 PM,7:00 AM - 5:30 PM,No Information Available,No Information Available,52.0,,52.0,,50.0,,45.0,,45.0,,45.0,,41.0,33.0,41.0,33.0,41.0,33.0,,county_21,,,,,Change of Service,Change of Space/Change in Capacity,,Initial Application,Investigation,,,,Post-Preliminary Inspection,Renewal Application,,KID013A,KID013B,,SSRS,,
886,1,Licensed,Y,Y,Y,Y,Y,Y,N,,Y,66,6:30 AM - 6:00 PM,6:30 AM - 6:00 PM,6:30 AM - 6:00 PM,6:30 AM - 6:00 PM,6:30 AM - 6:00 PM,No Information Available,No Information Available,47.0,43.0,47.0,43.0,47.0,43.0,41.0,34.0,41.0,34.0,41.0,34.0,37.0,32.0,37.0,32.0,37.0,32.0,,county_21,,,,,Change of Service,Change of Space/Change in Capacity,,Initial Application,Investigation,,,,Post-Preliminary Inspection,Renewal Application,,KID013A,KID013B,DMS,SSRS,,
449,3,Licensed,Y,N,Y,N,N,Y,N,,Y,151,7:00 AM - 6:00 PM,7:00 AM - 6:00 PM,7:00 AM - 6:00 PM,7:00 AM - 6:00 PM,7:00 AM - 6:00 PM,No Information Available,No Information Available,,,,,,,,,35.0,18.2,35.0,18.2,,,35.0,18.2,35.0,18.2,,county_21,,,,,,,,Initial Application,,,,,Post-Preliminary Inspection,Renewal Application,,KID013A,KID013B,,SSRS,,
312,1,Licensed,N,N,Y,N,N,Y,N,,N,128,6:00 AM - 6:00 PM,6:00 AM - 6:00 PM,6:00 AM - 6:00 PM,6:00 AM - 6:00 PM,6:00 AM - 6:00 PM,No Information Available,No Information Available,,,,,,,,,,,,,34.6,20.3,34.6,20.3,,,,county_1,,,,,,Change of Space/Change in Capacity,,Initial Application,Investigation,,,,Post-Preliminary Inspection,Renewal Application,,KID013A,KID013B,,SSRS,,
1752,1,Licensed,N,N,Y,N,N,Y,N,,N,161,6:00 AM - 6:00 PM,6:00 AM - 6:00 PM,6:00 AM - 6:00 PM,6:00 AM - 6:00 PM,6:00 AM - 6:00 PM,No Information Available,No Information Available,,,,,,,,,,,,,40.6,20.3,40.6,20.3,,,,county_1,,,,,,,,Initial Application,,,,,Post-Preliminary Inspection,Renewal Application,,KID013A,KID013B,,SSRS,,
1851,1,Licensed,N,Y,Y,Y,Y,Y,N,,N,49,6:00 AM - 7:00 PM,6:00 AM - 7:00 PM,6:00 AM - 7:00 PM,6:00 AM - 7:00 PM,6:00 AM - 7:00 PM,No Information Available,No Information Available,47.0,40.0,47.0,40.0,47.0,40.0,45.0,40.0,45.0,40.0,45.0,40.0,30.0,27.0,30.0,27.0,30.0,27.0,On-going,county_21,,,,,,,Follow-up,Initial Application,Investigation,,Monitoring (DPOC),,Post-Preliminary Inspection,Renewal Application,,KID013A,KID013B,,SSRS,,Directed Plan of Correction
1568,1,Licensed,N,N,Y,N,N,Y,N,,N,116,6:00 AM - 6:00 PM,6:00 AM - 6:00 PM,6:00 AM - 6:00 PM,6:00 AM - 6:00 PM,6:00 AM - 6:00 PM,No Information Available,No Information Available,,,,,,,,,,,,,34.6,20.3,34.6,20.3,,,,county_1,,,,,,Change of Space/Change in Capacity,Follow-up,Initial Application,Investigation,,,,Post-Preliminary Inspection,Renewal Application,,KID013A,KID013B,,SSRS,,
616,1,Licensed,N,N,Y,N,N,Y,N,,N,120,6:00 AM - 6:00 PM,6:00 AM - 6:00 PM,6:00 AM - 6:00 PM,6:00 AM - 6:00 PM,6:00 AM - 6:00 PM,No Information Available,No Information Available,,,,,,,,,,,,,40.6,20.3,40.6,20.3,,,,county_1,,,,,,Change of Space/Change in Capacity,Follow-up,Initial Application,,,,,Post-Preliminary Inspection,Renewal Application,,KID013A,KID013B,,SSRS,,
1047,1,Licensed,N,N,Y,N,N,Y,N,,N,124,6:00 AM - 6:00 PM,6:00 AM - 6:00 PM,6:00 AM - 6:00 PM,6:00 AM - 6:00 PM,6:00 AM - 6:00 PM,No Information Available,No Information Available,,,,,,,,,,,,,40.6,20.3,40.6,20.3,,,,county_1,,,,,,,,Initial Application,Investigation,,,,Post-Preliminary Inspection,Renewal Application,,KID013A,KID013B,,SSRS,,
227,1,Licensed,N,N,Y,N,N,Y,N,,N,220,6:00 AM - 6:00 PM,6:00 AM - 6:00 PM,6:00 AM - 6:00 PM,6:00 AM - 6:00 PM,6:00 AM - 6:00 PM,No Information Available,No Information Available,,,,,,,,,,,,,40.6,20.3,40.6,20.3,,,,county_1,,,,,,Change of Space/Change in Capacity,,Initial Application,,,,,Post-Preliminary Inspection,Renewal Application,,KID013A,KID013B,,SSRS,,
885,1,Licensed,N,N,Y,N,N,Y,N,,N,182,6:00 AM - 6:00 PM,6:00 AM - 6:00 PM,6:00 AM - 6:00 PM,6:00 AM - 6:00 PM,6:00 AM - 6:00 PM,No Information Available,No Information Available,,,,,,,,,,,,,34.6,20.3,34.6,20.3,,,On-going,county_1,,,,,,Change of Space/Change in Capacity,,Initial Application,Investigation,,,,Post-Preliminary Inspection,Renewal Application,,KID013A,KID013B,,SSRS,,Directed Plan of Correction
445,1,Licensed,N,N,Y,N,N,Y,N,,N,195,6:00 AM - 6:00 PM,6:00 AM - 6:00 PM,6:00 AM - 6:00 PM,6:00 AM - 6:00 PM,6:00 AM - 6:00 PM,No Information Available,No Information Available,,,,,,,,,,,,,40.6,20.3,40.6,20.3,,,,county_1,,,,,,Change of Space/Change in Capacity,,Initial Application,Investigation,,,,Post-Preliminary Inspection,Renewal Application,,KID013A,KID013B,,SSRS,,
1161,1,Licensed,N,N,Y,N,N,Y,N,,N,200,6:00 AM - 6:00 PM,6:00 AM - 6:00 PM,6:00 AM - 6:00 PM,6:00 AM - 6:00 PM,6:00 AM - 6:00 PM,No Information Available,No Information Available,,,,,,,,,,,,,40.6,20.3,40.6,20.3,,,,county_1,,,,,,Change of Space/Change in Capacity,,Initial Application,,,,,Post-Preliminary Inspection,Renewal Application,,KID013A,KID013B,,SSRS,,
242,1,Licensed,N,N,Y,N,N,Y,N,,N,181,6:00 AM - 6:00 PM,6:00 AM - 6:00 PM,6:00 AM - 6:00 PM,6:00 AM - 6:00 PM,6:00 AM - 6:00 PM,No Information Available,No Information Available,,,,,,,,,,,,,40.6,20.3,40.6,20.3,,,,county_1,,,,,,Change of Space/Change in Capacity,,Initial Application,,,,,Post-Preliminary Inspection,Renewal Application,,KID013A,KID013B,,SSRS,,
1171,1,Licensed,N,N,Y,N,N,Y,N,,N,225,6:00 AM - 6:00 PM,6:00 AM - 6:00 PM,6:00 AM - 6:00 PM,6:00 AM - 6:00 PM,6:00 AM - 6:00 PM,No Information Available,No Information Available,,,,,,,,,,,,,40.6,20.3,40.6,20.3,,,,county_1,,,,,,,,Initial Application,,,,,Post-Preliminary Inspection,Renewal Application,,KID013A,KID013B,,SSRS,,
828,1,Licensed,N,N,Y,N,N,Y,N,,N,102,6:00 AM - 6:00 PM,6:00 AM - 6:00 PM,6:00 AM - 6:00 PM,6:00 AM - 6:00 PM,6:00 AM - 6:00 PM,No Information Available,No Information Available,,,,,,,,,,,,,40.6,20.3,40.6,20.3,,,,county_1,,,,,,,,Initial Application,Investigation,,,,Post-Preliminary Inspection,Renewal Application,,KID013A,KID013B,,SSRS,,
263,4,Certified,N,N,N,N,N,Y,N,,,6,6:00 AM - 5:00 PM,6:00 AM - 5:00 PM,6:00 AM - 5:00 PM,6:00 AM - 5:00 PM,6:00 AM - 5:00 PM,No Information Available,No Information Available,,,,,,,40.0,20.0,40.0,20.0,40.0,20.0,40.0,20.0,40.0,20.0,40.0,20.0,,county_21,Annual Inspection,,,,,,Follow-up,Initial Application,,,,,,Renewal Application,,,KID013B,,SSRS,,
1861,1,Licensed,N,Y,N,Y,N,Y,N,,N,46,7:00 AM - 5:30 PM,7:00 AM - 5:30 PM,7:00 AM - 5:30 PM,7:00 AM - 5:30 PM,7:00 AM - 5:30 PM,No Information Available,No Information Available,,,43.0,,43.0,,39.0,,39.0,,39.0,,39.0,,,,,,,county_21,,,,,,Change of Space/Change in Capacity,,Initial Application,,,,,Post-Preliminary Inspection,Renewal Application,,,KID013B,,SSRS,,
1324,3,Licensed,N,Y,Y,Y,Y,Y,N,,N,189,6:00 AM - 6:00 PM,6:00 AM - 6:00 PM,6:00 AM - 6:00 PM,6:00 AM - 6:00 PM,6:00 AM - 6:00 PM,No Information Available,No Information Available,48.0,43.0,48.0,43.0,48.0,43.0,45.0,34.0,45.0,34.0,45.0,34.0,40.0,34.0,40.0,34.0,40.0,34.0,,county_21,,,,,,Change of Space/Change in Capacity,,Initial Application,Investigation,,,,Post-Preliminary Inspection,Renewal Application,,,KID013B,,SSRS,,
1038,1,Licensed,N,Y,Y,Y,Y,Y,N,,N,40,6:00 AM - 6:00 PM,6:00 AM - 6:00 PM,6:00 AM - 6:00 PM,6:00 AM - 6:00 PM,6:00 AM - 6:00 PM,No Information Available,No Information Available,54.0,,52.0,,52.0,,52.0,,52.0,,52.0,,52.0,,52.0,,52.0,,,county_21,,,,,,,,Initial Application,Investigation,,,,Post-Preliminary Inspection,Renewal Application,,,KID013B,DMS,SSRS,,
929,1,Certified,N,N,N,N,N,Y,N,,,6,6:30 AM - 6:30 PM,6:30 AM - 6:30 PM,6:30 AM - 6:30 PM,6:30 AM - 6:30 PM,6:30 AM - 6:30 PM,No Information Available,No Information Available,36.0,31.0,36.0,31.0,36.0,31.0,34.0,31.0,34.0,31.0,34.0,31.0,28.0,26.0,28.0,26.0,28.0,26.0,,county_21,Annual Inspection,,Change of Location,,,,,Initial Application,,,,,,,,,KID013B,,SSRS,,
1302,1,Licensed,Y,Y,Y,Y,Y,Y,N,,N,90,6:00 AM - 6:00 PM,6:00 AM - 6:00 PM,6:00 AM - 6:00 PM,6:00 AM - 6:00 PM,6:00 AM - 6:00 PM,No Information Available,No Information Available,47.0,,47.0,,47.0,,41.0,,41.0,,41.0,,36.0,30.0,36.0,30.0,36.0,30.0,,county_1,,,,,,,Follow-up,Initial Application,Investigation,,,,Post-Preliminary Inspection,Renewal Application,,,KID013B,,SSRS,,
62,1,Licensed,N,Y,Y,Y,Y,Y,N,,N,60,other,other,other,other,other,other,No Information Available,45.0,40.0,45.0,40.0,45.0,40.0,45.0,40.0,45.0,40.0,25.0,40.0,25.0,18.0,25.0,18.0,25.0,18.0,,county_21,,,,,,,,Initial Application,Investigation,,,,Post-Preliminary Inspection,Renewal Application,,,KID013B,DMS,SSRS,,
566,1,Licensed,N,Y,Y,Y,Y,Y,N,,N,76,6:30 AM - 6:00 PM,6:30 AM - 6:00 PM,6:30 AM - 6:00 PM,6:30 AM - 6:00 PM,6:30 AM - 6:00 PM,No Information Available,No Information Available,42.0,,40.0,,40.0,,38.0,32.0,38.0,32.0,38.0,32.0,36.0,25.0,36.0,25.0,36.0,25.0,,county_21,,,,Change of Ownership,,,,,,,,,Post-Preliminary Inspection,Renewal Application,,,KID013B,,SSRS,,
1590,1,Certified,,,,,,Y,N,,,6,other,other,other,other,other,No Information Available,No Information Available,36.0,31.0,36.0,31.0,36.0,31.0,34.0,31.0,34.0,31.0,34.0,31.0,28.0,26.0,28.0,26.0,28.0,26.0,,county_21,Annual Inspection,,,,,,,Initial Application,,,,,,,,,KID013B,,,,
1815,1,Licensed,N,Y,Y,Y,Y,Y,N,,Y,103,6:00 AM - 6:00 PM,6:00 AM - 6:00 PM,6:00 AM - 6:00 PM,6:00 AM - 6:00 PM,6:00 AM - 6:00 PM,No Information Available,No Information Available,47.0,47.0,47.0,47.0,45.0,45.0,45.0,45.0,45.0,45.0,45.0,45.0,40.0,40.0,40.0,40.0,40.0,40.0,,county_1,,,,,,,,Initial Application,,,,,Post-Preliminary Inspection,Renewal Application,,,KID013B,,SSRS,,
533,1,Licensed,N,Y,Y,Y,Y,Y,N,,Y,35,7:00 AM - 6:00 PM,7:00 AM - 6:00 PM,7:00 AM - 6:00 PM,7:00 AM - 6:00 PM,7:00 AM - 6:00 PM,No Information Available,No Information Available,47.0,43.0,47.0,43.0,47.0,43.0,41.0,34.0,41.0,34.0,41.0,34.0,37.0,32.0,37.0,32.0,37.0,32.0,,county_21,,,,,,,Follow-up,Initial Application,Investigation,Monitoring,Monitoring (DPOC),,Post-Preliminary Inspection,Renewal Application,,,KID013B,,SSRS,,
460,1,Certified,N,N,N,N,N,Y,N,,,6,6:00 AM - 6:00 PM,6:00 AM - 6:00 PM,6:00 AM - 6:00 PM,6:00 AM - 6:00 PM,6:00 AM - 6:00 PM,No Information Available,6:00 AM - 6:00 PM,45.0,40.0,40.0,35.0,35.0,30.0,30.0,25.0,30.0,25.0,30.0,25.0,30.0,25.0,30.0,25.0,,,,county_21,Annual Inspection,,,,,,Follow-up,Initial Application,,,,,,,,,KID013B,,SSRS,,
424,1,Certified,N,N,N,N,N,,N,,,6,other,other,other,other,other,No Information Available,No Information Available,,,,,,,,,,,,,,,,,,,,county_21,Annual Inspection,,,,,,,Initial Application,,,,,,,,,KID013B,,,,
762,1,Licensed,N,N,N,Y,N,,N,,Y,40,9:00 AM - 4:00 PM,9:00 AM - 4:00 PM,9:00 AM - 4:00 PM,9:00 AM - 4:00 PM,9:00 AM - 4:00 PM,No Information Available,No Information Available,,,,,,,,,,,,,,,,,,,,county_21,,,,,,,,Initial Application,,,,,Post-Preliminary Inspection,,,,KID013B,,,,
1816,1,Licensed,N,N,N,Y,N,,N,,Y,100,9:00 AM - 4:00 PM,9:00 AM - 4:00 PM,9:00 AM - 4:00 PM,9:00 AM - 4:00 PM,9:00 AM - 4:00 PM,No Information Available,No Information Available,,,,,,,,,,,,,,,,,,,,county_21,,,,,,,,Initial Application,,,,,Post-Preliminary Inspection,,,,KID013B,,,,
1231,1,Licensed,N,Y,Y,Y,N,Y,N,,Y,40,7:00 AM - 6:00 PM,7:00 AM - 6:00 PM,7:00 AM - 6:00 PM,7:00 AM - 6:00 PM,7:00 AM - 6:00 PM,No Information Available,No Information Available,,,53.0,53.0,48.0,48.0,45.0,,45.0,45.0,45.0,45.0,41.0,37.0,41.0,37.0,,,,county_21,,,,,,,,Initial Application,Investigation,,,,Post-Preliminary Inspection,,,,KID013B,,SSRS,,
170,1,Certified,,,,,,Y,N,,,6,6:30 AM - 5:30 PM,6:30 AM - 5:30 PM,6:30 AM - 5:30 PM,6:30 AM - 5:30 PM,6:30 AM - 5:30 PM,No Information Available,No Information Available,40.0,30.0,40.0,30.0,40.0,30.0,40.0,30.0,40.0,30.0,40.0,30.0,40.0,30.0,40.0,30.0,,,,county_21,Annual Inspection,,,,,,,Initial Application,,,,,,,,,KID013B,,SSRS,,
1643,1,Licensed,N,Y,N,Y,Y,Y,N,,N,71,7:00 AM - 5:30 PM,7:00 AM - 5:30 PM,7:00 AM - 5:30 PM,7:00 AM - 5:30 PM,7:00 AM - 5:30 PM,No Information Available,No Information Available,66.0,,60.0,,60.0,,,,,,,,,,,,,,,county_21,,,,,,Change of Space/Change in Capacity,,Initial Application,,,,,Post-Preliminary Inspection,,,,KID013B,,SSRS,,
204,1,Licensed,N,Y,N,Y,Y,Y,N,,N,21,7:00 AM - 6:00 PM,7:00 AM - 6:00 PM,7:00 AM - 6:00 PM,7:00 AM - 6:00 PM,7:00 AM - 6:00 PM,No Information Available,No Information Available,51.0,,48.0,,45.0,,40.0,,40.0,,40.0,,,,,,,,,county_21,,,,,,,,Initial Application,,,,,Post-Preliminary Inspection,,,,KID013B,,SSRS,,
172,1,Licensed,N,N,Y,Y,N,,N,,N,30,2:30 PM - 5:30 PM,2:30 PM - 5:30 PM,2:30 PM - 5:30 PM,2:30 PM - 5:30 PM,2:30 PM - 5:30 PM,No Information Available,No Information Available,,,,,,,,,,,,,,,,,,,,county_21,,,,,,,,Initial Application,,,,,Post-Preliminary Inspection,,,,KID013B,,SSRS,,
1558,1,Certified,,,,,,Y,N,,,6,other,other,other,other,other,other,other,38.0,31.0,36.0,31.0,36.0,31.0,34.0,29.0,34.0,29.0,34.0,29.0,28.0,26.0,28.0,26.0,28.0,26.0,,county_21,Annual Inspection,,,,,,,Initial Application,,,,,,,,,KID013B,,SSRS,,
1180,1,Licensed,N,Y,Y,Y,Y,Y,N,,Y,20,6:30 AM - 5:30 PM,6:30 AM - 5:30 PM,6:30 AM - 5:30 PM,6:30 AM - 5:30 PM,6:30 AM - 5:30 PM,No Information Available,No Information Available,49.0,49.0,49.0,49.0,49.0,49.0,43.0,43.0,43.0,43.0,43.0,43.0,43.0,43.0,43.0,43.0,43.0,43.0,,county_1,,,,,,,,Initial Application,,,,,Post-Preliminary Inspection,,,,KID013B,,SSRS,,
1350,1,Certified,N,N,N,N,N,Y,N,,,6,6:00 AM - 6:00 PM,6:00 AM - 6:00 PM,6:00 AM - 6:00 PM,6:00 AM - 6:00 PM,6:00 AM - 6:00 PM,No Information Available,No Information Available,36.0,31.0,36.0,31.0,36.0,31.0,34.0,31.0,34.0,31.0,34.0,31.0,28.0,26.0,28.0,26.0,28.0,26.0,,county_21,Annual Inspection,,,,,,,Initial Application,,,,,,,,,KID013B,,,,
855,1,Certified,N,N,N,N,N,,N,,,6,other,other,other,other,other,No Information Available,No Information Available,,,,,,,,,,,,,,,,,,,,county_21,,,,,,,,Initial Application,,,,,,,,,KID013B,,,,
1057,1,Certified,N,N,N,N,N,Y,N,,,6,6:30 AM - 5:30 PM,6:30 AM - 5:30 PM,6:30 AM - 5:30 PM,6:30 AM - 5:30 PM,6:30 AM - 5:30 PM,No Information Available,No Information Available,40.0,30.0,40.0,30.0,40.0,30.0,40.0,30.0,40.0,30.0,40.0,30.0,40.0,30.0,40.0,30.0,40.0,30.0,,county_21,Annual Inspection,,,,,,,Initial Application,,,,,,,,,KID013B,,SSRS,,
91,4,Certified,,,,,,,N,,,6,7:00 AM - 6:00 PM,7:00 AM - 6:00 PM,7:00 AM - 6:00 PM,7:00 AM - 6:00 PM,7:00 AM - 6:00 PM,No Information Available,No Information Available,,,,,,,34.0,34.0,34.0,34.0,,,,,,,,,,county_21,,,,,,,,Initial Application,,,,,,,,,KID013B,,,,
903,1,Licensed,N,Y,Y,Y,Y,Y,N,,Y,35,other,other,other,other,other,other,other,60.0,50.0,60.0,50.0,60.0,50.0,60.0,50.0,60.0,50.0,60.0,50.0,60.0,50.0,60.0,50.0,60.0,50.0,,county_1,,,,,,,,Initial Application,Investigation,,,,Post-Preliminary Inspection,,,,KID013B,,SSRS,,
1776,1,Certified,N,N,N,N,N,Y,N,,,6,7:30 AM - 4:30 PM,7:30 AM - 4:30 PM,7:30 AM - 4:30 PM,7:30 AM - 4:30 PM,7:30 AM - 4:30 PM,No Information Available,No Information Available,,,55.0,55.0,55.0,55.0,55.0,55.0,55.0,55.0,55.0,55.0,,,,,,,,county_21,,,,,,,Follow-up,Initial Application,,,,,,,,,KID013B,,SSRS,,
198,1,Certified,N,N,N,N,N,Y,N,,,6,other,other,other,other,other,other,other,50.0,50.0,50.0,50.0,50.0,50.0,,,,,,,,,,,,,,county_21,,Change of Hours,,,,,,Initial Application,,,,,,,,,KID013B,DMS,,,
1476,1,Licensed,N,Y,Y,Y,Y,Y,N,,N,154,6:30 AM - 6:00 PM,6:30 AM - 6:00 PM,6:30 AM - 6:00 PM,6:30 AM - 6:00 PM,6:30 AM - 6:00 PM,No Information Available,No Information Available,45.0,,45.0,,45.0,,42.0,,42.0,,42.0,,39.0,22.0,39.0,22.0,,,,county_1,,,,Change of Ownership,,,,,Investigation,,,,Post-Preliminary Inspection,,,,KID013B,,SSRS,,
1596,1,Licensed,N,Y,Y,Y,Y,Y,N,,Y,66,7:00 AM - 6:00 PM,7:00 AM - 6:00 PM,7:00 AM - 6:00 PM,7:00 AM - 6:00 PM,7:00 AM - 6:00 PM,No Information Available,No Information Available,44.0,44.0,44.0,44.0,44.0,44.0,43.0,43.0,43.0,43.0,43.0,43.0,42.0,42.0,42.0,42.0,42.0,42.0,,county_21,,,,,,,,Initial Application,,,,,Post-Preliminary Inspection,,,,KID013B,DMS,SSRS,,
845,1,Licensed,Y,Y,N,Y,Y,Y,N,,N,51,other,other,other,other,other,No Information Available,No Information Available,50.0,51.0,50.0,51.0,50.0,51.0,41.0,43.0,41.0,43.0,41.0,43.0,,,,,,,,county_21,,,,,,,,Initial Application,,,,,Post-Preliminary Inspection,,,,KID013B,,SSRS,,
969,1,Licensed,N,Y,Y,Y,Y,Y,N,,N,31,other,other,other,other,other,other,other,65.0,60.0,65.0,60.0,65.0,60.0,55.0,50.0,55.0,50.0,55.0,50.0,45.0,40.0,45.0,40.0,45.0,40.0,,county_21,,,,,,,,Initial Application,,,,,,,,,KID013B,,SSRS,,
1645,1,Certified,N,N,N,N,N,Y,N,,,6,6:00 AM - 5:00 PM,6:00 AM - 5:00 PM,6:00 AM - 5:00 PM,6:00 AM - 5:00 PM,6:00 AM - 5:00 PM,No Information Available,No Information Available,46.0,40.0,46.0,40.0,46.0,40.0,44.0,32.0,44.0,32.0,44.0,32.0,40.0,30.0,40.0,30.0,40.0,30.0,,county_21,,,,,,,,Initial Application,,,,,,,,,KID013B,,,,
1123,1,Certified,N,N,N,N,N,,N,,,6,6:00 AM - 5:00 PM,6:00 AM - 5:00 PM,6:00 AM - 5:00 PM,6:00 AM - 5:00 PM,6:00 AM - 5:00 PM,No Information Available,No Information Available,,,,,,,,,,,,,,,,,,,,county_1,,,,,,,,Initial Application,,,,,,,,,KID013B,,,,
381,1,Licensed,N,Y,N,Y,Y,Y,N,,N,30,6:00 AM - 6:00 PM,6:00 AM - 6:00 PM,6:00 AM - 6:00 PM,6:00 AM - 6:00 PM,6:00 AM - 6:00 PM,No Information Available,No Information Available,47.0,43.0,47.0,43.0,47.0,43.0,41.0,34.0,41.0,34.0,41.0,34.0,37.0,32.0,37.0,32.0,37.0,32.0,,county_21,,,,,Change of Service,,,Initial Application,,,,,Post-Preliminary Inspection,,,,KID013B,,SSRS,,
473,1,Certified,N,N,N,N,N,Y,N,,,6,7:30 AM - 5:00 PM,7:30 AM - 5:00 PM,7:30 AM - 5:00 PM,7:30 AM - 5:00 PM,7:30 AM - 5:00 PM,No Information Available,No Information Available,40.0,20.0,38.0,19.0,38.0,19.0,38.0,19.0,38.0,19.0,38.0,19.0,,,,,,,,county_21,,Change of Hours,,,,,,Initial Application,,,,,,,,,KID013B,,,,
1209,1,Certified,N,N,N,N,N,,N,,,6,7:00 AM - 6:00 PM,7:00 AM - 6:00 PM,7:00 AM - 6:00 PM,7:00 AM - 6:00 PM,7:00 AM - 6:00 PM,No Information Available,No Information Available,,,,,,,,,,,,,,,,,,,,county_21,,,,,,,,Initial Application,,,,,,,,,KID013B,,SSRS,,
155,1,Licensed,N,Y,Y,Y,Y,Y,N,,N,83,7:00 AM - 6:00 PM,7:00 AM - 6:00 PM,7:00 AM - 6:00 PM,7:00 AM - 6:00 PM,7:00 AM - 6:00 PM,No Information Available,No Information Available,47.0,,47.0,,47.0,,41.0,,41.0,,37.0,,37.0,32.0,,,,,,county_21,,,,,,,,Initial Application,,,,,Post-Preliminary Inspection,,,,KID013B,,,,
893,1,Licensed,Y,Y,Y,Y,Y,Y,N,,N,77,6:00 AM - 12:00 AM,6:00 AM - 12:00 AM,6:00 AM - 12:00 AM,6:00 AM - 12:00 AM,6:00 AM - 12:00 AM,other,No Information Available,57.6,28.8,55.8,27.9,52.8,26.4,49.8,24.9,44.0,22.0,44.0,22.0,44.0,22.0,,,,,,county_21,,,,,,,,Initial Application,,,,,Post-Preliminary Inspection,,,,KID013B,,SSRS,,
210,1,Licensed,N,Y,Y,Y,Y,Y,N,,N,66,6:00 AM - 6:00 PM,6:00 AM - 6:00 PM,6:00 AM - 6:00 PM,6:00 AM - 6:00 PM,6:00 AM - 6:00 PM,No Information Available,No Information Available,49.0,25.0,46.0,23.0,46.0,23.0,46.0,23.0,46.0,23.0,46.0,23.0,46.0,35.0,46.0,35.0,46.0,35.0,,county_21,,,,,,,,Initial Application,,,,,Post-Preliminary Inspection,,,,KID013B,,SSRS,,
1606,1,Licensed,N,Y,Y,Y,Y,Y,N,,N,48,other,other,other,other,6:30 AM - 5:30 PM,No Information Available,No Information Available,50.0,66.0,50.0,66.0,50.0,66.0,48.0,67.0,48.0,67.0,48.0,67.0,40.0,53.0,37.0,50.0,,,,county_21,,,,,,,,Initial Application,,,,,,,,,KID013B,,SSRS,,
740,1,Licensed,N,Y,Y,Y,Y,Y,N,,N,125,6:00 AM - 6:00 PM,6:00 AM - 6:00 PM,6:00 AM - 6:00 PM,6:00 AM - 6:00 PM,6:00 AM - 6:00 PM,No Information Available,No Information Available,47.0,33.0,45.0,33.0,43.0,33.0,43.0,27.0,43.0,27.0,43.0,27.0,36.0,30.0,36.0,30.0,36.0,30.0,,county_1,,,,Change of Ownership,,,,,,,,,Post-Preliminary Inspection,,,,KID013B,,SSRS,,
877,1,Licensed,N,Y,Y,Y,Y,Y,N,,Y,48,7:00 AM - 6:00 PM,7:00 AM - 6:00 PM,7:00 AM - 6:00 PM,7:00 AM - 6:00 PM,7:00 AM - 6:00 PM,No Information Available,No Information Available,47.0,43.0,47.0,43.0,47.0,43.0,41.0,34.0,41.0,34.0,37.0,32.0,37.0,32.0,,,,,,county_21,,,,,,,,Initial Application,,,,,,,,,KID013B,,,,
1719,1,Licensed,Y,N,Y,Y,N,,N,,N,160,6:30 AM - 6:30 PM,6:30 AM - 6:30 PM,6:30 AM - 6:30 PM,6:30 AM - 6:30 PM,6:30 AM - 6:30 PM,No Information Available,No Information Available,,,,,,,,,,,,,27.0,17.0,27.0,17.0,,,,county_21,,,,,,,,Initial Application,,,,,,,,,KID013B,,SSRS,,
1034,1,Certified,N,N,N,N,N,,N,,,6,6:00 AM - 10:00 PM,6:00 AM - 10:00 PM,6:00 AM - 10:00 PM,6:00 AM - 10:00 PM,6:00 AM - 10:00 PM,No Information Available,No Information Available,,,,,,,,,,,,,,,,,,,,county_21,,,,,,,,Initial Application,,,,,,,,,KID013B,,SSRS,,
1690,1,Licensed,N,Y,N,Y,N,Y,N,N,N,65,other,other,other,other,other,No Information Available,No Information Available,,,,,27.0,15.0,27.0,15.0,,,,,,,,,,,,county_70,,,,,,Change of Space/Change in Capacity,Follow-up,,Investigation,,,,,Renewal Application,KID013,KID013A,KID013B,,SSRS,,
1325,5,Licensed,Y,Y,N,Y,Y,Y,N,Y,Y,16,7:00 AM - 4:30 PM,7:00 AM - 4:30 PM,7:00 AM - 4:30 PM,7:00 AM - 4:30 PM,7:00 AM - 4:30 PM,No Information Available,No Information Available,29.0,27.0,29.0,27.0,29.0,27.0,28.0,26.0,28.0,26.0,28.0,26.0,,,,,,,,county_70,,,,,,Change of Space/Change in Capacity,,,Investigation,,,,,Renewal Application,KID013,KID013A,KID013B,,SSRS,,
1353,1,Licensed,Y,N,Y,Y,N,Y,N,,N,190,7:30 AM - 5:30 PM,7:30 AM - 5:30 PM,7:30 AM - 5:30 PM,7:30 AM - 5:30 PM,7:30 AM - 5:30 PM,No Information Available,No Information Available,,,,,,,25.0,15.0,25.0,15.0,25.0,15.0,25.0,15.0,25.0,15.0,25.0,,,county_70,,,,,Change of Service,Change of Space/Change in Capacity,,Initial Application,Investigation,,,,Post-Preliminary Inspection,Renewal Application,,KID013A,KID013B,DMS,SSRS,,
154,1,Licensed,N,Y,Y,Y,Y,Y,N,,N,185,other,other,other,other,other,No Information Available,No Information Available,175.0,,175.0,,165.0,,160.0,,160.0,,145.0,,145.0,135.0,145.0,135.0,,,,county_70,,,Change of Location,,,Change of Space/Change in Capacity,,Initial Application,Investigation,,,,Post-Preliminary Inspection,Renewal Application,,KID013A,KID013B,,SSRS,,
316,5,Licensed,Y,N,N,Y,N,Y,N,,N,78,other,other,other,other,other,No Information Available,No Information Available,,,,,,,25.0,,25.0,,25.0,,,,,,,,,county_29,,,,,,Change of Space/Change in Capacity,,Initial Application,,,,,Post-Preliminary Inspection,Renewal Application,,KID013A,KID013B,,SSRS,,
313,1,Licensed,N,Y,Y,Y,Y,Y,N,,Y,31,5:30 AM - 5:00 PM,5:30 AM - 5:00 PM,5:30 AM - 5:00 PM,5:30 AM - 5:00 PM,5:30 AM - 5:00 PM,No Information Available,No Information Available,,,,,,,,,,,,,,,,,,,,county_70,,,,,,,,Initial Application,Investigation,,,,Post-Preliminary Inspection,Renewal Application,,KID013A,KID013B,DMS,SSRS,,
758,1,Licensed,N,Y,N,N,Y,Y,N,,N,37,7:00 AM - 4:30 PM,7:00 AM - 4:30 PM,7:00 AM - 4:30 PM,7:00 AM - 4:30 PM,7:00 AM - 4:30 PM,No Information Available,No Information Available,29.0,27.0,29.0,27.0,29.0,27.0,28.0,26.0,28.0,26.0,28.0,26.0,,,,,,,,county_29,,,,,,,,Initial Application,,,,,Post-Preliminary Inspection,Renewal Application,,,KID013B,,SSRS,,
1923,1,Licensed,Y,N,Y,N,N,Y,N,N,Y,225,other,other,other,other,other,No Information Available,No Information Available,,,,,,,25.0,15.0,25.0,15.0,25.0,15.0,25.0,15.0,25.0,15.0,,,,county_13,,,,,Change of Service,Change of Space/Change in Capacity,,,Investigation,,,,,Renewal Application,KID013,KID013A,KID013B,,SSRS,,
507,5,Licensed,N,Y,N,Y,Y,Y,N,N,Y,16,7:00 AM - 4:30 PM,7:00 AM - 4:30 PM,7:00 AM - 4:30 PM,7:00 AM - 4:30 PM,7:00 AM - 4:30 PM,No Information Available,No Information Available,34.0,31.0,34.0,31.0,34.0,31.0,32.0,29.0,32.0,29.0,32.0,29.0,,,,,,,,county_13,,,,,,,Follow-up,,Investigation,,,,,Renewal Application,KID013,KID013A,KID013B,,SSRS,,
1655,1,Licensed,Y,N,Y,N,N,Y,N,N,Y,200,2:00 PM - 6:00 PM,2:00 PM - 6:00 PM,2:00 PM - 6:00 PM,2:00 PM - 6:00 PM,2:00 PM - 6:00 PM,No Information Available,No Information Available,,,,,,,25.0,15.0,25.0,15.0,25.0,15.0,25.0,15.0,25.0,15.0,,,,county_13,,,,,,Change of Space/Change in Capacity,Follow-up,,Investigation,,,,,Renewal Application,KID013,KID013A,KID013B,DMS,SSRS,,
776,1,Licensed,N,Y,Y,Y,Y,Y,N,N,Y,112,other,other,other,other,other,No Information Available,No Information Available,31.0,,31.0,,31.0,,31.0,,31.0,,31.0,,31.0,,31.0,,,,,county_13,,,,,,,,,Investigation,,,,,Renewal Application,KID013,KID013A,KID013B,,SSRS,,
1605,1,Licensed,N,N,Y,N,N,Y,N,N,Y,42,other,other,other,other,other,No Information Available,No Information Available,,,,,,,,,,,34.4,11.0,34.4,11.0,34.4,11.0,34.4,11.0,,county_70,,,,,,,,,Investigation,,,,,Renewal Application,KID013,KID013A,KID013B,DMS,SSRS,,
949,1,Licensed,Y,N,Y,N,N,Y,N,N,Y,100,7:00 AM - 5:30 PM,7:00 AM - 5:30 PM,7:00 AM - 5:30 PM,7:00 AM - 5:30 PM,7:00 AM - 5:30 PM,No Information Available,No Information Available,,,,,,,,,,,,,17.0,17.0,17.0,17.0,,,,county_13,,,,,,,,,Investigation,,,,,Renewal Application,KID013,KID013A,KID013B,,SSRS,,
1592,1,Licensed,Y,N,Y,N,N,Y,N,N,Y,100,other,other,other,other,other,No Information Available,No Information Available,,,,,,,,,,,,,17.0,17.0,17.0,17.0,,,,county_13,,,,,Change of Service,,,,,,,,,Renewal Application,KID013,KID013A,KID013B,DMS,SSRS,,
497,5,Licensed,Y,N,Y,Y,N,Y,N,N,Y,60,6:30 AM - 5:30 PM,6:30 AM - 5:30 PM,6:30 AM - 5:30 PM,6:30 AM - 5:30 PM,6:30 AM - 5:30 PM,No Information Available,No Information Available,,,,,,,22.0,29.0,22.0,29.0,,,,,,,,,,county_13,,,,,Change of Service,Change of Space/Change in Capacity,,,Investigation,,,,,Renewal Application,KID013,KID013A,KID013B,,SSRS,,
1317,1,Licensed,Y,N,Y,N,N,Y,N,N,Y,194,7:00 AM - 5:30 PM,7:00 AM - 5:30 PM,7:00 AM - 5:30 PM,7:00 AM - 5:30 PM,7:00 AM - 5:30 PM,No Information Available,No Information Available,,,,,,,,,,,,,17.0,17.0,17.0,17.0,,,,county_13,,,Change of Location,,Change of Service,,,,,,,,,Renewal Application,KID013,KID013A,KID013B,,SSRS,,
817,1,Licensed,N,Y,Y,Y,Y,Y,N,N,Y,34,6:00 AM - 6:00 PM,6:00 AM - 6:00 PM,6:00 AM - 6:00 PM,6:00 AM - 6:00 PM,6:00 AM - 6:00 PM,No Information Available,No Information Available,19.0,17.0,19.0,17.0,19.0,17.0,17.0,15.0,17.0,15.0,16.0,15.0,16.0,15.0,16.0,15.0,,,,county_13,,,,,,,Follow-up,,Investigation,,,,,Renewal Application,KID013,KID013A,KID013B,DMS,SSRS,,
590,1,Licensed,N,N,Y,N,N,Y,N,,Y,100,2:00 PM - 6:00 PM,2:00 PM - 6:00 PM,2:00 PM - 6:00 PM,2:00 PM - 6:00 PM,2:00 PM - 6:00 PM,No Information Available,No Information Available,,,,,,,,,,,,,15.0,15.0,15.0,15.0,,,,county_31,,,,,,,,,,,,,,Renewal Application,KID013,KID013A,KID013B,,SSRS,,
1676,1,Licensed,Y,Y,Y,Y,Y,Y,N,,Y,85,5:30 AM - 6:00 PM,5:30 AM - 6:00 PM,5:30 AM - 6:00 PM,5:30 AM - 6:00 PM,5:30 AM - 6:00 PM,No Information Available,No Information Available,34.0,,34.0,,34.0,,32.0,,32.0,,32.0,,29.0,26.0,29.0,26.0,,,,county_13,,,Change of Location,,Change of Service,Change of Space/Change in Capacity,Follow-up,Initial Application,Investigation,,,,,Renewal Application,KID013,KID013A,KID013B,,SSRS,,
1692,1,Licensed,N,Y,Y,Y,Y,Y,N,,N,49,6:00 AM - 5:30 PM,6:00 AM - 5:30 PM,6:00 AM - 5:30 PM,6:00 AM - 5:30 PM,6:00 AM - 5:30 PM,No Information Available,No Information Available,25.0,,23.0,,23.0,,23.0,,23.0,,23.0,,,,,,,,,county_13,,,,,,Change of Space/Change in Capacity,,Initial Application,Investigation,,,,Post-Preliminary Inspection,Renewal Application,,KID013A,KID013B,DMS,SSRS,,
1689,4,Certified,N,N,N,N,N,Y,N,,,6,8:00 AM - 5:00 PM,8:00 AM - 5:00 PM,8:00 AM - 5:00 PM,8:00 AM - 5:00 PM,other,No Information Available,No Information Available,,,,,,,,21.2,,21.2,,21.2,,10.0,,10.0,,,,county_13,Annual Inspection,,,,,,,Initial Application,Investigation,,,,,Renewal Application,,KID013A,KID013B,,SSRS,,
918,1,Licensed,N,Y,N,Y,Y,Y,N,,N,90,6:30 AM - 5:30 PM,6:30 AM - 5:30 PM,6:30 AM - 5:30 PM,6:30 AM - 5:30 PM,6:30 AM - 5:30 PM,No Information Available,No Information Available,34.0,34.0,34.0,34.0,34.0,34.0,34.0,34.0,34.0,34.0,34.0,34.0,,,,,,,,county_13,,,,,,Change of Space/Change in Capacity,,Initial Application,Investigation,,Monitoring (DPOC),,Post-Preliminary Inspection,Renewal Application,,KID013A,KID013B,,SSRS,,
990,1,Licensed,N,Y,Y,Y,Y,Y,N,,N,50,7:00 AM - 5:30 PM,7:00 AM - 5:30 PM,7:00 AM - 5:30 PM,7:00 AM - 5:30 PM,7:00 AM - 5:30 PM,No Information Available,No Information Available,46.0,,46.0,,46.0,,34.5,,34.5,,34.5,,27.6,11.5,27.6,11.5,27.6,11.5,,county_13,,,,,Change of Service,Change of Space/Change in Capacity,Follow-up,Initial Application,,,,,Post-Preliminary Inspection,Renewal Application,,KID013A,KID013B,DMS,SSRS,,
438,2,Licensed,N,Y,N,Y,N,Y,N,,Y,35,7:00 AM - 5:00 PM,7:00 AM - 5:00 PM,7:00 AM - 5:00 PM,7:00 AM - 5:00 PM,7:00 AM - 5:00 PM,No Information Available,No Information Available,,,,,,,37.0,,37.0,,37.0,,,,,,,,,county_13,,,,,Change of Service,,,Initial Application,,,,,Post-Preliminary Inspection,Renewal Application,,KID013A,KID013B,,SSRS,,
854,1,Licensed,N,Y,N,Y,Y,,N,,Y,99,other,other,other,other,other,No Information Available,No Information Available,,,,,,,,,,,,,,,,,,,,county_13,,,,Change of Ownership,,,,,Investigation,,,,Post-Preliminary Inspection,Renewal Application,,KID013A,KID013B,DMS,SSRS,,
126,1,Licensed,N,Y,N,Y,N,Y,N,,N,38,6:30 AM - 5:30 PM,6:30 AM - 5:30 PM,6:30 AM - 5:30 PM,6:30 AM - 5:30 PM,6:30 AM - 5:30 PM,No Information Available,No Information Available,,,35.0,,35.0,,35.0,,35.0,,35.0,,,,,,,,,county_13,,,,,,,,Initial Application,,,,,Post-Preliminary Inspection,Renewal Application,,KID013A,KID013B,,SSRS,,
892,1,Licensed,N,Y,Y,Y,Y,Y,N,,N,99,7:00 AM - 5:30 PM,7:00 AM - 5:30 PM,7:00 AM - 5:30 PM,7:00 AM - 5:30 PM,7:00 AM - 5:30 PM,No Information Available,No Information Available,37.0,34.0,35.0,32.0,35.0,32.0,35.0,32.0,35.0,32.0,34.0,33.0,34.0,33.0,34.0,33.0,,,,county_13,,,,,,,,Initial Application,,,,,,,,,KID013B,,SSRS,,
1556,1,Licensed,N,Y,Y,Y,Y,Y,N,N,Y,20,7:00 AM - 5:00 PM,7:00 AM - 5:00 PM,7:00 AM - 5:00 PM,7:00 AM - 5:00 PM,7:00 AM - 5:00 PM,No Information Available,No Information Available,29.0,29.0,29.0,29.0,29.0,29.0,29.0,29.0,29.0,29.0,29.0,29.0,29.0,29.0,29.0,29.0,29.0,29.0,,county_70,,,,,Change of Service,,,,Investigation,,,,,Renewal Application,KID013,KID013A,KID013B,DMS,SSRS,,
1030,1,Licensed,N,Y,Y,Y,Y,Y,N,,N,50,7:00 AM - 5:00 PM,7:00 AM - 5:00 PM,7:00 AM - 5:00 PM,7:00 AM - 5:00 PM,7:00 AM - 5:00 PM,No Information Available,No Information Available,33.0,33.0,32.0,32.0,32.0,32.0,32.0,32.0,32.0,32.0,32.0,32.0,32.0,32.0,,,,,,county_70,,,,,,,,Initial Application,,,,,Post-Preliminary Inspection,Renewal Application,,KID013A,KID013B,,SSRS,,
1773,1,Licensed,N,N,Y,N,N,Y,N,,N,30,2:00 PM - 6:00 PM,2:00 PM - 6:00 PM,2:00 PM - 6:00 PM,2:00 PM - 6:00 PM,2:00 PM - 6:00 PM,No Information Available,No Information Available,,,,,,,,,,,,,,15.0,,15.0,,,,county_31,,,,,,,,Initial Application,,,,,Post-Preliminary Inspection,,,,KID013B,,SSRS,,
924,4,Licensed,Y,Y,N,Y,Y,N,N,,Y,80,8:00 AM - 3:00 PM,8:00 AM - 3:00 PM,8:00 AM - 3:00 PM,8:00 AM - 3:00 PM,No Information Available,No Information Available,No Information Available,,,,,,,,,,,,,,,,,,,,county_20,,,Change of Location,,Change of Service,Change of Space/Change in Capacity,,,Investigation,,,,,Renewal Application,KID013,KID013A,KID013B,DMS,SSRS,,
1355,4,Licensed,Y,N,N,Y,N,N,N,,Y,19,7:30 AM - 3:30 PM,7:30 AM - 3:30 PM,7:30 AM - 3:30 PM,7:30 AM - 3:30 PM,No Information Available,No Information Available,No Information Available,,,,,,,,,,,,,,,,,,,,county_70,,,Change of Location,,,Change of Space/Change in Capacity,,,Investigation,,,,,Renewal Application,KID013,KID013A,KID013B,,SSRS,,
1730,4,Licensed,Y,N,N,Y,N,,N,,Y,49,8:00 AM - 3:00 PM,8:00 AM - 3:00 PM,8:00 AM - 3:00 PM,8:00 AM - 3:00 PM,No Information Available,No Information Available,No Information Available,,,,,,,,,,,,,,,,,,,,county_20,,,,,,Change of Space/Change in Capacity,Follow-up,Initial Application,Investigation,,,,Post-Preliminary Inspection,Renewal Application,,KID013A,KID013B,,SSRS,,
1446,1,Licensed,N,N,N,Y,N,Y,N,,N,20,7:00 AM - 4:00 PM,7:00 AM - 4:00 PM,7:00 AM - 4:00 PM,7:00 AM - 4:00 PM,7:00 AM - 4:00 PM,No Information Available,No Information Available,,,,,,,20.0,,20.0,,20.0,,,,,,,,,county_20,,,,,,,,Initial Application,,,,,Post-Preliminary Inspection,Renewal Application,,KID013A,KID013B,DMS,SSRS,,
1583,1,Licensed,N,Y,Y,Y,Y,Y,N,,N,87,6:00 AM - 6:00 PM,6:00 AM - 6:00 PM,6:00 AM - 6:00 PM,6:00 AM - 6:00 PM,6:00 AM - 6:00 PM,No Information Available,No Information Available,30.0,31.67,30.0,31.67,30.0,31.67,29.0,31.67,29.0,31.67,29.0,31.67,29.0,31.67,29.0,31.67,29.0,31.67,,county_20,,,,,,Change of Space/Change in Capacity,,Initial Application,Investigation,,,,Post-Preliminary Inspection,Renewal Application,,KID013A,KID013B,,SSRS,,
979,5,Licensed,Y,N,N,Y,N,N,N,,Y,40,other,other,other,other,No Information Available,No Information Available,No Information Available,,,,,,,,,,,,,,,,,,,,county_19,,,,,,Change of Space/Change in Capacity,,,Investigation,,,,,Renewal Application,KID013,KID013A,KID013B,DMS,SSRS,,
500,5,Licensed,N,Y,Y,Y,N,Y,N,N,Y,51,6:30 AM - 5:30 PM,6:30 AM - 5:30 PM,6:30 AM - 5:30 PM,6:30 AM - 5:30 PM,6:30 AM - 5:30 PM,No Information Available,No Information Available,,,,,,,30.0,30.0,30.0,30.0,30.0,30.0,30.0,20.0,30.0,20.0,30.0,20.0,,county_19,,,,,Change of Service,Change of Space/Change in Capacity,,,Investigation,,,,,Renewal Application,KID013,KID013A,KID013B,,SSRS,,
1341,4,Licensed,N,N,Y,N,N,Y,N,,Y,16,6:00 AM - 5:00 PM,6:00 AM - 5:00 PM,6:00 AM - 5:00 PM,6:00 AM - 5:00 PM,6:00 AM - 5:00 PM,No Information Available,No Information Available,,,,,,,,,,,,,20.0,14.0,20.0,14.0,,,,county_19,,,,,,Change of Space/Change in Capacity,,Initial Application,,,,,Post-Preliminary Inspection,Renewal Application,KID013,KID013A,KID013B,,SSRS,,
1366,4,Licensed,N,Y,Y,Y,Y,Y,N,,Y,81,6:00 AM - 5:00 PM,6:00 AM - 5:00 PM,6:00 AM - 5:00 PM,6:00 AM - 5:00 PM,6:00 AM - 5:00 PM,No Information Available,No Information Available,40.0,33.0,40.0,33.0,40.0,33.0,36.0,27.0,36.0,27.0,36.0,27.0,,,,,,,,county_19,,,,Change of Ownership,,Change of Space/Change in Capacity,,,Investigation,,Monitoring (DPOC),,Post-Preliminary Inspection,Renewal Application,KID013,KID013A,KID013B,,SSRS,,
496,5,Licensed,N,Y,Y,Y,Y,,N,,Y,29,other,other,other,other,other,No Information Available,No Information Available,,,,,,,,,,,,,,,,,,,,county_19,,,,,,,,Initial Application,,,,,Post-Preliminary Inspection,Renewal Application,KID013,KID013A,KID013B,,SSRS,,
1117,5,Licensed,N,Y,N,Y,Y,,N,,Y,36,other,other,other,other,other,No Information Available,No Information Available,,,,,,,,,,,,,,,,,,,,county_19,,,,,,Change of Space/Change in Capacity,,Initial Application,Investigation,,,,Post-Preliminary Inspection,Renewal Application,,KID013A,KID013B,,SSRS,,
569,5,Licensed,Y,Y,N,Y,Y,Y,N,Y,Y,256,7:00 AM - 4:30 PM,7:00 AM - 4:30 PM,7:00 AM - 4:30 PM,7:00 AM - 4:30 PM,7:00 AM - 4:30 PM,No Information Available,No Information Available,34.0,31.0,34.0,31.0,34.0,31.0,32.0,29.0,32.0,29.0,32.0,29.0,,,,,,,,county_11,,,,,Change of Service,Change of Space/Change in Capacity,Follow-up,,Investigation,,,,,Renewal Application,KID013,KID013A,KID013B,,SSRS,,
147,1,Licensed,N,N,N,Y,N,N,N,N,Y,60,other,other,other,other,other,No Information Available,No Information Available,,,,,,,,,,,,,,,,,,,,county_11,,,,,,Change of Space/Change in Capacity,Follow-up,,,,,,,Renewal Application,KID013,KID013A,KID013B,,SSRS,,
816,1,Licensed,N,Y,Y,Y,Y,Y,N,N,Y,99,5:30 AM - 5:30 PM,5:30 AM - 5:30 PM,5:30 AM - 5:30 PM,5:30 AM - 5:30 PM,5:30 AM - 5:30 PM,No Information Available,No Information Available,35.0,,35.0,,33.0,,33.0,,33.0,,33.0,,30.0,,29.0,,,,,county_11,,,,,Change of Service,,Follow-up,,Investigation,,Monitoring (DPOC),,,Renewal Application,KID013,KID013A,KID013B,DMS,SSRS,,
764,5,Licensed,N,Y,Y,Y,Y,Y,N,N,Y,83,6:30 AM - 5:00 PM,6:30 AM - 5:00 PM,6:30 AM - 5:00 PM,6:30 AM - 5:00 PM,6:30 AM - 5:00 PM,No Information Available,No Information Available,29.0,,29.0,,29.0,,28.0,26.0,28.0,26.0,28.0,26.0,28.0,24.0,28.0,24.0,28.0,24.0,,county_70,,Change of Hours,,,Change of Service,,,,Investigation,,,,,Renewal Application,KID013,KID013A,KID013B,DMS,SSRS,,
1926,3,Licensed,N,Y,Y,Y,Y,Y,N,N,Y,115,7:00 AM - 5:00 PM,7:00 AM - 5:00 PM,7:00 AM - 5:00 PM,7:00 AM - 5:00 PM,7:00 AM - 5:00 PM,No Information Available,No Information Available,34.0,51.6,34.0,51.6,34.0,51.6,33.0,50.0,33.0,50.0,33.0,50.0,,,,,,,,county_11,,,,,,,Follow-up,,Investigation,,Monitoring (DPOC),,,Renewal Application,KID013,KID013A,KID013B,DMS,SSRS,,
1304,4,Licensed,N,Y,Y,Y,Y,Y,N,N,Y,120,6:30 AM - 5:30 PM,6:30 AM - 5:30 PM,6:30 AM - 5:30 PM,6:30 AM - 5:30 PM,6:30 AM - 5:30 PM,No Information Available,No Information Available,38.0,38.0,38.0,38.0,38.0,38.0,38.0,38.0,38.0,38.0,38.0,38.0,,,,,,,,county_11,,,,,,,Follow-up,,Investigation,,,,Post-Preliminary Inspection,Renewal Application,KID013,KID013A,KID013B,,SSRS,,
223,2,Licensed,N,N,Y,N,N,Y,N,N,Y,99,other,other,other,other,other,No Information Available,No Information Available,,,,,,,,,,,,11.0,,11.0,,11.0,,,,county_11,,Change of Hours,,,,Change of Space/Change in Capacity,Follow-up,,Investigation,,,,,Renewal Application,KID013,KID013A,KID013B,,SSRS,,
694,2,Licensed,N,N,Y,N,N,Y,N,N,Y,200,other,other,other,other,other,No Information Available,No Information Available,,,,,,,,,,,,11.0,,11.0,,11.0,,,,county_11,,Change of Hours,,,,Change of Space/Change in Capacity,Follow-up,,Investigation,,,,,Renewal Application,KID013,KID013A,KID013B,,SSRS,,
1009,2,Licensed,Y,N,Y,N,N,Y,N,N,Y,200,2:30 PM - 6:00 PM,2:30 PM - 6:00 PM,2:30 PM - 6:00 PM,2:30 PM - 6:00 PM,2:30 PM - 6:00 PM,No Information Available,No Information Available,,,,,,,,,,,,,20.0,11.0,20.0,11.0,,,,county_11,,,Change of Location,,Change of Service,Change of Space/Change in Capacity,,,,,,,,Renewal Application,KID013,KID013A,KID013B,DMS,SSRS,,
1244,2,Certified,N,N,N,N,N,Y,N,N,,6,6:00 AM - 12:00 AM,6:00 AM - 12:00 AM,6:00 AM - 12:00 AM,6:00 AM - 12:00 AM,6:00 AM - 12:00 AM,No Information Available,No Information Available,24.0,19.0,24.0,19.0,24.0,19.0,27.0,19.0,27.0,19.0,27.0,19.0,27.0,19.0,27.0,19.0,27.0,19.0,,county_11,Annual Inspection,,,,,,Follow-up,,Investigation,,,,,Renewal Application,KID013,KID013A,KID013B,,SSRS,,
962,3,Certified,N,N,N,N,N,Y,N,N,,6,other,other,other,other,other,other,other,25.0,12.5,25.0,12.5,25.0,12.5,25.0,12.5,25.0,12.5,25.0,12.5,25.0,12.5,25.0,12.5,25.0,12.5,,county_11,Annual Inspection,Change of Hours,,,,,Follow-up,,Investigation,,Monitoring (DPOC),,,Renewal Application,KID013,KID013A,KID013B,,SSRS,,
403,4,Certified,N,N,N,N,N,Y,N,N,,6,other,other,other,other,other,No Information Available,No Information Available,24.0,19.0,24.0,19.0,24.0,19.0,27.0,19.0,27.0,19.0,27.0,19.0,27.0,19.0,27.0,19.0,27.0,19.0,,county_11,Annual Inspection,,,,,,Follow-up,,Investigation,,,,,Renewal Application,KID013,KID013A,KID013B,,SSRS,,
1225,4,Licensed,Y,Y,Y,Y,N,Y,N,Y,Y,70,5:30 AM - 5:30 PM,5:30 AM - 5:30 PM,5:30 AM - 5:30 PM,5:30 AM - 5:30 PM,5:30 AM - 5:30 PM,No Information Available,No Information Available,,,36.0,31.0,36.0,31.0,34.0,31.0,34.0,31.0,34.0,31.0,31.0,31.0,31.0,31.0,,,,county_11,,,,,Change of Service,,,,Investigation,,,,,Renewal Application,KID013,KID013A,KID013B,DMS,SSRS,,
1644,2,Certified,N,N,N,N,N,Y,N,N,,6,other,other,other,other,other,No Information Available,No Information Available,25.0,20.0,25.0,20.0,25.0,20.0,25.0,20.0,25.0,20.0,25.0,20.0,25.0,20.0,25.0,20.0,25.0,20.0,,county_11,Annual Inspection,,,,,,Follow-up,,,,,,,Renewal Application,KID013,KID013A,KID013B,DMS,SSRS,,
1770,2,Licensed,Y,Y,Y,Y,N,Y,N,N,Y,201,5:30 AM - 6:00 PM,5:30 AM - 6:00 PM,5:30 AM - 6:00 PM,5:30 AM - 6:00 PM,5:30 AM - 6:00 PM,No Information Available,No Information Available,,,,,,,,,,,,,,11.0,,11.0,,,,county_11,,,Change of Location,,,Change of Space/Change in Capacity,,,Investigation,,Monitoring (DPOC),,,Renewal Application,KID013,KID013A,KID013B,DMS,SSRS,,
319,3,Licensed,N,Y,N,N,Y,Y,N,Y,Y,17,5:30 AM - 5:30 PM,5:30 AM - 5:30 PM,5:30 AM - 5:30 PM,5:30 AM - 5:30 PM,5:30 AM - 5:30 PM,No Information Available,No Information Available,36.0,31.0,36.0,31.0,,,,,,,,,,,,,,,,county_11,,,,,,Change of Space/Change in Capacity,Follow-up,,Investigation,,,,,Renewal Application,KID013,KID013A,KID013B,,SSRS,,
964,1,Licensed,Y,Y,Y,Y,Y,Y,N,N,Y,129,5:30 AM - 5:30 PM,5:30 AM - 5:30 PM,5:30 AM - 5:30 PM,5:30 AM - 5:30 PM,5:30 AM - 5:30 PM,No Information Available,No Information Available,27.0,20.0,27.0,20.0,27.0,20.0,27.0,20.0,27.0,20.0,27.0,20.0,27.0,20.0,27.0,20.0,27.0,20.0,,county_11,,,Change of Location,,,Change of Space/Change in Capacity,Follow-up,,Investigation,,,,,Renewal Application,KID013,KID013A,KID013B,DMS,SSRS,,
1130,5,Licensed,N,Y,Y,Y,Y,Y,N,Y,Y,53,6:00 AM - 5:30 PM,6:00 AM - 5:30 PM,6:00 AM - 5:30 PM,6:00 AM - 5:30 PM,6:00 AM - 5:30 PM,No Information Available,No Information Available,40.0,40.0,40.0,40.0,40.0,40.0,38.0,38.0,38.0,38.0,38.0,38.0,35.0,35.0,35.0,35.0,35.0,35.0,,county_11,,,,,,Change of Space/Change in Capacity,,,Investigation,,,,,Renewal Application,KID013,KID013A,KID013B,,SSRS,,
1509,3,Licensed,Y,Y,Y,Y,Y,Y,N,,Y,47,6:00 AM - 6:00 PM,6:00 AM - 6:00 PM,6:00 AM - 6:00 PM,6:00 AM - 6:00 PM,6:00 AM - 6:00 PM,No Information Available,No Information Available,35.0,35.0,35.0,35.0,35.0,35.0,35.0,35.0,35.0,35.0,35.0,35.0,35.0,35.0,35.0,35.0,,,,county_11,,,Change of Location,,Change of Service,,Follow-up,Initial Application,Investigation,,Monitoring (DPOC),,,Renewal Application,KID013,KID013A,KID013B,DMS,SSRS,,
1743,4,Licensed,Y,Y,Y,Y,Y,Y,N,,Y,78,7:00 AM - 5:00 PM,7:00 AM - 5:00 PM,7:00 AM - 5:00 PM,7:00 AM - 5:00 PM,7:00 AM - 5:00 PM,No Information Available,No Information Available,37.0,37.0,37.0,37.0,37.0,37.0,37.0,37.0,35.0,35.0,35.0,35.0,32.0,32.0,32.0,32.0,37.0,37.0,,county_11,,,,Change of Ownership,,,Follow-up,,Investigation,,,,Post-Preliminary Inspection,Renewal Application,KID013,KID013A,KID013B,DMS,SSRS,,
33,3,Licensed,N,Y,Y,Y,Y,Y,N,,Y,50,other,other,other,other,other,No Information Available,No Information Available,28.0,26.0,26.0,24.0,24.0,22.0,22.0,20.0,20.0,18.0,20.0,18.0,16.0,14.0,16.0,14.0,,,,county_11,,,,,,Change of Space/Change in Capacity,Follow-up,Initial Application,Investigation,,,,Post-Preliminary Inspection,Renewal Application,KID013,KID013A,KID013B,,SSRS,,
1284,2,Licensed,N,N,Y,N,N,Y,N,,Y,99,2:30 PM - 5:30 PM,2:30 PM - 5:30 PM,2:30 PM - 5:30 PM,2:30 PM - 5:30 PM,2:30 PM - 5:30 PM,No Information Available,No Information Available,,,,,,,,,,,,11.0,,11.0,,11.0,,11.0,,county_11,,,,,,Change of Space/Change in Capacity,Follow-up,Initial Application,Investigation,,,,Post-Preliminary Inspection,Renewal Application,KID013,KID013A,KID013B,,SSRS,,
541,1,Licensed,N,N,Y,N,N,Y,N,,Y,99,other,other,other,other,other,No Information Available,No Information Available,,,,,,,,,,,,,11.0,11.0,11.0,11.0,,,,county_11,,,,,,Change of Space/Change in Capacity,,Initial Application,Investigation,,,,Post-Preliminary Inspection,Renewal Application,KID013,KID013A,KID013B,DMS,SSRS,,
838,2,Licensed,N,Y,Y,Y,Y,Y,N,,N,37,5:30 AM - 12:00 AM,5:30 AM - 12:00 AM,5:30 AM - 12:00 AM,5:30 AM - 12:00 AM,5:30 AM - 12:00 AM,No Information Available,No Information Available,34.0,31.0,34.0,31.0,34.0,31.0,32.0,29.0,32.0,29.0,32.0,29.0,29.0,29.0,29.0,29.0,,,,county_11,,,,,,Change of Space/Change in Capacity,Follow-up,Initial Application,Investigation,,,,Post-Preliminary Inspection,Renewal Application,,KID013A,KID013B,DMS,SSRS,,
1529,3,Licensed,N,Y,N,Y,Y,Y,N,,Y,36,7:00 AM - 5:00 PM,7:00 AM - 5:00 PM,7:00 AM - 5:00 PM,7:00 AM - 5:00 PM,7:00 AM - 5:00 PM,No Information Available,No Information Available,35.0,35.0,35.0,35.0,35.0,35.0,35.0,35.0,35.0,35.0,35.0,35.0,,,,,,,,county_11,,,,,,,Follow-up,Initial Application,Investigation,,,,Post-Preliminary Inspection,Renewal Application,,KID013A,KID013B,,SSRS,,
882,4,Licensed,Y,N,Y,Y,N,Y,N,,Y,60,6:00 AM - 6:00 PM,6:00 AM - 6:00 PM,6:00 AM - 6:00 PM,6:00 AM - 6:00 PM,6:00 AM - 6:00 PM,No Information Available,No Information Available,,,,,,,35.0,35.0,35.0,35.0,35.0,35.0,35.0,35.0,35.0,35.0,,,,county_11,,,,,Change of Service,Change of Space/Change in Capacity,Follow-up,Initial Application,Investigation,,,,Post-Preliminary Inspection,Renewal Application,,KID013A,KID013B,DMS,SSRS,,
1183,1,Licensed,Y,N,Y,N,N,Y,N,,Y,300,other,other,other,other,other,No Information Available,No Information Available,,,,,,,,,,,,,,11.0,,11.0,,11.0,,county_11,,,,,Change of Service,Change of Space/Change in Capacity,,Initial Application,Investigation,,,,Post-Preliminary Inspection,Renewal Application,,KID013A,KID013B,DMS,SSRS,,
149,1,Licensed,Y,N,N,Y,N,,N,,N,40,6:00 AM - 5:30 PM,6:00 AM - 5:30 PM,6:00 AM - 5:30 PM,6:00 AM - 5:30 PM,6:00 AM - 5:30 PM,No Information Available,No Information Available,,,,,,,,,,,,,,,,,,,,county_11,,,,,Change of Service,,Follow-up,Initial Application,Investigation,,,,Post-Preliminary Inspection,Renewal Application,,KID013A,KID013B,DMS,,,
1158,5,Licensed,N,Y,N,Y,Y,Y,N,Y,N,8,7:30 AM - 5:00 PM,7:30 AM - 5:00 PM,7:30 AM - 5:00 PM,7:30 AM - 5:00 PM,7:30 AM - 5:00 PM,No Information Available,No Information Available,34.0,31.0,34.0,31.0,34.0,31.0,32.0,29.0,32.0,29.0,32.0,29.0,,,,,,,,county_11,,,,,,,,Initial Application,Investigation,,,,Post-Preliminary Inspection,Renewal Application,,KID013A,KID013B,DMS,SSRS,,
1702,1,Licensed,N,N,Y,N,N,Y,N,,N,99,2:30 PM - 6:00 PM,2:30 PM - 6:00 PM,2:30 PM - 6:00 PM,2:30 PM - 6:00 PM,2:30 PM - 6:00 PM,No Information Available,No Information Available,,,,,,,,,,,,,,11.0,,11.0,,,,county_11,,,,,,Change of Space/Change in Capacity,,Initial Application,,,,,Post-Preliminary Inspection,Renewal Application,,KID013A,KID013B,,SSRS,,
323,1,Licensed,N,Y,Y,Y,Y,Y,N,,N,40,other,other,other,other,other,other,No Information Available,38.0,,38.0,,37.0,,37.0,,35.0,,35.0,,32.0,,32.0,,,,,county_11,,Change of Hours,,,,,Follow-up,Initial Application,Investigation,,,,Post-Preliminary Inspection,Renewal Application,,KID013A,KID013B,DMS,SSRS,,
815,1,Licensed,Y,N,Y,N,N,Y,N,,N,40,6:00 AM - 6:00 PM,6:00 AM - 6:00 PM,6:00 AM - 6:00 PM,6:00 AM - 6:00 PM,6:00 AM - 6:00 PM,No Information Available,No Information Available,,,,,,,,,35.0,35.0,35.0,35.0,35.0,35.0,35.0,35.0,35.0,35.0,,county_11,,,,,,,Follow-up,Initial Application,,,,,Post-Preliminary Inspection,,,,KID013B,DMS,,,
1002,1,Licensed,N,Y,Y,Y,Y,Y,N,,N,68,5:30 AM - 6:00 PM,5:30 AM - 6:00 PM,5:30 AM - 6:00 PM,5:30 AM - 6:00 PM,5:30 AM - 6:00 PM,No Information Available,No Information Available,36.0,22.0,36.0,22.0,34.0,21.0,32.0,20.0,32.0,20.0,32.0,20.0,30.0,18.0,30.0,18.0,,,,county_11,,,,Change of Ownership,,,,,Investigation,,,,Post-Preliminary Inspection,,,,KID013B,DMS,,,
17,1,Licensed,N,Y,Y,Y,N,Y,N,,Y,21,6:30 AM - 5:00 PM,6:30 AM - 5:00 PM,6:30 AM - 5:00 PM,6:30 AM - 5:00 PM,6:30 AM - 5:00 PM,No Information Available,No Information Available,,,31.0,25.0,32.0,25.0,29.0,21.0,29.0,21.0,29.0,21.0,29.0,21.0,29.0,21.0,29.0,21.0,,county_11,,,,,Change of Service,,Follow-up,Initial Application,Investigation,,,,Post-Preliminary Inspection,,,,KID013B,,SSRS,,
1263,3,Licensed,Y,Y,Y,Y,Y,Y,N,N,Y,364,7:00 AM - 6:00 PM,7:00 AM - 6:00 PM,7:00 AM - 6:00 PM,7:00 AM - 6:00 PM,7:00 AM - 6:00 PM,No Information Available,No Information Available,54.0,,53.0,,52.0,,51.0,,51.0,,51.0,,,,,,,,,county_21,,,,,Change of Service,,Follow-up,,Investigation,Monitoring,Monitoring (DPOC),,,Renewal Application,KID013,KID013A,KID013B,,SSRS,,
1298,3,Licensed,N,Y,N,Y,Y,Y,N,Y,Y,135,6:30 AM - 6:00 PM,6:30 AM - 6:00 PM,6:30 AM - 6:00 PM,6:30 AM - 6:00 PM,6:30 AM - 6:00 PM,No Information Available,No Information Available,125.0,95.0,125.0,95.0,110.0,85.0,100.0,75.0,95.0,75.0,95.0,75.0,,,,,,,,county_21,,,,,,,Follow-up,,Investigation,,,,,Renewal Application,KID013,KID013A,KID013B,DMS,SSRS,,
1866,1,Licensed,N,Y,N,Y,Y,Y,N,Y,Y,136,6:30 AM - 6:00 PM,6:30 AM - 6:00 PM,6:30 AM - 6:00 PM,6:30 AM - 6:00 PM,6:30 AM - 6:00 PM,No Information Available,No Information Available,100.0,75.0,100.0,75.0,90.0,70.0,80.0,60.0,80.0,60.0,80.0,60.0,,,,,,,,county_21,,,,,Change of Service,,Follow-up,,Investigation,,,,,Renewal Application,KID013,KID013A,KID013B,,SSRS,,
385,3,Licensed,N,Y,N,Y,Y,Y,N,N,Y,99,7:00 AM - 6:00 PM,7:00 AM - 6:00 PM,7:00 AM - 6:00 PM,7:00 AM - 6:00 PM,7:00 AM - 6:00 PM,No Information Available,No Information Available,72.0,,72.0,,72.0,,72.0,,72.0,,72.0,,72.0,,72.0,,72.0,,,county_21,,,,,,Change of Space/Change in Capacity,,,Investigation,,Monitoring (DPOC),,,Renewal Application,KID013,KID013A,KID013B,,SSRS,,
1372,1,Licensed,Y,Y,N,Y,N,Y,N,,N,49,other,other,other,other,other,other,other,,27.84,,27.84,,27.84,,27.84,,27.84,,27.84,,,,,,,,county_21,,,,,Change of Service,Change of Space/Change in Capacity,,,,,,,,Renewal Application,KID013,KID013A,KID013B,,SSRS,,
1547,1,Licensed,N,Y,Y,Y,Y,Y,N,,Y,217,7:30 AM - 5:00 PM,7:30 AM - 5:00 PM,7:30 AM - 5:00 PM,7:30 AM - 5:00 PM,7:30 AM - 5:00 PM,No Information Available,No Information Available,62.5,30.0,62.5,30.0,62.5,30.0,62.5,30.0,62.5,30.0,69.5,43.5,,,,,,,,county_21,,,,,Change of Service,Change of Space/Change in Capacity,Follow-up,,Investigation,,,,,Renewal Application,KID013,KID013A,KID013B,,SSRS,,
1843,4,Licensed,N,Y,N,Y,Y,Y,N,Y,Y,246,7:00 AM - 6:00 PM,7:00 AM - 6:00 PM,7:00 AM - 6:00 PM,7:00 AM - 6:00 PM,7:00 AM - 6:00 PM,No Information Available,No Information Available,82.0,82.0,79.0,79.0,77.0,77.0,73.0,73.0,73.0,73.0,73.0,73.0,73.0,73.0,,,,,,county_21,,Change of Hours,,,Change of Service,Change of Space/Change in Capacity,Follow-up,,Investigation,,Monitoring (DPOC),,,Renewal Application,KID013,KID013A,KID013B,,SSRS,,
232,1,Licensed,Y,Y,Y,Y,N,Y,N,N,Y,183,other,other,other,other,other,No Information Available,No Information Available,,,,,,,39.84,,39.84,,39.84,,60.0,,60.0,,,,,county_21,,,,,Change of Service,Change of Space/Change in Capacity,Follow-up,,Investigation,,,,,Renewal Application,KID013,KID013A,KID013B,,SSRS,,
1791,3,Licensed,Y,N,Y,Y,N,Y,N,N,Y,218,7:00 AM - 6:00 PM,7:00 AM - 6:00 PM,7:00 AM - 6:00 PM,7:00 AM - 6:00 PM,7:00 AM - 6:00 PM,No Information Available,No Information Available,,,,,,,,,35.0,16.6,35.0,16.6,,,35.0,16.6,35.0,16.6,,county_21,,,,,,,Follow-up,,Investigation,,,,,Renewal Application,KID013,KID013A,KID013B,,SSRS,,
837,3,Licensed,Y,N,Y,Y,N,Y,N,N,Y,99,2:30 PM - 6:00 PM,2:30 PM - 6:00 PM,2:30 PM - 6:00 PM,2:30 PM - 6:00 PM,2:30 PM - 6:00 PM,No Information Available,No Information Available,,,,,,,,,35.0,16.6,35.0,16.6,,,35.0,16.6,35.0,16.6,,county_21,,,,,Change of Service,,,,Investigation,,,,,Renewal Application,KID013,KID013A,KID013B,,SSRS,,
1761,3,Licensed,Y,N,Y,Y,N,Y,N,N,Y,90,7:00 AM - 6:00 PM,7:00 AM - 6:00 PM,7:00 AM - 6:00 PM,7:00 AM - 6:00 PM,7:00 AM - 6:00 PM,No Information Available,No Information Available,,,,,,,,,35.0,18.2,35.0,18.2,,,35.0,18.2,35.0,18.2,,county_21,,,,,Change of Service,,Follow-up,,Investigation,,,,,Renewal Application,KID013,KID013A,KID013B,,SSRS,,
906,1,Licensed,N,Y,Y,Y,Y,Y,N,N,Y,106,6:30 AM - 6:00 PM,6:30 AM - 6:00 PM,6:30 AM - 6:00 PM,6:30 AM - 6:00 PM,6:30 AM - 6:00 PM,No Information Available,No Information Available,53.2,37.2,49.8,34.8,49.8,34.8,42.6,29.8,42.6,29.8,42.6,29.8,32.8,23.0,32.8,23.0,,,,county_21,,,,,Change of Service,,Follow-up,,Investigation,,,,,Renewal Application,KID013,KID013A,KID013B,,SSRS,,
1419,5,Licensed,Y,Y,Y,Y,Y,Y,N,N,Y,127,7:00 AM - 6:00 PM,7:00 AM - 6:00 PM,7:00 AM - 6:00 PM,7:00 AM - 6:00 PM,7:00 AM - 6:00 PM,No Information Available,No Information Available,50.0,25.0,50.0,25.0,50.0,25.0,44.0,25.0,44.0,25.0,44.0,25.0,35.0,18.0,35.0,18.0,35.0,18.0,,county_21,,,,,,,,,Investigation,,,,,Renewal Application,KID013,KID013A,KID013B,,SSRS,,
1514,1,Licensed,Y,Y,Y,Y,Y,N,N,,N,286,8:00 AM - 5:00 PM,8:00 AM - 5:00 PM,8:00 AM - 5:00 PM,8:00 AM - 5:00 PM,8:00 AM - 5:00 PM,No Information Available,No Information Available,,,,,,,,,,,,,,,,,,,,county_21,,,,,Change of Service,Change of Space/Change in Capacity,,,,,,,,Renewal Application,KID013,KID013A,KID013B,,SSRS,,
509,1,Licensed,N,Y,Y,Y,Y,Y,N,,N,400,7:30 AM - 5:30 PM,7:30 AM - 5:30 PM,7:30 AM - 5:30 PM,7:30 AM - 5:30 PM,7:30 AM - 5:30 PM,No Information Available,No Information Available,78.94,47.3,75.74,45.21,69.98,43.7,62.43,36.14,68.38,53.32,68.38,53.32,,,,,,,,county_21,,,,,,,Follow-up,,Investigation,,,,,Renewal Application,KID013,KID013A,KID013B,,SSRS,,
1147,1,Licensed,N,Y,Y,Y,N,Y,N,Y,Y,171,7:30 AM - 6:00 PM,7:30 AM - 6:00 PM,7:30 AM - 6:00 PM,7:30 AM - 6:00 PM,7:30 AM - 6:00 PM,No Information Available,No Information Available,,,,,81.39,62.69,81.39,62.69,81.39,62.69,81.39,62.69,,50.0,,50.0,,,,county_21,,,,,,Change of Space/Change in Capacity,,,Investigation,,,,,Renewal Application,KID013,KID013A,KID013B,,SSRS,,
129,1,Licensed,Y,N,Y,Y,N,Y,N,Y,N,170,other,other,other,other,other,No Information Available,No Information Available,,,,,62.0,40.0,54.75,32.75,54.75,32.75,57.53,35.53,57.53,35.53,,,,,,county_21,,,,,Change of Service,Change of Space/Change in Capacity,,,Investigation,,,,,Renewal Application,KID013,KID013A,KID013B,,SSRS,,
1489,1,Licensed,N,Y,N,Y,N,Y,N,N,N,166,8:00 AM - 5:00 PM,8:00 AM - 5:00 PM,8:00 AM - 5:00 PM,8:00 AM - 5:00 PM,8:00 AM - 5:00 PM,No Information Available,No Information Available,,,33.0,28.5,33.0,28.5,28.0,21.0,28.0,21.0,31.0,,,,,,,,,county_21,,,,,,Change of Space/Change in Capacity,Follow-up,,Investigation,,,,,Renewal Application,KID013,KID013A,KID013B,,SSRS,,
745,1,Licensed,Y,Y,Y,Y,Y,Y,N,,N,160,8:00 AM - 3:00 PM,8:00 AM - 3:00 PM,8:00 AM - 3:00 PM,8:00 AM - 3:00 PM,8:00 AM - 3:00 PM,No Information Available,No Information Available,79.0,51.0,79.0,51.0,79.0,51.0,71.0,43.0,71.0,43.0,61.0,46.0,,,,,,,,county_21,,,,,Change of Service,Change of Space/Change in Capacity,,,Investigation,,,,,Renewal Application,KID013,KID013A,KID013B,DMS,SSRS,,
958,3,Licensed,Y,N,Y,Y,N,Y,N,N,Y,294,7:00 AM - 6:00 PM,7:00 AM - 6:00 PM,7:00 AM - 6:00 PM,7:00 AM - 6:00 PM,7:00 AM - 6:00 PM,No Information Available,No Information Available,,,,,,,,,35.0,16.6,35.0,16.6,,,35.0,16.6,35.0,16.6,,county_21,,,,,Change of Service,,Follow-up,,,,,,,Renewal Application,KID013,KID013A,KID013B,DMS,SSRS,,
1410,3,Licensed,Y,N,Y,Y,N,Y,N,N,Y,150,7:00 AM - 6:00 PM,7:00 AM - 6:00 PM,7:00 AM - 6:00 PM,7:00 AM - 6:00 PM,7:00 AM - 6:00 PM,No Information Available,No Information Available,,,,,,,,,35.0,18.2,35.0,18.2,,,35.0,18.2,35.0,18.2,,county_21,,,,,Change of Service,,Follow-up,,Investigation,,,,,Renewal Application,KID013,KID013A,KID013B,DMS,SSRS,,
1093,1,Licensed,Y,Y,Y,Y,N,Y,N,N,N,169,7:30 AM - 6:00 PM,7:30 AM - 6:00 PM,7:30 AM - 6:00 PM,7:30 AM - 6:00 PM,7:30 AM - 6:00 PM,No Information Available,No Information Available,,,,50.55,66.55,50.55,50.38,34.38,50.38,34.38,55.7,35.7,50.0,18.0,50.0,18.0,,,,county_66,,,,,,,,,Investigation,,,,,Renewal Application,KID013,KID013A,KID013B,DMS,SSRS,,
66,1,Licensed,N,N,Y,Y,N,Y,N,N,Y,113,8:00 AM - 5:00 PM,8:00 AM - 5:00 PM,8:00 AM - 5:00 PM,8:00 AM - 5:00 PM,8:00 AM - 5:00 PM,No Information Available,No Information Available,,,,,36.0,18.0,36.0,18.0,36.0,18.0,36.0,18.0,18.0,6.0,18.0,6.0,,,,county_21,,,Change of Location,,,Change of Space/Change in Capacity,,,Investigation,,,,,Renewal Application,KID013,KID013A,KID013B,DMS,SSRS,,
1777,3,Licensed,Y,N,Y,Y,N,Y,N,N,Y,149,7:00 AM - 6:00 PM,7:00 AM - 6:00 PM,7:00 AM - 6:00 PM,7:00 AM - 6:00 PM,7:00 AM - 6:00 PM,No Information Available,No Information Available,,,,,,,,,35.0,18.2,35.0,18.2,,,35.0,18.2,35.0,18.2,,county_21,,,,,Change of Service,,Follow-up,,Investigation,,,,,Renewal Application,KID013,KID013A,KID013B,DMS,SSRS,,
807,3,Licensed,Y,N,Y,Y,N,Y,N,N,Y,200,7:00 AM - 6:00 PM,7:00 AM - 6:00 PM,7:00 AM - 6:00 PM,7:00 AM - 6:00 PM,7:00 AM - 6:00 PM,No Information Available,No Information Available,,,,,,,,,35.0,16.6,35.0,16.6,,,35.0,16.6,35.0,16.6,,county_21,,,,,,Change of Space/Change in Capacity,Follow-up,,Investigation,,Monitoring (DPOC),,,Renewal Application,KID013,KID013A,KID013B,DMS,SSRS,,
878,1,Licensed,Y,N,Y,Y,N,Y,N,,Y,132,7:15 AM - 6:00 PM,7:15 AM - 6:00 PM,7:15 AM - 6:00 PM,7:15 AM - 6:00 PM,7:15 AM - 6:00 PM,No Information Available,No Information Available,,,,,,,28.25,,28.25,,28.25,,,13.9,,13.9,,,,county_21,,,,,,Change of Space/Change in Capacity,,,Investigation,,,,,Renewal Application,KID013,KID013A,KID013B,,SSRS,,
1838,3,Licensed,Y,N,Y,Y,N,Y,N,N,Y,254,7:00 AM - 6:00 PM,7:00 AM - 6:00 PM,7:00 AM - 6:00 PM,7:00 AM - 6:00 PM,7:00 AM - 6:00 PM,No Information Available,No Information Available,,,,,,,,,35.0,18.2,35.0,18.2,,,35.0,18.2,35.0,18.2,,county_21,,,Change of Location,,Change of Service,,Follow-up,,Investigation,,,,,Renewal Application,KID013,KID013A,KID013B,,SSRS,,
1508,1,Licensed,Y,N,Y,Y,N,Y,N,N,Y,222,7:00 AM - 6:00 PM,7:00 AM - 6:00 PM,7:00 AM - 6:00 PM,7:00 AM - 6:00 PM,7:00 AM - 6:00 PM,No Information Available,No Information Available,,,,,,,,,28.0,17.0,28.0,17.0,28.0,17.0,28.0,17.0,28.0,17.0,,county_66,,Change of Hours,,,Change of Service,,Follow-up,,,,,,,Renewal Application,KID013,KID013A,KID013B,,SSRS,,
364,1,Licensed,N,Y,Y,Y,Y,Y,N,N,Y,123,7:30 AM - 4:30 PM,7:30 AM - 4:30 PM,7:30 AM - 4:30 PM,7:30 AM - 4:30 PM,7:30 AM - 4:30 PM,No Information Available,No Information Available,28.6,28.6,27.4,27.4,27.4,27.4,24.2,24.2,24.2,24.2,2.0,2.0,22.0,22.0,22.0,22.0,,,,county_21,,,,,Change of Service,,Follow-up,,Investigation,,Monitoring (DPOC),,,Renewal Application,KID013,KID013A,KID013B,DMS,SSRS,,
1010,1,Licensed,Y,N,Y,Y,N,Y,N,N,Y,200,other,other,other,other,other,No Information Available,No Information Available,,,,,,,,,32.0,18.0,32.0,18.0,32.0,18.0,32.0,18.0,,,,county_66,,,,,,Change of Space/Change in Capacity,,,Investigation,,,,,Renewal Application,KID013,KID013A,KID013B,,SSRS,,
397,1,Licensed,N,N,Y,Y,N,N,N,,Y,213,2:45 PM - 6:00 PM,2:45 PM - 6:00 PM,2:45 PM - 6:00 PM,2:45 PM - 6:00 PM,No Information Available,No Information Available,No Information Available,,,,,,,,,,,,,,,,,,,,county_21,,,,,,Change of Space/Change in Capacity,,,Investigation,,,,,Renewal Application,KID013,KID013A,KID013B,,SSRS,,
1445,3,Licensed,Y,Y,Y,Y,Y,Y,N,N,Y,89,6:00 AM - 6:00 PM,6:00 AM - 6:00 PM,6:00 AM - 6:00 PM,6:00 AM - 6:00 PM,6:00 AM - 6:00 PM,No Information Available,No Information Available,47.0,47.0,47.0,47.0,47.0,47.0,41.0,41.0,41.0,34.0,41.0,34.0,37.0,32.0,37.0,32.0,,,,county_21,,,,,,,Follow-up,,Investigation,,,,,Renewal Application,KID013,KID013A,KID013B,,SSRS,,
1331,3,Licensed,Y,N,Y,Y,N,Y,N,N,Y,200,7:00 AM - 6:00 PM,7:00 AM - 6:00 PM,7:00 AM - 6:00 PM,7:00 AM - 6:00 PM,7:00 AM - 6:00 PM,No Information Available,No Information Available,,,,,,,,,35.0,16.6,35.0,16.6,,,35.0,16.6,35.0,16.6,,county_21,,,,,Change of Service,,Follow-up,,Investigation,,,,,Renewal Application,KID013,KID013A,KID013B,DMS,SSRS,,
667,3,Licensed,Y,Y,Y,Y,Y,Y,N,N,Y,149,7:00 AM - 5:00 PM,7:00 AM - 5:00 PM,7:00 AM - 5:00 PM,7:00 AM - 5:00 PM,7:00 AM - 5:00 PM,No Information Available,No Information Available,47.0,43.0,47.0,43.0,47.0,43.0,41.0,34.0,41.0,34.0,41.0,34.0,37.0,32.0,37.0,32.0,37.0,32.0,,county_21,,,,,Change of Service,,Follow-up,,Investigation,Monitoring,,,,Renewal Application,KID013,KID013A,KID013B,,SSRS,,
1757,1,Licensed,N,Y,N,Y,N,Y,N,N,Y,343,7:15 AM - 6:00 PM,7:15 AM - 6:00 PM,7:15 AM - 6:00 PM,7:15 AM - 6:00 PM,7:15 AM - 6:00 PM,No Information Available,No Information Available,,,60.47,51.57,60.19,51.3,,47.86,56.74,47.86,,,,,,,,,,county_21,,,,,,Change of Space/Change in Capacity,,,Investigation,,,,,Renewal Application,KID013,KID013A,KID013B,DMS,SSRS,,
1675,3,Licensed,Y,N,Y,Y,N,Y,N,N,Y,150,7:00 AM - 6:00 PM,7:00 AM - 6:00 PM,7:00 AM - 6:00 PM,7:00 AM - 6:00 PM,7:00 AM - 6:00 PM,No Information Available,No Information Available,,,,,,,,,35.0,16.6,35.0,16.6,,,35.0,16.6,35.0,16.6,,county_21,,,,,Change of Service,,Follow-up,,,,,,,Renewal Application,KID013,KID013A,KID013B,DMS,SSRS,,
1671,5,Licensed,Y,Y,Y,Y,Y,Y,N,N,Y,99,7:30 AM - 5:00 PM,7:30 AM - 5:00 PM,7:30 AM - 5:00 PM,7:30 AM - 5:00 PM,7:30 AM - 5:00 PM,No Information Available,No Information Available,50.0,50.0,50.0,50.0,50.0,50.0,44.0,44.0,44.0,44.0,44.0,44.0,39.0,34.0,39.0,34.0,39.0,34.0,,county_21,,,,,,,Follow-up,,Investigation,,,,,Renewal Application,KID013,KID013A,KID013B,,SSRS,,
342,1,Licensed,N,Y,Y,Y,Y,Y,N,Y,Y,171,7:00 AM - 6:00 PM,7:00 AM - 6:00 PM,7:00 AM - 6:00 PM,7:00 AM - 6:00 PM,7:00 AM - 6:00 PM,No Information Available,No Information Available,84.05,84.05,81.43,81.43,77.67,77.67,73.1,73.1,73.1,73.1,73.1,73.1,73.1,73.1,,,,,,county_21,,,,,,Change of Space/Change in Capacity,,,Investigation,,,,,Renewal Application,KID013,KID013A,KID013B,DMS,SSRS,,
1377,1,Licensed,Y,N,Y,Y,N,Y,N,N,Y,160,other,other,other,other,other,No Information Available,No Information Available,,,,,,,38.86,,38.86,,,16.46,,16.46,,16.46,,16.46,,county_21,,,,,,Change of Space/Change in Capacity,,,Investigation,,,,,Renewal Application,KID013,KID013A,KID013B,DMS,SSRS,,
1149,1,Licensed,N,Y,N,Y,N,N,N,,N,155,other,other,other,other,other,No Information Available,No Information Available,,,,,,,,,,,,,,,,,,,,county_21,,,,,,Change of Space/Change in Capacity,Follow-up,,Investigation,,,,,Renewal Application,KID013,KID013A,KID013B,,SSRS,,
973,1,Licensed,Y,Y,Y,Y,Y,Y,N,N,Y,165,7:30 AM - 6:00 PM,7:30 AM - 6:00 PM,7:30 AM - 6:00 PM,7:30 AM - 6:00 PM,7:30 AM - 6:00 PM,No Information Available,No Information Available,77.0,,76.0,,65.0,,65.0,,65.0,,65.0,,65.0,,65.0,,,,,county_21,,,,,Change of Service,Change of Space/Change in Capacity,,,Investigation,,,,,Renewal Application,KID013,KID013A,KID013B,DMS,SSRS,,
1369,4,Certified,N,N,N,N,N,Y,N,N,,6,other,other,other,other,other,other,other,36.0,31.0,36.0,31.0,36.0,31.0,34.0,31.0,34.0,31.0,34.0,31.0,28.0,26.0,28.0,26.0,28.0,26.0,,county_21,Annual Inspection,,,,,,Follow-up,,,,,,,Renewal Application,KID013,KID013A,KID013B,DMS,SSRS,,
1532,3,Certified,N,N,N,N,N,Y,N,N,,6,other,other,other,other,other,other,other,36.0,31.0,36.0,31.0,36.0,31.0,34.0,31.0,34.0,31.0,34.0,31.0,28.0,26.0,28.0,26.0,28.0,26.0,,county_21,Annual Inspection,,,,,,,,Investigation,,,,,Renewal Application,KID013,KID013A,KID013B,DMS,SSRS,,
599,1,Certified,N,N,N,N,N,Y,N,,,6,6:30 AM - 5:00 PM,6:30 AM - 5:00 PM,6:30 AM - 5:00 PM,6:30 AM - 5:00 PM,6:30 AM - 5:00 PM,No Information Available,No Information Available,65.0,65.0,65.0,65.0,65.0,65.0,65.0,65.0,65.0,65.0,65.0,65.0,65.0,65.0,65.0,65.0,65.0,65.0,,county_21,Annual Inspection,,,,,,,,,,,,,Renewal Application,KID013,KID013A,KID013B,,SSRS,,
160,1,Certified,N,N,N,N,N,Y,N,,,6,other,other,other,other,No Information Available,No Information Available,No Information Available,45.0,,45.0,,45.0,,45.0,,45.0,,,,,,,,,,,county_21,Annual Inspection,,,,,,Follow-up,,,,,,,Renewal Application,KID013,KID013A,KID013B,,SSRS,,
192,1,Licensed,Y,N,Y,Y,N,Y,N,N,Y,200,7:00 AM - 6:00 PM,7:00 AM - 6:00 PM,7:00 AM - 6:00 PM,7:00 AM - 6:00 PM,7:00 AM - 6:00 PM,No Information Available,No Information Available,,,,,,,,,,,,,32.0,18.0,32.0,18.0,,,,county_66,,,,,,,Follow-up,,Investigation,Monitoring,Monitoring (DPOC),,,Renewal Application,KID013,KID013A,KID013B,,SSRS,,
225,1,Licensed,Y,Y,Y,Y,N,N,N,,Y,248,7:00 AM - 6:00 PM,7:00 AM - 6:00 PM,7:00 AM - 6:00 PM,7:00 AM - 6:00 PM,7:00 AM - 6:00 PM,No Information Available,No Information Available,,,,,,,,,,,,,,,,,,,,county_21,,,,,,Change of Space/Change in Capacity,Follow-up,,Investigation,,,,,Renewal Application,KID013,KID013A,KID013B,DMS,SSRS,,
1652,1,Licensed,N,Y,Y,Y,Y,Y,Y,,Y,180,7:00 AM - 6:00 PM,7:00 AM - 6:00 PM,7:00 AM - 6:00 PM,7:00 AM - 6:00 PM,7:00 AM - 6:00 PM,No Information Available,No Information Available,80.4,,78.4,,71.2,,68.4,,68.4,,68.4,,,,,,,,On-going | On-going,county_21,,,,,Change of Service,,Follow-up,,Investigation,Monitoring,Monitoring (DPOC),,,Renewal Application,KID013,KID013A,KID013B,DMS,SSRS,Adverse Action,Directed Plan of Correction
690,5,Licensed,Y,Y,Y,Y,Y,Y,N,N,Y,40,6:00 AM - 11:30 PM,6:00 AM - 11:30 PM,6:00 AM - 11:30 PM,6:00 AM - 11:30 PM,6:00 AM - 11:30 PM,No Information Available,No Information Available,50.0,45.0,50.0,45.0,50.0,45.0,41.0,35.0,41.0,35.0,37.0,32.0,37.0,32.0,37.0,32.0,37.0,32.0,,county_21,,,Change of Location,,,,,,Investigation,,,,,Renewal Application,KID013,KID013A,KID013B,DMS,SSRS,,
301,3,Licensed,Y,Y,Y,Y,Y,Y,N,N,Y,111,other,other,other,other,other,No Information Available,No Information Available,47.0,43.0,47.0,43.0,47.0,43.0,41.0,34.0,41.0,34.0,41.0,34.0,37.0,32.0,37.0,32.0,,,,county_21,,,,,,,Follow-up,,Investigation,,,,,Renewal Application,KID013,KID013A,KID013B,DMS,SSRS,,
413,3,Licensed,Y,N,Y,Y,N,Y,N,N,Y,99,7:00 AM - 6:00 PM,7:00 AM - 6:00 PM,7:00 AM - 6:00 PM,7:00 AM - 6:00 PM,7:00 AM - 6:00 PM,No Information Available,No Information Available,,,,,,,,,35.0,18.2,35.0,18.2,,,35.0,18.2,35.0,18.2,,county_21,,,,,Change of Service,,,,Investigation,,,,,Renewal Application,KID013,KID013A,KID013B,,SSRS,,
1028,4,Licensed,N,Y,Y,Y,Y,Y,N,N,Y,60,7:30 AM - 5:30 PM,7:30 AM - 5:30 PM,7:30 AM - 5:30 PM,7:30 AM - 5:30 PM,7:30 AM - 5:30 PM,No Information Available,No Information Available,52.0,48.0,52.0,48.0,52.0,48.0,43.0,36.0,43.0,36.0,43.0,34.0,39.0,34.0,,,,,,county_21,,,,,,Change of Space/Change in Capacity,Follow-up,,Investigation,,,,,Renewal Application,KID013,KID013A,KID013B,DMS,SSRS,,
98,1,Licensed,N,N,Y,Y,N,N,N,N,Y,129,other,other,other,other,other,No Information Available,No Information Available,,,,,,,,,,,,,,,,,,,,county_21,,,Change of Location,,,Change of Space/Change in Capacity,Follow-up,,,,,,,Renewal Application,KID013,KID013A,KID013B,,SSRS,,
471,1,Licensed,Y,Y,Y,Y,Y,Y,N,N,Y,117,7:30 AM - 5:00 PM,7:30 AM - 5:00 PM,7:30 AM - 5:00 PM,7:30 AM - 5:00 PM,7:30 AM - 5:00 PM,No Information Available,No Information Available,53.0,,49.0,,49.0,,46.0,,46.0,,46.0,,43.0,,43.0,,43.0,,,county_21,,,,,,Change of Space/Change in Capacity,,,Investigation,,,,,Renewal Application,KID013,KID013A,KID013B,,SSRS,,
1878,1,Licensed,N,Y,Y,Y,Y,Y,N,N,Y,25,6:00 AM - 7:00 PM,6:00 AM - 7:00 PM,6:00 AM - 7:00 PM,6:00 AM - 7:00 PM,6:00 AM - 7:00 PM,No Information Available,No Information Available,47.0,43.0,47.0,43.0,47.0,43.0,41.0,34.0,41.0,34.0,41.0,34.0,37.0,32.0,37.0,32.0,37.0,32.0,,county_21,,Change of Hours,,,,,Follow-up,,Investigation,,,,,Renewal Application,KID013,KID013A,KID013B,DMS,SSRS,,
1384,1,Licensed,N,Y,Y,Y,Y,Y,N,N,Y,33,other,other,other,other,other,other,other,70.0,60.0,70.0,60.0,70.0,60.0,59.0,57.0,59.0,57.0,59.0,57.0,56.0,55.0,56.0,55.0,56.0,55.0,,county_21,,,Change of Location,,,,Follow-up,,Investigation,,Monitoring (DPOC),,,Renewal Application,KID013,KID013A,KID013B,DMS,SSRS,,
203,1,Licensed,Y,N,N,Y,N,,N,,Y,90,7:30 AM - 6:00 PM,7:30 AM - 6:00 PM,7:30 AM - 6:00 PM,7:30 AM - 6:00 PM,7:30 AM - 6:00 PM,No Information Available,No Information Available,,,,,,,,,,,,,,,,,,,,county_21,,,,,,Change of Space/Change in Capacity,Follow-up,,,,,,,Renewal Application,KID013,KID013A,KID013B,,SSRS,,
1319,1,Licensed,N,N,N,Y,N,,N,,Y,57,7:30 AM - 3:00 PM,7:30 AM - 3:00 PM,7:30 AM - 3:00 PM,7:30 AM - 3:00 PM,7:30 AM - 3:00 PM,No Information Available,No Information Available,,,,,,,,,,,,,,,,,,,,county_21,,,,,,Change of Space/Change in Capacity,,,,,,,,Renewal Application,KID013,KID013A,KID013B,,SSRS,,
375,1,Licensed,Y,Y,Y,Y,Y,Y,N,,Y,21,6:00 AM - 12:00 AM,6:00 AM - 12:00 AM,6:00 AM - 12:00 AM,6:00 AM - 12:00 AM,6:00 AM - 12:00 AM,No Information Available,No Information Available,30.0,21.0,30.0,21.0,30.0,21.0,27.0,22.0,27.0,22.0,27.0,22.0,27.0,22.0,27.0,22.0,27.0,22.0,,county_21,,,,,Change of Service,,Follow-up,,,,,,,Renewal Application,KID013,KID013A,KID013B,DMS,SSRS,,
523,1,Licensed,Y,Y,Y,Y,Y,Y,N,N,Y,39,6:00 AM - 6:00 PM,6:00 AM - 6:00 PM,6:00 AM - 6:00 PM,6:00 AM - 6:00 PM,6:00 AM - 6:00 PM,No Information Available,No Information Available,41.0,,41.0,,41.0,,41.0,,41.0,,41.0,25.0,41.0,25.0,41.0,25.0,41.0,25.0,,county_21,,,,,Change of Service,Change of Space/Change in Capacity,,,Investigation,,Monitoring (DPOC),,,Renewal Application,KID013,KID013A,KID013B,,SSRS,,
1594,1,Licensed,N,Y,N,Y,Y,Y,N,N,Y,173,7:00 AM - 5:30 PM,7:00 AM - 5:30 PM,7:00 AM - 5:30 PM,7:00 AM - 5:30 PM,7:00 AM - 5:30 PM,No Information Available,No Information Available,69.6,,69.6,,69.6,,66.6,,66.6,,,,,,,,,,,county_21,,,,,,Change of Space/Change in Capacity,Follow-up,,Investigation,,,,,Renewal Application,KID013,KID013A,KID013B,,SSRS,,
503,1,Licensed,N,Y,Y,Y,N,Y,N,,Y,147,7:00 AM - 5:30 PM,7:00 AM - 5:30 PM,7:00 AM - 5:30 PM,7:00 AM - 5:30 PM,7:00 AM - 5:30 PM,No Information Available,No Information Available,,,,,38.22,23.97,37.22,23.25,37.22,23.25,37.22,23.25,,,,,,,,county_21,,,Change of Location,,,Change of Space/Change in Capacity,,,Investigation,,,,,Renewal Application,KID013,KID013A,KID013B,,SSRS,,
1893,3,Licensed,Y,N,Y,Y,N,Y,N,,Y,100,7:00 AM - 6:00 PM,7:00 AM - 6:00 PM,7:00 AM - 6:00 PM,7:00 AM - 6:00 PM,7:00 AM - 6:00 PM,No Information Available,No Information Available,,,,,,,,,35.0,16.6,35.0,16.6,,,35.0,16.6,35.0,16.6,,county_21,,,,,,Change of Space/Change in Capacity,Follow-up,,Investigation,,,,,Renewal Application,KID013,KID013A,KID013B,,SSRS,,
224,1,Licensed,N,Y,N,Y,Y,Y,N,,N,40,7:30 AM - 6:00 PM,7:30 AM - 6:00 PM,7:30 AM - 6:00 PM,7:30 AM - 6:00 PM,7:30 AM - 6:00 PM,No Information Available,No Information Available,96.0,,77.5,,60.0,,60.0,,,,,,,,,,,,,county_21,,,Change of Location,,,Change of Space/Change in Capacity,Follow-up,Initial Application,Investigation,,,,,Renewal Application,KID013,KID013A,KID013B,DMS,SSRS,,
735,3,Certified,N,N,N,N,N,Y,N,,,6,7:00 AM - 5:00 PM,7:00 AM - 5:00 PM,7:00 AM - 5:00 PM,7:00 AM - 5:00 PM,7:00 AM - 5:00 PM,No Information Available,No Information Available,39.0,39.0,38.0,38.0,37.0,37.0,39.0,39.0,38.0,38.0,37.0,37.0,39.0,39.0,38.0,38.0,37.0,37.0,,county_21,Annual Inspection,,,,,,Follow-up,Initial Application,,,,,,Renewal Application,KID013,KID013A,KID013B,DMS,SSRS,,
290,3,Licensed,Y,Y,Y,Y,Y,Y,N,,Y,77,6:00 AM - 12:00 AM,6:00 AM - 12:00 AM,6:00 AM - 12:00 AM,6:00 AM - 12:00 AM,6:00 AM - 12:00 AM,other,No Information Available,47.0,43.0,47.0,43.0,47.0,43.0,41.0,34.0,41.0,34.0,41.0,34.0,37.0,32.0,37.0,32.0,37.0,32.0,,county_21,,Change of Hours,Change of Location,,Change of Service,Change of Space/Change in Capacity,Follow-up,Initial Application,Investigation,,,,,Renewal Application,KID013,KID013A,KID013B,,SSRS,,
972,1,Licensed,N,Y,Y,Y,Y,Y,N,,Y,57,7:00 AM - 5:30 PM,7:00 AM - 5:30 PM,7:00 AM - 5:30 PM,7:00 AM - 5:30 PM,7:00 AM - 5:30 PM,No Information Available,No Information Available,60.0,,57.0,,55.0,,53.0,,53.0,,53.0,,53.0,,,,,,,county_21,,,,,Change of Service,Change of Space/Change in Capacity,Follow-up,Initial Application,Investigation,,,,,Renewal Application,KID013,KID013A,KID013B,DMS,SSRS,,
1438,1,Certified,N,N,N,N,N,Y,N,,,6,other,other,other,other,other,No Information Available,No Information Available,36.0,31.0,36.0,31.0,36.0,31.0,34.0,31.0,34.0,31.0,34.0,31.0,28.0,26.0,28.0,26.0,28.0,26.0,,county_21,Annual Inspection,,,,,,Follow-up,Initial Application,Investigation,,,,,Renewal Application,KID013,KID013A,KID013B,DMS,SSRS,,
1486,4,Licensed,N,Y,Y,Y,Y,Y,N,,Y,29,7:30 AM - 5:00 PM,7:30 AM - 5:00 PM,7:30 AM - 5:00 PM,7:30 AM - 5:00 PM,7:30 AM - 5:00 PM,No Information Available,No Information Available,47.0,43.0,47.0,43.0,47.0,43.0,41.0,34.0,41.0,34.0,41.0,34.0,37.0,32.0,37.0,32.0,37.0,32.0,,county_21,,,,,Change of Service,,Follow-up,Initial Application,,,,,,Renewal Application,KID013,KID013A,KID013B,DMS,SSRS,,
1202,3,Licensed,Y,N,Y,Y,N,Y,N,,Y,119,7:00 AM - 6:00 PM,7:00 AM - 6:00 PM,7:00 AM - 6:00 PM,7:00 AM - 6:00 PM,7:00 AM - 6:00 PM,No Information Available,No Information Available,,,,,,,,,35.0,18.2,35.0,18.2,,,35.0,18.2,35.0,18.2,,county_21,,,,,Change of Service,,Follow-up,Initial Application,Investigation,,,,Post-Preliminary Inspection,Renewal Application,KID013,KID013A,KID013B,DMS,SSRS,,
1126,1,Certified,N,N,N,N,N,Y,N,,,6,6:00 AM - 5:00 PM,6:00 AM - 5:00 PM,6:00 AM - 5:00 PM,6:00 AM - 5:00 PM,6:00 AM - 5:00 PM,No Information Available,No Information Available,36.0,31.0,36.0,31.0,36.0,31.0,34.0,31.0,34.0,31.0,34.0,31.0,28.0,26.0,28.0,26.0,28.0,26.0,,county_21,Annual Inspection,,Change of Location,,,,,Initial Application,Investigation,,,,,Renewal Application,KID013,KID013A,KID013B,DMS,SSRS,,
23,3,Licensed,N,Y,Y,Y,Y,Y,N,,Y,23,6:00 AM - 10:00 PM,6:00 AM - 10:00 PM,6:00 AM - 10:00 PM,6:00 AM - 10:00 PM,6:00 AM - 10:00 PM,No Information Available,No Information Available,47.0,43.0,47.0,43.0,47.0,43.0,41.0,34.0,41.0,34.0,41.0,34.0,37.0,32.0,37.0,32.0,37.0,32.0,,county_21,,,,,Change of Service,,Follow-up,Initial Application,Investigation,,Monitoring (DPOC),,Post-Preliminary Inspection,Renewal Application,KID013,KID013A,KID013B,,SSRS,,
1623,3,Licensed,N,Y,N,Y,Y,Y,N,,Y,100,7:00 AM - 6:00 PM,7:00 AM - 6:00 PM,7:00 AM - 6:00 PM,7:00 AM - 6:00 PM,7:00 AM - 6:00 PM,No Information Available,No Information Available,49.6,54.0,47.8,52.0,44.8,49.0,41.8,47.0,41.8,47.0,,,,,,,,,,county_21,,,,,,,Follow-up,Initial Application,Investigation,,Monitoring (DPOC),,Post-Preliminary Inspection,Renewal Application,KID013,KID013A,KID013B,,SSRS,,
526,1,Licensed,N,Y,Y,Y,Y,Y,N,,Y,40,6:00 AM - 6:00 PM,6:00 AM - 6:00 PM,6:00 AM - 6:00 PM,6:00 AM - 6:00 PM,6:00 AM - 6:00 PM,No Information Available,No Information Available,50.0,40.0,50.0,40.0,40.0,40.0,25.0,20.0,25.0,20.0,25.0,20.0,25.0,20.0,25.0,20.0,,,,county_21,,,,,,,Follow-up,Initial Application,Investigation,,Monitoring (DPOC),,Post-Preliminary Inspection,Renewal Application,KID013,KID013A,KID013B,DMS,SSRS,,
572,1,Licensed,N,Y,N,Y,Y,Y,N,,Y,159,7:00 AM - 6:00 PM,7:00 AM - 6:00 PM,7:00 AM - 6:00 PM,7:00 AM - 6:00 PM,7:00 AM - 6:00 PM,No Information Available,No Information Available,82.4,,63.0,39.2,63.0,39.2,63.0,39.2,63.0,39.2,63.0,39.2,,,,,,,,county_21,,,,,Change of Service,,,Initial Application,Investigation,,,,Post-Preliminary Inspection,Renewal Application,KID013,KID013A,KID013B,,SSRS,,
751,3,Licensed,Y,N,Y,Y,N,Y,N,,Y,113,7:00 AM - 6:00 PM,7:00 AM - 6:00 PM,7:00 AM - 6:00 PM,7:00 AM - 6:00 PM,7:00 AM - 6:00 PM,No Information Available,No Information Available,,,,,,,,,35.0,18.2,35.0,18.2,,,35.0,18.2,35.0,18.2,,county_21,,,,,,,Follow-up,Initial Application,,,,,Post-Preliminary Inspection,Renewal Application,,KID013A,KID013B,,SSRS,,
407,1,Licensed,N,Y,Y,Y,N,Y,N,,Y,60,other,other,other,other,other,No Information Available,No Information Available,,,,,48.0,,48.0,,45.0,,45.0,,45.0,,,,,,,county_21,,,Change of Location,,Change of Service,,,Initial Application,Investigation,,,,Post-Preliminary Inspection,Renewal Application,,KID013A,KID013B,,SSRS,,
151,1,Certified,N,N,N,N,N,Y,N,,,6,other,other,other,other,other,other,other,50.0,40.0,50.0,40.0,50.0,40.0,50.0,40.0,50.0,40.0,50.0,40.0,50.0,40.0,50.0,40.0,50.0,40.0,,county_21,Annual Inspection,Change of Hours,,,,,,Initial Application,Investigation,,Monitoring (DPOC),,,Renewal Application,,KID013A,KID013B,DMS,SSRS,,
1666,1,Licensed,Y,Y,Y,Y,Y,Y,N,,N,125,other,other,other,other,other,No Information Available,No Information Available,58.0,48.0,58.0,48.0,58.0,48.0,48.0,38.0,48.0,38.0,48.0,38.0,42.0,42.0,42.0,42.0,42.0,42.0,,county_21,,,,,Change of Service,,,Initial Application,Investigation,,,,Post-Preliminary Inspection,Renewal Application,,KID013A,KID013B,,SSRS,,
836,1,Licensed,N,Y,Y,Y,N,Y,N,,Y,22,other,other,other,other,No Information Available,No Information Available,No Information Available,,,88.0,44.0,88.0,44.0,88.0,44.0,88.0,44.0,88.0,44.0,88.0,44.0,,,,,,county_66,,Change of Hours,,,Change of Service,Change of Space/Change in Capacity,,Initial Application,,,,,Post-Preliminary Inspection,Renewal Application,,KID013A,KID013B,DMS,SSRS,,
1765,1,Licensed,N,Y,N,Y,Y,Y,N,,Y,91,7:00 AM - 5:00 PM,7:00 AM - 5:00 PM,7:00 AM - 5:00 PM,7:00 AM - 5:00 PM,7:00 AM - 5:00 PM,No Information Available,No Information Available,55.0,,55.0,,51.0,,45.0,,45.0,,45.0,,45.0,,,,,,,county_21,,,,,,,,Initial Application,Investigation,,Monitoring (DPOC),,Post-Preliminary Inspection,Renewal Application,,KID013A,KID013B,DMS,SSRS,,
814,1,Licensed,Y,N,Y,Y,N,,N,,Y,19,7:00 AM - 6:00 PM,7:00 AM - 6:00 PM,7:00 AM - 6:00 PM,7:00 AM - 6:00 PM,7:00 AM - 6:00 PM,No Information Available,No Information Available,,,,,,,,,,,,,,,,,,,,county_21,,,,,Change of Service,,,Initial Application,,,,,Post-Preliminary Inspection,Renewal Application,,KID013A,KID013B,DMS,SSRS,,
1836,1,Licensed,N,Y,N,Y,Y,Y,N,,N,65,7:30 AM - 5:00 PM,7:30 AM - 5:00 PM,7:30 AM - 5:00 PM,7:30 AM - 5:00 PM,7:30 AM - 5:00 PM,No Information Available,No Information Available,47.0,43.0,47.0,43.0,47.0,43.0,41.0,34.0,41.0,34.0,41.0,34.0,,,,,,,,county_21,,,,,,,,Initial Application,Investigation,,Monitoring (DPOC),,Post-Preliminary Inspection,Renewal Application,,KID013A,KID013B,,SSRS,,
1864,1,Licensed,Y,Y,N,Y,Y,Y,N,,N,26,6:00 AM - 6:00 PM,6:00 AM - 6:00 PM,6:00 AM - 6:00 PM,6:00 AM - 6:00 PM,6:00 AM - 6:00 PM,No Information Available,No Information Available,47.0,43.0,47.0,43.0,47.0,43.0,41.0,34.0,41.0,34.0,41.0,34.0,,,,,,,,county_21,,,,,Change of Service,,,Initial Application,Investigation,,,,Post-Preliminary Inspection,Renewal Application,,KID013A,KID013B,DMS,SSRS,,
363,1,Licensed,N,Y,Y,Y,Y,Y,N,,Y,20,7:00 AM - 5:30 PM,7:00 AM - 5:30 PM,7:00 AM - 5:30 PM,7:00 AM - 5:30 PM,7:00 AM - 5:30 PM,No Information Available,No Information Available,50.0,40.0,50.0,40.0,50.0,40.0,45.0,32.0,45.0,32.0,45.0,32.0,37.0,30.0,37.0,30.0,37.0,30.0,,county_21,,,,,,,,Initial Application,Investigation,,,,Post-Preliminary Inspection,Renewal Application,,KID013A,KID013B,DMS,SSRS,,
321,1,Certified,N,N,N,N,N,Y,N,,,6,7:00 AM - 5:00 PM,7:00 AM - 5:00 PM,7:00 AM - 5:00 PM,7:00 AM - 5:00 PM,7:00 AM - 5:00 PM,No Information Available,No Information Available,30.0,15.0,25.0,12.5,25.0,12.5,25.0,12.5,25.0,12.5,25.0,12.5,25.0,12.5,25.0,12.5,25.0,12.5,,county_21,Annual Inspection,,,,,,,Initial Application,Investigation,,,,,Renewal Application,,KID013A,KID013B,,SSRS,,
1381,1,Licensed,N,Y,N,Y,Y,,N,,N,114,6:30 AM - 6:00 PM,6:30 AM - 6:00 PM,6:30 AM - 6:00 PM,6:30 AM - 6:00 PM,6:30 AM - 6:00 PM,No Information Available,No Information Available,,,,,,,,,,,,,,,,,,,,county_21,,,,,,,,Initial Application,Investigation,,,,Post-Preliminary Inspection,Renewal Application,,KID013A,KID013B,,SSRS,,
1916,1,Licensed,Y,Y,N,Y,Y,Y,N,,Y,101,6:30 AM - 6:00 PM,6:30 AM - 6:00 PM,6:30 AM - 6:00 PM,6:30 AM - 6:00 PM,6:30 AM - 6:00 PM,No Information Available,No Information Available,65.8,,59.8,,59.8,,59.8,,59.8,,59.8,,,,,,,,,county_66,,,,,,,,Initial Application,Investigation,,,,Post-Preliminary Inspection,Renewal Application,,KID013A,KID013B,,SSRS,,
1397,1,Licensed,N,Y,N,Y,Y,Y,N,,N,54,7:00 AM - 5:30 PM,7:00 AM - 5:30 PM,7:00 AM - 5:30 PM,7:00 AM - 5:30 PM,7:00 AM - 5:30 PM,No Information Available,No Information Available,47.0,47.0,47.0,47.0,47.0,47.0,45.0,45.0,45.0,45.0,45.0,45.0,,,,,,,,county_21,,,,Change of Ownership,,,,,Investigation,,,,Post-Preliminary Inspection,Renewal Application,,KID013A,KID013B,DMS,SSRS,,
717,4,Licensed,N,Y,N,Y,Y,Y,N,,N,53,other,other,other,other,other,No Information Available,No Information Available,47.0,24.0,47.0,24.0,47.0,24.0,40.0,20.0,40.0,20.0,40.0,20.0,,,,,,,,county_21,,,,,Change of Service,Change of Space/Change in Capacity,,Initial Application,,,,,Post-Preliminary Inspection,Renewal Application,,KID013A,KID013B,DMS,SSRS,,
1533,1,Certified,N,N,N,N,N,Y,N,,,6,6:00 AM - 6:00 PM,6:00 AM - 6:00 PM,6:00 AM - 6:00 PM,6:00 AM - 6:00 PM,6:00 AM - 6:00 PM,No Information Available,No Information Available,36.0,31.0,36.0,31.0,36.0,31.0,34.0,31.0,34.0,31.0,34.0,31.0,28.0,26.0,28.0,26.0,28.0,26.0,,county_21,Annual Inspection,,,,,,,Initial Application,Investigation,,,,,Renewal Application,,KID013A,KID013B,,SSRS,,
1,1,Licensed,N,N,Y,Y,N,Y,N,,N,65,7:00 AM - 6:00 PM,7:00 AM - 6:00 PM,7:00 AM - 6:00 PM,7:00 AM - 6:00 PM,7:00 AM - 6:00 PM,No Information Available,No Information Available,,,,,,,36.0,18.0,36.0,18.0,36.0,18.0,36.0,18.0,36.0,18.0,36.0,18.0,,county_21,,Change of Hours,Change of Location,,,Change of Space/Change in Capacity,,Initial Application,Investigation,,,,Post-Preliminary Inspection,Renewal Application,,KID013A,KID013B,DMS,SSRS,,
1374,5,Licensed,N,N,Y,Y,N,Y,N,,N,172,8:00 AM - 5:00 PM,8:00 AM - 5:00 PM,8:00 AM - 5:00 PM,8:00 AM - 5:00 PM,8:00 AM - 5:00 PM,No Information Available,No Information Available,,,,,,,50.0,50.0,50.0,50.0,50.0,50.0,,,,,,,,county_21,,,,,,Change of Space/Change in Capacity,,Initial Application,Investigation,,,,Post-Preliminary Inspection,Renewal Application,,KID013A,KID013B,,SSRS,,
905,1,Licensed,Y,Y,N,Y,Y,Y,N,,Y,186,7:00 AM - 6:00 PM,7:00 AM - 6:00 PM,7:00 AM - 6:00 PM,7:00 AM - 6:00 PM,7:00 AM - 6:00 PM,No Information Available,No Information Available,72.6,,70.0,,64.6,,62.0,,62.0,,,,,,,,,,,county_21,,,,,Change of Service,Change of Space/Change in Capacity,,Initial Application,Investigation,Monitoring,Monitoring (DPOC),,Post-Preliminary Inspection,Renewal Application,,KID013A,KID013B,,SSRS,,
1224,1,Licensed,N,Y,N,Y,Y,Y,N,,N,96,7:30 AM - 5:00 PM,7:30 AM - 5:00 PM,7:30 AM - 5:00 PM,7:30 AM - 5:00 PM,7:30 AM - 5:00 PM,No Information Available,No Information Available,47.0,30.0,47.0,30.0,47.0,30.0,41.0,27.0,41.0,27.0,,,,,,,,,,county_21,,,,,,,,Initial Application,Investigation,,,,Post-Preliminary Inspection,Renewal Application,,KID013A,KID013B,,SSRS,,
1857,1,Certified,N,N,N,N,N,Y,N,,,6,6:00 AM - 10:00 PM,6:00 AM - 10:00 PM,6:00 AM - 10:00 PM,6:00 AM - 10:00 PM,6:00 AM - 10:00 PM,No Information Available,No Information Available,36.0,31.0,36.0,31.0,36.0,31.0,34.0,31.0,34.0,31.0,34.0,31.0,28.0,26.0,28.0,26.0,28.0,26.0,,county_21,Annual Inspection,Change of Hours,,,,,,Initial Application,,,,,,Renewal Application,,KID013A,KID013B,,SSRS,,
1475,1,Licensed,Y,N,Y,Y,N,Y,N,,N,18,7:00 AM - 5:00 PM,7:00 AM - 5:00 PM,7:00 AM - 5:00 PM,7:00 AM - 5:00 PM,7:00 AM - 5:00 PM,No Information Available,No Information Available,,,,,,,41.0,34.0,41.0,34.0,41.0,34.0,37.0,30.0,37.0,30.0,37.0,30.0,,county_21,,,,,Change of Service,,Follow-up,Initial Application,Investigation,,,,Post-Preliminary Inspection,Renewal Application,,KID013A,KID013B,,SSRS,,
1107,1,Certified,N,N,N,N,N,Y,N,,,6,other,other,other,other,other,No Information Available,No Information Available,36.0,31.0,36.0,31.0,36.0,31.0,34.0,31.0,34.0,31.0,34.0,31.0,28.0,26.0,28.0,26.0,28.0,26.0,,county_21,Annual Inspection,Change of Hours,Change of Location,,,,,Initial Application,Investigation,,,,,Renewal Application,,KID013A,KID013B,DMS,SSRS,,
1053,1,Certified,N,N,N,N,N,Y,N,,,6,6:00 AM - 6:00 PM,6:00 AM - 6:00 PM,6:00 AM - 6:00 PM,6:00 AM - 6:00 PM,6:00 AM - 6:00 PM,No Information Available,No Information Available,39.0,34.0,37.0,32.0,35.0,30.0,35.0,30.0,35.0,30.0,,,,,,,,,,county_21,Annual Inspection,,,,,,,Initial Application,,,,,,Renewal Application,,KID013A,KID013B,,SSRS,,
681,1,Licensed,N,Y,N,Y,Y,Y,N,,N,113,7:00 AM - 6:00 PM,7:00 AM - 6:00 PM,7:00 AM - 6:00 PM,7:00 AM - 6:00 PM,7:00 AM - 6:00 PM,No Information Available,No Information Available,55.6,,53.8,,50.8,,47.8,,47.8,,,,,,,,,,,county_21,,,,,,,,Initial Application,Investigation,,,,Post-Preliminary Inspection,Renewal Application,,KID013A,KID013B,,SSRS,,
562,3,Licensed,Y,N,Y,N,N,Y,N,,N,145,7:00 AM - 6:00 PM,7:00 AM - 6:00 PM,7:00 AM - 6:00 PM,7:00 AM - 6:00 PM,7:00 AM - 6:00 PM,No Information Available,No Information Available,,,,,,,,,35.0,18.2,35.0,18.2,,,35.0,18.2,35.0,18.2,,county_21,,,,,,,,Initial Application,,,,,Post-Preliminary Inspection,Renewal Application,,KID013A,KID013B,,SSRS,,
1809,1,Licensed,Y,Y,Y,Y,Y,Y,N,,N,70,6:00 AM - 6:00 PM,6:00 AM - 6:00 PM,6:00 AM - 6:00 PM,6:00 AM - 6:00 PM,6:00 AM - 6:00 PM,No Information Available,No Information Available,47.0,43.0,47.0,43.0,47.0,43.0,41.0,34.0,41.0,34.0,41.0,34.0,37.0,32.0,37.0,32.0,37.0,32.0,,county_21,,,,,Change of Service,,,Initial Application,Investigation,,,,Post-Preliminary Inspection,Renewal Application,,,KID013B,,SSRS,,
1049,1,Licensed,N,Y,N,Y,N,,N,,N,24,6:30 AM - 6:00 PM,6:30 AM - 6:00 PM,6:30 AM - 6:00 PM,6:30 AM - 6:00 PM,6:30 AM - 6:00 PM,No Information Available,No Information Available,,,,,,,,,,,,,,,,,,,,county_21,,,,,,,,Initial Application,,,,,Post-Preliminary Inspection,Renewal Application,,,KID013B,,SSRS,,
150,1,Licensed,N,Y,N,Y,Y,Y,N,,N,198,7:00 AM - 6:00 PM,7:00 AM - 6:00 PM,7:00 AM - 6:00 PM,7:00 AM - 6:00 PM,7:00 AM - 6:00 PM,No Information Available,No Information Available,91.0,,87.0,,82.0,,80.0,,74.0,,,,,,,,,,,county_21,,,,,,,,Initial Application,Investigation,,,,Post-Preliminary Inspection,Renewal Application,,,KID013B,,SSRS,,
1026,1,Licensed,N,N,Y,N,N,Y,N,,N,31,7:00 AM - 5:00 PM,7:00 AM - 5:00 PM,7:00 AM - 5:00 PM,7:00 AM - 5:00 PM,7:00 AM - 5:00 PM,No Information Available,No Information Available,,,,,,,,,,,50.0,45.0,50.0,45.0,50.0,45.0,,,,county_21,,,,,,,,Initial Application,,,,,Post-Preliminary Inspection,Renewal Application,,,KID013B,,SSRS,,
1912,1,Licensed,N,Y,Y,Y,Y,Y,N,,N,31,other,other,other,other,other,No Information Available,No Information Available,51.0,,51.0,,51.0,,47.0,,47.0,,47.0,,42.0,,42.0,,,,,county_21,,,,,,,,Initial Application,,,,,Post-Preliminary Inspection,Renewal Application,,,KID013B,,SSRS,,
1524,1,Certified,,,,,,Y,N,,,6,other,other,other,other,other,other,No Information Available,48.0,40.0,46.0,40.0,46.0,40.0,43.0,40.0,42.0,40.0,42.0,40.0,40.0,36.0,40.0,36.0,,,,county_21,Annual Inspection,,,,,,,Initial Application,,,,,,,,,KID013B,DMS,SSRS,,
206,1,Licensed,N,N,N,Y,N,,N,,N,90,9:00 AM - 4:00 PM,9:00 AM - 4:00 PM,9:00 AM - 4:00 PM,9:00 AM - 4:00 PM,9:00 AM - 4:00 PM,No Information Available,No Information Available,,,,,,,,,,,,,,,,,,,,county_21,,,,,,,,Initial Application,,,,,Post-Preliminary Inspection,,,,KID013B,,SSRS,,
1048,1,Licensed,Y,N,Y,N,N,Y,N,,N,130,7:30 AM - 6:00 PM,7:30 AM - 6:00 PM,7:30 AM - 6:00 PM,7:30 AM - 6:00 PM,7:30 AM - 6:00 PM,No Information Available,No Information Available,,,,,,,,,,,42.0,26.0,42.0,26.0,42.0,26.0,,,,county_21,,,,,,,,Initial Application,,,,,Post-Preliminary Inspection,,,,KID013B,,SSRS,,
184,1,Licensed,N,Y,Y,Y,Y,Y,N,,N,37,6:00 AM - 6:00 PM,6:00 AM - 6:00 PM,6:00 AM - 6:00 PM,6:00 AM - 6:00 PM,6:00 AM - 6:00 PM,other,No Information Available,47.0,46.0,47.0,46.0,47.0,46.0,42.0,41.0,42.0,41.0,42.0,41.0,37.0,32.0,37.0,32.0,37.0,32.0,,county_21,,Change of Hours,,,,,,Initial Application,,,,,Post-Preliminary Inspection,,,,KID013B,DMS,SSRS,,
591,1,Licensed,N,Y,N,Y,Y,Y,N,,N,93,7:00 AM - 5:00 PM,7:00 AM - 5:00 PM,7:00 AM - 5:00 PM,7:00 AM - 5:00 PM,7:00 AM - 5:00 PM,No Information Available,No Information Available,60.0,45.0,60.0,45.0,60.0,45.0,57.0,42.0,57.0,42.0,57.0,42.0,,,,,,,,county_21,,,,Change of Ownership,,Change of Space/Change in Capacity,,,Investigation,,,,Post-Preliminary Inspection,,,,KID013B,,SSRS,,
1726,1,Certified,N,N,N,N,N,Y,N,,,6,6:30 AM - 5:30 PM,6:30 AM - 5:00 PM,6:30 AM - 5:00 PM,6:30 AM - 5:00 PM,6:30 AM - 5:30 PM,No Information Available,No Information Available,40.0,20.0,40.0,20.0,30.0,20.0,20.0,15.0,20.0,15.0,20.0,15.0,,,,,,,,county_21,Annual Inspection,Change of Hours,,,,,,Initial Application,,,,,,,,,KID013B,,SSRS,,
1860,1,Certified,,,,,,Y,N,,,6,other,other,other,other,other,No Information Available,No Information Available,50.0,47.0,45.0,43.0,45.0,43.0,45.0,42.0,45.0,42.0,45.0,42.0,30.0,26.0,30.0,26.0,30.0,26.0,,county_21,Annual Inspection,,,,,,,Initial Application,,,,,,,,,KID013B,,SSRS,,
1211,1,Licensed,N,Y,Y,Y,Y,Y,N,,N,60,other,other,other,other,other,other,No Information Available,92.0,,90.0,,87.0,,82.0,,82.0,,82.0,,82.0,,,,,,,county_21,,,,,,,,Initial Application,Investigation,,,,Post-Preliminary Inspection,,,,KID013B,,SSRS,,
660,1,Licensed,N,Y,Y,Y,Y,Y,N,,N,80,7:30 AM - 5:30 PM,7:30 AM - 5:30 PM,7:30 AM - 5:30 PM,7:30 AM - 5:30 PM,7:30 AM - 5:30 PM,No Information Available,No Information Available,60.0,50.0,60.0,50.0,60.0,50.0,60.0,50.0,60.0,50.0,60.0,50.0,60.0,50.0,60.0,50.0,,,,county_21,,,,,,,,Initial Application,,,,,Post-Preliminary Inspection,,,,KID013B,,SSRS,,
1903,1,Licensed,N,Y,N,Y,Y,Y,N,,N,79,7:30 AM - 5:30 PM,7:30 AM - 5:30 PM,7:30 AM - 5:30 PM,7:30 AM - 5:30 PM,7:30 AM - 5:30 PM,No Information Available,No Information Available,63.0,63.0,63.0,63.0,63.0,63.0,60.0,60.0,60.0,60.0,60.0,60.0,,,,,,,,county_21,,,,Change of Ownership,,Change of Space/Change in Capacity,Follow-up,,Investigation,,,,Post-Preliminary Inspection,,,,KID013B,,SSRS,,
912,1,Licensed,N,N,Y,Y,N,Y,N,,N,12,other,other,other,other,other,No Information Available,No Information Available,,,,,,,42.0,37.0,42.0,37.0,42.0,37.0,37.0,32.0,37.0,32.0,,,,county_21,,,,,,,,Initial Application,,,,,Post-Preliminary Inspection,,,,KID013B,DMS,,,
200,1,Licensed,N,Y,N,Y,Y,Y,N,,N,107,7:00 AM - 6:00 PM,7:00 AM - 6:00 PM,7:00 AM - 6:00 PM,7:00 AM - 6:00 PM,7:00 AM - 6:00 PM,No Information Available,No Information Available,60.0,30.0,58.0,29.0,65.0,28.0,54.0,27.0,52.0,26.0,52.0,26.0,,,,,,,,county_21,,,,Change of Ownership,,,,,,,,,Post-Preliminary Inspection,,,,KID013B,,SSRS,,
330,1,Certified,N,N,N,N,N,Y,N,,,6,6:30 AM - 5:30 PM,6:30 AM - 5:30 PM,6:30 AM - 5:30 PM,6:30 AM - 5:30 PM,6:30 AM - 5:30 PM,No Information Available,No Information Available,40.0,48.4,40.0,48.4,38.0,48.4,36.8,35.8,36.8,35.8,36.8,35.0,,,,,,,,county_21,,,,,,,,Initial Application,,,,,,,,,KID013B,,,,
282,1,Certified,N,N,N,N,N,Y,N,,,6,7:00 AM - 6:00 PM,7:00 AM - 6:00 PM,7:00 AM - 6:00 PM,7:00 AM - 6:00 PM,7:00 AM - 6:00 PM,No Information Available,No Information Available,42.0,37.0,42.0,37.0,42.0,37.0,40.0,37.0,40.0,37.0,40.0,37.0,34.0,32.0,34.0,32.0,34.0,32.0,,county_21,,Change of Hours,,,Change of Service,,,Initial Application,,,,,,,,,KID013B,,SSRS,,
1716,1,Licensed,N,Y,Y,Y,Y,Y,N,,N,34,6:00 AM - 6:00 PM,6:00 AM - 6:00 PM,6:00 AM - 6:00 PM,6:00 AM - 6:00 PM,6:00 AM - 6:00 PM,No Information Available,No Information Available,47.0,,47.0,,47.0,,41.0,,41.0,,41.0,,37.0,,37.0,,37.0,,,county_21,,,,,,,,Initial Application,,,,,,,,,KID013B,DMS,,,
1797,1,Licensed,N,Y,Y,Y,Y,Y,N,,N,41,other,other,other,other,other,other,No Information Available,47.0,43.0,47.0,43.0,47.0,43.0,41.0,34.0,41.0,34.0,41.0,34.0,37.0,32.0,37.0,32.0,37.0,32.0,,county_21,,,,,,,,Initial Application,,,,,Post-Preliminary Inspection,,,,KID013B,,,,
1573,1,Licensed,N,Y,Y,Y,Y,Y,N,,N,122,6:30 AM - 5:30 PM,6:30 AM - 5:30 PM,6:30 AM - 5:30 PM,6:30 AM - 5:30 PM,6:30 AM - 5:30 PM,No Information Available,No Information Available,52.0,,52.0,,50.0,,45.0,,45.0,,45.0,,41.0,33.0,41.0,33.0,,,,county_21,,,,,,,,Initial Application,,,,,,,,,KID013B,,SSRS,,
674,3,Licensed,Y,Y,N,Y,Y,Y,N,,Y,99,7:30 AM - 3:30 PM,7:30 AM - 3:30 PM,7:30 AM - 3:30 PM,7:30 AM - 3:30 PM,7:30 AM - 3:30 PM,No Information Available,No Information Available,0.01,0.01,0.01,0.01,0.01,0.01,0.01,0.01,0.01,0.01,0.01,0.01,0.01,0.01,0.01,0.01,0.01,0.01,,county_70,,,,,Change of Service,Change of Space/Change in Capacity,Follow-up,,Investigation,,,,,Renewal Application,KID013,KID013A,KID013B,,SSRS,,
1207,5,Licensed,Y,Y,N,Y,Y,Y,N,,Y,108,7:30 AM - 3:30 PM,7:30 AM - 3:30 PM,7:30 AM - 3:30 PM,7:30 AM - 3:30 PM,7:30 AM - 3:30 PM,No Information Available,No Information Available,0.01,0.01,0.01,0.01,0.01,0.01,0.01,0.01,0.01,0.01,0.01,0.01,,,,,,,,county_70,,,,,,,,,Investigation,,Monitoring (DPOC),,,Renewal Application,KID013,KID013A,KID013B,,SSRS,,
1661,5,Licensed,Y,N,N,Y,N,Y,N,N,Y,20,other,other,other,other,No Information Available,No Information Available,No Information Available,,,,,,,,11.0,,11.0,,11.0,,,,,,,,county_45,,,Change of Location,,,Change of Space/Change in Capacity,,,Investigation,,,,,Renewal Application,KID013,KID013A,KID013B,,SSRS,,
750,5,Licensed,Y,N,N,Y,N,N,N,,Y,60,other,other,other,other,No Information Available,No Information Available,No Information Available,,,,,,,,,,,,,,,,,,,,county_70,,,,,,,,,Investigation,,,,,Renewal Application,KID013,KID013A,KID013B,,SSRS,,
684,2,Licensed,N,Y,Y,Y,Y,Y,N,N,Y,25,other,other,other,other,other,No Information Available,No Information Available,28.0,28.0,28.0,28.0,28.0,28.0,28.0,28.0,28.0,26.0,28.0,26.0,28.0,26.0,28.0,26.0,28.0,26.0,,county_24,,,,,,,,,,,,,,Renewal Application,KID013,KID013A,KID013B,,SSRS,,
1618,3,Certified,N,N,N,N,N,Y,N,N,,6,7:00 AM - 4:00 PM,7:00 AM - 4:00 PM,7:00 AM - 4:00 PM,7:00 AM - 4:00 PM,7:00 AM - 4:00 PM,No Information Available,No Information Available,18.0,14.0,18.0,14.0,18.0,14.0,18.0,14.0,18.0,14.0,18.0,14.0,18.0,14.0,18.0,14.0,,,,county_70,Annual Inspection,,,,,,Follow-up,,,,,,,Renewal Application,KID013,KID013A,KID013B,DMS,SSRS,,
1707,3,Certified,N,N,N,N,N,Y,N,N,,6,6:00 AM - 5:00 PM,6:00 AM - 5:00 PM,6:00 AM - 5:00 PM,6:00 AM - 5:00 PM,6:00 AM - 5:00 PM,No Information Available,No Information Available,25.0,25.0,25.0,25.0,25.0,25.0,25.0,25.0,25.0,25.0,25.0,25.0,25.0,25.0,25.0,25.0,25.0,25.0,,county_45,Annual Inspection,,,,,,,,,,,,,Renewal Application,KID013,KID013A,KID013B,,SSRS,,
435,1,Licensed,N,Y,Y,Y,Y,Y,N,N,Y,55,6:00 AM - 5:30 PM,6:00 AM - 5:30 PM,6:00 AM - 5:30 PM,6:00 AM - 5:30 PM,6:00 AM - 5:30 PM,No Information Available,No Information Available,40.0,33.0,40.0,33.0,40.0,33.0,36.0,27.0,36.0,27.0,36.0,27.0,30.0,30.0,30.0,30.0,,,,county_70,,,,,,,,,Investigation,,,,,Renewal Application,KID013,KID013A,KID013B,,SSRS,,
920,3,Licensed,N,Y,Y,Y,Y,Y,N,,Y,36,6:30 AM - 5:30 PM,6:30 AM - 5:30 PM,6:30 AM - 5:30 PM,6:30 AM - 5:30 PM,6:30 AM - 5:30 PM,No Information Available,No Information Available,25.0,18.0,25.0,18.0,25.0,18.0,25.0,18.0,25.0,18.0,25.0,18.0,25.0,18.0,25.0,18.0,,,,county_45,,,,,,,Follow-up,,Investigation,,,,,Renewal Application,KID013,KID013A,KID013B,DMS,SSRS,,
189,3,Licensed,N,Y,Y,Y,Y,Y,N,,Y,164,5:30 AM - 6:30 PM,5:30 AM - 6:30 PM,5:30 AM - 6:30 PM,5:30 AM - 6:30 PM,5:30 AM - 6:30 PM,No Information Available,No Information Available,40.0,40.0,40.0,40.0,36.0,36.0,36.0,36.0,36.0,36.0,36.0,36.0,30.0,30.0,30.0,30.0,,,,county_19,,,,,,Change of Space/Change in Capacity,,Initial Application,Investigation,,,,Post-Preliminary Inspection,Renewal Application,,KID013A,KID013B,,SSRS,,
267,4,Licensed,N,Y,N,Y,Y,Y,N,,Y,83,6:30 AM - 5:00 PM,6:30 AM - 5:00 PM,6:30 AM - 5:00 PM,6:30 AM - 5:00 PM,6:30 AM - 5:00 PM,No Information Available,No Information Available,29.0,,29.0,,26.0,,26.0,17.0,26.0,17.0,26.0,17.0,,,,,,,,county_70,,,,,Change of Service,Change of Space/Change in Capacity,,Initial Application,Investigation,,Monitoring (DPOC),,Post-Preliminary Inspection,Renewal Application,,KID013A,KID013B,,SSRS,,
88,1,Licensed,N,Y,N,Y,N,Y,N,,Y,75,other,other,other,other,other,No Information Available,No Information Available,,,24.0,24.0,22.0,22.0,20.0,20.0,18.0,18.0,18.0,18.0,,,,,,,,county_45,,,,,,Change of Space/Change in Capacity,,Initial Application,Investigation,,,,Post-Preliminary Inspection,Renewal Application,,KID013A,KID013B,,SSRS,,
428,4,Licensed,N,Y,Y,Y,Y,Y,N,,N,45,6:00 AM - 5:00 PM,6:00 AM - 5:00 PM,6:00 AM - 5:00 PM,6:00 AM - 5:00 PM,6:00 AM - 5:00 PM,No Information Available,No Information Available,40.0,33.0,40.0,27.0,40.0,27.0,36.0,27.0,36.0,27.0,36.0,27.0,30.0,30.0,30.0,30.0,30.0,30.0,,county_24,,,,,,Change of Space/Change in Capacity,,Initial Application,,,,,Post-Preliminary Inspection,Renewal Application,,KID013A,KID013B,,SSRS,,
992,3,Licensed,N,Y,Y,Y,Y,Y,N,,N,92,other,other,other,other,other,other,other,40.0,33.0,40.0,33.0,40.0,33.0,36.0,27.0,36.0,27.0,36.0,27.0,30.0,30.0,30.0,30.0,,,,county_45,,,,,,,Follow-up,Initial Application,Investigation,,,,Post-Preliminary Inspection,Renewal Application,,KID013A,KID013B,,SSRS,,
1925,5,Licensed,Y,Y,N,Y,Y,Y,N,Y,Y,107,7:00 AM - 4:30 PM,7:00 AM - 4:30 PM,7:00 AM - 4:30 PM,7:00 AM - 4:30 PM,7:00 AM - 4:30 PM,No Information Available,No Information Available,29.0,27.0,29.0,27.0,29.0,27.0,28.0,26.0,28.0,26.0,28.0,26.0,,,,,,,,county_70,,,Change of Location,,Change of Service,Change of Space/Change in Capacity,,,Investigation,,Monitoring (DPOC),,,Renewal Application,KID013,KID013A,KID013B,,SSRS,,
1837,1,Licensed,N,Y,Y,Y,N,Y,N,,Y,34,6:45 AM - 5:15 PM,6:45 AM - 5:15 PM,6:45 AM - 5:15 PM,6:45 AM - 5:15 PM,6:45 AM - 5:15 PM,No Information Available,No Information Available,,,,,28.0,28.0,26.0,26.0,26.0,26.0,26.0,26.0,26.0,9.0,26.0,9.0,,,,county_70,,,,,,,,Initial Application,Investigation,,,,Post-Preliminary Inspection,Renewal Application,KID013,KID013A,KID013B,DMS,SSRS,,
1055,2,Certified,N,N,N,N,N,Y,N,,,6,6:00 AM - 6:00 PM,6:00 AM - 6:00 PM,6:00 AM - 6:00 PM,6:00 AM - 6:00 PM,6:00 AM - 6:00 PM,No Information Available,No Information Available,25.0,12.0,25.0,12.0,25.0,12.0,25.0,12.0,25.0,12.0,25.0,12.0,25.0,12.0,25.0,12.0,25.0,12.0,,county_70,Annual Inspection,,,,,,Follow-up,Initial Application,,,,,,Renewal Application,,KID013A,KID013B,DMS,SSRS,,
1480,1,Licensed,N,Y,Y,Y,Y,Y,N,,Y,82,6:45 AM - 5:15 PM,6:45 AM - 5:15 PM,6:45 AM - 5:15 PM,6:45 AM - 5:15 PM,6:45 AM - 5:15 PM,No Information Available,No Information Available,27.0,,27.0,,24.0,,24.0,,24.0,,24.0,12.0,24.0,12.0,24.0,12.0,,12.0,,county_70,,,,,,Change of Space/Change in Capacity,,Initial Application,Investigation,,,,Post-Preliminary Inspection,Renewal Application,,KID013A,KID013B,DMS,SSRS,,
529,3,Licensed,N,Y,Y,Y,Y,Y,N,N,Y,99,6:30 AM - 5:30 PM,6:30 AM - 5:30 PM,6:30 AM - 5:30 PM,6:30 AM - 5:30 PM,6:30 AM - 5:30 PM,No Information Available,No Information Available,39.0,,39.0,,39.0,,40.0,,40.0,,,,28.0,,28.0,,,,,county_37,,,,,,Change of Space/Change in Capacity,Follow-up,,Investigation,,,,,Renewal Application,KID013,KID013A,KID013B,,SSRS,,
442,4,Licensed,Y,Y,Y,Y,Y,Y,N,N,Y,175,7:30 AM - 5:30 PM,7:30 AM - 5:30 PM,7:30 AM - 5:30 PM,7:30 AM - 5:30 PM,7:30 AM - 5:30 PM,No Information Available,No Information Available,34.0,,34.0,,34.0,,32.0,,32.0,,32.0,,29.0,,29.0,29.0,29.0,29.0,,county_37,,,,,Change of Service,,Follow-up,,Investigation,,Monitoring (DPOC),,,Renewal Application,KID013,KID013A,KID013B,,SSRS,,
600,2,Licensed,N,Y,Y,Y,Y,Y,N,N,Y,80,6:30 AM - 5:30 PM,6:30 AM - 5:30 PM,6:30 AM - 5:30 PM,6:30 AM - 5:30 PM,6:30 AM - 5:30 PM,No Information Available,No Information Available,41.0,20.5,41.0,20.5,41.0,20.5,41.0,20.5,41.0,20.5,41.0,20.5,,,,,,,,county_37,,,,,,,Follow-up,,Investigation,,,,,Renewal Application,KID013,KID013A,KID013B,DMS,SSRS,,
1555,1,Licensed,N,N,N,Y,N,Y,N,N,Y,150,other,other,other,other,other,No Information Available,No Information Available,,,,,,,,,,,,,7.0,,7.0,,,,,county_37,,,,,Change of Service,Change of Space/Change in Capacity,,,Investigation,,,,,Renewal Application,KID013,KID013A,KID013B,DMS,SSRS,,
1612,5,Licensed,Y,Y,Y,Y,Y,Y,N,N,N,169,7:30 AM - 5:30 PM,7:30 AM - 5:30 PM,7:30 AM - 5:30 PM,7:30 AM - 5:30 PM,7:30 AM - 5:30 PM,No Information Available,No Information Available,34.0,31.0,34.0,31.0,34.0,31.0,32.0,29.0,32.0,29.0,32.0,29.0,29.0,29.0,29.0,29.0,29.0,29.0,,county_37,,Change of Hours,,,Change of Service,Change of Space/Change in Capacity,Follow-up,,Investigation,,,,,Renewal Application,KID013,KID013A,KID013B,DMS,SSRS,,
890,5,Licensed,Y,N,N,Y,N,Y,N,,N,80,7:15 AM - 5:30 PM,7:15 AM - 5:30 PM,7:15 AM - 5:30 PM,7:15 AM - 5:30 PM,other,No Information Available,No Information Available,,,,,,,37.88,16.52,37.88,16.52,37.88,16.52,,,,,,,,county_37,,,,,Change of Service,Change of Space/Change in Capacity,,,Investigation,,,,,Renewal Application,KID013,KID013A,KID013B,,SSRS,,
135,1,Licensed,N,N,N,Y,N,Y,N,N,N,130,7:15 AM - 5:30 PM,7:15 AM - 5:30 PM,7:15 AM - 5:30 PM,7:15 AM - 5:30 PM,7:15 AM - 5:30 PM,No Information Available,No Information Available,,,,,,,36.0,15.0,36.0,15.0,36.0,15.0,,,,,,,,county_37,,,,,,Change of Space/Change in Capacity,Follow-up,,Investigation,,Monitoring (DPOC),,,Renewal Application,KID013,KID013A,KID013B,DMS,SSRS,,
1909,5,Licensed,Y,Y,N,Y,Y,Y,N,Y,Y,96,7:30 AM - 5:00 PM,7:30 AM - 5:00 PM,7:30 AM - 5:00 PM,7:30 AM - 5:00 PM,7:30 AM - 5:00 PM,No Information Available,No Information Available,34.0,31.0,34.0,31.0,34.0,31.0,32.0,29.0,32.0,29.0,32.0,29.0,,,,,,,,county_37,,,,,,Change of Space/Change in Capacity,Follow-up,,Investigation,,,,,Renewal Application,KID013,KID013A,KID013B,,SSRS,,
1646,1,Licensed,N,Y,Y,Y,Y,Y,N,N,Y,163,6:30 AM - 6:00 PM,6:30 AM - 6:00 PM,6:30 AM - 6:00 PM,6:30 AM - 6:00 PM,6:30 AM - 6:00 PM,No Information Available,No Information Available,39.0,30.0,39.0,30.0,37.0,30.0,37.0,29.0,37.0,29.0,37.0,29.0,35.0,27.0,35.0,27.0,,,,county_37,,,,,,Change of Space/Change in Capacity,,,Investigation,,,,,Renewal Application,KID013,KID013A,KID013B,DMS,SSRS,,
1681,5,Licensed,Y,Y,N,Y,Y,Y,N,Y,Y,72,7:30 AM - 5:00 PM,7:30 AM - 5:00 PM,7:30 AM - 5:00 PM,7:30 AM - 5:00 PM,7:30 AM - 5:00 PM,No Information Available,No Information Available,34.0,31.0,34.0,31.0,34.0,31.0,32.0,29.0,32.0,29.0,32.0,29.0,,,,,,,,county_37,,,,,,Change of Space/Change in Capacity,,,Investigation,,Monitoring (DPOC),,,Renewal Application,KID013,KID013A,KID013B,,SSRS,,
951,1,Licensed,N,N,N,Y,N,N,N,,N,74,other,other,other,other,other,No Information Available,No Information Available,,,,,,,,,,,,,,,,,,,,county_37,,,,,,,Follow-up,,,,,,,Renewal Application,KID013,KID013A,KID013B,DMS,SSRS,,
1754,4,Licensed,Y,Y,N,Y,Y,Y,N,N,Y,260,other,other,other,other,other,No Information Available,No Information Available,34.0,31.0,34.0,31.0,34.0,31.0,32.0,29.0,32.0,29.0,32.0,29.0,,,,,,,,county_37,,Change of Hours,Change of Location,,Change of Service,Change of Space/Change in Capacity,Follow-up,,Investigation,,,,,Renewal Application,KID013,KID013A,KID013B,,SSRS,,
484,5,Licensed,Y,Y,N,Y,Y,Y,N,Y,Y,55,7:30 AM - 5:00 PM,7:30 AM - 5:00 PM,7:30 AM - 5:00 PM,7:30 AM - 5:00 PM,7:30 AM - 5:00 PM,No Information Available,No Information Available,34.0,31.0,34.0,31.0,34.0,31.0,32.0,29.0,32.0,29.0,32.0,29.0,,,,,,,,county_37,,,,,Change of Service,,Follow-up,,Investigation,,,,,Renewal Application,KID013,KID013A,KID013B,,SSRS,,
1201,5,Licensed,Y,N,N,Y,N,Y,N,Y,Y,39,7:30 AM - 5:00 PM,7:30 AM - 5:00 PM,7:30 AM - 5:00 PM,7:30 AM - 5:00 PM,other,No Information Available,No Information Available,34.0,31.0,34.0,31.0,34.0,31.0,32.0,29.0,32.0,29.0,32.0,29.0,,,,,,,,county_37,,,,,Change of Service,Change of Space/Change in Capacity,,,Investigation,,,,,Renewal Application,KID013,KID013A,KID013B,,SSRS,,
1042,3,Licensed,Y,Y,Y,Y,Y,Y,N,N,Y,99,6:00 AM - 6:00 PM,6:00 AM - 6:00 PM,6:00 AM - 6:00 PM,6:00 AM - 6:00 PM,6:00 AM - 6:00 PM,No Information Available,No Information Available,32.0,,32.0,,32.0,,32.0,,32.0,,30.0,10.0,30.0,10.0,30.0,10.0,,,,county_37,,,,,Change of Service,,Follow-up,,Investigation,,Monitoring (DPOC),,,Renewal Application,KID013,KID013A,KID013B,,SSRS,,
1234,3,Licensed,Y,Y,Y,Y,Y,Y,N,N,Y,105,6:30 AM - 6:00 PM,6:30 AM - 6:00 PM,6:30 AM - 6:00 PM,6:30 AM - 6:00 PM,6:30 AM - 6:00 PM,No Information Available,No Information Available,34.0,31.0,34.0,31.0,34.0,31.0,32.0,29.0,32.0,29.0,32.0,29.0,29.0,29.0,29.0,29.0,,,,county_37,,,Change of Location,,Change of Service,Change of Space/Change in Capacity,Follow-up,,Investigation,,Monitoring (DPOC),,,Renewal Application,KID013,KID013A,KID013B,DMS,SSRS,,
353,1,Licensed,N,Y,N,Y,N,N,N,,Y,70,7:00 AM - 5:30 PM,7:00 AM - 5:30 PM,7:00 AM - 5:30 PM,7:00 AM - 5:30 PM,7:00 AM - 5:30 PM,No Information Available,No Information Available,,,,,,,,,,,,,,,,,,,,county_37,,,,,Change of Service,Change of Space/Change in Capacity,,,Investigation,,,,,Renewal Application,KID013,KID013A,KID013B,,SSRS,,
396,3,Licensed,Y,Y,Y,Y,Y,Y,N,N,Y,149,6:30 AM - 6:00 PM,6:30 AM - 6:00 PM,6:30 AM - 6:00 PM,6:30 AM - 6:00 PM,6:30 AM - 6:00 PM,No Information Available,No Information Available,34.0,31.0,34.0,31.0,34.0,31.0,32.0,29.0,32.0,29.0,32.0,29.0,29.0,29.0,29.0,29.0,,,,county_37,,,,,,,Follow-up,,Investigation,,,,,Renewal Application,KID013,KID013A,KID013B,,SSRS,,
1346,3,Licensed,N,Y,Y,Y,Y,Y,N,,Y,60,6:30 AM - 5:30 PM,6:30 AM - 5:30 PM,6:30 AM - 5:30 PM,6:30 AM - 5:30 PM,6:30 AM - 5:30 PM,No Information Available,No Information Available,34.0,34.0,34.0,34.0,34.0,34.0,34.0,34.0,34.0,34.0,34.0,34.0,,,,,,,,county_37,,,,,Change of Service,Change of Space/Change in Capacity,Follow-up,Initial Application,Investigation,,,,,Renewal Application,KID013,KID013A,KID013B,,SSRS,,
516,1,Licensed,N,Y,Y,Y,Y,Y,N,,Y,85,7:00 AM - 5:30 PM,7:00 AM - 5:30 PM,7:00 AM - 5:30 PM,7:00 AM - 5:30 PM,7:00 AM - 5:30 PM,No Information Available,No Information Available,36.0,,36.0,,36.0,,36.0,,36.0,,36.0,,,,,,,,,county_37,,,,Change of Ownership,Change of Service,Change of Space/Change in Capacity,Follow-up,,Investigation,,,,,Renewal Application,KID013,KID013A,KID013B,,SSRS,,
1001,1,Licensed,N,Y,Y,Y,N,Y,N,,N,99,other,7:30 AM - 5:30 PM,7:30 AM - 5:30 PM,7:30 AM - 5:30 PM,other,other,other,,,,,50.0,25.0,50.0,25.0,50.0,25.0,50.0,25.0,50.0,25.0,50.0,25.0,,,,county_37,,Change of Hours,,,Change of Service,,Follow-up,Initial Application,Investigation,,,,Post-Preliminary Inspection,Renewal Application,KID013,KID013A,KID013B,DMS,SSRS,,
1585,1,Licensed,N,Y,N,Y,Y,Y,N,,Y,137,6:30 AM - 6:00 PM,6:30 AM - 6:00 PM,6:30 AM - 6:00 PM,6:30 AM - 6:00 PM,6:30 AM - 6:00 PM,No Information Available,No Information Available,31.0,31.0,31.0,31.0,31.0,31.0,31.0,31.0,31.0,31.0,31.0,31.0,,,,,,,,county_37,,,,,,Change of Space/Change in Capacity,Follow-up,Initial Application,Investigation,,,,Post-Preliminary Inspection,Renewal Application,KID013,KID013A,KID013B,,SSRS,,
872,1,Licensed,N,Y,Y,Y,Y,Y,N,,Y,45,6:30 AM - 5:30 PM,6:30 AM - 5:30 PM,6:30 AM - 5:30 PM,6:30 AM - 5:30 PM,6:30 AM - 5:30 PM,No Information Available,No Information Available,38.0,,38.0,,38.0,,38.0,,38.0,,38.0,,38.0,,38.0,,38.0,,,county_37,,,,,,,,Initial Application,Investigation,,,,Post-Preliminary Inspection,Renewal Application,KID013,KID013A,KID013B,,SSRS,,
1069,1,Licensed,N,N,Y,Y,N,,N,,Y,107,6:45 AM - 5:30 PM,6:45 AM - 5:30 PM,6:45 AM - 5:30 PM,6:45 AM - 5:30 PM,6:45 AM - 5:30 PM,No Information Available,No Information Available,,,,,,,,,,,,,,,,,,,,county_37,,,,,,Change of Space/Change in Capacity,,Initial Application,,,,,Post-Preliminary Inspection,Renewal Application,,KID013A,KID013B,,SSRS,,
1660,1,Licensed,N,N,Y,Y,N,Y,N,,Y,100,7:00 AM - 5:30 PM,7:00 AM - 5:30 PM,7:00 AM - 5:30 PM,7:00 AM - 5:30 PM,7:00 AM - 5:30 PM,No Information Available,No Information Available,,,,,,,29.0,10.0,29.0,10.0,29.0,10.0,29.0,10.0,29.0,10.0,29.0,10.0,,county_37,,,,,,Change of Space/Change in Capacity,Follow-up,Initial Application,Investigation,,,,Post-Preliminary Inspection,Renewal Application,,KID013A,KID013B,,SSRS,,
605,1,Licensed,N,Y,Y,Y,Y,Y,N,,Y,155,6:00 AM - 5:30 PM,6:00 AM - 5:30 PM,6:00 AM - 5:30 PM,6:00 AM - 5:30 PM,6:00 AM - 5:30 PM,No Information Available,No Information Available,38.0,,38.0,,38.0,,38.0,,38.0,,38.0,,38.0,,38.0,,38.0,,,county_37,,,,,Change of Service,Change of Space/Change in Capacity,Follow-up,Initial Application,Investigation,,,,Post-Preliminary Inspection,Renewal Application,,KID013A,KID013B,,SSRS,,
1786,5,Licensed,N,Y,Y,Y,Y,Y,N,,Y,200,6:45 AM - 5:15 PM,6:45 AM - 5:15 PM,6:45 AM - 5:15 PM,6:45 AM - 5:15 PM,6:45 AM - 5:15 PM,No Information Available,No Information Available,43.0,43.0,43.0,43.0,43.0,43.0,43.0,43.0,43.0,43.0,30.0,30.0,30.0,30.0,30.0,30.0,,,,county_37,,,,,Change of Service,Change of Space/Change in Capacity,,Initial Application,Investigation,,,,Post-Preliminary Inspection,Renewal Application,,KID013A,KID013B,DMS,SSRS,,
853,3,Licensed,N,Y,Y,Y,N,Y,N,,N,49,other,other,other,other,other,No Information Available,No Information Available,,,,,,,40.75,40.75,40.75,40.75,40.75,40.75,40.75,40.75,40.75,40.75,40.75,40.75,,county_37,,,Change of Location,,Change of Service,Change of Space/Change in Capacity,Follow-up,Initial Application,Investigation,,,,Post-Preliminary Inspection,Renewal Application,,KID013A,KID013B,,SSRS,,
1517,1,Licensed,N,Y,N,Y,Y,Y,N,,N,80,7:00 AM - 5:30 PM,7:00 AM - 5:30 PM,7:00 AM - 5:30 PM,7:00 AM - 5:30 PM,7:00 AM - 5:30 PM,No Information Available,No Information Available,37.0,37.0,37.0,37.0,37.0,37.0,37.0,37.0,37.0,37.0,,,,,,,,,,county_37,,,,,,,,Initial Application,Investigation,,,,Post-Preliminary Inspection,Renewal Application,,KID013A,KID013B,,SSRS,,
1859,3,Licensed,N,N,Y,Y,N,Y,N,,Y,29,6:30 AM - 5:30 PM,6:30 AM - 5:30 PM,6:30 AM - 5:30 PM,6:30 AM - 5:30 PM,6:30 AM - 5:30 PM,No Information Available,No Information Available,34.0,,34.0,,34.0,,34.0,,34.0,,34.0,,34.0,,34.0,,34.0,,,county_37,,,,,Change of Service,Change of Space/Change in Capacity,Follow-up,Initial Application,,,,,Post-Preliminary Inspection,Renewal Application,,KID013A,KID013B,DMS,SSRS,,
1345,1,Licensed,N,Y,N,Y,Y,Y,N,,N,34,6:45 AM - 5:30 PM,6:45 AM - 5:30 PM,6:45 AM - 5:30 PM,6:45 AM - 5:30 PM,6:45 AM - 5:30 PM,No Information Available,No Information Available,37.0,,37.0,,37.0,,37.0,,37.0,,37.0,,,,,,,,,county_37,,,,,,,Follow-up,Initial Application,,,,,Post-Preliminary Inspection,,,,KID013B,,SSRS,,
180,1,Licensed,N,Y,Y,Y,Y,Y,N,,N,33,6:45 AM - 5:15 PM,6:45 AM - 5:15 PM,6:45 AM - 5:15 PM,6:45 AM - 5:15 PM,6:45 AM - 5:15 PM,No Information Available,No Information Available,39.0,,38.0,,38.0,,38.0,,38.0,,38.0,,38.0,,38.0,,38.0,,,county_37,,,,Change of Ownership,,,Follow-up,,Investigation,,,,Post-Preliminary Inspection,,,,KID013B,,SSRS,,
1553,1,Licensed,Y,N,Y,N,N,Y,N,N,Y,75,2:00 PM - 5:30 PM,2:00 PM - 5:30 PM,2:00 PM - 5:30 PM,2:00 PM - 5:30 PM,2:00 PM - 5:30 PM,No Information Available,No Information Available,,,,,,,,,,,33.0,10.3,33.0,10.3,33.0,10.3,33.0,10.3,,county_36,,,,,Change of Service,,,,,,,,,Renewal Application,KID013,KID013A,KID013B,DMS,SSRS,,
228,1,Licensed,N,Y,Y,Y,Y,Y,N,N,Y,40,6:00 AM - 5:30 PM,6:00 AM - 5:30 PM,6:00 AM - 5:30 PM,6:00 AM - 5:30 PM,6:00 AM - 5:30 PM,No Information Available,No Information Available,35.0,,35.0,,31.0,31.0,31.0,31.0,31.0,31.0,31.0,31.0,31.0,27.0,31.0,27.0,,,,county_36,,,,,,,,,Investigation,,,,,Renewal Application,KID013,KID013A,KID013B,DMS,SSRS,,
1669,5,Licensed,N,Y,N,Y,Y,Y,N,N,Y,40,7:30 AM - 3:30 PM,7:30 AM - 3:30 PM,7:30 AM - 3:30 PM,7:30 AM - 3:30 PM,No Information Available,No Information Available,No Information Available,34.0,,34.0,,34.0,,32.0,,32.0,,32.0,,,,,,,,,county_70,,,Change of Location,,Change of Service,Change of Space/Change in Capacity,,,Investigation,,,,,Renewal Application,KID013,KID013A,KID013B,,SSRS,,
1687,1,Licensed,N,Y,Y,Y,Y,Y,N,,Y,80,6:00 AM - 5:30 PM,6:00 AM - 5:30 PM,6:00 AM - 5:30 PM,6:00 AM - 5:30 PM,6:00 AM - 5:30 PM,No Information Available,No Information Available,30.0,,30.0,,30.0,,29.0,,29.0,,29.0,,29.0,,29.0,,,,,county_70,,,,,,,Follow-up,,Investigation,,,,,Renewal Application,KID013,KID013A,KID013B,,SSRS,,
28,1,Licensed,N,Y,Y,Y,Y,Y,N,,Y,86,6:30 AM - 5:30 PM,6:30 AM - 5:30 PM,6:30 AM - 5:30 PM,6:30 AM - 5:30 PM,6:30 AM - 5:30 PM,No Information Available,No Information Available,44.0,26.0,44.0,26.0,42.0,25.0,42.0,25.0,42.0,25.0,42.0,25.0,38.0,23.0,38.0,23.0,,,,county_36,,,,Change of Ownership,,,Follow-up,,Investigation,,,,Post-Preliminary Inspection,Renewal Application,KID013,KID013A,KID013B,,SSRS,,
703,2,Licensed,N,Y,Y,Y,Y,Y,N,,Y,32,7:00 AM - 4:00 PM,7:00 AM - 4:00 PM,7:00 AM - 4:00 PM,7:00 AM - 4:00 PM,7:00 AM - 4:00 PM,No Information Available,No Information Available,32.0,,32.0,,30.0,31.0,28.0,30.0,28.0,30.0,28.0,30.0,,22.0,,22.0,,22.0,,county_36,,,,,Change of Service,Change of Space/Change in Capacity,,Initial Application,Investigation,,,,Post-Preliminary Inspection,Renewal Application,,KID013A,KID013B,,SSRS,,
1525,1,Licensed,N,Y,Y,Y,Y,Y,N,,N,80,other,other,other,other,other,No Information Available,No Information Available,31.0,,31.0,,30.0,,30.0,,30.0,,30.0,10.0,30.0,10.0,30.0,10.0,,,,county_70,,,Change of Location,,,,Follow-up,Initial Application,Investigation,,,,Post-Preliminary Inspection,Renewal Application,,KID013A,KID013B,DMS,SSRS,,
166,1,Certified,N,N,N,N,N,Y,N,,,6,6:30 AM - 5:30 PM,6:30 AM - 5:30 PM,6:30 AM - 5:30 PM,6:30 AM - 5:30 PM,6:30 AM - 5:30 PM,No Information Available,No Information Available,,,,,23.0,,,,23.0,,,,,,,,,,,county_36,Annual Inspection,,,,,,Follow-up,Initial Application,,,,,,Renewal Application,,KID013A,KID013B,DMS,SSRS,,
16,1,Licensed,N,Y,Y,Y,Y,Y,Y,,Y,138,6:00 AM - 6:00 PM,6:00 AM - 6:00 PM,6:00 AM - 6:00 PM,6:00 AM - 6:00 PM,6:00 AM - 6:00 PM,No Information Available,No Information Available,46.0,,42.0,,40.0,,38.0,,36.0,,36.0,,,,,,,,,county_36,,,,,Change of Service,,Follow-up,Initial Application,Investigation,,Monitoring (DPOC),,Post-Preliminary Inspection,Renewal Application,,,KID013B,DMS,SSRS,,
358,5,Licensed,Y,Y,N,Y,Y,Y,N,,Y,31,7:30 AM - 3:30 PM,7:30 AM - 3:30 PM,7:30 AM - 3:30 PM,7:30 AM - 3:30 PM,No Information Available,No Information Available,No Information Available,0.01,0.01,0.01,0.01,0.01,0.01,0.01,0.01,0.01,0.01,0.01,0.01,0.01,0.01,0.01,0.01,0.01,0.01,,county_70,,,Change of Location,,Change of Service,,,,Investigation,,,,,Renewal Application,KID013,KID013A,KID013B,,SSRS,,
798,1,Licensed,Y,N,N,Y,N,Y,N,,Y,40,7:45 AM - 2:45 PM,7:45 AM - 2:45 PM,7:45 AM - 2:45 PM,7:45 AM - 2:45 PM,7:45 AM - 2:45 PM,No Information Available,No Information Available,,,,,,,15.0,8.0,15.0,8.0,,,,,,,,,,county_53,,,,,,,,Initial Application,Investigation,,,,Post-Preliminary Inspection,Renewal Application,,KID013A,KID013B,,SSRS,,
573,5,Licensed,Y,N,N,Y,N,Y,N,,Y,22,other,other,other,other,other,No Information Available,No Information Available,,,,,,,15.0,8.0,15.0,8.0,,,,,,,,,,county_53,,,,,,Change of Space/Change in Capacity,,Initial Application,Investigation,,,,Post-Preliminary Inspection,Renewal Application,,KID013A,KID013B,,SSRS,,
1414,1,Certified,N,N,N,N,N,Y,N,,,6,7:00 AM - 5:00 PM,7:00 AM - 5:00 PM,7:00 AM - 5:00 PM,7:00 AM - 5:00 PM,7:00 AM - 5:00 PM,No Information Available,No Information Available,29.0,,29.0,,29.0,,29.0,,29.0,,29.0,,29.0,14.5,29.0,14.5,29.0,14.5,,county_46,Annual Inspection,,,,,,,Initial Application,,,,,,,,,KID013B,,,,
419,1,Licensed,N,Y,Y,Y,Y,Y,N,N,N,70,other,other,other,other,other,No Information Available,No Information Available,40.0,33.0,40.0,33.0,40.0,33.0,36.0,27.0,36.0,27.0,36.0,27.0,30.0,30.0,30.0,30.0,,,,county_70,,,,,,Change of Space/Change in Capacity,,,Investigation,,,,,Renewal Application,KID013,KID013A,KID013B,DMS,SSRS,,
209,1,Licensed,N,Y,Y,Y,Y,Y,N,N,Y,29,5:00 AM - 6:00 PM,5:00 AM - 6:00 PM,5:00 AM - 6:00 PM,5:00 AM - 6:00 PM,5:00 AM - 6:00 PM,No Information Available,No Information Available,24.0,17.0,24.0,17.0,24.0,17.0,21.0,15.0,18.0,13.0,18.0,13.0,18.0,13.0,18.0,13.0,,,,county_47,,,,,,Change of Space/Change in Capacity,Follow-up,,Investigation,,,,,Renewal Application,KID013,KID013A,KID013B,DMS,SSRS,,
145,1,Licensed,N,Y,N,Y,Y,N,N,N,N,19,6:30 AM - 5:00 PM,6:30 AM - 5:00 PM,6:30 AM - 5:00 PM,6:30 AM - 5:00 PM,6:30 AM - 5:00 PM,No Information Available,No Information Available,17.0,17.0,17.0,17.0,17.0,17.0,17.0,17.0,,,,,,,,,,,,county_47,,,,,,Change of Space/Change in Capacity,Follow-up,,,,,,,Renewal Application,KID013,KID013A,KID013B,DMS,SSRS,,
1649,5,Licensed,N,Y,N,N,Y,,N,,Y,40,7:30 AM - 3:00 PM,7:30 AM - 3:00 PM,7:30 AM - 3:00 PM,7:30 AM - 3:00 PM,7:30 AM - 3:00 PM,No Information Available,No Information Available,,,,,,,,,,,,,,,,,,,,county_70,,,,,Change of Service,Change of Space/Change in Capacity,,Initial Application,Investigation,,,,,Renewal Application,KID013,KID013A,KID013B,,SSRS,,
1443,2,Licensed,N,Y,N,Y,Y,Y,N,,Y,74,other,other,other,other,other,other,other,25.0,,25.0,,25.0,,25.0,,25.0,,25.0,,,,,,,,,county_47,,,,,,,Follow-up,Initial Application,,,,,Post-Preliminary Inspection,Renewal Application,KID013,KID013A,KID013B,,SSRS,,
388,1,Licensed,N,Y,Y,Y,Y,Y,Y,,Y,63,6:00 AM - 5:30 PM,6:00 AM - 5:30 PM,6:00 AM - 5:30 PM,6:00 AM - 5:30 PM,6:00 AM - 5:30 PM,No Information Available,No Information Available,40.0,33.0,40.0,33.0,40.0,33.0,36.0,27.0,36.0,27.0,36.0,27.0,30.0,30.0,30.0,30.0,30.0,30.0,,county_47,,,,Change of Ownership,,Change of Space/Change in Capacity,Follow-up,,Investigation,Monitoring,Monitoring (DPOC),,Post-Preliminary Inspection,Renewal Application,,KID013A,KID013B,DMS,SSRS,,
1727,4,Licensed,Y,Y,N,Y,Y,Y,N,,N,196,other,other,other,other,other,No Information Available,No Information Available,40.0,33.0,40.0,33.0,40.0,33.0,36.0,27.0,36.0,27.0,36.0,27.0,,,,,,,,county_47,,,Change of Location,,,Change of Space/Change in Capacity,,Initial Application,Investigation,,,,Post-Preliminary Inspection,Renewal Application,,KID013A,KID013B,,SSRS,,
1429,1,Licensed,N,Y,Y,Y,Y,Y,N,,N,80,6:00 AM - 6:00 PM,6:00 AM - 6:00 PM,6:00 AM - 6:00 PM,6:00 AM - 6:00 PM,6:00 AM - 6:00 PM,No Information Available,No Information Available,40.0,33.0,40.0,33.0,40.0,33.0,36.0,30.0,36.0,30.0,36.0,30.0,30.0,30.0,30.0,30.0,30.0,30.0,,county_47,,,,,,Change of Space/Change in Capacity,Follow-up,Initial Application,Investigation,,,,Post-Preliminary Inspection,Renewal Application,,KID013A,KID013B,,SSRS,,
299,4,Certified,N,N,N,N,N,Y,N,,,6,7:30 AM - 5:30 PM,7:30 AM - 5:30 PM,7:30 AM - 5:30 PM,7:30 AM - 5:30 PM,7:30 AM - 5:30 PM,No Information Available,No Information Available,45.0,41.0,45.0,41.0,45.0,41.0,40.0,34.0,40.0,34.0,40.0,34.0,35.0,32.0,35.0,32.0,35.0,32.0,,county_15,Annual Inspection,,,,Change of Service,,,Initial Application,,,,,,Renewal Application,,KID013A,KID013B,,SSRS,,
721,1,Licensed,N,Y,Y,Y,Y,Y,N,,Y,53,6:00 AM - 6:00 PM,6:00 AM - 6:00 PM,6:00 AM - 6:00 PM,6:00 AM - 6:00 PM,6:00 AM - 6:00 PM,No Information Available,No Information Available,40.0,40.0,40.0,40.0,40.0,40.0,36.0,27.0,36.0,27.0,36.0,27.0,30.0,25.0,30.0,25.0,30.0,25.0,,county_70,,,,Change of Ownership,,,,,,,,,Post-Preliminary Inspection,,,,KID013B,,SSRS,,
486,1,Certified,N,N,N,N,N,Y,N,,,6,other,7:30 AM - 5:30 PM,7:30 AM - 5:30 PM,7:30 AM - 5:30 PM,7:30 AM - 5:30 PM,other,other,34.0,,34.0,,34.0,,34.0,32.0,34.0,32.0,34.0,32.0,29.0,26.0,29.0,26.0,29.0,26.0,,county_47,Annual Inspection,Change of Hours,,,,,,Initial Application,,,,,,,,,KID013B,,SSRS,,
1367,1,Licensed,N,N,N,Y,N,,N,,Y,20,other,other,other,other,other,No Information Available,No Information Available,,,,,,,,,,,,,,,,,,,,county_47,,,Change of Location,,,,,Initial Application,,,,,Post-Preliminary Inspection,,,,KID013B,,,,
1819,1,Licensed,N,Y,N,N,Y,,N,,Y,20,other,other,other,other,other,No Information Available,No Information Available,,,,,,,,,,,,,,,,,,,,county_47,,,,,,,,Initial Application,,,,,Post-Preliminary Inspection,,,,KID013B,,SSRS,,
1490,5,Licensed,N,Y,N,Y,Y,Y,N,Y,Y,206,7:30 AM - 5:30 PM,7:30 AM - 5:30 PM,7:30 AM - 5:30 PM,7:30 AM - 5:30 PM,7:30 AM - 5:30 PM,No Information Available,No Information Available,57.8,,57.8,,56.4,,54.0,,54.0,,54.0,,,,,,,,,county_14,,,Change of Location,,Change of Service,,Follow-up,,Investigation,,Monitoring (DPOC),,,Renewal Application,KID013,KID013A,KID013B,,SSRS,,
1544,5,Licensed,Y,Y,Y,Y,Y,Y,Y,Y,Y,253,6:30 AM - 5:30 PM,6:30 AM - 5:30 PM,6:30 AM - 5:30 PM,6:30 AM - 5:30 PM,6:30 AM - 5:30 PM,No Information Available,No Information Available,47.0,,47.0,,47.0,,41.0,,41.0,,,,,,,,,,On-going,county_14,,,,,,Change of Space/Change in Capacity,Follow-up,,Investigation,,Monitoring (DPOC),,,Renewal Application,KID013,KID013A,KID013B,,SSRS,,Directed Plan of Correction
1708,3,Licensed,N,Y,N,Y,N,Y,N,N,Y,60,6:30 AM - 5:30 PM,6:30 AM - 5:30 PM,6:30 AM - 5:30 PM,6:30 AM - 5:30 PM,6:30 AM - 5:30 PM,No Information Available,No Information Available,40.0,40.0,40.0,40.0,40.0,40.0,37.0,37.0,37.0,37.0,37.0,37.0,,,,,,,,county_14,,,,,,,Follow-up,,Investigation,,,,,Renewal Application,KID013,KID013A,KID013B,,SSRS,,
1927,1,Licensed,Y,Y,Y,Y,Y,Y,N,N,Y,115,7:00 AM - 6:00 PM,7:00 AM - 6:00 PM,7:00 AM - 6:00 PM,7:00 AM - 6:00 PM,7:00 AM - 6:00 PM,No Information Available,No Information Available,34.0,25.0,34.0,25.0,34.0,25.0,33.0,24.0,33.0,24.0,33.0,24.0,29.0,16.0,29.0,16.0,,,,county_14,,,,,Change of Service,Change of Space/Change in Capacity,Follow-up,,Investigation,,,,,Renewal Application,KID013,KID013A,KID013B,,SSRS,,
1653,1,Licensed,N,Y,Y,Y,Y,Y,N,Y,Y,110,6:30 AM - 6:30 PM,6:30 AM - 6:30 PM,6:30 AM - 6:30 PM,6:30 AM - 6:30 PM,6:30 AM - 6:30 PM,No Information Available,No Information Available,95.0,75.0,95.0,75.0,95.0,75.0,75.0,60.0,75.0,60.0,75.0,60.0,,,,,,,,county_14,,,,,,Change of Space/Change in Capacity,Follow-up,,Investigation,,Monitoring (DPOC),,,Renewal Application,KID013,KID013A,KID013B,,SSRS,,
1582,1,Licensed,Y,Y,Y,Y,N,Y,N,N,Y,80,7:15 AM - 6:00 PM,7:15 AM - 6:00 PM,7:15 AM - 6:00 PM,7:15 AM - 6:00 PM,7:15 AM - 6:00 PM,No Information Available,No Information Available,,,,,48.0,,48.0,,48.0,,48.0,,58.0,15.0,58.0,15.0,58.0,,,county_14,,,,,Change of Service,,Follow-up,,Investigation,,,,,Renewal Application,KID013,KID013A,KID013B,,SSRS,,
1526,5,Licensed,Y,N,N,Y,N,Y,N,,Y,40,8:00 AM - 4:00 PM,8:00 AM - 4:00 PM,8:00 AM - 4:00 PM,8:00 AM - 4:00 PM,No Information Available,No Information Available,No Information Available,,,,,14.0,,14.0,,14.0,,14.0,,,,,,,,,county_23,,,,,,,,,Investigation,,Monitoring (DPOC),,,Renewal Application,KID013,KID013A,KID013B,,SSRS,,
113,5,Licensed,N,Y,N,Y,Y,Y,N,Y,Y,104,7:30 AM - 5:30 PM,7:30 AM - 5:30 PM,7:30 AM - 5:30 PM,7:30 AM - 5:30 PM,7:30 AM - 5:30 PM,No Information Available,No Information Available,46.0,,46.0,,46.0,,45.0,,45.0,,45.0,,,,,,,,,county_14,,,Change of Location,,,,,,Investigation,,,,,Renewal Application,KID013,KID013A,KID013B,,SSRS,,
512,1,Licensed,N,Y,Y,Y,Y,Y,N,N,N,127,7:00 AM - 6:00 PM,7:00 AM - 6:00 PM,7:00 AM - 6:00 PM,7:00 AM - 6:00 PM,7:00 AM - 6:00 PM,No Information Available,No Information Available,50.0,,50.0,,45.0,,43.0,,43.0,,,,,,,,,,,county_14,,,,,,Change of Space/Change in Capacity,Follow-up,,Investigation,,,,,Renewal Application,KID013,KID013A,KID013B,,SSRS,,
457,1,Licensed,N,Y,Y,Y,Y,Y,N,N,Y,80,6:30 AM - 6:00 PM,6:30 AM - 6:00 PM,6:30 AM - 6:00 PM,6:30 AM - 6:00 PM,6:30 AM - 6:00 PM,No Information Available,No Information Available,45.0,,45.0,,45.0,,45.0,,45.0,,45.0,,45.0,24.0,45.0,24.0,45.0,24.0,,county_14,,,,,,,Follow-up,,Investigation,,Monitoring (DPOC),,,Renewal Application,KID013,KID013A,KID013B,,SSRS,,
549,3,Licensed,N,Y,Y,Y,Y,Y,N,N,Y,135,7:00 AM - 6:00 PM,7:00 AM - 6:00 PM,7:00 AM - 6:00 PM,7:00 AM - 6:00 PM,7:00 AM - 6:00 PM,No Information Available,No Information Available,53.0,,53.0,,50.4,,48.8,,48.8,,48.8,,,,,,,,,county_14,,,Change of Location,,,Change of Space/Change in Capacity,Follow-up,,Investigation,,,,,Renewal Application,KID013,KID013A,KID013B,,SSRS,,
1190,1,Licensed,Y,Y,Y,Y,Y,Y,N,,Y,90,6:30 AM - 6:00 PM,6:30 AM - 6:00 PM,6:30 AM - 6:00 PM,6:30 AM - 6:00 PM,6:30 AM - 6:00 PM,No Information Available,No Information Available,45.0,,45.0,,45.0,,45.0,,45.0,,45.0,,45.0,24.0,45.0,24.0,45.0,24.0,,county_14,,,,,,,Follow-up,,Investigation,,,,,Renewal Application,KID013,KID013A,KID013B,,SSRS,,
779,3,Licensed,Y,Y,Y,Y,N,Y,N,N,Y,86,7:00 AM - 6:00 PM,7:00 AM - 6:00 PM,7:00 AM - 6:00 PM,7:00 AM - 6:00 PM,7:00 AM - 6:00 PM,No Information Available,No Information Available,,,42.0,,42.0,,42.0,,42.0,,42.0,,42.0,15.0,42.0,15.0,,,,county_14,,,,,,Change of Space/Change in Capacity,Follow-up,,Investigation,,,,,Renewal Application,KID013,KID013A,KID013B,,SSRS,,
311,1,Licensed,Y,Y,Y,Y,Y,Y,N,N,Y,280,6:30 AM - 6:00 PM,6:30 AM - 6:00 PM,6:30 AM - 6:00 PM,6:30 AM - 6:00 PM,6:30 AM - 6:00 PM,No Information Available,No Information Available,33.0,18.0,33.0,18.0,33.0,18.0,30.0,17.0,30.0,17.0,30.0,17.0,28.0,22.0,28.0,22.0,28.0,22.0,,county_14,,,,,,,Follow-up,,Investigation,,,,,Renewal Application,KID013,KID013A,KID013B,,SSRS,,
1650,1,Licensed,N,Y,Y,Y,Y,Y,N,N,Y,120,7:00 AM - 6:00 PM,7:00 AM - 6:00 PM,7:00 AM - 6:00 PM,7:00 AM - 6:00 PM,7:00 AM - 6:00 PM,No Information Available,No Information Available,40.0,48.33,40.0,49.33,40.0,49.33,36.4,43.67,36.4,43.67,36.4,43.67,36.4,43.67,,,,,,county_14,,,,,,,Follow-up,,Investigation,,,,,Renewal Application,KID013,KID013A,KID013B,,SSRS,,
1810,1,Licensed,N,N,N,Y,N,N,N,N,N,48,other,other,other,other,other,No Information Available,No Information Available,,,,,,,,,,,,,,,,,,,,county_2,,,,,,Change of Space/Change in Capacity,,,Investigation,,,,,Renewal Application,KID013,KID013A,KID013B,,SSRS,,
1243,1,Licensed,Y,Y,Y,Y,Y,Y,Y,Y,Y,157,6:30 AM - 6:30 PM,6:30 AM - 6:30 PM,6:30 AM - 6:30 PM,6:30 AM - 6:30 PM,6:30 AM - 6:30 PM,No Information Available,No Information Available,95.0,75.0,95.0,75.0,90.0,65.0,75.0,60.0,75.0,60.0,75.0,60.0,75.0,60.0,75.0,60.0,,,On-going,county_14,,,,,Change of Service,Change of Space/Change in Capacity,Follow-up,,Investigation,Monitoring,Monitoring (DPOC),,,Renewal Application,KID013,KID013A,KID013B,,SSRS,,Directed Plan of Correction
365,1,Licensed,N,Y,N,Y,Y,Y,N,Y,Y,100,6:30 AM - 6:30 PM,6:30 AM - 6:30 PM,6:30 AM - 6:30 PM,6:30 AM - 6:30 PM,6:30 AM - 6:30 PM,No Information Available,No Information Available,95.0,75.0,95.0,75.0,90.0,65.0,75.0,60.0,75.0,60.0,75.0,60.0,,,,,,,,county_14,,,,,Change of Service,Change of Space/Change in Capacity,Follow-up,,Investigation,,Monitoring (DPOC),,,Renewal Application,KID013,KID013A,KID013B,,SSRS,,
1347,1,Licensed,N,Y,N,Y,N,Y,N,,N,147,7:30 AM - 5:30 PM,7:30 AM - 5:30 PM,7:30 AM - 5:30 PM,7:30 AM - 5:30 PM,7:30 AM - 5:30 PM,No Information Available,No Information Available,45.48,,49.59,,49.59,,48.36,26.78,48.36,26.78,48.36,26.78,,,,,,,,county_14,,,,,Change of Service,Change of Space/Change in Capacity,Follow-up,,,,,,,Renewal Application,KID013,KID013A,KID013B,,SSRS,,
1627,3,Licensed,Y,Y,Y,Y,Y,Y,N,N,Y,70,6:00 AM - 6:00 PM,6:00 AM - 6:00 PM,6:00 AM - 6:00 PM,6:00 AM - 6:00 PM,6:00 AM - 6:00 PM,No Information Available,No Information Available,33.0,25.0,33.0,25.0,33.0,25.0,33.0,25.0,33.0,25.0,33.0,25.0,33.0,25.0,33.0,25.0,33.0,25.0,,county_23,,,,,,,Follow-up,,Investigation,,,,,Renewal Application,KID013,KID013A,KID013B,,SSRS,,
55,4,Licensed,N,Y,Y,Y,Y,Y,N,Y,Y,280,6:30 AM - 5:00 PM,6:30 AM - 5:00 PM,6:30 AM - 5:00 PM,6:30 AM - 5:00 PM,6:30 AM - 5:00 PM,No Information Available,No Information Available,52.0,,52.0,,52.0,,51.0,,51.0,,51.0,,,,,,,,,county_14,,,,,,Change of Space/Change in Capacity,Follow-up,,Investigation,,,,,Renewal Application,KID013,KID013A,KID013B,,SSRS,,
1281,1,Licensed,N,Y,Y,Y,Y,Y,N,N,Y,122,7:00 AM - 6:00 PM,7:00 AM - 6:00 PM,7:00 AM - 6:00 PM,7:00 AM - 6:00 PM,7:00 AM - 6:00 PM,No Information Available,No Information Available,52.2,70.0,52.2,70.0,50.2,70.0,45.2,70.0,45.2,70.0,45.2,70.0,45.2,70.0,,,,,,county_14,,,Change of Location,,Change of Service,Change of Space/Change in Capacity,Follow-up,,Investigation,,Monitoring (DPOC),,,Renewal Application,KID013,KID013A,KID013B,,SSRS,,
1338,1,Licensed,N,Y,N,Y,N,N,N,,N,145,other,other,other,other,other,No Information Available,No Information Available,,,,,,,,,,,,,,,,,,,,county_14,,,,,Change of Service,Change of Space/Change in Capacity,Follow-up,,Investigation,,,,,Renewal Application,KID013,KID013A,KID013B,,SSRS,,
793,1,Licensed,N,Y,Y,Y,N,Y,N,N,N,177,7:30 AM - 5:30 PM,7:30 AM - 5:30 PM,7:30 AM - 5:30 PM,7:30 AM - 5:30 PM,7:30 AM - 5:30 PM,No Information Available,No Information Available,,,58.79,36.7,58.79,36.7,58.79,36.7,58.79,36.7,65.95,65.95,,,,,,,,county_14,,,,,,Change of Space/Change in Capacity,,,Investigation,,,,,Renewal Application,KID013,KID013A,KID013B,,SSRS,,
1631,1,Licensed,N,Y,N,Y,N,Y,N,,N,93,other,other,other,other,other,No Information Available,No Information Available,,,,,,,44.0,25.0,44.0,25.0,44.0,25.0,,,,,,,,county_14,,,,,Change of Service,Change of Space/Change in Capacity,Follow-up,,Investigation,,,,,Renewal Application,KID013,KID013A,KID013B,,SSRS,,
823,2,Licensed,N,Y,Y,Y,Y,Y,N,N,N,7,6:00 AM - 5:00 PM,6:00 AM - 5:00 PM,6:00 AM - 5:00 PM,6:00 AM - 5:00 PM,6:00 AM - 5:00 PM,No Information Available,No Information Available,26.0,20.0,26.0,20.0,26.0,20.0,26.0,20.0,26.0,20.0,26.0,20.0,26.0,20.0,26.0,20.0,,,,county_23,,,,,,,Follow-up,,,,,,,Renewal Application,KID013,KID013A,KID013B,,SSRS,,
1867,1,Licensed,N,Y,Y,Y,N,Y,Y,Y,N,93,7:30 AM - 6:00 PM,7:30 AM - 6:00 PM,7:30 AM - 6:00 PM,7:30 AM - 6:00 PM,7:30 AM - 6:00 PM,No Information Available,No Information Available,93.44,,93.44,58.48,93.44,58.48,66.9,48.97,66.9,48.97,66.9,,66.9,,66.9,,86.9,,On-going | On-going,county_14,,,Change of Location,,Change of Service,Change of Space/Change in Capacity,,,Investigation,,Monitoring (DPOC),,,Renewal Application,KID013,KID013A,KID013B,DMS,SSRS,Adverse Action,Directed Plan of Correction
1023,1,Licensed,N,Y,N,Y,N,Y,N,,N,72,other,other,other,other,other,No Information Available,No Information Available,,,,,15.0,,15.0,,15.0,,,,,,,,,,,county_14,,,,,,Change of Space/Change in Capacity,,,Investigation,,,,,Renewal Application,KID013,KID013A,KID013B,,SSRS,,
718,1,Licensed,N,Y,N,Y,Y,Y,N,Y,Y,120,6:30 AM - 6:30 PM,6:30 AM - 6:30 PM,6:30 AM - 6:30 PM,6:30 AM - 6:30 PM,6:30 AM - 6:30 PM,No Information Available,No Information Available,100.0,75.0,100.0,75.0,100.0,75.0,80.0,60.0,80.0,60.0,80.0,60.0,,,,,,,,county_14,,,,,,,,,Investigation,,,,,Renewal Application,KID013,KID013A,KID013B,,SSRS,,
325,1,Licensed,N,Y,Y,Y,N,Y,N,N,N,257,7:30 AM - 5:30 PM,7:30 AM - 5:30 PM,7:30 AM - 5:30 PM,7:30 AM - 5:30 PM,7:30 AM - 5:30 PM,No Information Available,No Information Available,,,61.0,44.0,61.0,44.0,82.0,53.0,82.0,53.0,82.0,53.0,76.0,,76.0,,76.0,,,county_14,,,,,,Change of Space/Change in Capacity,,,,,,,,Renewal Application,KID013,KID013A,KID013B,,SSRS,,
873,3,Licensed,Y,Y,Y,Y,Y,Y,N,N,Y,139,6:30 AM - 6:00 PM,6:30 AM - 6:00 PM,6:30 AM - 6:00 PM,6:30 AM - 6:00 PM,6:30 AM - 6:00 PM,No Information Available,No Information Available,158.0,,143.0,,136.0,,113.0,,113.0,,113.0,,100.0,,100.0,,100.0,,,county_14,,,Change of Location,,Change of Service,,Follow-up,,Investigation,,Monitoring (DPOC),,,Renewal Application,KID013,KID013A,KID013B,,SSRS,,
162,4,Licensed,N,Y,N,Y,N,N,N,,N,75,other,other,other,other,No Information Available,No Information Available,No Information Available,,,,,,,,,,,,,,,,,,,,county_2,,,,,Change of Service,Change of Space/Change in Capacity,,,Investigation,,,,,Renewal Application,KID013,KID013A,KID013B,,SSRS,,
1359,5,Licensed,Y,Y,Y,Y,Y,Y,N,N,Y,173,6:30 AM - 5:30 PM,6:30 AM - 5:30 PM,6:30 AM - 5:30 PM,6:30 AM - 5:30 PM,6:30 AM - 5:30 PM,No Information Available,No Information Available,53.0,,52.0,,48.0,,46.0,,46.0,,46.0,,,,,,,,,county_14,,,,,,,Follow-up,,Investigation,,,,,Renewal Application,KID013,KID013A,KID013B,,SSRS,,
936,2,Licensed,Y,Y,Y,Y,Y,Y,N,N,Y,304,7:00 AM - 6:00 PM,7:00 AM - 6:00 PM,7:00 AM - 6:00 PM,7:00 AM - 6:00 PM,7:00 AM - 6:00 PM,No Information Available,No Information Available,60.0,,58.0,,56.0,,56.0,,56.0,,56.0,,47.0,,47.0,,47.0,,,county_14,,,,,,Change of Space/Change in Capacity,Follow-up,,Investigation,,Monitoring (DPOC),,,Renewal Application,KID013,KID013A,KID013B,DMS,SSRS,,
8,1,Licensed,N,N,N,Y,N,Y,N,N,N,90,7:30 AM - 5:30 PM,7:30 AM - 5:30 PM,7:30 AM - 5:30 PM,7:30 AM - 5:30 PM,7:30 AM - 5:30 PM,No Information Available,No Information Available,,,,,,,45.0,21.0,45.0,21.0,45.0,21.0,,,,,,,,county_14,,,,,,Change of Space/Change in Capacity,Follow-up,,Investigation,,,,,Renewal Application,KID013,KID013A,KID013B,,SSRS,,
48,5,Licensed,N,Y,Y,Y,Y,Y,N,N,N,239,7:30 AM - 5:30 PM,7:30 AM - 5:30 PM,7:30 AM - 5:30 PM,7:30 AM - 5:30 PM,7:30 AM - 5:30 PM,No Information Available,No Information Available,58.0,,58.0,,54.0,,52.0,,52.0,,52.0,,48.0,30.0,48.0,30.0,48.0,30.0,,county_14,,,,,,Change of Space/Change in Capacity,,,Investigation,,,,,Renewal Application,KID013,KID013A,KID013B,,SSRS,,
1013,5,Licensed,N,Y,Y,Y,Y,Y,N,N,Y,252,other,other,other,other,other,other,No Information Available,41.0,22.6,40.0,22.6,40.0,22.6,36.8,22.6,36.8,22.6,36.8,22.6,36.8,22.6,36.8,22.6,36.8,22.6,,county_2,,,,,,Change of Space/Change in Capacity,,,Investigation,,Monitoring (DPOC),,,Renewal Application,KID013,KID013A,KID013B,,SSRS,,
1662,2,Licensed,Y,N,Y,N,N,Y,N,N,Y,150,7:00 AM - 6:00 PM,7:00 AM - 6:00 PM,7:00 AM - 6:00 PM,7:00 AM - 6:00 PM,7:00 AM - 6:00 PM,No Information Available,No Information Available,,,,,,,,,,,40.0,11.5,40.0,11.5,40.0,11.5,40.0,11.5,,county_23,,,,,,,,,Investigation,,,,,Renewal Application,KID013,KID013A,KID013B,,SSRS,,
643,2,Licensed,N,N,Y,N,N,Y,N,N,Y,150,7:00 AM - 6:00 PM,7:00 AM - 6:00 PM,7:00 AM - 6:00 PM,7:00 AM - 6:00 PM,7:00 AM - 6:00 PM,No Information Available,No Information Available,,,,,,,,,,,40.0,11.5,40.0,11.5,40.0,11.5,40.0,11.5,,county_23,,,,,,,,,Investigation,,,,,Renewal Application,KID013,KID013A,KID013B,,SSRS,,
1682,2,Licensed,Y,N,Y,N,N,Y,N,N,Y,150,7:00 AM - 6:00 PM,7:00 AM - 6:00 PM,7:00 AM - 6:00 PM,7:00 AM - 6:00 PM,7:00 AM - 6:00 PM,No Information Available,No Information Available,,,,,,,,,,,40.0,11.5,40.0,11.5,40.0,11.5,40.0,11.5,,county_23,,,,,,,,,Investigation,,,,,Renewal Application,KID013,KID013A,KID013B,,SSRS,,
1664,2,Licensed,Y,N,Y,N,N,Y,N,N,Y,150,7:00 AM - 6:00 PM,7:00 AM - 6:00 PM,7:00 AM - 6:00 PM,7:00 AM - 6:00 PM,7:00 AM - 6:00 PM,No Information Available,No Information Available,,,,,,,,,,,40.0,11.5,40.0,11.5,40.0,11.5,40.0,11.5,,county_23,,,,,,,,,Investigation,,,,,Renewal Application,KID013,KID013A,KID013B,,SSRS,,
1316,5,Licensed,N,Y,Y,Y,Y,Y,N,N,Y,151,6:00 AM - 6:00 PM,6:00 AM - 6:00 PM,6:00 AM - 6:00 PM,6:00 AM - 6:00 PM,6:00 AM - 6:00 PM,No Information Available,No Information Available,50.0,,49.0,,48.0,,48.0,,46.0,,46.0,,,,,,,,,county_2,,,,,,Change of Space/Change in Capacity,Follow-up,,Investigation,,,,,Renewal Application,KID013,KID013A,KID013B,,SSRS,,
1011,5,Licensed,Y,N,N,Y,N,Y,N,Y,Y,49,other,other,other,other,No Information Available,No Information Available,No Information Available,,,,,,,23.0,17.0,23.0,17.0,,,,,,,,,,county_14,,,,,,Change of Space/Change in Capacity,,,Investigation,,,,,Renewal Application,KID013,KID013A,KID013B,,SSRS,,
1762,1,Licensed,N,N,Y,N,N,Y,N,,N,150,2:30 PM - 6:00 PM,2:30 PM - 6:00 PM,2:30 PM - 6:00 PM,2:30 PM - 6:00 PM,2:30 PM - 6:00 PM,No Information Available,No Information Available,,,,,,,,,,,15.0,15.0,15.0,15.0,15.0,15.0,15.0,15.0,,county_14,,,,,,,Follow-up,,Investigation,,,,,Renewal Application,KID013,KID013A,KID013B,,SSRS,,
345,1,Licensed,N,Y,N,Y,Y,Y,N,N,Y,280,7:30 AM - 5:30 PM,7:30 AM - 5:30 PM,7:30 AM - 5:30 PM,7:30 AM - 5:30 PM,7:30 AM - 5:30 PM,No Information Available,No Information Available,,,48.45,,48.45,,48.45,,48.45,,48.45,,,,,,,,,county_23,,,,,,Change of Space/Change in Capacity,,,Investigation,,,,,Renewal Application,KID013,KID013A,KID013B,,SSRS,,
625,1,Licensed,Y,Y,Y,Y,Y,Y,N,N,Y,200,6:30 AM - 6:00 PM,6:30 AM - 6:00 PM,6:30 AM - 6:00 PM,6:30 AM - 6:00 PM,6:30 AM - 6:00 PM,No Information Available,No Information Available,63.0,,62.2,,55.6,,50.8,,50.0,,50.0,,50.0,15.0,50.0,15.0,50.0,15.0,,county_14,,,,,,Change of Space/Change in Capacity,Follow-up,,Investigation,,Monitoring (DPOC),,,Renewal Application,KID013,KID013A,KID013B,,SSRS,,
1122,3,Licensed,N,Y,Y,Y,Y,Y,N,N,Y,99,6:30 AM - 6:00 PM,6:30 AM - 6:00 PM,6:30 AM - 6:00 PM,6:30 AM - 6:00 PM,6:30 AM - 6:00 PM,No Information Available,No Information Available,47.0,,47.0,,47.0,,41.0,,41.0,,41.0,,35.0,29.0,35.0,29.0,,,,county_25,,,,,,Change of Space/Change in Capacity,Follow-up,,Investigation,,Monitoring (DPOC),,,Renewal Application,KID013,KID013A,KID013B,,SSRS,,
554,1,Licensed,Y,Y,Y,Y,Y,Y,N,N,Y,99,6:00 AM - 6:00 PM,6:00 AM - 6:00 PM,6:00 AM - 6:00 PM,6:00 AM - 6:00 PM,6:00 AM - 6:00 PM,No Information Available,No Information Available,38.0,52.0,37.0,52.0,36.0,52.0,35.0,48.0,34.0,48.0,34.0,48.0,32.0,15.0,32.0,15.0,,,,county_14,,,,,,,Follow-up,,Investigation,,Monitoring (DPOC),,,Renewal Application,KID013,KID013A,KID013B,,SSRS,,
1914,3,Licensed,Y,Y,Y,Y,Y,Y,N,N,Y,191,6:00 AM - 6:00 PM,6:00 AM - 6:00 PM,6:00 AM - 6:00 PM,6:00 AM - 6:00 PM,6:00 AM - 6:00 PM,No Information Available,No Information Available,47.0,43.0,47.0,43.0,47.0,43.0,41.0,34.0,41.0,34.0,41.0,34.0,37.0,32.0,37.0,32.0,37.0,32.0,,county_25,,,,,Change of Service,,Follow-up,,Investigation,,Monitoring (DPOC),,,Renewal Application,KID013,KID013A,KID013B,,SSRS,,
165,1,Licensed,N,Y,Y,Y,Y,Y,N,N,Y,35,5:30 AM - 5:30 PM,5:30 AM - 5:30 PM,5:30 AM - 5:30 PM,5:30 AM - 5:30 PM,5:30 AM - 5:30 PM,No Information Available,No Information Available,47.0,43.0,47.0,43.0,47.0,43.0,41.0,34.0,41.0,34.0,41.0,34.0,37.0,32.0,37.0,32.0,37.0,32.0,,county_14,,,,,Change of Service,,Follow-up,,Investigation,,Monitoring (DPOC),,,Renewal Application,KID013,KID013A,KID013B,DMS,SSRS,,
1467,2,Licensed,N,Y,N,Y,Y,Y,N,N,Y,60,8:00 AM - 5:00 PM,8:00 AM - 5:00 PM,8:00 AM - 5:00 PM,8:00 AM - 5:00 PM,8:00 AM - 5:00 PM,No Information Available,No Information Available,48.0,26.0,48.0,26.0,48.0,26.0,44.0,22.0,44.0,22.0,,,,,,,,,,county_23,,,Change of Location,,,,Follow-up,,Investigation,,,,,Renewal Application,KID013,KID013A,KID013B,DMS,SSRS,,
1096,1,Licensed,N,N,Y,N,N,Y,N,,N,150,2:30 PM - 6:00 PM,2:30 PM - 6:00 PM,2:30 PM - 6:00 PM,2:30 PM - 6:00 PM,2:30 PM - 6:00 PM,No Information Available,No Information Available,,,,,,,,,,,,15.0,,15.0,,15.0,,15.0,,county_14,,,,,,,Follow-up,,Investigation,,,,,Renewal Application,KID013,KID013A,KID013B,,SSRS,,
1488,1,Licensed,N,Y,Y,Y,N,Y,N,N,N,59,7:00 AM - 6:00 PM,7:00 AM - 6:00 PM,7:00 AM - 6:00 PM,7:00 AM - 6:00 PM,7:00 AM - 6:00 PM,No Information Available,No Information Available,,,49.38,25.32,49.38,25.32,32.98,24.73,32.98,24.73,32.98,24.73,,,,,,,,county_2,,,Change of Location,,Change of Service,,Follow-up,,Investigation,,,,,Renewal Application,KID013,KID013A,KID013B,,SSRS,,
525,2,Licensed,Y,Y,Y,Y,Y,Y,N,N,Y,55,7:00 AM - 5:30 PM,7:00 AM - 5:30 PM,7:00 AM - 5:30 PM,7:00 AM - 5:30 PM,7:00 AM - 5:30 PM,No Information Available,No Information Available,50.0,,50.0,,45.0,,40.0,,40.0,,40.0,,40.0,40.0,40.0,40.0,,,,county_14,,,,,,Change of Space/Change in Capacity,Follow-up,,Investigation,,,,,Renewal Application,KID013,KID013A,KID013B,,SSRS,,
1189,1,Licensed,Y,N,Y,N,N,Y,N,N,Y,234,7:30 AM - 5:30 PM,7:30 AM - 5:30 PM,7:30 AM - 5:30 PM,7:30 AM - 5:30 PM,7:30 AM - 5:30 PM,No Information Available,No Information Available,,,,,,,,,,,35.0,14.0,35.0,14.0,35.0,14.0,35.0,14.0,,county_14,,,Change of Location,,Change of Service,Change of Space/Change in Capacity,,,Investigation,,,,,Renewal Application,KID013,KID013A,KID013B,,SSRS,,
132,5,Licensed,N,Y,N,Y,N,Y,N,N,Y,150,7:30 AM - 3:00 PM,7:30 AM - 3:00 PM,7:30 AM - 3:00 PM,7:30 AM - 3:00 PM,7:30 AM - 3:00 PM,No Information Available,No Information Available,,,43.92,24.09,43.92,24.09,43.92,24.09,43.92,24.09,43.92,24.09,,,,,,,,county_14,,,,,Change of Service,Change of Space/Change in Capacity,,,,,,,,Renewal Application,KID013,KID013A,KID013B,,SSRS,,
494,1,Licensed,N,N,Y,Y,N,Y,N,,N,30,other,other,other,other,other,No Information Available,No Information Available,,,,,,,,24.75,,24.75,,24.75,,,,,,,,county_25,,,,,,,,,,,,,,Renewal Application,KID013,KID013A,KID013B,,SSRS,,
1928,1,Licensed,Y,Y,Y,Y,Y,Y,N,N,Y,112,7:00 AM - 5:00 PM,7:00 AM - 5:00 PM,7:00 AM - 5:00 PM,7:00 AM - 5:00 PM,7:00 AM - 5:00 PM,No Information Available,No Information Available,47.0,47.0,47.0,47.0,47.0,47.0,41.0,34.0,41.0,34.0,41.0,34.0,37.0,32.0,37.0,32.0,,,,county_14,,,,,,,Follow-up,,Investigation,,,,,Renewal Application,KID013,KID013A,KID013B,DMS,SSRS,,
1144,1,Licensed,N,Y,Y,Y,Y,Y,N,N,Y,54,7:00 AM - 5:00 PM,7:00 AM - 5:00 PM,7:00 AM - 5:00 PM,7:00 AM - 5:00 PM,7:00 AM - 5:00 PM,No Information Available,No Information Available,50.0,,50.0,,50.0,,49.0,,49.0,,40.0,35.0,40.0,35.0,40.0,35.0,40.0,35.0,,county_14,,,,,,Change of Space/Change in Capacity,Follow-up,,Investigation,,Monitoring (DPOC),,,Renewal Application,KID013,KID013A,KID013B,DMS,SSRS,,
699,5,Licensed,N,Y,Y,Y,Y,Y,N,N,Y,70,6:30 AM - 6:00 PM,6:30 AM - 6:00 PM,6:30 AM - 6:00 PM,6:30 AM - 6:00 PM,6:30 AM - 6:00 PM,No Information Available,No Information Available,32.0,,32.0,,32.0,,32.0,,32.0,,,,,,,,,,,county_14,,,Change of Location,,,,Follow-up,,Investigation,,,,,Renewal Application,KID013,KID013A,KID013B,DMS,SSRS,,
813,1,Licensed,N,N,Y,N,N,Y,N,N,N,100,7:30 AM - 5:30 PM,7:30 AM - 5:30 PM,7:30 AM - 5:30 PM,7:30 AM - 5:00 PM,7:30 AM - 5:00 PM,No Information Available,No Information Available,,,,,,,,,,,40.0,,40.0,,40.0,,40.0,,,county_14,,,,,Change of Service,Change of Space/Change in Capacity,,,Investigation,,,,,Renewal Application,KID013,KID013A,KID013B,,SSRS,,
1615,5,Licensed,N,Y,N,Y,Y,Y,N,N,N,64,7:30 AM - 5:30 PM,7:30 AM - 5:30 PM,7:30 AM - 5:30 PM,7:30 AM - 5:30 PM,7:30 AM - 5:30 PM,No Information Available,No Information Available,75.0,,51.5,,51.5,,46.8,,46.8,,46.8,,,,,,,,,county_14,,,,,Change of Service,Change of Space/Change in Capacity,,,Investigation,,,,,Renewal Application,KID013,KID013A,KID013B,,SSRS,,
169,4,Licensed,Y,Y,N,Y,Y,Y,N,Y,Y,178,7:00 AM - 5:00 PM,7:00 AM - 5:00 PM,7:00 AM - 5:00 PM,7:00 AM - 5:00 PM,7:00 AM - 5:00 PM,No Information Available,No Information Available,30.0,22.0,30.0,22.0,30.0,22.0,27.0,20.0,27.0,20.0,27.0,20.0,,,,,,,,county_14,,,,,,Change of Space/Change in Capacity,,,Investigation,,,,,Renewal Application,KID013,KID013A,KID013B,,SSRS,,
137,1,Licensed,Y,Y,Y,Y,Y,Y,N,N,Y,84,6:00 AM - 5:30 PM,6:00 AM - 5:30 PM,6:00 AM - 5:30 PM,6:00 AM - 5:30 PM,6:00 AM - 5:30 PM,No Information Available,No Information Available,40.0,25.0,38.0,25.0,36.0,25.0,34.0,22.0,34.0,22.0,34.0,22.0,32.0,21.0,32.0,21.0,32.0,21.0,,county_14,,,,,Change of Service,,Follow-up,,Investigation,,Monitoring (DPOC),,,Renewal Application,KID013,KID013A,KID013B,,SSRS,,
665,2,Licensed,N,Y,N,Y,N,Y,N,,N,22,other,other,other,other,other,No Information Available,No Information Available,,,,,,,25.0,25.0,25.0,25.0,25.0,25.0,,,,,,,,county_23,,Change of Hours,,,Change of Service,Change of Space/Change in Capacity,,,,,,,,Renewal Application,KID013,KID013A,KID013B,,SSRS,,
530,1,Licensed,Y,N,Y,N,N,Y,N,,Y,115,2:30 PM - 6:00 PM,2:30 PM - 6:00 PM,2:30 PM - 6:00 PM,2:30 PM - 6:00 PM,2:30 PM - 6:00 PM,No Information Available,No Information Available,,,,,,,,,,,,,30.0,24.0,30.0,24.0,30.0,24.0,,county_14,,,,,,,Follow-up,,Investigation,,,,,Renewal Application,KID013,KID013A,KID013B,,SSRS,,
1493,1,Licensed,N,Y,Y,Y,Y,Y,N,N,Y,85,7:00 AM - 5:00 PM,7:00 AM - 5:00 PM,7:00 AM - 5:00 PM,7:00 AM - 5:00 PM,7:00 AM - 5:00 PM,No Information Available,No Information Available,35.0,17.5,35.0,17.5,35.0,17.5,35.0,17.5,35.0,17.5,35.0,17.5,35.0,17.5,35.0,17.5,,,,county_25,,,,,Change of Service,Change of Space/Change in Capacity,Follow-up,,Investigation,,,,,Renewal Application,KID013,KID013A,KID013B,DMS,SSRS,,
1097,4,Licensed,N,Y,N,Y,Y,Y,N,N,Y,154,7:30 AM - 5:30 PM,7:30 AM - 5:30 PM,7:30 AM - 5:30 PM,7:30 AM - 5:30 PM,7:30 AM - 5:30 PM,No Information Available,No Information Available,66.0,,66.0,,66.0,,62.0,,,,,,,,,,,,,county_14,,,,,,Change of Space/Change in Capacity,Follow-up,,Investigation,,,,,Renewal Application,KID013,KID013A,KID013B,,SSRS,,
1741,1,Certified,N,N,N,N,N,Y,N,N,,6,7:00 AM - 5:00 PM,7:00 AM - 5:00 PM,7:00 AM - 5:00 PM,7:00 AM - 5:00 PM,7:00 AM - 5:00 PM,No Information Available,No Information Available,30.0,30.0,30.0,30.0,30.0,30.0,30.0,30.0,30.0,30.0,30.0,30.0,,,,,,,,county_2,Annual Inspection,,,,,,Follow-up,,,,,,,Renewal Application,KID013,KID013A,KID013B,,SSRS,,
1072,3,Certified,N,N,N,N,N,Y,N,N,,6,6:00 AM - 6:00 PM,6:00 AM - 6:00 PM,6:00 AM - 6:00 PM,6:00 AM - 6:00 PM,6:00 AM - 6:00 PM,No Information Available,No Information Available,32.0,32.0,32.0,32.0,32.0,32.0,32.0,32.0,32.0,32.0,32.0,32.0,32.0,32.0,32.0,32.0,32.0,32.0,,county_14,Annual Inspection,,,,,,Follow-up,,,,,,,Renewal Application,KID013,KID013A,KID013B,,SSRS,,
999,2,Certified,N,N,N,N,N,Y,N,N,,6,7:00 AM - 6:00 PM,7:00 AM - 6:00 PM,7:00 AM - 6:00 PM,7:00 AM - 6:00 PM,7:00 AM - 6:00 PM,No Information Available,No Information Available,36.0,31.0,36.0,31.0,36.0,31.0,34.0,31.0,34.0,31.0,34.0,31.0,28.0,26.0,28.0,26.0,28.0,26.0,,county_14,Annual Inspection,,,,,,,,,,,,,Renewal Application,KID013,KID013A,KID013B,,SSRS,,
44,5,Licensed,N,Y,Y,Y,N,Y,N,N,N,12,6:00 AM - 5:00 PM,6:00 AM - 5:00 PM,6:00 AM - 5:00 PM,6:00 AM - 5:00 PM,6:00 AM - 5:00 PM,No Information Available,No Information Available,,,,,35.0,35.0,35.0,35.0,35.0,35.0,35.0,35.0,35.0,35.0,35.0,35.0,,,,county_14,,,,,,,,,Investigation,,,,,Renewal Application,KID013,KID013A,KID013B,,SSRS,,
666,5,Licensed,N,Y,N,Y,N,N,N,N,N,79,7:30 AM - 5:30 PM,7:30 AM - 5:30 PM,7:30 AM - 5:30 PM,7:30 AM - 5:30 PM,7:30 AM - 5:30 PM,No Information Available,No Information Available,,,,,,,,,,,,,,,,,,,,county_14,,,,,Change of Service,Change of Space/Change in Capacity,Follow-up,,Investigation,,,,,Renewal Application,KID013,KID013A,KID013B,,SSRS,,
1783,5,Licensed,N,Y,N,Y,Y,Y,N,N,Y,76,6:30 AM - 6:00 PM,6:30 AM - 6:00 PM,6:30 AM - 6:00 PM,6:30 AM - 6:00 PM,6:30 AM - 6:00 PM,No Information Available,No Information Available,52.0,44.0,52.0,44.0,49.0,44.0,49.0,44.0,49.0,44.0,49.0,44.0,,,,,,,,county_14,,,,,,Change of Space/Change in Capacity,Follow-up,,Investigation,,,,,Renewal Application,KID013,KID013A,KID013B,DMS,SSRS,,
790,4,Licensed,N,N,Y,N,N,Y,N,N,Y,222,2:30 PM - 6:00 PM,2:30 PM - 6:00 PM,2:30 PM - 6:00 PM,2:30 PM - 6:00 PM,2:30 PM - 6:00 PM,No Information Available,No Information Available,,,,,,,,,,,,16.0,30.0,16.0,30.0,16.0,30.0,16.0,,county_2,,,,,,Change of Space/Change in Capacity,,,,,,,,Renewal Application,KID013,KID013A,KID013B,,SSRS,,
1448,1,Licensed,N,Y,Y,Y,Y,Y,N,N,Y,196,6:30 AM - 6:00 PM,6:30 AM - 6:00 PM,6:30 AM - 6:00 PM,6:30 AM - 6:00 PM,6:30 AM - 6:00 PM,No Information Available,No Information Available,49.0,49.0,49.0,49.0,45.0,45.0,42.0,42.0,40.0,40.0,34.0,29.0,31.0,26.0,31.0,26.0,31.0,26.0,,county_25,,,,,Change of Service,,Follow-up,,Investigation,,,,,Renewal Application,KID013,KID013A,KID013B,,SSRS,,
548,1,Licensed,Y,Y,Y,Y,Y,Y,N,N,Y,52,7:00 AM - 5:00 PM,7:00 AM - 5:00 PM,7:00 AM - 5:00 PM,7:00 AM - 5:00 PM,7:00 AM - 5:00 PM,No Information Available,No Information Available,47.0,43.0,47.0,43.0,47.0,43.0,41.0,34.0,41.0,34.0,41.0,34.0,37.0,32.0,37.0,32.0,37.0,32.0,,county_14,,,,,Change of Service,,Follow-up,,Investigation,,,,,Renewal Application,KID013,KID013A,KID013B,,SSRS,,
1731,1,Licensed,Y,N,Y,N,N,Y,N,N,N,194,7:30 AM - 6:00 PM,7:30 AM - 6:00 PM,7:30 AM - 6:00 PM,7:30 AM - 6:00 PM,7:30 AM - 6:00 PM,No Information Available,No Information Available,,,,,,,,,32.0,16.0,32.0,16.0,32.0,16.0,32.0,16.0,32.0,16.0,,county_2,,,,,,Change of Space/Change in Capacity,Follow-up,,Investigation,,,,,Renewal Application,KID013,KID013A,KID013B,,SSRS,,
627,2,Licensed,Y,Y,Y,Y,Y,Y,N,N,Y,78,other,other,other,other,other,other,other,50.0,43.0,50.0,43.0,50.0,43.0,44.0,36.0,44.0,36.0,40.0,36.0,40.0,34.0,40.0,34.0,40.0,34.0,,county_14,,,,,Change of Service,Change of Space/Change in Capacity,Follow-up,,Investigation,,,,,Renewal Application,KID013,KID013A,KID013B,DMS,SSRS,,
739,1,Certified,N,N,N,N,N,Y,N,,,6,7:00 AM - 5:00 PM,7:00 AM - 5:00 PM,7:00 AM - 5:00 PM,7:00 AM - 5:00 PM,7:00 AM - 5:00 PM,No Information Available,No Information Available,44.0,45.0,40.0,45.0,40.0,45.0,40.0,45.0,,,,,,,,,,,,county_14,Annual Inspection,,,,,,,,,,,,,Renewal Application,KID013,KID013A,KID013B,,SSRS,,
1196,1,Certified,N,N,N,N,N,Y,N,,,6,7:00 AM - 5:00 PM,7:00 AM - 5:00 PM,7:00 AM - 5:00 PM,7:00 AM - 5:00 PM,7:00 AM - 5:00 PM,No Information Available,No Information Available,31.0,30.0,31.0,30.0,31.0,30.0,29.0,29.0,29.0,29.0,27.0,27.0,27.0,13.0,27.0,13.0,27.0,13.0,,county_25,Annual Inspection,,,,,,,,Investigation,,,,,Renewal Application,KID013,KID013A,KID013B,,SSRS,,
1285,1,Licensed,N,Y,Y,Y,N,Y,N,N,N,12,7:00 AM - 5:30 PM,7:00 AM - 5:30 PM,7:00 AM - 5:30 PM,7:00 AM - 5:30 PM,7:00 AM - 5:30 PM,No Information Available,No Information Available,,,33.0,29.0,33.0,33.0,30.0,30.0,29.0,25.0,25.0,25.0,22.0,22.0,20.0,20.0,,,,county_25,,,,,,,Follow-up,,Investigation,,Monitoring (DPOC),,,Renewal Application,KID013,KID013A,KID013B,,SSRS,,
334,3,Licensed,N,Y,N,N,Y,Y,N,N,N,12,6:00 AM - 5:00 PM,6:00 AM - 5:00 PM,6:00 AM - 5:00 PM,6:00 AM - 5:00 PM,6:00 AM - 5:00 PM,No Information Available,No Information Available,47.0,,47.0,,,,,,,,,,,,,,,,,county_14,,,,,,,Follow-up,,Investigation,,,,,Renewal Application,KID013,KID013A,KID013B,,SSRS,,
1737,5,Licensed,N,Y,Y,Y,Y,Y,N,N,Y,91,6:30 AM - 5:30 PM,6:30 AM - 5:30 PM,6:30 AM - 5:30 PM,6:30 AM - 5:30 PM,6:30 AM - 5:30 PM,other,No Information Available,41.4,,39.2,,37.2,,35.0,,35.0,,35.0,,35.0,,35.0,,,,,county_2,,,Change of Location,,Change of Service,Change of Space/Change in Capacity,Follow-up,,Investigation,,,,,Renewal Application,KID013,KID013A,KID013B,,SSRS,,
1177,1,Certified,N,N,N,N,N,Y,N,N,,6,6:00 AM - 4:30 PM,6:00 AM - 4:30 PM,6:00 AM - 4:30 PM,6:00 AM - 4:30 PM,6:00 AM - 4:30 PM,No Information Available,No Information Available,34.0,30.0,34.0,30.0,34.0,30.0,34.0,30.0,34.0,30.0,34.0,30.0,25.0,23.0,,,,,,county_14,Annual Inspection,,,,,,Follow-up,,,,,,,Renewal Application,KID013,KID013A,KID013B,,SSRS,,
663,1,Licensed,N,N,N,Y,N,Y,N,,N,50,other,other,other,other,other,No Information Available,No Information Available,,,,,,,34.54,14.54,34.54,14.54,34.54,14.54,,,,,,,,county_14,,Change of Hours,,,,Change of Space/Change in Capacity,,,Investigation,,,,,Renewal Application,KID013,KID013A,KID013B,,SSRS,,
5,1,Licensed,N,Y,Y,Y,Y,Y,N,N,N,12,6:00 AM - 5:30 PM,6:00 AM - 5:30 PM,6:00 AM - 5:30 PM,6:00 AM - 5:30 PM,6:00 AM - 5:30 PM,No Information Available,No Information Available,47.0,41.0,47.0,41.0,47.0,41.0,34.0,34.0,34.0,34.0,36.0,32.0,36.0,34.0,36.0,34.0,36.0,34.0,,county_14,,,,,,,Follow-up,,Investigation,,,,,Renewal Application,KID013,KID013A,KID013B,DMS,SSRS,,
1301,2,Licensed,N,Y,Y,Y,Y,Y,N,N,Y,57,7:00 AM - 5:30 PM,7:00 AM - 5:30 PM,7:00 AM - 5:30 PM,7:00 AM - 5:30 PM,7:00 AM - 5:30 PM,No Information Available,No Information Available,50.0,50.0,50.0,50.0,50.0,50.0,50.0,50.0,50.0,50.0,50.0,50.0,50.0,50.0,50.0,50.0,50.0,50.0,,county_2,,,Change of Location,,,Change of Space/Change in Capacity,Follow-up,,Investigation,,,,,Renewal Application,KID013,KID013A,KID013B,,SSRS,,
1430,1,Licensed,N,N,Y,N,N,Y,N,N,Y,99,2:35 PM - 6:00 PM,2:35 PM - 6:00 PM,2:35 PM - 6:00 PM,2:35 PM - 6:00 PM,2:35 PM - 6:00 PM,No Information Available,No Information Available,,,,,,,,,,,,,,14.0,,14.0,,,,county_14,,,,,,Change of Space/Change in Capacity,Follow-up,,,,Monitoring (DPOC),,,Renewal Application,KID013,KID013A,KID013B,,SSRS,,
250,1,Licensed,N,N,Y,N,N,N,N,N,Y,152,3:00 PM - 6:00 PM,3:00 PM - 6:00 PM,3:00 PM - 6:00 PM,3:00 PM - 6:00 PM,3:00 PM - 6:00 PM,No Information Available,No Information Available,,,,,,,,,,,,,,,,,,,,county_14,,,,,,Change of Space/Change in Capacity,Follow-up,,,,,,,Renewal Application,KID013,KID013A,KID013B,,SSRS,,
923,1,Licensed,Y,Y,Y,Y,Y,Y,N,N,Y,200,6:30 AM - 6:00 PM,6:30 AM - 6:00 PM,6:30 AM - 6:00 PM,6:30 AM - 6:00 PM,6:30 AM - 6:00 PM,No Information Available,No Information Available,49.0,49.0,49.0,49.0,45.0,45.0,42.0,42.0,40.0,40.0,40.0,29.0,31.0,26.0,31.0,26.0,,,,county_25,,,Change of Location,,Change of Service,Change of Space/Change in Capacity,Follow-up,,Investigation,,,,,Renewal Application,KID013,KID013A,KID013B,,SSRS,,
26,1,Licensed,N,N,Y,N,N,Y,N,N,Y,200,2:35 PM - 6:00 PM,2:35 PM - 6:00 PM,2:35 PM - 6:00 PM,2:35 PM - 6:00 PM,2:35 PM - 6:00 PM,No Information Available,No Information Available,,,,,,,,,,,,11.0,,11.0,,11.0,,,,county_14,,,,,,Change of Space/Change in Capacity,Follow-up,,Investigation,,Monitoring (DPOC),,,Renewal Application,KID013,KID013A,KID013B,,SSRS,,
39,4,Licensed,N,Y,N,Y,Y,Y,N,,Y,256,6:00 AM - 6:00 PM,6:00 AM - 6:00 PM,6:00 AM - 6:00 PM,6:00 AM - 6:00 PM,6:00 AM - 6:00 PM,No Information Available,No Information Available,46.0,,45.0,,44.0,,42.0,,42.0,,42.0,,,,,,,,,county_2,,,,,,Change of Space/Change in Capacity,Follow-up,,Investigation,Monitoring,Monitoring (DPOC),,,Renewal Application,KID013,KID013A,KID013B,,SSRS,,
756,1,Licensed,N,N,Y,N,N,Y,N,N,N,150,2:35 PM - 6:00 PM,2:35 PM - 6:00 PM,2:35 PM - 6:00 PM,2:35 PM - 6:00 PM,2:35 PM - 6:00 PM,No Information Available,No Information Available,,,,,,,,,,,14.0,14.0,14.0,14.0,14.0,14.0,14.0,14.0,,county_14,,,,,,,Follow-up,,Investigation,,,,,Renewal Application,KID013,KID013A,KID013B,,SSRS,,
86,1,Licensed,N,N,Y,N,N,Y,N,,Y,99,2:35 PM - 6:00 PM,2:35 PM - 6:00 PM,2:35 PM - 6:00 PM,2:35 PM - 6:00 PM,2:35 PM - 6:00 PM,No Information Available,No Information Available,,,,,,,,,,,,,,14.0,,14.0,,14.0,,county_14,,,,,,,,,Investigation,,,,,Renewal Application,KID013,KID013A,KID013B,,SSRS,,
490,1,Licensed,N,N,Y,N,N,Y,N,N,Y,150,other,other,other,other,other,No Information Available,No Information Available,,,,,,14.0,,,,,,14.0,,14.0,,14.0,,,,county_14,,,,,,Change of Space/Change in Capacity,,,Investigation,,,,,Renewal Application,KID013,KID013A,KID013B,,SSRS,,
608,1,Licensed,N,N,Y,N,N,N,N,,Y,180,2:35 PM - 6:00 PM,2:35 PM - 6:00 PM,2:35 PM - 6:00 PM,2:35 PM - 6:00 PM,2:35 PM - 6:00 PM,No Information Available,No Information Available,,,,,,,,,,,,,,,,,,,,county_14,,,,,,,Follow-up,,,,,,,Renewal Application,KID013,KID013A,KID013B,,SSRS,,
1088,1,Licensed,Y,N,Y,N,N,Y,N,,Y,176,6:30 AM - 5:30 PM,6:30 AM - 5:30 PM,6:30 AM - 5:30 PM,6:30 AM - 5:30 PM,6:30 AM - 5:30 PM,No Information Available,No Information Available,,,,,,,,,,,28.0,18.0,28.0,18.0,28.0,18.0,28.0,18.0,,county_14,,,,,,Change of Space/Change in Capacity,Follow-up,,Investigation,,,,,Renewal Application,KID013,KID013A,KID013B,,SSRS,,
1530,4,Licensed,N,Y,N,Y,Y,Y,N,N,Y,45,8:00 AM - 5:00 PM,8:00 AM - 5:00 PM,8:00 AM - 5:00 PM,8:00 AM - 5:00 PM,8:00 AM - 5:00 PM,No Information Available,No Information Available,25.0,,23.0,,20.0,,20.0,,15.0,,15.0,,,,,,,,,county_14,,,,,,,Follow-up,,Investigation,,,,,Renewal Application,KID013,KID013A,KID013B,,SSRS,,
1083,1,Licensed,N,Y,Y,Y,Y,Y,N,N,N,12,6:30 AM - 6:00 PM,6:30 AM - 6:00 PM,6:30 AM - 6:00 PM,6:30 AM - 6:00 PM,6:30 AM - 6:00 PM,No Information Available,No Information Available,47.0,41.0,47.0,41.0,47.0,41.0,34.0,34.0,34.0,34.0,34.0,34.0,36.0,32.0,36.0,32.0,36.0,32.0,,county_14,,,,,,,,,Investigation,,,,,Renewal Application,KID013,KID013A,KID013B,,SSRS,,
1118,1,Licensed,N,N,Y,N,N,Y,N,N,Y,300,2:35 PM - 6:00 PM,2:35 PM - 6:00 PM,2:35 PM - 6:00 PM,2:35 PM - 6:00 PM,2:35 PM - 6:00 PM,No Information Available,No Information Available,,,,,,,,,,,,,14.0,14.0,14.0,14.0,,,,county_14,,,,,,,Follow-up,,Investigation,,,,,Renewal Application,KID013,KID013A,KID013B,,SSRS,,
1640,3,Licensed,Y,Y,Y,Y,Y,Y,N,,Y,123,7:00 AM - 5:30 PM,7:00 AM - 5:30 PM,7:00 AM - 5:30 PM,7:00 AM - 5:30 PM,7:00 AM - 5:30 PM,No Information Available,No Information Available,48.0,37.0,48.0,37.0,48.0,37.0,48.0,37.0,48.0,37.0,48.0,37.0,48.0,37.0,48.0,37.0,48.0,37.0,,county_14,,Change of Hours,,,Change of Service,Change of Space/Change in Capacity,Follow-up,,Investigation,,,,,Renewal Application,KID013,KID013A,KID013B,,SSRS,,
19,1,Licensed,N,Y,Y,Y,Y,Y,N,N,Y,60,6:30 AM - 6:00 PM,6:30 AM - 6:00 PM,6:30 AM - 6:00 PM,6:30 AM - 6:00 PM,6:30 AM - 6:00 PM,No Information Available,No Information Available,35.0,20.0,35.0,20.0,35.0,20.0,35.0,20.0,35.0,20.0,35.0,20.0,35.0,20.0,35.0,20.0,,,,county_23,,,,,,,Follow-up,,Investigation,,Monitoring (DPOC),,,Renewal Application,KID013,KID013A,KID013B,DMS,SSRS,,
75,4,Licensed,Y,Y,Y,Y,Y,Y,N,N,Y,98,7:00 AM - 5:00 PM,7:00 AM - 5:00 PM,7:00 AM - 5:00 PM,7:00 AM - 5:00 PM,7:00 AM - 5:00 PM,No Information Available,No Information Available,50.0,50.0,50.0,50.0,50.0,50.0,44.0,44.0,44.0,44.0,44.0,44.0,40.0,35.0,40.0,35.0,40.0,35.0,,county_14,,,Change of Location,,,Change of Space/Change in Capacity,Follow-up,,Investigation,,,,,Renewal Application,KID013,KID013A,KID013B,DMS,SSRS,,
343,2,Licensed,Y,Y,Y,Y,Y,Y,N,N,N,12,other,other,other,other,other,No Information Available,No Information Available,47.0,41.0,47.0,41.0,47.0,41.0,34.0,34.0,34.0,34.0,34.0,34.0,36.0,32.0,36.0,32.0,36.0,32.0,,county_14,,,,,,,Follow-up,,Investigation,,,,,Renewal Application,KID013,KID013A,KID013B,DMS,SSRS,,
1256,1,Licensed,N,N,Y,N,N,Y,N,N,Y,150,2:35 PM - 6:00 PM,2:35 PM - 6:00 PM,2:35 PM - 6:00 PM,2:35 PM - 6:00 PM,2:35 PM - 6:00 PM,No Information Available,No Information Available,,,,,,,,,,,,14.0,,14.0,,14.0,,,,county_14,,,,,,Change of Space/Change in Capacity,Follow-up,,,,,,,Renewal Application,KID013,KID013A,KID013B,,SSRS,,
638,1,Licensed,Y,Y,Y,Y,Y,Y,N,N,Y,66,6:00 AM - 9:00 PM,6:00 AM - 9:00 PM,6:00 AM - 9:00 PM,6:00 AM - 9:00 PM,6:00 AM - 9:00 PM,No Information Available,No Information Available,57.0,52.0,53.0,47.0,50.0,45.0,47.0,44.0,47.0,43.0,41.0,39.0,40.0,37.0,40.0,37.0,40.0,37.0,,county_14,,,Change of Location,,Change of Service,,Follow-up,,Investigation,,Monitoring (DPOC),,,Renewal Application,KID013,KID013A,KID013B,DMS,SSRS,,
258,4,Licensed,N,Y,N,Y,Y,Y,N,,Y,56,8:00 AM - 5:00 PM,8:00 AM - 5:00 PM,8:00 AM - 5:00 PM,8:00 AM - 5:00 PM,8:00 AM - 5:00 PM,No Information Available,No Information Available,30.0,22.0,30.0,22.0,30.0,22.0,27.0,20.0,27.0,20.0,27.0,20.0,,,,,,,,county_14,,,,,,Change of Space/Change in Capacity,,,Investigation,,,,,Renewal Application,KID013,KID013A,KID013B,,SSRS,,
1404,1,Licensed,N,Y,Y,Y,Y,Y,N,,Y,30,7:00 AM - 6:00 PM,7:00 AM - 6:00 PM,7:00 AM - 6:00 PM,7:00 AM - 6:00 PM,7:00 AM - 6:00 PM,No Information Available,No Information Available,47.0,43.0,47.0,43.0,47.0,43.0,41.0,34.0,41.0,34.0,41.0,34.0,37.0,32.0,37.0,32.0,37.0,32.0,,county_14,,,,,,,Follow-up,,Investigation,,,,,Renewal Application,KID013,KID013A,KID013B,,SSRS,,
1111,1,Licensed,N,N,Y,Y,N,Y,N,,N,56,7:30 AM - 5:30 PM,7:30 AM - 5:30 PM,7:30 AM - 5:30 PM,7:30 AM - 5:30 PM,7:30 AM - 5:30 PM,No Information Available,No Information Available,,,,,,,58.75,35.0,58.75,35.0,58.75,,54.5,,54.5,,,,,county_14,,,,,,,,Initial Application,Investigation,,,,,Renewal Application,KID013,KID013A,KID013B,DMS,SSRS,,
1148,5,Licensed,N,Y,N,Y,N,Y,N,,Y,36,7:30 AM - 5:00 PM,7:30 AM - 5:00 PM,7:30 AM - 5:00 PM,7:30 AM - 5:00 PM,7:30 AM - 5:00 PM,No Information Available,No Information Available,,,,,40.0,51.67,40.0,51.67,40.0,51.67,40.0,51.67,,,,,,,,county_2,,,Change of Location,,Change of Service,Change of Space/Change in Capacity,Follow-up,Initial Application,Investigation,,,,,Renewal Application,KID013,KID013A,KID013B,,SSRS,,
1572,3,Licensed,N,Y,N,Y,N,,N,,N,72,other,other,other,other,other,No Information Available,No Information Available,,,,,,,,,,,,,,,,,,,,county_14,,,,,Change of Service,Change of Space/Change in Capacity,,Initial Application,,,,,,Renewal Application,KID013,KID013A,KID013B,,SSRS,,
1264,4,Licensed,Y,Y,Y,Y,Y,Y,N,,Y,138,6:00 AM - 6:00 PM,6:00 AM - 6:00 PM,6:00 AM - 6:00 PM,6:00 AM - 6:00 PM,6:00 AM - 6:00 PM,No Information Available,No Information Available,47.0,43.0,47.0,43.0,47.0,43.0,41.0,34.0,41.0,34.0,41.0,34.0,37.0,32.0,37.0,32.0,,,,county_14,,,,,,,Follow-up,Initial Application,Investigation,,Monitoring (DPOC),,,Renewal Application,KID013,KID013A,KID013B,,SSRS,,
120,5,Licensed,N,N,Y,Y,N,Y,N,Y,Y,99,7:00 AM - 6:00 PM,7:00 AM - 6:00 PM,7:00 AM - 6:00 PM,7:00 AM - 6:00 PM,7:00 AM - 6:00 PM,No Information Available,No Information Available,,,,,,,41.25,23.7,41.25,23.7,41.25,23.7,,12.0,,12.0,,12.0,,county_23,,Change of Hours,,,Change of Service,Change of Space/Change in Capacity,,Initial Application,,,,,,Renewal Application,KID013,KID013A,KID013B,,SSRS,,
251,1,Licensed,N,N,Y,Y,N,Y,N,,Y,150,other,other,other,other,other,No Information Available,No Information Available,,,,,,,35.0,18.75,35.0,18.75,35.0,15.5,35.0,15.5,35.0,15.5,,,,county_25,,Change of Hours,,,Change of Service,Change of Space/Change in Capacity,,Initial Application,Investigation,,,,,Renewal Application,KID013,KID013A,KID013B,,SSRS,,
182,1,Licensed,N,N,Y,N,N,Y,N,,Y,309,2:35 PM - 6:00 PM,2:35 PM - 6:00 PM,2:35 PM - 6:00 PM,2:35 PM - 6:00 PM,2:35 PM - 6:00 PM,No Information Available,No Information Available,,,,,,,,,,,,14.0,,14.0,,14.0,,14.0,,county_14,,,,,,Change of Space/Change in Capacity,,Initial Application,Investigation,,,,,Renewal Application,KID013,KID013A,KID013B,,SSRS,,
656,1,Licensed,N,N,Y,N,N,Y,N,,Y,200,2:35 PM - 6:00 PM,other,other,other,other,No Information Available,No Information Available,,,,,,,,,,,,,,14.0,,14.0,,14.0,,county_14,,,,,,,Follow-up,Initial Application,,,,,,Renewal Application,KID013,KID013A,KID013B,,SSRS,,
1390,3,Licensed,N,Y,Y,Y,Y,Y,N,,Y,47,7:00 AM - 6:00 PM,7:00 AM - 6:00 PM,7:00 AM - 6:00 PM,7:00 AM - 6:00 PM,7:00 AM - 6:00 PM,No Information Available,No Information Available,52.0,45.0,52.0,45.0,52.0,45.0,46.0,38.0,46.0,38.0,46.0,38.0,43.0,36.0,43.0,36.0,43.0,36.0,,county_14,,,Change of Location,,Change of Service,Change of Space/Change in Capacity,Follow-up,Initial Application,Investigation,,,,Post-Preliminary Inspection,Renewal Application,KID013,KID013A,KID013B,,SSRS,,
1303,4,Licensed,N,Y,N,Y,N,Y,N,,N,35,other,other,other,other,other,No Information Available,No Information Available,,,,30.0,,30.0,,30.0,,30.0,,30.0,,,,,,,,county_23,,,,,,Change of Space/Change in Capacity,,Initial Application,,,,,Post-Preliminary Inspection,Renewal Application,KID013,KID013A,KID013B,,SSRS,,
932,2,Licensed,N,N,Y,Y,N,Y,N,,Y,37,other,other,other,other,other,No Information Available,No Information Available,,,,,,,44.48,25.7,44.48,25.7,50.7,12.0,50.7,12.0,50.7,12.0,50.7,12.0,,county_2,,,Change of Location,,,,Follow-up,Initial Application,Investigation,,,,,Renewal Application,KID013,KID013A,KID013B,,SSRS,,
1239,1,Licensed,N,N,Y,N,N,Y,N,,Y,200,2:45 PM - 6:00 PM,2:45 PM - 6:00 PM,2:45 PM - 6:00 PM,2:45 PM - 6:00 PM,2:45 PM - 6:00 PM,No Information Available,No Information Available,,,,,,,,,,,35.0,15.5,35.0,15.5,35.0,15.5,,,,county_25,,,,,,Change of Space/Change in Capacity,,Initial Application,Investigation,,,,Post-Preliminary Inspection,Renewal Application,KID013,KID013A,KID013B,,SSRS,,
1501,2,Licensed,Y,Y,Y,Y,Y,Y,N,,Y,60,other,other,other,other,other,other,other,50.0,43.0,50.0,43.0,50.0,43.0,44.0,36.0,44.0,36.0,40.0,34.0,40.0,34.0,40.0,34.0,40.0,34.0,,county_14,,,,,Change of Service,,Follow-up,Initial Application,Investigation,,Monitoring (DPOC),,Post-Preliminary Inspection,Renewal Application,KID013,KID013A,KID013B,DMS,SSRS,,
876,3,Licensed,Y,Y,Y,Y,Y,Y,N,,Y,167,7:30 AM - 5:30 PM,7:30 AM - 5:30 PM,7:30 AM - 5:30 PM,7:30 AM - 5:30 PM,7:30 AM - 5:30 PM,No Information Available,No Information Available,47.0,,47.0,,47.0,,41.0,,41.0,,41.0,,37.0,17.0,37.0,17.0,,,,county_25,,,Change of Location,,Change of Service,Change of Space/Change in Capacity,Follow-up,Initial Application,Investigation,,,,Post-Preliminary Inspection,Renewal Application,KID013,KID013A,KID013B,,SSRS,,
40,1,Licensed,N,Y,Y,Y,Y,Y,N,,Y,51,7:00 AM - 5:00 PM,7:00 AM - 5:00 PM,7:00 AM - 5:00 PM,7:00 AM - 5:00 PM,7:00 AM - 5:00 PM,No Information Available,No Information Available,40.0,40.0,40.0,40.0,40.0,40.0,36.0,36.0,36.0,36.0,36.0,36.0,,,,,,,,county_2,,,,Change of Ownership,,,Follow-up,,Investigation,,,,Post-Preliminary Inspection,Renewal Application,KID013,KID013A,KID013B,,SSRS,,
614,4,Licensed,N,Y,Y,Y,Y,Y,N,,N,12,other,other,other,other,other,No Information Available,No Information Available,52.0,45.0,52.0,45.0,52.0,45.0,40.0,40.0,40.0,40.0,40.0,40.0,36.0,36.0,36.0,36.0,36.0,36.0,,county_14,,,,,Change of Service,Change of Space/Change in Capacity,Follow-up,Initial Application,Investigation,,,,Post-Preliminary Inspection,Renewal Application,KID013,KID013A,KID013B,,SSRS,,
1075,1,Licensed,N,N,Y,N,N,Y,N,,Y,100,2:35 PM - 6:00 PM,2:35 PM - 6:00 PM,2:35 PM - 6:00 PM,2:35 PM - 6:00 PM,2:35 PM - 6:00 PM,No Information Available,No Information Available,,,,,,,,,,,,,,14.0,,14.0,,,,county_14,,,,,,,Follow-up,Initial Application,,,,,Post-Preliminary Inspection,Renewal Application,KID013,KID013A,KID013B,DMS,SSRS,,
1046,1,Licensed,N,N,Y,N,N,Y,N,,Y,150,2:35 PM - 6:00 PM,2:35 PM - 6:00 PM,2:35 PM - 6:00 PM,2:35 PM - 6:00 PM,2:35 PM - 6:00 PM,No Information Available,No Information Available,,,,,,,,,,,,15.0,,15.0,,15.0,,15.0,,county_14,,,,,,Change of Space/Change in Capacity,,Initial Application,Investigation,,,,Post-Preliminary Inspection,Renewal Application,KID013,KID013A,KID013B,,SSRS,,
1136,1,Licensed,N,Y,Y,Y,N,Y,N,,N,63,7:00 AM - 5:30 PM,7:00 AM - 5:30 PM,7:00 AM - 5:30 PM,7:00 AM - 5:30 PM,7:00 AM - 5:30 PM,No Information Available,No Information Available,,,50.0,50.0,50.0,50.0,48.0,48.0,48.0,48.0,46.0,46.0,46.0,46.0,46.0,46.0,,,,county_25,,,,,Change of Service,Change of Space/Change in Capacity,,Initial Application,Investigation,,,,Post-Preliminary Inspection,Renewal Application,KID013,KID013A,KID013B,,SSRS,,
1322,2,Licensed,N,N,Y,Y,N,Y,N,,N,29,other,other,other,other,other,No Information Available,No Information Available,,,,,,,,,,15.08,,15.08,,,,,,,,county_14,,,,,,Change of Space/Change in Capacity,,Initial Application,Investigation,,,,Post-Preliminary Inspection,Renewal Application,KID013,KID013A,KID013B,,SSRS,,
1361,1,Licensed,N,N,Y,N,N,Y,N,,Y,99,2:45 PM - 6:00 PM,2:45 PM - 6:00 PM,2:45 PM - 6:00 PM,2:45 PM - 6:00 PM,2:45 PM - 6:00 PM,No Information Available,No Information Available,,,,,,,,,,,35.0,15.5,35.0,15.5,35.0,15.5,,,,county_25,,,Change of Location,,Change of Service,Change of Space/Change in Capacity,Follow-up,Initial Application,Investigation,,,,Post-Preliminary Inspection,Renewal Application,KID013,KID013A,KID013B,,SSRS,,
444,1,Licensed,Y,N,Y,N,N,Y,N,,Y,100,2:45 PM - 6:00 PM,2:45 PM - 6:00 PM,2:45 PM - 6:00 PM,2:45 PM - 6:00 PM,2:45 PM - 6:00 PM,No Information Available,No Information Available,,,,,,,,,,,35.0,15.5,35.0,15.5,35.0,15.5,,,,county_25,,,,,Change of Service,Change of Space/Change in Capacity,,Initial Application,Investigation,,,,Post-Preliminary Inspection,Renewal Application,KID013,KID013A,KID013B,,SSRS,,
234,1,Licensed,Y,N,Y,Y,N,Y,N,,Y,100,7:00 AM - 6:00 PM,7:00 AM - 6:00 PM,7:00 AM - 6:00 PM,7:00 AM - 6:00 PM,7:00 AM - 6:00 PM,No Information Available,No Information Available,,,,,,,35.0,,35.0,,35.0,15.5,35.0,15.5,35.0,15.5,,,,county_25,,Change of Hours,,,Change of Service,Change of Space/Change in Capacity,Follow-up,Initial Application,Investigation,,,,Post-Preliminary Inspection,Renewal Application,KID013,KID013A,KID013B,DMS,SSRS,,
1426,1,Licensed,N,N,Y,N,N,Y,N,,Y,109,2:45 PM - 6:00 PM,2:45 PM - 6:00 PM,2:45 PM - 6:00 PM,2:45 PM - 6:00 PM,2:45 PM - 6:00 PM,No Information Available,No Information Available,,,,,,,,,,,35.0,15.5,35.0,15.5,35.0,15.5,,,,county_25,,,,,Change of Service,Change of Space/Change in Capacity,Follow-up,Initial Application,,,,,Post-Preliminary Inspection,Renewal Application,KID013,KID013A,KID013B,,SSRS,,
900,1,Licensed,Y,N,Y,N,N,Y,N,,N,130,other,other,other,other,other,No Information Available,No Information Available,,,,,,,,,,,40.0,16.0,40.0,16.0,40.0,16.0,40.0,16.0,,county_14,,,,,Change of Service,Change of Space/Change in Capacity,Follow-up,Initial Application,Investigation,,,,Post-Preliminary Inspection,Renewal Application,KID013,KID013A,KID013B,,SSRS,,
862,2,Licensed,Y,Y,Y,Y,Y,Y,N,,Y,99,5:30 AM - 6:30 PM,5:30 AM - 6:30 PM,5:30 AM - 6:30 PM,5:30 AM - 6:30 PM,5:30 AM - 6:30 PM,No Information Available,No Information Available,47.0,40.0,47.0,40.0,47.0,40.0,43.0,39.0,43.0,39.0,43.0,39.0,37.0,32.0,37.0,32.0,,,,county_14,,,,,Change of Service,,Follow-up,Initial Application,Investigation,,Monitoring (DPOC),,Post-Preliminary Inspection,Renewal Application,KID013,KID013A,KID013B,,SSRS,,
1015,1,Licensed,N,N,N,Y,N,,N,,N,48,7:30 AM - 5:30 PM,7:30 AM - 5:30 PM,7:30 AM - 5:30 PM,7:30 AM - 5:30 PM,7:30 AM - 5:30 PM,No Information Available,No Information Available,,,,,,,,,,,,,,,,,,,,county_23,,,,,,Change of Space/Change in Capacity,,Initial Application,,,,,Post-Preliminary Inspection,Renewal Application,KID013,KID013A,KID013B,,SSRS,,
547,1,Licensed,N,Y,N,Y,Y,Y,N,,N,12,7:00 AM - 4:00 PM,7:00 AM - 4:00 PM,7:00 AM - 4:00 PM,7:00 AM - 4:00 PM,7:00 AM - 4:00 PM,No Information Available,No Information Available,52.0,,52.0,,48.0,,45.0,,45.0,,45.0,,,,,,,,,county_14,,,,,,Change of Space/Change in Capacity,,Initial Application,Investigation,,,,Post-Preliminary Inspection,Renewal Application,KID013,KID013A,KID013B,,SSRS,,
110,3,Licensed,N,Y,N,Y,N,Y,N,,N,49,7:30 AM - 5:30 PM,7:30 AM - 5:30 PM,7:30 AM - 5:30 PM,7:30 AM - 5:30 PM,7:30 AM - 5:30 PM,No Information Available,No Information Available,,,75.9,,75.9,,67.63,,67.63,,67.63,,,,,,,,,county_14,,,,,,Change of Space/Change in Capacity,,Initial Application,Investigation,,,,Post-Preliminary Inspection,Renewal Application,KID013,KID013A,KID013B,,SSRS,,
1173,2,Licensed,N,Y,Y,Y,Y,Y,N,,Y,42,7:00 AM - 5:30 PM,7:00 AM - 5:30 PM,7:00 AM - 5:30 PM,7:00 AM - 5:30 PM,7:00 AM - 5:30 PM,No Information Available,No Information Available,47.0,43.0,47.0,43.0,47.0,43.0,41.0,34.0,41.0,34.0,41.0,34.0,37.0,32.0,37.0,32.0,34.0,32.0,,county_14,,,,,,,,Initial Application,Investigation,,,,Post-Preliminary Inspection,Renewal Application,KID013,KID013A,KID013B,,SSRS,,
1505,2,Licensed,N,Y,Y,Y,Y,Y,N,,Y,24,7:00 AM - 5:30 PM,7:00 AM - 5:30 PM,7:00 AM - 5:30 PM,7:00 AM - 5:30 PM,7:00 AM - 5:30 PM,No Information Available,No Information Available,30.0,21.0,30.0,21.0,30.0,21.0,27.0,19.0,27.0,19.0,27.0,19.0,23.0,16.0,23.0,16.0,23.0,16.0,,county_14,,,,,,Change of Space/Change in Capacity,Follow-up,Initial Application,Investigation,,,,Post-Preliminary Inspection,Renewal Application,KID013,KID013A,KID013B,,SSRS,,
1169,2,Certified,N,N,N,N,N,Y,N,,,6,6:30 AM - 5:30 PM,6:30 AM - 5:30 PM,6:30 AM - 5:30 PM,6:30 AM - 5:30 PM,6:30 AM - 5:30 PM,No Information Available,No Information Available,40.0,31.0,40.0,31.0,40.0,31.0,35.0,31.0,35.0,31.0,35.0,31.0,35.0,26.0,35.0,26.0,35.0,26.0,,county_25,Annual Inspection,,,,,,,Initial Application,Investigation,,,,,Renewal Application,KID013,KID013A,KID013B,,SSRS,,
504,1,Licensed,N,N,Y,N,N,Y,N,,Y,150,2:35 PM - 6:00 PM,2:35 PM - 6:00 PM,2:35 PM - 6:00 PM,2:35 PM - 6:00 PM,2:35 PM - 6:00 PM,No Information Available,No Information Available,,,,,,,,,,,,14.0,,14.0,,14.0,,14.0,,county_14,,,,,,Change of Space/Change in Capacity,,Initial Application,Investigation,,,,Post-Preliminary Inspection,Renewal Application,KID013,KID013A,KID013B,,SSRS,,
1701,1,Licensed,N,N,Y,N,N,Y,N,,Y,200,2:35 PM - 6:00 PM,2:35 PM - 6:00 PM,2:35 PM - 6:00 PM,2:35 PM - 6:00 PM,2:35 PM - 6:00 PM,No Information Available,No Information Available,,,,,,,,,,,,14.0,,14.0,,14.0,,14.0,,county_14,,,,,,Change of Space/Change in Capacity,Follow-up,Initial Application,Investigation,,,,Post-Preliminary Inspection,Renewal Application,KID013,KID013A,KID013B,,SSRS,,
1897,1,Licensed,N,N,Y,N,N,Y,N,,Y,180,2:35 PM - 6:00 PM,2:35 PM - 6:00 PM,2:35 PM - 6:00 PM,2:35 PM - 6:00 PM,2:35 PM - 6:00 PM,No Information Available,No Information Available,,,,,,,,,,,,,,14.0,,14.0,,14.0,,county_14,,,,,,Change of Space/Change in Capacity,Follow-up,Initial Application,Investigation,,,,Post-Preliminary Inspection,Renewal Application,,KID013A,KID013B,,SSRS,,
1065,1,Licensed,Y,N,Y,N,N,Y,N,,Y,175,other,other,other,other,other,No Information Available,No Information Available,,,,,,,,,,,35.0,14.0,35.0,14.0,35.0,14.0,,,,county_14,,,,,Change of Service,,,Initial Application,Investigation,,,,Post-Preliminary Inspection,Renewal Application,,KID013A,KID013B,,SSRS,,
122,1,Licensed,N,N,N,Y,N,Y,N,,N,125,7:30 AM - 5:30 PM,7:30 AM - 5:30 PM,7:30 AM - 5:30 PM,7:30 AM - 5:30 PM,7:30 AM - 5:30 PM,No Information Available,No Information Available,,,,,,,44.0,24.0,44.0,24.0,44.0,24.0,,,,,,,,county_14,,,,,Change of Service,Change of Space/Change in Capacity,Follow-up,Initial Application,Investigation,,,,Post-Preliminary Inspection,Renewal Application,,KID013A,KID013B,,SSRS,,
1571,1,Licensed,N,N,Y,N,N,Y,N,,N,150,other,other,other,other,other,No Information Available,No Information Available,,,,,,,,,,,5.0,5.0,5.0,5.0,5.0,5.0,5.0,5.0,,county_14,,Change of Hours,,,,,,Initial Application,,,,,Post-Preliminary Inspection,Renewal Application,,KID013A,KID013B,,SSRS,,
399,1,Licensed,Y,Y,Y,Y,Y,Y,N,,Y,186,6:30 AM - 6:00 PM,6:30 AM - 6:00 PM,6:30 AM - 6:00 PM,6:30 AM - 6:00 PM,6:30 AM - 6:00 PM,No Information Available,No Information Available,54.2,,54.2,,54.2,,47.4,,47.4,,47.4,,42.8,,42.8,,,,,county_14,,Change of Hours,,,Change of Service,,Follow-up,Initial Application,Investigation,Monitoring,Monitoring (DPOC),,Post-Preliminary Inspection,Renewal Application,,KID013A,KID013B,,SSRS,,
899,1,Licensed,Y,N,Y,N,N,Y,N,,N,130,other,other,other,other,other,No Information Available,No Information Available,,,,,,,,,,,40.0,16.0,40.0,16.0,40.0,16.0,40.0,16.0,,county_14,,,,,Change of Service,,,Initial Application,Investigation,,,,Post-Preliminary Inspection,Renewal Application,,KID013A,KID013B,DMS,SSRS,,
1362,1,Licensed,Y,Y,Y,Y,Y,Y,N,,Y,32,6:00 AM - 9:00 PM,6:00 AM - 9:00 PM,6:00 AM - 9:00 PM,6:00 AM - 9:00 PM,6:00 AM - 9:00 PM,other,other,48.0,44.0,48.0,44.0,48.0,43.0,42.0,35.0,42.0,35.0,42.0,35.0,38.0,33.0,38.0,33.0,,,,county_14,,,,,Change of Service,Change of Space/Change in Capacity,Follow-up,Initial Application,Investigation,,Monitoring (DPOC),,Post-Preliminary Inspection,Renewal Application,,KID013A,KID013B,,SSRS,,
1357,1,Licensed,N,Y,Y,Y,Y,Y,N,,Y,49,7:00 AM - 6:00 PM,7:00 AM - 6:00 PM,7:00 AM - 6:00 PM,7:00 AM - 6:00 PM,7:00 AM - 6:00 PM,No Information Available,No Information Available,43.0,,43.0,,43.0,,41.0,,41.0,,41.0,,41.0,,41.0,,,,,county_25,,,,,,,Follow-up,Initial Application,Investigation,,,,Post-Preliminary Inspection,Renewal Application,,KID013A,KID013B,,SSRS,,
1376,1,Licensed,N,N,Y,Y,N,,N,,N,40,other,other,other,other,other,No Information Available,No Information Available,,,,,,,,,,,,,,,,,,,,county_14,,,,,,,,Initial Application,Investigation,,,,Post-Preliminary Inspection,Renewal Application,,KID013A,KID013B,,SSRS,,
287,5,Licensed,N,Y,N,Y,Y,Y,N,,Y,16,7:00 AM - 5:00 PM,7:00 AM - 5:00 PM,7:00 AM - 5:00 PM,7:00 AM - 5:00 PM,7:00 AM - 5:00 PM,No Information Available,No Information Available,28.0,20.0,28.0,20.0,28.0,20.0,,,,,,,,,,,,,,county_14,,,,,Change of Service,Change of Space/Change in Capacity,Follow-up,Initial Application,Investigation,,,,Post-Preliminary Inspection,Renewal Application,,KID013A,KID013B,,,,
164,1,Certified,N,N,N,N,N,Y,N,,,6,6:00 AM - 6:00 PM,6:00 AM - 6:00 PM,6:00 AM - 6:00 PM,6:00 AM - 6:00 PM,6:00 AM - 6:00 PM,No Information Available,No Information Available,,,36.0,22.0,36.0,22.0,36.0,22.0,36.0,22.0,36.0,22.0,36.0,22.0,36.0,22.0,36.0,22.0,,county_14,Annual Inspection,,,,,,,Initial Application,Investigation,,,,,Renewal Application,,KID013A,KID013B,,SSRS,,
15,1,Licensed,Y,Y,Y,Y,Y,Y,N,,N,160,6:30 AM - 5:30 PM,6:30 AM - 5:30 PM,6:30 AM - 5:30 PM,6:30 AM - 5:30 PM,6:30 AM - 5:30 PM,No Information Available,No Information Available,47.0,43.0,47.0,43.0,47.0,43.0,41.0,34.0,37.0,32.0,36.0,32.0,36.0,32.0,36.0,32.0,,,,county_14,,,,Change of Ownership,,,Follow-up,,Investigation,Monitoring,Monitoring (DPOC),,Post-Preliminary Inspection,Renewal Application,,KID013A,KID013B,,SSRS,,
1699,1,Licensed,Y,Y,Y,Y,Y,Y,N,,N,199,6:30 AM - 6:00 PM,6:30 AM - 6:00 PM,6:30 AM - 6:00 PM,6:30 AM - 6:00 PM,6:30 AM - 6:00 PM,No Information Available,No Information Available,69.0,,66.0,,60.0,,56.0,,56.0,,56.0,,30.0,30.0,30.0,30.0,30.0,30.0,,county_14,,,,,,Change of Space/Change in Capacity,Follow-up,Initial Application,Investigation,,,,Post-Preliminary Inspection,Renewal Application,,KID013A,KID013B,,SSRS,,
971,1,Licensed,N,Y,Y,Y,N,Y,N,,N,39,7:30 AM - 3:30 PM,7:30 AM - 3:30 PM,7:30 AM - 3:30 PM,7:30 AM - 3:30 PM,7:30 AM - 3:30 PM,No Information Available,No Information Available,,,69.62,,69.62,,54.87,,54.87,,54.87,,,,,,,,,county_14,,,Change of Location,,Change of Service,,,Initial Application,Investigation,,Monitoring (DPOC),,Post-Preliminary Inspection,Renewal Application,,KID013A,KID013B,DMS,SSRS,,
1697,1,Licensed,N,Y,Y,Y,Y,Y,N,,Y,191,6:30 AM - 6:00 PM,6:30 AM - 6:00 PM,6:30 AM - 6:00 PM,6:30 AM - 6:00 PM,6:30 AM - 6:00 PM,No Information Available,No Information Available,55.0,,55.0,,55.0,,48.0,,48.0,,48.0,,43.2,,43.2,,,,,county_14,,Change of Hours,,,,,Follow-up,Initial Application,Investigation,,,,Post-Preliminary Inspection,Renewal Application,,KID013A,KID013B,DMS,SSRS,,
429,1,Licensed,N,Y,Y,Y,Y,Y,N,,N,86,6:30 AM - 6:00 PM,6:30 AM - 6:00 PM,6:30 AM - 6:00 PM,6:30 AM - 6:00 PM,6:30 AM - 6:00 PM,No Information Available,No Information Available,60.0,,60.0,,55.0,,50.0,,45.0,,45.0,40.0,40.0,35.0,40.0,35.0,,,,county_25,,,,,,,,Initial Application,Investigation,Monitoring,Monitoring (DPOC),,Post-Preliminary Inspection,Renewal Application,,KID013A,KID013B,DMS,SSRS,,
1142,2,Licensed,N,Y,N,Y,Y,Y,N,,Y,99,7:00 AM - 6:00 PM,7:00 AM - 6:00 PM,7:00 AM - 6:00 PM,7:00 AM - 6:00 PM,7:00 AM - 6:00 PM,No Information Available,No Information Available,55.0,,51.0,,50.0,,44.0,,,,,,,,,,,,,county_14,,,,,,,Follow-up,Initial Application,Investigation,,,,Post-Preliminary Inspection,Renewal Application,,KID013A,KID013B,DMS,SSRS,,
1888,1,Licensed,N,Y,N,Y,Y,Y,N,,Y,230,other,other,other,other,other,No Information Available,No Information Available,68.08,,65.22,,60.69,,56.68,,56.68,,56.68,,,,,,,,,county_14,,,,,,,,Initial Application,Investigation,,,,Post-Preliminary Inspection,Renewal Application,,KID013A,KID013B,,SSRS,,
1041,1,Licensed,N,N,Y,N,N,Y,N,,N,125,2:30 PM - 6:00 PM,2:30 PM - 6:00 PM,2:30 PM - 6:00 PM,2:30 PM - 6:00 PM,2:30 PM - 6:00 PM,No Information Available,No Information Available,,,,,,,,,,,,,37.0,14.0,37.0,14.0,,,,county_14,,,,,,Change of Space/Change in Capacity,Follow-up,Initial Application,Investigation,,,,Post-Preliminary Inspection,Renewal Application,,KID013A,KID013B,,SSRS,,
658,4,Certified,N,N,N,N,N,Y,N,,,6,other,other,other,other,other,No Information Available,No Information Available,36.0,31.0,36.0,31.0,36.0,31.0,34.0,31.0,34.0,31.0,34.0,31.0,28.0,26.0,28.0,26.0,28.0,26.0,,county_14,Annual Inspection,,,,,,,Initial Application,,,,,,Renewal Application,,KID013A,KID013B,DMS,SSRS,,
1212,1,Licensed,N,Y,N,Y,Y,Y,N,,Y,76,8:00 AM - 5:00 PM,8:00 AM - 5:00 PM,8:00 AM - 5:00 PM,8:00 AM - 5:00 PM,8:00 AM - 5:00 PM,No Information Available,No Information Available,47.0,43.0,47.0,43.0,41.0,34.0,41.0,34.0,41.0,34.0,41.0,34.0,,,,,,,,county_14,,,,,,Change of Space/Change in Capacity,Follow-up,Initial Application,Investigation,,,,Post-Preliminary Inspection,Renewal Application,,KID013A,KID013B,,SSRS,,
25,1,Licensed,N,Y,Y,Y,N,Y,N,,N,56,7:30 AM - 6:00 PM,7:30 AM - 6:00 PM,7:30 AM - 6:00 PM,7:30 AM - 6:00 PM,7:30 AM - 6:00 PM,No Information Available,No Information Available,,,,,,,70.0,35.0,70.0,35.0,70.0,35.0,,,,,,,,county_14,,,,,,Change of Space/Change in Capacity,,Initial Application,,,,,Post-Preliminary Inspection,Renewal Application,,KID013A,KID013B,,SSRS,,
1157,1,Licensed,Y,Y,Y,Y,Y,Y,N,,N,187,6:30 AM - 6:00 PM,6:30 AM - 6:00 PM,6:30 AM - 6:00 PM,6:30 AM - 6:00 PM,6:30 AM - 6:00 PM,No Information Available,No Information Available,55.0,,55.0,,55.0,,48.0,,48.0,,48.0,,43.2,,43.2,,43.2,,,county_2,,,,,,,Follow-up,Initial Application,Investigation,,Monitoring (DPOC),,Post-Preliminary Inspection,Renewal Application,,KID013A,KID013B,,SSRS,,
46,1,Certified,N,N,N,N,N,Y,N,,,6,6:30 AM - 5:30 PM,6:30 AM - 5:30 PM,6:30 AM - 5:30 PM,6:30 AM - 5:30 PM,6:30 AM - 5:30 PM,No Information Available,No Information Available,150.0,,150.0,,150.0,,150.0,,150.0,,150.0,,150.0,,150.0,,150.0,,,county_14,Annual Inspection,,,,,,Follow-up,Initial Application,,,,,,Renewal Application,,KID013A,KID013B,,SSRS,,
587,1,Licensed,Y,Y,Y,Y,Y,Y,N,,N,294,7:30 AM - 5:30 PM,7:30 AM - 5:30 PM,7:30 AM - 5:30 PM,7:30 AM - 5:30 PM,7:30 AM - 5:30 PM,No Information Available,No Information Available,30.0,22.0,30.0,22.0,30.0,22.0,27.0,20.0,27.0,20.0,27.0,20.0,,,,,,,,county_14,,,,,,Change of Space/Change in Capacity,,Initial Application,Investigation,,,,Post-Preliminary Inspection,Renewal Application,,KID013A,KID013B,DMS,SSRS,,
742,1,Licensed,N,N,Y,N,N,Y,N,,N,542,2:30 PM - 6:00 PM,2:30 PM - 6:00 PM,2:30 PM - 6:00 PM,2:30 PM - 6:00 PM,2:30 PM - 6:00 PM,No Information Available,No Information Available,,,,,,,,,,,,15.0,,15.0,,15.0,,15.0,,county_14,,,Change of Location,,,Change of Space/Change in Capacity,,Initial Application,,,,,Post-Preliminary Inspection,Renewal Application,,KID013A,KID013B,,SSRS,,
1522,1,Licensed,Y,Y,Y,Y,Y,Y,N,,N,183,6:30 AM - 6:00 PM,6:30 AM - 6:00 PM,6:30 AM - 6:00 PM,6:30 AM - 6:00 PM,6:30 AM - 6:00 PM,No Information Available,No Information Available,69.0,,66.0,,60.0,,56.0,,56.0,,56.0,30.0,56.0,30.0,56.0,30.0,56.0,30.0,,county_14,,,,,,,Follow-up,Initial Application,Investigation,,Monitoring (DPOC),,Post-Preliminary Inspection,Renewal Application,,KID013A,KID013B,,SSRS,,
578,1,Licensed,N,N,N,Y,N,Y,N,,N,33,other,other,other,other,other,No Information Available,No Information Available,,,,,,,48.54,,48.54,,48.54,,,,,,,,,county_14,,,,,,,,Initial Application,Investigation,,,,Post-Preliminary Inspection,Renewal Application,,KID013A,KID013B,DMS,SSRS,,
30,1,Licensed,N,N,Y,N,N,Y,N,,N,150,2:30 PM - 6:00 PM,2:30 PM - 6:00 PM,2:30 PM - 6:00 PM,2:30 PM - 6:00 PM,2:30 PM - 6:00 PM,No Information Available,No Information Available,,,,,,,,,,,40.0,15.0,40.0,15.0,40.0,15.0,40.0,15.0,,county_14,,,,,,,,Initial Application,Investigation,,,,Post-Preliminary Inspection,Renewal Application,,KID013A,KID013B,,SSRS,,
14,1,Licensed,N,Y,N,Y,Y,Y,N,,Y,40,other,other,other,other,other,No Information Available,No Information Available,30.0,22.0,30.0,22.0,30.0,22.0,27.0,20.0,27.0,20.0,27.0,20.0,,,,,,,,county_14,,,,,,Change of Space/Change in Capacity,,Initial Application,Investigation,,Monitoring (DPOC),,Post-Preliminary Inspection,Renewal Application,,KID013A,KID013B,,SSRS,,
485,1,Licensed,N,Y,N,Y,Y,Y,N,,N,49,6:30 AM - 6:00 PM,6:30 AM - 6:00 PM,6:30 AM - 6:00 PM,6:30 AM - 6:00 PM,6:30 AM - 6:00 PM,No Information Available,No Information Available,,,50.0,46.0,50.0,46.0,50.0,46.0,50.0,46.0,,,,,,,,,,county_14,,,,,Change of Service,Change of Space/Change in Capacity,Follow-up,Initial Application,Investigation,,,,Post-Preliminary Inspection,Renewal Application,,KID013A,KID013B,DMS,SSRS,,
1874,1,Certified,N,N,N,N,N,Y,N,,,6,other,other,other,other,other,other,No Information Available,36.0,31.0,36.0,31.0,36.0,31.0,34.0,31.0,34.0,31.0,34.0,31.0,28.0,26.0,28.0,26.0,28.0,26.0,,county_14,Annual Inspection,,Change of Location,,,,,Initial Application,Investigation,,,,,Renewal Application,,KID013A,KID013B,,SSRS,,
786,1,Licensed,N,Y,N,Y,N,,N,,N,31,8:00 AM - 3:00 PM,8:00 AM - 3:00 PM,8:00 AM - 3:00 PM,8:00 AM - 3:00 PM,8:00 AM - 3:00 PM,No Information Available,No Information Available,,,,,,,,,,,,,,,,,,,,county_14,,,,,Change of Service,Change of Space/Change in Capacity,,Initial Application,,,,,Post-Preliminary Inspection,Renewal Application,,KID013A,KID013B,,SSRS,,
1513,4,Certified,N,N,N,N,N,Y,N,,,6,7:00 AM - 6:00 PM,7:00 AM - 6:00 PM,7:00 AM - 6:00 PM,7:00 AM - 6:00 PM,7:00 AM - 6:00 PM,No Information Available,No Information Available,40.0,,40.0,,40.0,,40.0,,40.0,,40.0,,,,,,,,,county_14,Annual Inspection,,,,,,,Initial Application,,,,,,Renewal Application,,KID013A,KID013B,,SSRS,,
809,5,Certified,N,N,N,N,N,Y,N,,,6,5:00 AM - 6:00 PM,5:00 AM - 6:00 PM,5:00 AM - 6:00 PM,other,No Information Available,No Information Available,6:00 AM - 6:00 PM,60.0,,60.0,,60.0,,60.0,,60.0,,60.0,,60.0,30.0,60.0,30.0,,,,county_14,Annual Inspection,,,,,Change of Space/Change in Capacity,,Initial Application,,,,,,Renewal Application,,KID013A,KID013B,,SSRS,,
723,1,Licensed,N,Y,Y,Y,N,Y,N,,Y,12,7:00 AM - 5:00 PM,7:00 AM - 5:00 PM,7:00 AM - 5:00 PM,7:00 AM - 5:00 PM,7:00 AM - 5:00 PM,No Information Available,No Information Available,,,,,41.0,35.0,41.0,35.0,41.0,35.0,41.0,35.0,41.0,35.0,41.0,35.0,,,,county_25,,,,,,,,Initial Application,,,,,Post-Preliminary Inspection,Renewal Application,,KID013A,KID013B,,SSRS,,
463,1,Licensed,N,Y,N,Y,Y,,N,,N,180,other,other,other,other,No Information Available,No Information Available,No Information Available,,,,,,,,,,,,,,,,,,,,county_14,,,,,,,,Initial Application,Investigation,,,,Post-Preliminary Inspection,Renewal Application,,KID013A,KID013B,,SSRS,,
1795,1,Licensed,N,N,Y,Y,N,Y,N,,N,99,3:00 PM - 6:00 PM,3:00 PM - 6:00 PM,3:00 PM - 6:00 PM,3:00 PM - 6:00 PM,3:00 PM - 6:00 PM,No Information Available,No Information Available,,,,,50.0,16.0,50.0,16.0,50.0,16.0,40.0,1500.0,40.0,15.0,40.0,15.0,40.0,15.0,,county_14,,,,,,,,Initial Application,Investigation,,,,Post-Preliminary Inspection,Renewal Application,,KID013A,KID013B,,SSRS,,
274,1,Licensed,Y,Y,Y,Y,Y,Y,N,,N,157,6:30 AM - 6:00 PM,6:30 AM - 6:00 PM,6:30 AM - 6:00 PM,6:30 AM - 6:00 PM,6:30 AM - 6:00 PM,No Information Available,No Information Available,67.0,,64.0,,59.0,,51.0,,51.0,,51.0,,43.0,20.0,43.0,20.0,43.0,20.0,,county_14,,,,,Change of Service,Change of Space/Change in Capacity,Follow-up,Initial Application,Investigation,Monitoring,Monitoring (DPOC),,Post-Preliminary Inspection,Renewal Application,,KID013A,KID013B,,SSRS,,
178,1,Licensed,Y,Y,Y,Y,Y,Y,N,,Y,100,6:00 AM - 5:30 PM,6:00 AM - 5:30 PM,6:00 AM - 5:30 PM,6:00 AM - 5:30 PM,6:00 AM - 5:30 PM,No Information Available,No Information Available,48.0,42.0,48.0,42.0,48.0,42.0,41.0,34.0,41.0,34.0,38.0,32.0,38.0,32.0,38.0,32.0,30.0,28.0,,county_14,,,,,,,,Initial Application,Investigation,,,,Post-Preliminary Inspection,Renewal Application,,KID013A,KID013B,,SSRS,,
1742,1,Licensed,N,Y,Y,Y,N,Y,N,,N,297,3:00 PM - 6:00 PM,3:00 PM - 6:00 PM,3:00 PM - 6:00 PM,3:00 PM - 6:00 PM,3:00 PM - 6:00 PM,No Information Available,No Information Available,,,,,16.0,16.0,16.0,16.0,15.0,15.0,15.0,15.0,15.0,15.0,15.0,15.0,15.0,15.0,,county_14,,,,,Change of Service,Change of Space/Change in Capacity,Follow-up,Initial Application,,,,,Post-Preliminary Inspection,Renewal Application,,KID013A,KID013B,,SSRS,,
1311,4,Licensed,N,Y,Y,Y,Y,Y,N,,N,69,7:00 AM - 6:00 PM,7:00 AM - 6:00 PM,7:00 AM - 6:00 PM,7:00 AM - 6:00 PM,7:00 AM - 6:00 PM,No Information Available,No Information Available,57.0,,50.0,,44.0,40.0,40.0,36.0,40.0,36.0,,,,,,,,,,county_14,,,,,Change of Service,Change of Space/Change in Capacity,Follow-up,Initial Application,Investigation,,,,Post-Preliminary Inspection,Renewal Application,,KID013A,KID013B,,SSRS,,
1258,1,Licensed,N,Y,Y,Y,N,Y,N,,N,99,7:15 AM - 5:30 PM,7:15 AM - 5:30 PM,7:15 AM - 5:30 PM,7:15 AM - 5:30 PM,7:15 AM - 5:30 PM,No Information Available,No Information Available,,,,,,,54.0,54.0,54.0,54.0,54.0,54.0,54.0,54.0,,,,,,county_14,,,,,Change of Service,Change of Space/Change in Capacity,,Initial Application,Investigation,,,,Post-Preliminary Inspection,Renewal Application,,KID013A,KID013B,,SSRS,,
685,1,Licensed,Y,Y,Y,Y,Y,Y,N,,Y,85,7:30 AM - 5:00 PM,7:30 AM - 5:00 PM,7:30 AM - 5:00 PM,7:30 AM - 5:00 PM,7:30 AM - 5:00 PM,No Information Available,No Information Available,30.0,15.0,30.0,15.0,30.0,15.0,29.0,15.0,29.0,15.0,29.0,15.0,25.0,13.0,25.0,13.0,,,,county_14,,,,,Change of Service,,Follow-up,Initial Application,Investigation,,,,Post-Preliminary Inspection,Renewal Application,,KID013A,KID013B,,SSRS,,
1789,1,Licensed,Y,Y,Y,Y,Y,Y,N,,Y,80,7:30 AM - 5:30 PM,7:30 AM - 5:30 PM,7:30 AM - 5:30 PM,7:30 AM - 5:30 PM,7:30 AM - 5:30 PM,No Information Available,No Information Available,51.0,43.0,50.0,43.0,49.0,43.0,47.4,34.0,46.2,34.0,45.2,34.0,40.0,35.0,40.0,35.0,40.0,35.0,,county_14,,,,,,Change of Space/Change in Capacity,Follow-up,Initial Application,Investigation,,,,Post-Preliminary Inspection,Renewal Application,,KID013A,KID013B,,SSRS,,
1265,1,Licensed,N,N,Y,N,N,Y,N,,N,131,2:30 PM - 6:00 PM,2:30 PM - 6:00 PM,2:30 PM - 6:00 PM,2:30 PM - 6:00 PM,2:30 PM - 6:00 PM,No Information Available,No Information Available,,,,,,,,,,,40.0,15.0,40.0,15.0,40.0,15.0,40.0,15.0,,county_14,,,,,,Change of Space/Change in Capacity,,Initial Application,Investigation,,,,Post-Preliminary Inspection,Renewal Application,,KID013A,KID013B,,SSRS,,
1580,1,Certified,N,N,N,N,N,Y,N,,,6,7:30 AM - 6:00 PM,7:30 AM - 6:00 PM,7:30 AM - 6:00 PM,7:30 AM - 6:00 PM,7:30 AM - 6:00 PM,No Information Available,No Information Available,36.0,31.0,36.0,31.0,36.0,31.0,34.0,31.0,34.0,31.0,34.0,31.0,28.0,26.0,28.0,26.0,,,,county_14,Annual Inspection,,,,,,,Initial Application,Investigation,,,,,Renewal Application,,KID013A,KID013B,,SSRS,,
411,1,Licensed,N,N,Y,N,N,Y,N,,Y,150,2:45 PM - 6:00 PM,2:45 PM - 6:00 PM,2:45 PM - 6:00 PM,2:45 PM - 6:00 PM,2:45 PM - 6:00 PM,No Information Available,No Information Available,,,,,,,,,,,11.0,12.0,11.0,12.0,11.0,12.0,,,,county_14,,,,,,,,Initial Application,Investigation,,,,Post-Preliminary Inspection,Renewal Application,,KID013A,KID013B,,SSRS,,
860,1,Certified,N,N,N,N,N,Y,N,,,6,other,other,other,other,other,other,other,40.0,25.0,40.0,25.0,40.0,25.0,40.0,25.0,40.0,25.0,40.0,25.0,40.0,25.0,40.0,25.0,40.0,25.0,,county_14,Annual Inspection,,Change of Location,,,,,Initial Application,,,,,,Renewal Application,,KID013A,KID013B,,SSRS,,
1334,1,Licensed,N,N,Y,N,N,Y,N,,N,100,2:00 PM - 6:00 PM,2:00 PM - 6:00 PM,2:00 PM - 6:00 PM,2:00 PM - 6:00 PM,2:00 PM - 6:00 PM,No Information Available,No Information Available,,,,,,,,,,,35.0,14.0,35.0,14.0,35.0,14.0,,,,county_14,,,,,,,,Initial Application,,,,,Post-Preliminary Inspection,Renewal Application,,KID013A,KID013B,,SSRS,,
822,1,Licensed,N,N,Y,N,N,Y,N,,N,131,2:30 PM - 6:00 PM,2:30 PM - 6:00 PM,2:30 PM - 6:00 PM,2:30 PM - 6:00 PM,2:30 PM - 6:00 PM,No Information Available,No Information Available,,,,,,,,,,,40.0,14.0,40.0,14.0,40.0,14.0,40.0,14.0,,county_14,,Change of Hours,,,,,,Initial Application,,,,,Post-Preliminary Inspection,Renewal Application,,KID013A,KID013B,,SSRS,,
1621,1,Licensed,N,Y,Y,Y,N,Y,N,,N,48,5:30 AM - 6:00 PM,5:30 AM - 6:00 PM,5:30 AM - 6:00 PM,5:30 AM - 6:00 PM,5:30 AM - 6:00 PM,No Information Available,No Information Available,,,45.0,,45.0,,45.0,,45.0,,45.0,,40.0,35.0,40.0,35.0,40.0,35.0,,county_2,,,,,Change of Service,,,Initial Application,Investigation,,,,Post-Preliminary Inspection,Renewal Application,,KID013A,KID013B,,SSRS,,
1094,1,Licensed,Y,Y,Y,Y,Y,Y,N,,Y,203,6:30 AM - 5:30 PM,6:30 AM - 5:30 PM,6:30 AM - 5:30 PM,6:30 AM - 5:30 PM,6:30 AM - 5:30 PM,No Information Available,No Information Available,52.0,,50.0,,49.0,,46.0,,45.0,,47.0,,38.0,33.0,38.0,33.0,,,,county_25,,,,,Change of Service,,,Initial Application,Investigation,,Monitoring (DPOC),,Post-Preliminary Inspection,Renewal Application,,KID013A,KID013B,,SSRS,,
1441,1,Licensed,N,N,Y,N,N,,N,,N,99,3:00 PM - 5:30 PM,3:00 PM - 5:30 PM,3:00 PM - 5:30 PM,3:00 PM - 5:30 PM,3:00 PM - 5:30 PM,No Information Available,No Information Available,,,,,,,,,,,,15.0,,15.0,,15.0,,15.0,,county_14,,,,,,,,Initial Application,,,,,Post-Preliminary Inspection,Renewal Application,,KID013A,KID013B,,,,
538,1,Certified,N,N,N,N,N,Y,N,,,6,5:00 AM - 6:00 PM,5:00 AM - 6:00 PM,5:00 AM - 6:00 PM,5:00 AM - 6:00 PM,5:00 AM - 6:00 PM,No Information Available,No Information Available,,,,,42.0,,42.0,,42.0,,42.0,,,,,,,,,county_25,Annual Inspection,,,,,,,Initial Application,Investigation,,,,,Renewal Application,,KID013A,KID013B,DMS,SSRS,,
71,1,Licensed,N,Y,Y,Y,Y,Y,N,,N,100,7:00 AM - 5:30 PM,7:00 AM - 5:30 PM,7:00 AM - 5:30 PM,7:00 AM - 5:30 PM,7:00 AM - 5:30 PM,No Information Available,No Information Available,61.0,,61.0,,60.0,,60.0,,59.0,,59.0,,,,,,,,,county_14,,,,,,,Follow-up,Initial Application,Investigation,,,,Post-Preliminary Inspection,Renewal Application,,KID013A,KID013B,,SSRS,,
865,1,Licensed,N,Y,Y,Y,Y,Y,N,,N,151,6:30 AM - 6:00 PM,6:30 AM - 6:00 PM,6:30 AM - 6:00 PM,6:30 AM - 6:00 PM,6:30 AM - 6:00 PM,No Information Available,No Information Available,51.0,,51.0,,49.0,,45.0,,43.0,,43.0,,43.0,,43.0,,43.0,,,county_14,,,,,,,,Initial Application,Investigation,,,,Post-Preliminary Inspection,Renewal Application,,,KID013B,,SSRS,,
1798,1,Licensed,Y,Y,Y,Y,Y,Y,N,,N,319,7:30 AM - 5:30 PM,7:30 AM - 5:30 PM,7:30 AM - 5:30 PM,7:30 AM - 5:30 PM,7:30 AM - 5:30 PM,No Information Available,No Information Available,63.0,,63.0,,57.0,,55.0,,55.0,,56.0,,50.0,,50.0,,50.0,,,county_14,,,,,,,,Initial Application,,,,,Post-Preliminary Inspection,Renewal Application,,,KID013B,,SSRS,,
540,3,Licensed,Y,Y,Y,Y,Y,Y,N,Y,N,230,6:45 AM - 5:30 PM,6:45 AM - 5:30 PM,6:45 AM - 5:30 PM,6:45 AM - 5:30 PM,6:45 AM - 5:30 PM,No Information Available,No Information Available,47.0,,47.0,,47.0,,42.0,,42.0,,42.0,,37.0,32.0,37.0,32.0,,,,county_14,,,,Change of Ownership,,,,,Investigation,,,,Post-Preliminary Inspection,Renewal Application,,,KID013B,,SSRS,,
1764,1,Licensed,N,Y,Y,Y,Y,Y,N,,N,23,6:00 AM - 6:00 PM,6:00 AM - 6:00 PM,6:00 AM - 6:00 PM,6:00 AM - 6:00 PM,6:00 AM - 6:00 PM,No Information Available,No Information Available,,,47.0,43.0,47.0,43.0,41.0,34.0,41.0,34.0,41.0,34.0,37.0,32.0,37.0,32.0,,,,county_14,,,,,Change of Service,Change of Space/Change in Capacity,Follow-up,Initial Application,Investigation,,,,Post-Preliminary Inspection,Renewal Application,,,KID013B,,SSRS,,
1309,1,Licensed,N,Y,N,Y,Y,Y,Y,,N,95,7:00 AM - 6:00 PM,7:00 AM - 6:00 PM,7:00 AM - 6:00 PM,7:00 AM - 6:00 PM,7:00 AM - 6:00 PM,No Information Available,No Information Available,51.0,,49.0,,47.0,,45.0,,43.0,,43.0,,,,,,,,,county_14,,,,Change of Ownership,,,,,Investigation,,Monitoring (DPOC),,Post-Preliminary Inspection,Renewal Application,,,KID013B,,SSRS,,
1557,1,Licensed,N,Y,N,Y,Y,Y,N,,N,88,7:00 AM - 6:00 PM,7:00 AM - 6:00 PM,7:00 AM - 6:00 PM,7:00 AM - 6:00 PM,7:00 AM - 6:00 PM,No Information Available,No Information Available,51.0,,50.0,,48.0,,48.0,,45.0,,44.0,,,,,,,,,county_14,,,,Change of Ownership,,,,,Investigation,,,,Post-Preliminary Inspection,Renewal Application,,,KID013B,,SSRS,,
520,1,Licensed,N,Y,N,Y,Y,Y,N,,N,90,7:00 AM - 6:00 PM,7:00 AM - 6:00 PM,7:00 AM - 6:00 PM,7:00 AM - 6:00 PM,7:00 AM - 6:00 PM,No Information Available,No Information Available,49.0,,49.0,,47.0,,45.0,,43.0,,43.0,,,,,,,,,county_14,,,,Change of Ownership,,,,,Investigation,,,,Post-Preliminary Inspection,Renewal Application,,,KID013B,,SSRS,,
974,1,Licensed,N,Y,N,Y,Y,Y,Y,,N,66,7:00 AM - 6:00 PM,7:00 AM - 6:00 PM,7:00 AM - 6:00 PM,7:00 AM - 6:00 PM,7:00 AM - 6:00 PM,No Information Available,No Information Available,50.0,50.0,50.0,50.0,50.0,50.0,50.0,50.0,50.0,50.0,50.0,50.0,,,,,,,,county_14,,,,,,,,Initial Application,Investigation,,Monitoring (DPOC),,Post-Preliminary Inspection,Renewal Application,,,KID013B,,SSRS,,
913,1,Licensed,Y,N,Y,N,N,Y,N,,N,150,7:30 AM - 5:30 PM,7:30 AM - 5:30 PM,7:30 AM - 5:30 PM,7:30 AM - 5:30 PM,7:30 AM - 5:30 PM,No Information Available,No Information Available,,,,,,,,,,,35.0,14.0,35.0,14.0,35.0,14.0,,,,county_14,,,,,Change of Service,,,Initial Application,,,,,Post-Preliminary Inspection,Renewal Application,,,KID013B,,SSRS,,
152,1,Licensed,N,Y,Y,Y,Y,Y,N,,N,12,6:00 AM - 6:00 PM,6:00 AM - 6:00 PM,6:00 AM - 6:00 PM,6:00 AM - 6:00 PM,6:00 AM - 6:00 PM,No Information Available,No Information Available,40.0,34.0,40.0,34.0,34.0,28.0,34.0,28.0,34.0,28.0,34.0,28.0,34.0,25.0,28.0,25.0,28.0,25.0,,county_14,,,,,,,,Initial Application,,,,,Post-Preliminary Inspection,,,,KID013B,,SSRS,,
506,1,Certified,N,N,N,N,N,,N,,,6,6:00 AM - 6:00 PM,6:00 AM - 6:00 PM,6:00 AM - 6:00 PM,6:00 AM - 6:00 PM,6:00 AM - 6:00 PM,No Information Available,No Information Available,,,,,,,,,,,,,,,,,,,,county_14,Annual Inspection,,,,Change of Service,,,Initial Application,,,,,,,,,KID013B,,SSRS,,
272,1,Licensed,N,Y,N,Y,Y,Y,N,,Y,42,6:00 AM - 6:00 PM,6:00 AM - 6:00 PM,6:00 AM - 6:00 PM,6:00 AM - 6:00 PM,6:00 AM - 6:00 PM,No Information Available,No Information Available,45.0,50.0,44.0,48.0,43.0,46.0,42.0,45.0,42.0,45.0,42.0,45.0,,,,,,,,county_2,,,,,Change of Service,,,Initial Application,Investigation,,,,Post-Preliminary Inspection,,,,KID013B,,SSRS,,
615,1,Licensed,N,Y,Y,Y,Y,Y,N,,N,80,6:30 AM - 6:00 PM,6:30 AM - 6:00 PM,6:30 AM - 6:00 PM,6:30 AM - 6:00 PM,6:30 AM - 6:00 PM,No Information Available,No Information Available,45.0,23.0,43.0,23.0,37.0,21.0,37.0,21.0,28.0,15.0,28.0,15.0,25.0,15.0,25.0,15.0,25.0,15.0,,county_14,,,,Change of Ownership,,,Follow-up,,Investigation,,,,Post-Preliminary Inspection,,,,KID013B,,SSRS,,
1105,1,Certified,N,N,N,N,N,Y,N,,,6,other,other,other,other,other,other,other,36.0,31.0,36.0,31.0,36.0,31.0,34.0,31.0,34.0,31.0,34.0,31.0,28.0,26.0,28.0,26.0,28.0,26.0,,county_14,Annual Inspection,,,,,,,Initial Application,,,,,,,,,KID013B,,SSRS,,
415,1,Certified,N,N,N,N,N,Y,N,,,6,other,other,other,other,other,other,other,36.0,31.0,36.0,31.0,36.0,31.0,34.0,31.0,34.0,31.0,34.0,31.0,28.0,26.0,28.0,26.0,28.0,26.0,,county_14,Annual Inspection,Change of Hours,,,,,Follow-up,Initial Application,,,,,,,,,KID013B,,SSRS,,
1677,1,Licensed,N,Y,Y,Y,Y,Y,N,,N,28,8:00 AM - 5:00 PM,8:00 AM - 5:00 PM,8:00 AM - 5:00 PM,8:00 AM - 5:00 PM,8:00 AM - 5:00 PM,No Information Available,No Information Available,50.0,,48.0,,48.0,,48.0,,,,,,,,,,,,,county_14,,,,Change of Ownership,,,,,,,,,Post-Preliminary Inspection,,,,KID013B,,SSRS,,
1237,1,Licensed,N,Y,Y,Y,N,Y,N,,N,228,7:00 AM - 5:30 PM,7:00 AM - 5:30 PM,7:00 AM - 5:30 PM,7:00 AM - 5:30 PM,7:00 AM - 5:30 PM,No Information Available,No Information Available,,,,,44.35,21.12,44.35,21.12,44.35,21.12,44.35,21.12,44.35,21.12,44.35,21.12,44.35,21.12,,county_2,,,,,,,,Initial Application,Investigation,,,,Post-Preliminary Inspection,,,,KID013B,,SSRS,,
1917,1,Certified,N,N,N,N,N,Y,N,,,6,other,other,other,other,other,No Information Available,No Information Available,,,30.0,,30.0,,30.0,,30.0,,,,,,,,,,,county_14,Annual Inspection,,,,,,,Initial Application,,,,,,,,,KID013B,,SSRS,,
109,1,Certified,N,N,N,N,N,,N,,,6,7:00 AM - 6:00 PM,7:00 AM - 6:00 PM,7:00 AM - 6:00 PM,7:00 AM - 6:00 PM,7:00 AM - 6:00 PM,No Information Available,No Information Available,,,,,,,,,,,,,,,,,,,,county_14,Annual Inspection,,,,,,Follow-up,Initial Application,,,,,,,,,KID013B,,SSRS,,
730,1,Licensed,Y,Y,Y,Y,Y,Y,Y,,N,191,5:30 AM - 6:00 PM,5:30 AM - 6:00 PM,5:30 AM - 6:00 PM,5:30 AM - 6:00 PM,5:30 AM - 6:00 PM,No Information Available,No Information Available,51.0,,50.0,,49.0,,45.0,,45.0,,45.0,,37.0,30.0,37.0,30.0,,,On-going,county_2,,,,Change of Ownership,,,,,Investigation,,Monitoring (DPOC),,Post-Preliminary Inspection,,,,KID013B,,SSRS,,Directed Plan of Correction
884,1,Certified,N,N,N,N,N,,N,,,6,other,other,other,other,other,No Information Available,No Information Available,,,,,,,,,,,,,,,,,,,,county_14,,,,,,,,Initial Application,,,,,,,,,KID013B,,SSRS,,
78,1,Licensed,Y,Y,Y,Y,Y,Y,N,,N,150,6:30 AM - 5:30 PM,6:30 AM - 5:30 PM,6:30 AM - 5:30 PM,6:30 AM - 5:30 PM,6:30 AM - 5:30 PM,No Information Available,No Information Available,49.0,,49.0,,42.0,,40.0,,40.0,,40.0,,40.0,,40.0,,,,,county_14,,,,Change of Ownership,,,,,Investigation,,,,Post-Preliminary Inspection,,,,KID013B,,SSRS,,
919,1,Certified,,,,,,Y,N,,,6,other,other,other,other,other,No Information Available,No Information Available,37.0,37.0,,,,,,,,,,,,,,,,,,county_14,,,,,,,,Initial Application,,,,,,,,,KID013B,,SSRS,,
678,1,Licensed,N,Y,N,Y,Y,Y,N,,N,125,6:30 AM - 6:00 PM,6:30 AM - 6:00 PM,6:30 AM - 6:00 PM,6:30 AM - 6:00 PM,6:30 AM - 6:00 PM,No Information Available,No Information Available,70.4,49.2,66.8,46.8,63.8,44.6,55.8,39.0,55.8,39.0,,,,,,,,,,county_14,,,,,,,,Initial Application,Investigation,,,,Post-Preliminary Inspection,,,,KID013B,,SSRS,,
1922,1,Licensed,Y,Y,Y,Y,Y,Y,N,,N,251,7:00 AM - 6:00 PM,7:00 AM - 6:00 PM,7:00 AM - 6:00 PM,7:00 AM - 6:00 PM,7:00 AM - 6:00 PM,No Information Available,No Information Available,63.0,82.0,63.0,82.0,59.0,77.0,57.0,73.0,55.0,72.0,55.0,72.0,45.0,22.0,45.0,22.0,45.0,22.0,,county_14,,,,Change of Ownership,,,,,,,,,,,,,KID013B,,SSRS,,
1638,1,Licensed,Y,Y,Y,Y,Y,Y,N,,Y,52,7:30 AM - 5:30 PM,7:30 AM - 5:30 PM,7:30 AM - 5:30 PM,7:30 AM - 5:30 PM,7:30 AM - 5:30 PM,No Information Available,No Information Available,51.0,,50.0,,49.0,,47.4,,46.2,,46.2,,40.0,35.0,40.0,,,,,county_14,,,,,Change of Service,,,Initial Application,Investigation,,,,Post-Preliminary Inspection,,,,KID013B,,SSRS,,
651,1,Licensed,N,Y,Y,Y,Y,Y,N,,N,12,6:30 AM - 5:00 PM,6:30 AM - 5:00 PM,6:30 AM - 5:00 PM,6:30 AM - 5:00 PM,6:30 AM - 5:00 PM,No Information Available,No Information Available,50.0,35.0,50.0,35.0,50.0,35.0,50.0,35.0,46.0,30.0,46.0,30.0,40.0,28.0,40.0,28.0,40.0,28.0,,county_14,,,,,,,,Initial Application,,,,,Post-Preliminary Inspection,,,,KID013B,,SSRS,,
1006,1,Licensed,Y,Y,Y,Y,Y,Y,N,,Y,200,5:30 AM - 5:30 PM,5:30 AM - 5:30 PM,5:30 AM - 5:30 PM,5:30 AM - 5:30 PM,5:30 AM - 5:30 PM,No Information Available,No Information Available,58.0,,57.0,,56.0,,50.0,,50.0,,50.0,,37.0,32.0,37.0,32.0,,,,county_14,,,,Change of Ownership,,,,,Investigation,,,,Post-Preliminary Inspection,,,,KID013B,,SSRS,,
1050,1,Licensed,Y,N,Y,N,N,Y,N,,N,150,7:30 AM - 5:30 PM,7:30 AM - 5:30 PM,7:30 AM - 5:30 PM,7:30 AM - 5:30 PM,7:30 AM - 5:30 PM,No Information Available,No Information Available,,,,,,,,,,,35.0,14.0,35.0,14.0,35.0,14.0,,,,county_14,,,,,,,,Initial Application,Investigation,,,,,,,,KID013B,,,,
991,1,Licensed,Y,Y,Y,Y,N,Y,N,,N,49,7:00 AM - 5:00 PM,7:00 AM - 5:00 PM,7:00 AM - 5:00 PM,7:00 AM - 5:00 PM,7:00 AM - 5:00 PM,No Information Available,No Information Available,,,47.0,,47.0,,41.0,,41.0,,37.0,,37.0,32.0,37.0,32.0,,,,county_14,,,,,Change of Service,,,Initial Application,,,,,,,,,KID013B,,,,
1217,1,Licensed,N,Y,N,Y,Y,,N,,N,100,7:00 AM - 6:00 PM,7:00 AM - 6:00 PM,7:00 AM - 6:00 PM,7:00 AM - 6:00 PM,7:00 AM - 6:00 PM,No Information Available,No Information Available,61.0,,61.0,,56.0,,54.0,,54.0,,54.0,,,,,,,,,county_14,,,,Change of Ownership,,,,,Investigation,,,,,,,,KID013B,,SSRS,,
302,2,Licensed,N,Y,Y,Y,Y,Y,N,N,N,12,7:00 AM - 5:30 PM,7:00 AM - 5:30 PM,7:00 AM - 5:30 PM,7:00 AM - 5:30 PM,7:00 AM - 5:30 PM,No Information Available,No Information Available,,,,,,,20.0,,20.0,,20.0,,,,,,,,,county_70,,,,,Change of Service,,Follow-up,,,,,,,Renewal Application,KID013,KID013A,KID013B,,SSRS,,
1043,1,Licensed,N,Y,Y,Y,Y,Y,N,,Y,58,6:30 AM - 6:00 PM,6:30 AM - 6:00 PM,6:30 AM - 6:00 PM,6:30 AM - 6:00 PM,6:30 AM - 6:00 PM,No Information Available,No Information Available,23.0,,23.0,,23.0,,23.0,,23.0,,23.0,,25.0,7.0,25.0,7.0,,7.0,,county_5,,,,,,Change of Space/Change in Capacity,Follow-up,Initial Application,Investigation,,,,,Renewal Application,KID013,KID013A,KID013B,,SSRS,,
1790,1,Licensed,N,Y,Y,Y,Y,Y,N,,Y,37,5:00 AM - 6:00 PM,5:00 AM - 6:00 PM,5:00 AM - 6:00 PM,5:00 AM - 6:00 PM,5:00 AM - 6:00 PM,No Information Available,No Information Available,28.0,14.0,28.0,14.0,25.0,12.5,25.0,12.5,25.0,12.5,25.0,12.5,25.0,12.5,25.0,12.5,,,,county_70,,,,,,,,Initial Application,Investigation,,,,Post-Preliminary Inspection,Renewal Application,KID013,KID013A,KID013B,DMS,SSRS,,
806,1,Certified,N,N,N,N,N,Y,N,,,6,7:00 AM - 5:30 PM,7:00 AM - 5:30 PM,7:00 AM - 5:30 PM,7:00 AM - 5:30 PM,7:00 AM - 5:30 PM,No Information Available,No Information Available,20.0,,20.0,,20.0,,20.0,,20.0,,20.0,,20.0,,20.0,,20.0,,,county_5,Annual Inspection,,,,,,,Initial Application,,,,,,Renewal Application,,KID013A,KID013B,,SSRS,,
661,4,Licensed,Y,Y,N,Y,Y,Y,N,,N,68,other,other,other,other,other,No Information Available,No Information Available,15.0,8.0,15.0,8.0,15.0,8.0,15.0,8.0,15.0,8.0,,,,,,,,,,county_70,,,Change of Location,,Change of Service,,,Initial Application,Investigation,,,,Post-Preliminary Inspection,Renewal Application,,KID013A,KID013B,,SSRS,,
1058,3,Licensed,Y,Y,Y,Y,Y,Y,N,,Y,250,6:00 AM - 6:00 PM,6:00 AM - 6:00 PM,6:00 AM - 6:00 PM,6:00 AM - 6:00 PM,6:00 AM - 6:00 PM,No Information Available,No Information Available,26.0,,26.0,,26.0,,26.0,,26.0,,26.0,,,,,,,,,county_5,,Change of Hours,Change of Location,,Change of Service,Change of Space/Change in Capacity,Follow-up,Initial Application,Investigation,,Monitoring (DPOC),,Post-Preliminary Inspection,Renewal Application,,KID013A,KID013B,,SSRS,,
462,1,Licensed,N,Y,Y,Y,Y,Y,N,,N,48,6:00 AM - 6:00 PM,6:00 AM - 6:00 PM,6:00 AM - 6:00 PM,6:00 AM - 6:00 PM,6:00 AM - 6:00 PM,No Information Available,No Information Available,25.0,15.0,25.0,12.5,25.0,12.5,25.0,12.5,25.0,12.5,25.0,12.5,25.0,12.5,25.0,12.5,25.0,12.5,,county_5,,,Change of Location,,,,Follow-up,Initial Application,Investigation,,,,Post-Preliminary Inspection,Renewal Application,,KID013A,KID013B,DMS,SSRS,,
1718,3,Licensed,Y,Y,N,Y,Y,N,N,N,Y,57,7:30 AM - 5:00 PM,7:30 AM - 5:00 PM,7:30 AM - 5:00 PM,7:30 AM - 5:00 PM,7:30 AM - 3:30 PM,No Information Available,No Information Available,,,,,,,,,,,,,,,,,,,,county_59,,,,,Change of Service,Change of Space/Change in Capacity,,,Investigation,,,,,Renewal Application,KID013,KID013A,KID013B,,SSRS,,
843,2,Licensed,Y,Y,Y,Y,Y,Y,N,,Y,326,6:30 AM - 6:00 PM,6:30 AM - 6:00 PM,6:30 AM - 6:00 PM,6:30 AM - 6:00 PM,6:30 AM - 6:00 PM,No Information Available,No Information Available,22.8,25.0,22.8,25.0,21.2,25.0,21.2,25.0,21.2,25.0,20.0,20.0,20.0,20.0,20.0,20.0,,,,county_34,,,,,,Change of Space/Change in Capacity,,,Investigation,,,,,Renewal Application,KID013,KID013A,KID013B,,SSRS,,
1432,3,Licensed,Y,Y,N,Y,Y,N,N,N,Y,75,other,other,other,other,other,No Information Available,No Information Available,,,,,,,,,,,,,,,,,,,,county_59,,,,,,,,,Investigation,,,,,Renewal Application,KID013,KID013A,KID013B,,SSRS,,
1018,4,Licensed,Y,Y,N,Y,Y,N,N,,Y,58,7:30 AM - 4:30 PM,7:30 AM - 4:30 PM,7:30 AM - 4:30 PM,7:30 AM - 4:30 PM,7:30 AM - 4:30 PM,No Information Available,No Information Available,,,,,,,,,,,,,,,,,,,,county_70,,,Change of Location,,,Change of Space/Change in Capacity,Follow-up,,Investigation,,,,,Renewal Application,KID013,KID013A,KID013B,,SSRS,,
1273,4,Licensed,N,N,Y,N,N,Y,N,N,Y,76,7:30 AM - 6:00 PM,7:30 AM - 6:00 PM,7:30 AM - 6:00 PM,7:30 AM - 6:00 PM,7:30 AM - 6:00 PM,No Information Available,No Information Available,,,,,,,,,,,,,26.0,20.0,26.0,20.0,26.0,20.0,,county_34,,,Change of Location,,,Change of Space/Change in Capacity,,,Investigation,,,,,Renewal Application,KID013,KID013A,KID013B,,SSRS,,
1139,4,Licensed,Y,N,N,Y,N,N,N,,Y,36,7:30 AM - 3:30 PM,7:30 AM - 3:30 PM,7:30 AM - 3:30 PM,7:30 AM - 3:30 PM,7:30 AM - 3:30 PM,No Information Available,No Information Available,,,,,,,,,,,,,,,,,,,,county_70,,,,,,Change of Space/Change in Capacity,,,Investigation,,,,,Renewal Application,KID013,KID013A,KID013B,,SSRS,,
50,3,Licensed,Y,Y,N,Y,Y,N,N,,Y,64,other,7:00 AM - 5:00 PM,7:00 AM - 5:00 PM,7:00 AM - 5:00 PM,other,No Information Available,No Information Available,,,,,,,,,,,,,,,,,,,,county_60,,,Change of Location,,,Change of Space/Change in Capacity,Follow-up,,Investigation,,,,,Renewal Application,KID013,KID013A,KID013B,,SSRS,,
390,3,Licensed,N,Y,Y,Y,Y,Y,N,N,Y,42,7:00 AM - 5:00 PM,7:00 AM - 5:00 PM,7:00 AM - 5:00 PM,7:00 AM - 5:00 PM,7:00 AM - 5:00 PM,No Information Available,No Information Available,30.0,,25.0,,25.0,,25.0,,25.0,,25.0,,25.0,,25.0,,,,,county_39,,,,,,,,,,,,,,Renewal Application,KID013,KID013A,KID013B,DMS,SSRS,,
452,5,Licensed,Y,N,N,Y,N,N,N,,Y,73,7:30 AM - 3:30 PM,7:30 AM - 3:30 PM,7:30 AM - 3:30 PM,7:30 AM - 3:30 PM,No Information Available,No Information Available,No Information Available,,,,,,,,,,,,,,,,,,,,county_34,,,,,,,,,,,,,,Renewal Application,KID013,KID013A,KID013B,,SSRS,,
1455,3,Licensed,N,Y,Y,Y,Y,Y,N,,N,60,6:30 AM - 6:00 PM,6:30 AM - 6:00 PM,6:30 AM - 6:00 PM,6:30 AM - 6:00 PM,6:30 AM - 6:00 PM,No Information Available,No Information Available,30.0,15.0,30.0,15.0,30.0,15.0,30.0,15.0,30.0,15.0,30.0,15.0,30.0,15.0,30.0,15.0,30.0,15.0,,county_34,,,,Change of Ownership,,Change of Space/Change in Capacity,Follow-up,,Investigation,,,,Post-Preliminary Inspection,Renewal Application,,KID013A,KID013B,,SSRS,,
64,2,Certified,N,N,N,N,N,Y,N,,,6,7:00 AM - 5:00 PM,7:00 AM - 5:00 PM,7:00 AM - 5:00 PM,7:00 AM - 5:00 PM,7:00 AM - 5:00 PM,No Information Available,No Information Available,35.0,35.0,35.0,35.0,35.0,35.0,35.0,35.0,35.0,35.0,35.0,35.0,25.0,25.0,25.0,25.0,,,,county_59,Annual Inspection,,,,,,,Initial Application,,,,,,Renewal Application,,KID013A,KID013B,,SSRS,,
27,1,Licensed,N,Y,N,Y,Y,Y,N,,N,34,other,other,other,other,other,No Information Available,No Information Available,35.0,35.0,35.0,35.0,35.0,35.0,35.0,35.0,35.0,35.0,35.0,35.0,,,,,,,,county_59,,,,,,Change of Space/Change in Capacity,,Initial Application,Investigation,,,,Post-Preliminary Inspection,Renewal Application,,,KID013B,,SSRS,,
1651,1,Licensed,N,Y,N,Y,Y,Y,N,,N,49,6:00 AM - 7:00 PM,6:00 AM - 7:00 PM,6:00 AM - 7:00 PM,6:00 AM - 7:00 PM,6:00 AM - 7:00 PM,other,No Information Available,45.0,55.0,45.0,55.0,45.0,55.0,45.0,55.0,45.0,55.0,45.0,55.0,,,,,,,,county_59,,,,,,,,Initial Application,,,,,Post-Preliminary Inspection,,,,KID013B,,SSRS,,
283,5,Licensed,Y,N,Y,Y,N,Y,N,N,Y,96,7:30 AM - 3:30 PM,7:30 AM - 3:30 PM,7:30 AM - 3:30 PM,7:30 AM - 3:30 PM,No Information Available,No Information Available,No Information Available,,,,,20.0,13.0,20.0,13.0,20.0,13.0,20.0,13.0,,,,,,,,county_51,,Change of Hours,,,Change of Service,,Follow-up,,Investigation,,,,,Renewal Application,KID013,KID013A,KID013B,,SSRS,,
1835,2,Licensed,N,N,Y,Y,N,Y,N,N,Y,124,6:00 AM - 5:30 PM,6:00 AM - 5:30 PM,6:00 AM - 5:30 PM,6:00 AM - 5:30 PM,6:00 AM - 5:30 PM,No Information Available,No Information Available,,,,,,,27.0,12.0,27.0,12.0,27.0,12.0,27.0,12.0,27.0,12.0,27.0,12.0,,county_63,,,,,Change of Service,Change of Space/Change in Capacity,,,,,,,,Renewal Application,KID013,KID013A,KID013B,,SSRS,,
1703,1,Licensed,Y,N,Y,N,N,Y,N,N,Y,200,7:45 AM - 5:00 PM,7:45 AM - 5:00 PM,7:45 AM - 5:00 PM,7:45 AM - 5:00 PM,7:45 AM - 5:00 PM,No Information Available,No Information Available,,,,,,,,,,,,,30.0,15.0,30.0,15.0,30.0,15.0,,county_51,,,,,Change of Service,Change of Space/Change in Capacity,Follow-up,,,,,,,Renewal Application,KID013,KID013A,KID013B,,SSRS,,
1549,1,Licensed,N,Y,Y,Y,N,Y,N,N,N,168,other,other,other,other,other,No Information Available,No Information Available,,,54.65,,54.65,,51.16,34.3,51.16,34.3,51.16,34.3,,19.0,,19.0,,19.0,,county_51,,Change of Hours,,,Change of Service,Change of Space/Change in Capacity,,,Investigation,,,,,Renewal Application,KID013,KID013A,KID013B,,SSRS,,
1814,4,Licensed,N,Y,Y,Y,N,Y,N,N,Y,121,7:00 AM - 5:30 PM,7:00 AM - 5:30 PM,7:00 AM - 5:30 PM,7:00 AM - 5:30 PM,7:00 AM - 5:30 PM,No Information Available,No Information Available,,,,,38.6,30.0,38.6,30.0,38.6,30.0,38.6,30.0,30.0,14.0,30.0,14.0,,,,county_63,,,Change of Location,,,Change of Space/Change in Capacity,Follow-up,,Investigation,,,,,Renewal Application,KID013,KID013A,KID013B,,SSRS,,
1880,4,Licensed,Y,Y,Y,Y,N,Y,N,N,Y,300,6:00 AM - 5:30 PM,6:00 AM - 5:30 PM,6:00 AM - 5:30 PM,6:00 AM - 5:30 PM,6:00 AM - 5:30 PM,No Information Available,No Information Available,,,,,,,27.0,12.0,27.0,12.0,27.0,12.0,27.0,12.0,27.0,12.0,,,,county_63,,,Change of Location,,Change of Service,Change of Space/Change in Capacity,,,Investigation,,,,,Renewal Application,KID013,KID013A,KID013B,,SSRS,,
1527,5,Licensed,N,Y,Y,Y,Y,Y,Y,N,Y,91,7:00 AM - 5:30 PM,7:00 AM - 5:30 PM,7:00 AM - 5:30 PM,7:00 AM - 5:30 PM,7:00 AM - 5:30 PM,No Information Available,No Information Available,47.0,43.0,47.0,43.0,47.0,43.0,41.0,34.0,41.0,34.0,41.0,34.0,37.0,32.0,37.0,32.0,37.0,32.0,On-going | On-going,county_51,,,,,,,,,Investigation,,Monitoring (DPOC),,,Renewal Application,KID013,KID013A,KID013B,,SSRS,Adverse Action,Directed Plan of Correction
1428,1,Licensed,N,N,Y,Y,N,Y,N,N,Y,30,7:30 AM - 5:00 PM,7:30 AM - 5:00 PM,7:30 AM - 5:00 PM,7:30 AM - 5:00 PM,7:30 AM - 5:00 PM,No Information Available,No Information Available,,,,,30.0,14.0,30.0,14.0,30.0,14.0,30.0,14.0,30.0,14.0,30.0,14.0,30.0,14.0,,county_63,,,,,,,,,Investigation,,,,,Renewal Application,KID013,KID013A,KID013B,,SSRS,,
524,1,Licensed,N,Y,N,Y,N,Y,N,N,Y,36,7:00 AM - 4:30 PM,7:00 AM - 4:30 PM,7:00 AM - 4:30 PM,7:00 AM - 4:30 PM,7:00 AM - 4:30 PM,No Information Available,No Information Available,,,,,28.0,,28.0,,28.0,,28.0,,,,,,,,,county_51,,,,,Change of Service,Change of Space/Change in Capacity,,,,,,,,Renewal Application,KID013,KID013A,KID013B,,SSRS,,
1552,4,Licensed,N,Y,N,Y,Y,Y,N,N,N,74,7:00 AM - 5:30 PM,7:00 AM - 5:30 PM,7:00 AM - 5:30 PM,7:00 AM - 5:30 PM,7:00 AM - 5:30 PM,No Information Available,No Information Available,44.0,,43.0,,42.0,,40.0,,40.0,,40.0,,,,,,,,,county_51,,,,,,,Follow-up,,Investigation,,,,,Renewal Application,KID013,KID013A,KID013B,,SSRS,,
1174,4,Certified,N,N,N,N,N,Y,N,N,,6,6:00 AM - 5:30 PM,6:00 AM - 5:30 PM,6:00 AM - 5:30 PM,6:00 AM - 5:30 PM,6:00 AM - 5:30 PM,No Information Available,No Information Available,27.0,27.0,27.0,27.0,27.0,27.0,27.0,27.0,27.0,27.0,25.0,27.0,25.0,12.0,25.0,12.0,25.0,12.0,,county_12,Annual Inspection,,,,,,,,,,,,,Renewal Application,KID013,KID013A,KID013B,,SSRS,,
1067,1,Certified,N,N,N,N,N,Y,N,,,6,7:30 AM - 5:00 PM,7:30 AM - 5:00 PM,7:30 AM - 5:00 PM,7:30 AM - 5:00 PM,7:30 AM - 5:00 PM,No Information Available,No Information Available,31.0,31.0,31.0,31.0,31.0,31.0,31.0,31.0,31.0,31.0,31.0,31.0,,,,,,,,county_51,Annual Inspection,,,,,,,,,,,,,Renewal Application,KID013,KID013A,KID013B,,SSRS,,
966,5,Licensed,N,N,N,Y,N,Y,N,,Y,112,7:30 AM - 5:30 PM,7:30 AM - 5:30 PM,7:30 AM - 5:30 PM,7:30 AM - 5:30 PM,7:30 AM - 5:30 PM,No Information Available,No Information Available,,,,,,,40.65,20.73,40.65,20.73,,,,,,,,,,county_51,,,,,,Change of Space/Change in Capacity,,,,,,,,Renewal Application,KID013,KID013A,KID013B,,,,
1449,1,Licensed,Y,N,Y,N,N,Y,N,N,Y,150,7:30 AM - 5:00 PM,7:30 AM - 5:00 PM,7:30 AM - 5:00 PM,7:30 AM - 5:00 PM,7:30 AM - 5:00 PM,No Information Available,No Information Available,,,,,,,,,,,30.0,15.0,30.0,15.0,30.0,15.0,30.0,15.0,,county_51,,Change of Hours,,,Change of Service,Change of Space/Change in Capacity,Follow-up,,Investigation,,,,,Renewal Application,KID013,KID013A,KID013B,,SSRS,,
1626,1,Licensed,N,Y,Y,Y,Y,Y,N,N,Y,112,7:00 AM - 5:30 PM,7:00 AM - 5:30 PM,7:00 AM - 5:30 PM,7:00 AM - 5:30 PM,7:00 AM - 5:30 PM,No Information Available,No Information Available,30.0,21.0,30.0,21.0,30.0,21.0,27.0,19.0,27.0,19.0,27.0,19.0,23.0,16.0,23.0,16.0,,,,county_51,,,,,Change of Service,,Follow-up,,Investigation,,,,,Renewal Application,KID013,KID013A,KID013B,DMS,SSRS,,
1375,1,Licensed,N,N,Y,Y,N,Y,N,,Y,84,7:30 AM - 5:30 PM,7:30 AM - 5:30 PM,7:30 AM - 5:30 PM,7:30 AM - 5:30 PM,7:30 AM - 5:30 PM,No Information Available,No Information Available,,,,,,,44.35,17.66,44.35,17.66,44.35,17.66,,19.77,,19.77,,19.77,,county_51,,,,,Change of Service,Change of Space/Change in Capacity,,,Investigation,,,,,Renewal Application,KID013,KID013A,KID013B,,SSRS,,
117,2,Licensed,Y,N,Y,Y,N,Y,N,N,Y,265,other,other,other,other,other,No Information Available,No Information Available,,,,,,,25.0,13.0,25.0,18.75,30.0,15.0,30.0,15.0,30.0,15.0,,,,county_51,,,,,,Change of Space/Change in Capacity,Follow-up,,Investigation,,,,,Renewal Application,KID013,KID013A,KID013B,DMS,SSRS,,
97,1,Licensed,N,N,N,Y,N,Y,N,,Y,77,7:00 AM - 5:30 PM,7:00 AM - 5:30 PM,7:00 AM - 5:30 PM,7:00 AM - 5:30 PM,7:00 AM - 5:30 PM,No Information Available,No Information Available,,,,,,,28.29,,28.29,,,,,,,,,,,county_12,,,,,,Change of Space/Change in Capacity,Follow-up,Initial Application,,,,,,Renewal Application,KID013,KID013A,KID013B,,SSRS,,
453,1,Licensed,Y,N,Y,Y,N,Y,N,,Y,318,7:00 AM - 5:30 PM,7:00 AM - 5:30 PM,7:00 AM - 5:30 PM,7:00 AM - 5:30 PM,7:00 AM - 5:30 PM,No Information Available,No Information Available,,,,,,,,,25.0,15.0,25.0,15.0,30.0,15.0,,,,,,county_51,,,,,,Change of Space/Change in Capacity,Follow-up,,Investigation,,,,,Renewal Application,KID013,KID013A,KID013B,,SSRS,,
1115,1,Licensed,Y,N,Y,N,N,Y,N,,Y,100,7:45 AM - 5:00 PM,7:45 AM - 5:00 PM,7:45 AM - 5:00 PM,7:45 AM - 5:00 PM,7:45 AM - 5:00 PM,No Information Available,No Information Available,,,,,,,30.0,15.0,30.0,15.0,30.0,15.0,30.0,15.0,30.0,15.0,30.0,15.0,,county_51,,,,,Change of Service,Change of Space/Change in Capacity,,,Investigation,,,,,Renewal Application,KID013,KID013A,KID013B,,SSRS,,
1628,4,Licensed,N,Y,N,Y,N,Y,N,,N,74,7:45 AM - 5:00 PM,7:45 AM - 5:00 PM,7:45 AM - 5:00 PM,7:45 AM - 5:00 PM,7:45 AM - 5:00 PM,No Information Available,No Information Available,,,,,36.97,20.0,36.97,20.0,36.97,20.0,36.97,20.0,,,,,,,,county_51,,,,,Change of Service,Change of Space/Change in Capacity,,,,,,,,Renewal Application,KID013,KID013A,KID013B,,SSRS,,
617,1,Licensed,N,N,Y,N,N,Y,N,N,Y,100,2:20 PM - 5:30 PM,2:20 PM - 5:30 PM,2:20 PM - 5:30 PM,2:20 PM - 5:30 PM,2:20 PM - 5:30 PM,No Information Available,No Information Available,,,,,,,,,,,30.0,15.0,30.0,15.0,30.0,15.0,,,,county_12,,,,,Change of Service,Change of Space/Change in Capacity,Follow-up,,Investigation,,,,,Renewal Application,KID013,KID013A,KID013B,,SSRS,,
995,1,Licensed,Y,N,Y,N,N,Y,N,N,Y,117,other,other,other,other,other,No Information Available,No Information Available,,,,,,,,,,,,,30.0,15.0,30.0,15.0,,,,county_51,,,,,Change of Service,Change of Space/Change in Capacity,Follow-up,,Investigation,,,,,Renewal Application,KID013,KID013A,KID013B,,SSRS,,
994,3,Licensed,Y,N,Y,N,N,Y,N,,Y,100,7:45 AM - 5:00 PM,7:45 AM - 5:00 PM,7:45 AM - 5:00 PM,7:30 AM - 5:00 PM,7:30 AM - 5:00 PM,No Information Available,No Information Available,,,,,,,,,,,,,30.0,15.0,30.0,15.0,,,,county_51,,,,,,Change of Space/Change in Capacity,Follow-up,,Investigation,,,,,Renewal Application,KID013,KID013A,KID013B,,SSRS,,
830,3,Licensed,N,Y,Y,Y,Y,Y,N,,Y,99,7:00 AM - 5:00 PM,7:00 AM - 5:00 PM,7:00 AM - 5:00 PM,7:00 AM - 5:00 PM,7:00 AM - 5:00 PM,No Information Available,No Information Available,37.0,,37.0,,37.0,,37.0,,37.0,,37.0,,37.0,,37.0,,37.0,,,county_51,,,,,Change of Service,Change of Space/Change in Capacity,,Initial Application,Investigation,,,,,Renewal Application,KID013,KID013A,KID013B,,SSRS,,
320,1,Licensed,N,Y,N,Y,N,Y,N,,Y,19,7:00 AM - 4:00 PM,7:00 AM - 4:00 PM,7:00 AM - 4:00 PM,7:00 AM - 4:00 PM,7:00 AM - 4:00 PM,No Information Available,No Information Available,,,,,28.0,,28.0,,28.0,,28.0,,,,,,,,,county_51,,,Change of Location,,Change of Service,Change of Space/Change in Capacity,Follow-up,Initial Application,Investigation,,,,,Renewal Application,KID013,KID013A,KID013B,DMS,SSRS,,
901,1,Licensed,N,Y,Y,Y,Y,Y,N,,Y,61,7:30 AM - 4:30 PM,7:30 AM - 4:30 PM,7:30 AM - 4:30 PM,7:30 AM - 4:30 PM,7:30 AM - 4:30 PM,No Information Available,No Information Available,35.0,,34.0,,34.0,,32.0,,32.0,,32.0,,,,,,,,,county_63,,,,,Change of Service,,,Initial Application,Investigation,,,,Post-Preliminary Inspection,Renewal Application,KID013,KID013A,KID013B,,SSRS,,
749,1,Licensed,N,Y,N,Y,Y,Y,N,,N,70,7:00 AM - 5:00 PM,7:00 AM - 5:00 PM,7:00 AM - 5:00 PM,7:00 AM - 5:00 PM,7:00 AM - 5:00 PM,No Information Available,No Information Available,215.0,165.0,215.0,165.0,215.0,165.0,205.0,155.0,205.0,155.0,205.0,155.0,,,,,,,,county_51,,,,,,Change of Space/Change in Capacity,Follow-up,Initial Application,Investigation,,,,Post-Preliminary Inspection,Renewal Application,,KID013A,KID013B,,SSRS,,
1668,1,Certified,N,N,N,N,N,Y,N,,,6,7:00 AM - 5:00 PM,7:00 AM - 5:00 PM,7:00 AM - 5:00 PM,7:00 AM - 5:00 PM,7:00 AM - 5:00 PM,No Information Available,No Information Available,37.0,,37.0,,37.0,,37.0,,37.0,,37.0,,37.0,,37.0,,37.0,,,county_51,Annual Inspection,,,,,,,Initial Application,Investigation,,,,,Renewal Application,,KID013A,KID013B,,SSRS,,
11,1,Licensed,N,Y,Y,Y,Y,Y,N,,N,99,6:30 AM - 5:30 PM,6:30 AM - 5:30 PM,6:30 AM - 5:30 PM,6:30 AM - 5:30 PM,6:30 AM - 5:30 PM,No Information Available,No Information Available,47.0,,47.0,,47.0,,43.0,,43.0,,43.0,,40.0,,40.0,,,,,county_51,,,Change of Location,,,,Follow-up,Initial Application,Investigation,,,,Post-Preliminary Inspection,Renewal Application,,KID013A,KID013B,,SSRS,,
1478,4,Licensed,Y,N,N,Y,N,Y,N,,N,21,7:30 AM - 3:30 PM,7:30 AM - 3:30 PM,7:30 AM - 3:30 PM,7:30 AM - 3:30 PM,No Information Available,No Information Available,No Information Available,,,,,,,,12.5,,12.5,,12.5,,,,,,,,county_63,,,,,,Change of Space/Change in Capacity,,Initial Application,,,,,Post-Preliminary Inspection,Renewal Application,,KID013A,KID013B,,SSRS,,
38,1,Licensed,N,Y,Y,Y,Y,Y,N,,N,104,6:30 AM - 6:00 PM,6:30 AM - 6:00 PM,6:30 AM - 6:00 PM,6:30 AM - 6:00 PM,6:30 AM - 6:00 PM,No Information Available,No Information Available,47.0,,47.0,,47.0,,41.0,,41.0,,41.0,,37.0,35.6,37.0,35.6,37.0,35.6,,county_51,,Change of Hours,,,,Change of Space/Change in Capacity,Follow-up,Initial Application,Investigation,,,,Post-Preliminary Inspection,Renewal Application,,KID013A,KID013B,,SSRS,,
1535,1,Licensed,N,N,Y,N,N,Y,N,,N,218,2:30 PM - 5:30 PM,2:30 PM - 5:30 PM,2:30 PM - 5:30 PM,2:30 PM - 5:30 PM,2:30 PM - 5:30 PM,No Information Available,No Information Available,,,,,,,,,,,31.0,13.0,31.0,13.0,31.0,13.0,31.0,13.0,,county_51,,,,,,,,Initial Application,,,,,Post-Preliminary Inspection,Renewal Application,,KID013A,KID013B,DMS,SSRS,,
1567,1,Licensed,N,Y,Y,Y,Y,Y,N,,Y,98,6:30 AM - 6:00 PM,6:30 AM - 6:00 PM,6:30 AM - 6:00 PM,6:30 AM - 6:00 PM,6:30 AM - 6:00 PM,No Information Available,No Information Available,47.0,,47.0,,47.0,,41.0,,41.0,,41.0,,37.0,35.6,37.0,35.6,37.0,35.6,,county_51,,Change of Hours,,Change of Ownership,,,Follow-up,,Investigation,,,,Post-Preliminary Inspection,Renewal Application,,KID013A,KID013B,,SSRS,,
1241,1,Licensed,N,Y,N,Y,Y,Y,N,,N,70,7:00 AM - 5:30 PM,7:00 AM - 5:30 PM,7:00 AM - 5:30 PM,7:00 AM - 5:30 PM,7:00 AM - 5:30 PM,No Information Available,No Information Available,40.0,,39.0,,38.0,,37.0,,36.0,,36.0,,,,,,,,,county_51,,,,,,Change of Space/Change in Capacity,,Initial Application,Investigation,,,,Post-Preliminary Inspection,Renewal Application,,KID013A,KID013B,,SSRS,,
276,1,Licensed,N,N,Y,Y,N,Y,N,,N,60,7:00 AM - 6:00 PM,7:00 AM - 6:00 PM,7:00 AM - 6:00 PM,7:00 AM - 6:00 PM,other,other,No Information Available,,,,,,,41.0,34.0,41.0,34.0,,,37.0,32.0,37.0,32.0,,,,county_51,,,,,Change of Service,,,Initial Application,,,,,Post-Preliminary Inspection,Renewal Application,,KID013A,KID013B,,SSRS,,
470,1,Licensed,N,Y,Y,Y,Y,Y,N,,N,49,other,other,other,other,other,other,No Information Available,40.0,33.0,40.0,33.0,40.0,33.0,36.0,27.0,36.0,27.0,36.0,27.0,30.0,30.0,30.0,30.0,30.0,30.0,,county_12,,,,,,,Follow-up,Initial Application,Investigation,,,,Post-Preliminary Inspection,Renewal Application,,KID013A,KID013B,,SSRS,,
1364,1,Licensed,N,Y,Y,Y,Y,Y,N,,Y,70,other,other,other,other,other,No Information Available,No Information Available,47.0,47.0,47.0,47.0,47.0,47.0,41.0,41.0,41.0,41.0,41.0,41.0,37.0,37.0,37.0,37.0,37.0,37.0,,county_51,,,,,,,Follow-up,Initial Application,Investigation,,,,Post-Preliminary Inspection,Renewal Application,,KID013A,KID013B,,SSRS,,
41,1,Certified,N,N,N,N,N,,N,,,6,7:00 AM - 5:00 PM,7:00 AM - 5:00 PM,7:00 AM - 5:00 PM,7:00 AM - 5:00 PM,7:00 AM - 5:00 PM,No Information Available,No Information Available,,,,,,,,,,,,,,,,,,,,county_51,Annual Inspection,,,,,,,Initial Application,,,,,,Renewal Application,,KID013A,KID013B,,SSRS,,
1198,1,Licensed,N,Y,N,Y,Y,Y,N,,N,50,7:00 AM - 5:00 PM,7:00 AM - 5:00 PM,7:00 AM - 5:00 PM,7:00 AM - 5:00 PM,7:00 AM - 5:00 PM,No Information Available,No Information Available,47.0,,47.0,,47.0,,41.0,,41.0,,41.0,,,,,,,,,county_51,,,,,Change of Service,,,Initial Application,Investigation,,,,Post-Preliminary Inspection,Renewal Application,,KID013A,KID013B,,SSRS,,
982,1,Licensed,N,Y,Y,Y,Y,Y,N,,Y,111,7:00 AM - 5:30 PM,7:00 AM - 5:30 PM,7:00 AM - 5:30 PM,7:00 AM - 5:30 PM,7:00 AM - 5:30 PM,No Information Available,No Information Available,40.0,,40.0,,40.0,,36.0,,36.0,,36.0,,,,,,,,,county_63,,,,,Change of Service,Change of Space/Change in Capacity,,Initial Application,Investigation,,,,Post-Preliminary Inspection,Renewal Application,,KID013A,KID013B,,SSRS,,
346,1,Licensed,N,Y,Y,Y,Y,Y,N,,N,79,7:00 AM - 5:30 PM,7:00 AM - 5:30 PM,7:00 AM - 5:30 PM,7:00 AM - 5:30 PM,7:00 AM - 5:30 PM,No Information Available,No Information Available,40.0,,40.0,,40.0,,36.0,,36.0,,36.0,,30.0,30.0,30.0,30.0,,,,county_63,,,,Change of Ownership,,,Follow-up,,Investigation,,,,Post-Preliminary Inspection,Renewal Application,,,KID013B,,SSRS,,
970,1,Licensed,N,Y,Y,Y,Y,Y,N,,Y,140,7:30 AM - 5:30 PM,7:30 AM - 5:30 PM,7:30 AM - 5:30 PM,7:30 AM - 5:30 PM,7:30 AM - 5:30 PM,No Information Available,No Information Available,47.0,,47.0,,47.0,,41.0,,41.0,,41.0,,37.0,34.0,37.0,34.0,37.0,34.0,,county_51,,,,,,,,Initial Application,Investigation,,Monitoring (DPOC),,Post-Preliminary Inspection,,,,KID013B,,SSRS,,
1134,1,Licensed,N,Y,N,Y,Y,Y,N,,N,42,6:30 AM - 6:00 PM,6:30 AM - 6:00 PM,6:30 AM - 6:00 PM,6:30 AM - 6:00 PM,6:30 AM - 6:00 PM,No Information Available,No Information Available,40.0,25.0,40.0,25.0,40.0,25.0,40.0,25.0,40.0,25.0,,,,,,,,,,county_63,,,,,,,Follow-up,Initial Application,Investigation,,,,Post-Preliminary Inspection,,,,KID013B,,SSRS,,
1321,1,Certified,N,N,N,N,N,,N,,,6,7:30 AM - 5:00 PM,7:30 AM - 5:00 PM,7:30 AM - 5:00 PM,7:30 AM - 5:00 PM,7:30 AM - 5:00 PM,No Information Available,No Information Available,,,,,,,,,,,,,,,,,,,,county_51,,,,,,,,Initial Application,,,,,,,,,KID013B,,,,
1566,5,Licensed,Y,N,N,Y,N,N,N,,Y,17,7:30 AM - 3:30 PM,7:30 AM - 3:30 PM,7:30 AM - 3:30 PM,7:30 AM - 3:30 PM,No Information Available,No Information Available,No Information Available,,,,,,,,,,,,,,,,,,,,county_70,,,,,,Change of Space/Change in Capacity,,,Investigation,,,,,Renewal Application,KID013,KID013A,KID013B,,,,
946,4,Licensed,N,N,Y,N,N,Y,N,N,N,125,3:00 PM - 6:00 PM,3:00 PM - 6:00 PM,3:00 PM - 6:00 PM,3:00 PM - 6:00 PM,3:00 PM - 6:00 PM,No Information Available,No Information Available,,,,,,,,,,,,,13.0,13.0,13.0,13.0,13.0,13.0,,county_26,,,,,,Change of Space/Change in Capacity,,,Investigation,,,,,Renewal Application,KID013,KID013A,KID013B,,,,
852,4,Licensed,Y,Y,N,Y,Y,Y,N,N,Y,40,7:00 AM - 5:00 PM,7:00 AM - 5:00 PM,7:00 AM - 5:00 PM,7:00 AM - 5:00 PM,7:00 AM - 5:00 PM,No Information Available,No Information Available,40.0,33.0,40.0,33.0,40.0,33.0,,,,,,,,,,,,,,county_70,Annual Inspection,,,,Change of Service,Change of Space/Change in Capacity,Follow-up,,Investigation,,,,,Renewal Application,KID013,KID013A,KID013B,,SSRS,,
1133,1,Certified,N,N,N,N,N,Y,N,,,6,5:30 AM - 5:30 PM,5:30 AM - 5:30 PM,5:30 AM - 5:30 PM,5:30 AM - 5:30 PM,5:30 AM - 5:30 PM,No Information Available,No Information Available,33.0,33.0,33.0,33.0,33.0,33.0,33.0,33.0,33.0,33.0,33.0,33.0,33.0,33.0,33.0,33.0,33.0,33.0,,county_26,Annual Inspection,,,,Change of Service,,,Initial Application,,,,,,Renewal Application,,KID013A,KID013B,,SSRS,,
447,1,Licensed,N,Y,Y,Y,Y,Y,N,,N,84,other,other,other,other,other,No Information Available,No Information Available,40.0,33.0,40.0,33.0,36.0,27.0,36.0,27.0,36.0,27.0,30.0,30.0,30.0,30.0,30.0,30.0,30.0,30.0,,county_70,,Change of Hours,,,Change of Service,Change of Space/Change in Capacity,,Initial Application,Investigation,,,,Post-Preliminary Inspection,Renewal Application,,KID013A,KID013B,,SSRS,,
54,4,Licensed,N,Y,Y,Y,Y,Y,N,,N,80,5:30 AM - 6:00 PM,5:30 AM - 6:00 PM,5:30 AM - 6:00 PM,5:30 AM - 6:00 PM,5:30 AM - 6:00 PM,No Information Available,No Information Available,44.0,39.0,44.0,39.0,44.0,39.0,39.0,37.0,39.0,37.0,39.0,37.0,36.0,29.0,36.0,29.0,36.0,29.0,,county_26,,,,,,,,Initial Application,Investigation,,,,Post-Preliminary Inspection,Renewal Application,,KID013A,KID013B,,SSRS,,
1253,1,Licensed,N,Y,Y,Y,Y,Y,N,,Y,85,5:30 AM - 6:30 PM,5:30 AM - 6:30 PM,5:30 AM - 6:30 PM,5:30 AM - 6:30 PM,5:30 AM - 6:30 PM,No Information Available,No Information Available,40.0,36.0,40.0,36.0,40.0,36.0,40.0,36.0,40.0,36.0,40.0,36.0,40.0,36.0,40.0,36.0,40.0,36.0,,county_26,,,Change of Location,,,Change of Space/Change in Capacity,Follow-up,Initial Application,Investigation,,,,Post-Preliminary Inspection,Renewal Application,,KID013A,KID013B,,SSRS,,
1747,1,Licensed,N,Y,Y,Y,Y,Y,N,,Y,99,6:30 AM - 5:30 PM,6:30 AM - 5:30 PM,6:30 AM - 5:30 PM,6:30 AM - 5:30 PM,6:30 AM - 5:30 PM,No Information Available,No Information Available,40.0,,40.0,,40.0,,40.0,40.0,36.0,36.0,36.0,36.0,25.0,10.0,25.0,10.0,25.0,10.0,,county_70,,,Change of Location,,Change of Service,Change of Space/Change in Capacity,Follow-up,Initial Application,Investigation,,,,Post-Preliminary Inspection,Renewal Application,,KID013A,KID013B,,SSRS,,
417,1,Certified,N,N,N,N,N,Y,N,,,6,6:00 AM - 5:00 PM,6:00 AM - 5:00 PM,6:00 AM - 5:00 PM,6:00 AM - 5:00 PM,6:00 AM - 5:00 PM,No Information Available,No Information Available,25.0,15.0,25.0,15.0,25.0,15.0,25.0,15.0,25.0,15.0,25.0,15.0,25.0,15.0,25.0,15.0,25.0,15.0,,county_70,Annual Inspection,,,,,,Follow-up,Initial Application,,,,,,,,,KID013B,,SSRS,,
436,1,Licensed,N,Y,Y,Y,Y,Y,N,Y,N,45,7:30 AM - 5:00 PM,7:30 AM - 5:00 PM,7:30 AM - 5:00 PM,7:30 AM - 5:00 PM,7:30 AM - 5:00 PM,No Information Available,No Information Available,44.0,,42.0,,40.0,,38.0,,38.0,,38.0,,,,,,,,,county_25,,,,,Change of Service,Change of Space/Change in Capacity,Follow-up,,Investigation,,,,,Renewal Application,KID013,KID013A,KID013B,,SSRS,,
1831,2,Licensed,N,N,Y,N,N,Y,N,,Y,91,7:00 AM - 6:00 PM,7:00 AM - 6:00 PM,7:00 AM - 6:00 PM,7:00 AM - 6:00 PM,7:00 AM - 6:00 PM,No Information Available,No Information Available,,,,,,,,,,,,,28.0,13.0,28.0,13.0,28.0,13.0,,county_15,,,,,,,,Initial Application,Investigation,,,,Post-Preliminary Inspection,Renewal Application,KID013,KID013A,KID013B,,SSRS,,
1733,1,Licensed,N,N,N,Y,N,Y,N,,N,73,7:15 AM - 5:30 PM,7:15 AM - 5:30 PM,7:15 AM - 5:30 PM,7:15 AM - 5:30 PM,7:15 AM - 5:30 PM,No Information Available,No Information Available,,,,,,,44.0,44.0,44.0,44.0,44.0,44.0,,,,,,,,county_15,,,,,,Change of Space/Change in Capacity,,Initial Application,Investigation,,,,Post-Preliminary Inspection,Renewal Application,,KID013A,KID013B,,SSRS,,
475,3,Licensed,Y,Y,Y,Y,Y,Y,N,,Y,130,other,other,other,other,other,No Information Available,No Information Available,41.0,29.0,41.0,29.0,41.0,29.0,37.0,27.0,37.0,27.0,37.0,27.0,35.0,23.0,35.0,23.0,35.0,23.0,,county_15,,,,Change of Ownership,,,,,Investigation,,,,Post-Preliminary Inspection,Renewal Application,,,KID013B,,SSRS,,
1044,1,Licensed,Y,Y,Y,Y,Y,Y,N,,N,99,other,other,other,other,other,No Information Available,No Information Available,47.0,43.0,47.0,43.0,47.0,43.0,41.0,34.0,41.0,34.0,41.0,34.0,37.0,32.0,37.0,32.0,,,,county_15,,,,,,,,Initial Application,Investigation,,,,Post-Preliminary Inspection,,,,KID013B,,,,
1095,1,Certified,N,N,N,N,N,Y,N,N,,6,6:00 AM - 5:00 PM,6:00 AM - 5:00 PM,6:00 AM - 5:00 PM,6:00 AM - 5:00 PM,6:00 AM - 5:00 PM,No Information Available,No Information Available,25.0,,25.0,,25.0,,25.0,,25.0,,25.0,,25.0,,25.0,,25.0,,,county_26,Annual Inspection,,,,,,Follow-up,,,,,,,Renewal Application,KID013,KID013A,KID013B,DMS,SSRS,,
371,1,Licensed,N,Y,Y,Y,Y,Y,N,,Y,59,6:00 AM - 6:00 PM,6:00 AM - 6:00 PM,6:00 AM - 6:00 PM,6:00 AM - 6:00 PM,6:00 AM - 6:00 PM,No Information Available,No Information Available,40.0,40.0,40.0,40.0,40.0,40.0,40.0,40.0,40.0,40.0,40.0,40.0,40.0,40.0,40.0,40.0,40.0,40.0,,county_26,,,,,,,Follow-up,Initial Application,Investigation,,,,Post-Preliminary Inspection,Renewal Application,,KID013A,KID013B,,SSRS,,
1487,1,Licensed,N,Y,Y,Y,Y,Y,N,,N,91,6:00 AM - 6:00 PM,6:00 AM - 6:00 PM,6:00 AM - 6:00 PM,6:00 AM - 6:00 PM,6:00 AM - 6:00 PM,No Information Available,No Information Available,40.0,35.0,40.0,35.0,40.0,35.0,40.0,35.0,40.0,35.0,40.0,35.0,40.0,35.0,40.0,35.0,40.0,35.0,,county_26,,,,,,Change of Space/Change in Capacity,Follow-up,Initial Application,Investigation,,Monitoring (DPOC),,Post-Preliminary Inspection,Renewal Application,,KID013A,KID013B,,SSRS,,
105,3,Licensed,N,N,Y,N,N,Y,N,,N,206,6:30 AM - 6:00 PM,6:30 AM - 6:00 PM,6:30 AM - 6:00 PM,6:30 AM - 6:00 PM,6:30 AM - 6:00 PM,No Information Available,No Information Available,,,,,,,,,,,42.0,32.33,42.0,32.33,42.0,32.33,42.0,32.33,,county_32,,,,,,Change of Space/Change in Capacity,Follow-up,Initial Application,,,,,Post-Preliminary Inspection,Renewal Application,,KID013A,KID013B,,SSRS,,
650,1,Certified,N,N,N,N,N,,N,,,6,7:00 AM - 5:00 PM,other,other,7:00 AM - 5:00 PM,7:00 AM - 5:00 PM,other,other,,,,,,,,,,,,,,,,,,,,county_26,Annual Inspection,,,,,,,Initial Application,,,,,,Renewal Application,,KID013A,KID013B,,SSRS,,
1518,1,Licensed,N,Y,Y,Y,Y,Y,N,,N,37,6:30 AM - 5:30 PM,6:30 AM - 5:30 PM,6:30 AM - 5:30 PM,6:30 AM - 5:30 PM,6:30 AM - 5:30 PM,No Information Available,No Information Available,46.0,39.0,46.0,39.0,46.0,39.0,46.0,39.0,41.0,39.0,41.0,39.0,,,,,,,,county_26,,,,,Change of Service,,,Initial Application,,,,,Post-Preliminary Inspection,,,,KID013B,,,,
93,1,Licensed,N,Y,Y,Y,Y,Y,N,,N,47,6:00 AM - 6:00 PM,6:00 AM - 6:00 PM,6:00 AM - 6:00 PM,6:00 AM - 6:00 PM,6:00 AM - 6:00 PM,No Information Available,No Information Available,40.0,33.0,40.0,33.0,40.0,33.0,40.0,33.0,40.0,33.0,40.0,33.0,40.0,33.0,40.0,33.0,,,,county_26,,,,,,,,Initial Application,Investigation,,,,Post-Preliminary Inspection,,,,KID013B,,SSRS,,
372,1,Licensed,N,Y,Y,Y,Y,Y,N,,N,81,5:30 AM - 6:00 PM,5:30 AM - 6:00 PM,5:30 AM - 6:00 PM,5:30 AM - 6:00 PM,5:30 AM - 6:00 PM,No Information Available,No Information Available,45.0,25.0,45.0,25.0,45.0,25.0,45.0,25.0,45.0,25.0,45.0,25.0,45.0,25.0,45.0,25.0,45.0,25.0,,county_26,,,,Change of Ownership,,,Follow-up,,Investigation,,,,Post-Preliminary Inspection,,,,KID013B,,SSRS,,
1344,3,Licensed,N,Y,Y,Y,Y,Y,N,N,Y,99,6:00 AM - 6:00 PM,6:00 AM - 6:00 PM,6:00 AM - 6:00 PM,6:00 AM - 6:00 PM,6:00 AM - 6:00 PM,No Information Available,No Information Available,38.0,,38.0,,38.0,,36.0,,36.0,,36.0,,31.0,25.0,31.0,25.0,31.0,,,county_31,,,,,Change of Service,,Follow-up,,Investigation,,,,,Renewal Application,KID013,KID013A,KID013B,,SSRS,,
1574,1,Licensed,N,N,Y,N,N,Y,N,N,Y,170,2:00 PM - 6:00 PM,2:00 PM - 6:00 PM,2:00 PM - 6:00 PM,2:00 PM - 6:00 PM,2:00 PM - 6:00 PM,No Information Available,No Information Available,,,,,,,,,,,,,15.0,15.0,15.0,15.0,,,,county_31,,,,,,,,,Investigation,,,,,Renewal Application,KID013,KID013A,KID013B,,SSRS,,
1670,5,Licensed,N,Y,N,Y,Y,Y,N,,Y,17,7:00 AM - 4:30 PM,7:00 AM - 4:30 PM,7:00 AM - 4:30 PM,7:00 AM - 4:30 PM,7:00 AM - 4:30 PM,No Information Available,No Information Available,34.0,31.0,34.0,31.0,34.0,31.0,32.0,29.0,32.0,29.0,32.0,29.0,,,,,,,,county_31,,,,,Change of Service,,,,Investigation,,,,,Renewal Application,KID013,KID013A,KID013B,,SSRS,,
1332,4,Licensed,N,N,Y,Y,N,Y,N,N,Y,29,6:30 AM - 5:30 PM,6:30 AM - 5:30 PM,6:30 AM - 5:30 PM,6:30 AM - 5:30 PM,6:30 AM - 5:30 PM,No Information Available,No Information Available,35.0,32.0,35.0,32.0,35.0,32.0,33.0,30.0,33.0,30.0,33.0,30.0,30.0,30.0,30.0,30.0,,,,county_31,,Change of Hours,,,,,Follow-up,,Investigation,,,,,Renewal Application,KID013,KID013A,KID013B,,SSRS,,
752,1,Licensed,Y,N,Y,N,N,Y,N,,Y,100,2:00 PM - 6:00 PM,2:00 PM - 6:00 PM,2:00 PM - 6:00 PM,2:00 PM - 6:00 PM,2:00 PM - 6:00 PM,No Information Available,No Information Available,,,,,,,,,,,,,15.0,15.0,15.0,15.0,,,,county_31,,Change of Hours,,,Change of Service,,,,,,,,,Renewal Application,KID013,KID013A,KID013B,,SSRS,,
1182,1,Licensed,N,Y,Y,Y,Y,Y,N,N,N,123,7:00 AM - 5:00 PM,7:00 AM - 5:00 PM,7:00 AM - 5:00 PM,7:00 AM - 5:00 PM,7:00 AM - 5:00 PM,No Information Available,No Information Available,38.0,20.0,38.0,20.0,38.0,20.0,38.0,20.0,38.0,20.0,38.0,20.0,38.0,20.0,38.0,20.0,38.0,20.0,,county_31,,,,,,Change of Space/Change in Capacity,Follow-up,,Investigation,,Monitoring (DPOC),,,Renewal Application,KID013,KID013A,KID013B,,SSRS,,
333,2,Licensed,N,Y,Y,Y,Y,Y,N,,Y,89,6:30 AM - 5:30 PM,6:30 AM - 5:30 PM,6:30 AM - 5:30 PM,6:30 AM - 5:30 PM,6:30 AM - 5:30 PM,No Information Available,No Information Available,34.0,31.0,34.0,31.0,34.0,31.0,32.0,29.0,32.0,29.0,32.0,29.0,29.0,29.0,29.0,29.0,29.0,29.0,,county_31,,,,Change of Ownership,,Change of Space/Change in Capacity,Follow-up,,Investigation,,Monitoring (DPOC),,,Renewal Application,KID013,KID013A,KID013B,DMS,SSRS,,
380,1,Licensed,N,N,Y,N,N,Y,N,,Y,100,2:00 PM - 6:00 PM,2:00 PM - 6:00 PM,2:00 PM - 6:00 PM,2:00 PM - 6:00 PM,2:00 PM - 6:00 PM,No Information Available,No Information Available,,,,,,,,,,,,,15.0,15.0,15.0,15.0,,,,county_31,,,,,,Change of Space/Change in Capacity,,Initial Application,,,,,,Renewal Application,KID013,KID013A,KID013B,,SSRS,,
116,1,Licensed,N,Y,N,Y,N,Y,N,,N,48,7:00 AM - 5:00 PM,7:00 AM - 5:00 PM,7:00 AM - 5:00 PM,7:00 AM - 5:00 PM,7:00 AM - 5:00 PM,No Information Available,No Information Available,,,32.0,32.0,32.0,32.0,32.0,32.0,32.0,32.0,32.0,32.0,,,,,,,,county_31,,,Change of Location,,,,Follow-up,Initial Application,Investigation,,,,,Renewal Application,KID013,KID013A,KID013B,DMS,SSRS,,
1614,5,Licensed,N,N,N,Y,N,Y,N,,Y,20,7:00 AM - 5:00 PM,7:00 AM - 5:00 PM,7:00 AM - 5:00 PM,7:00 AM - 5:00 PM,7:00 AM - 5:00 PM,No Information Available,No Information Available,,,,,,,35.0,18.0,35.0,18.0,35.0,18.0,,,,,,,,county_31,,,Change of Location,,Change of Service,Change of Space/Change in Capacity,,Initial Application,Investigation,,,,Post-Preliminary Inspection,Renewal Application,,KID013A,KID013B,,SSRS,,
1360,3,Licensed,N,Y,Y,Y,Y,Y,N,,Y,137,7:00 AM - 5:00 PM,7:00 AM - 5:00 PM,7:00 AM - 5:00 PM,7:00 AM - 5:00 PM,7:00 AM - 5:00 PM,No Information Available,No Information Available,40.0,40.0,40.0,40.0,38.0,38.0,37.0,37.0,37.0,37.0,37.0,37.0,32.0,29.0,32.0,29.0,,,,county_31,,,Change of Location,,,,Follow-up,Initial Application,Investigation,,Monitoring (DPOC),,Post-Preliminary Inspection,Renewal Application,,KID013A,KID013B,DMS,SSRS,,
649,1,Licensed,N,N,Y,N,N,Y,N,,N,80,2:00 PM - 6:00 PM,2:00 PM - 6:00 PM,2:00 PM - 6:00 PM,2:00 PM - 6:00 PM,2:00 PM - 6:00 PM,No Information Available,No Information Available,,,,,,,,,,,,,15.0,15.0,15.0,15.0,,,,county_31,,,,,,,,Initial Application,,,,,Post-Preliminary Inspection,Renewal Application,,KID013A,KID013B,DMS,SSRS,,
938,1,Licensed,N,N,Y,N,N,Y,N,,N,107,2:00 PM - 6:00 PM,2:00 PM - 6:00 PM,2:00 PM - 6:00 PM,2:00 PM - 6:00 PM,2:00 PM - 6:00 PM,No Information Available,No Information Available,,,,,,,,,,,,,15.0,15.0,15.0,15.0,,,,county_31,,,,,,,,Initial Application,,,,,Post-Preliminary Inspection,Renewal Application,,KID013A,KID013B,DMS,SSRS,,
1503,1,Certified,N,N,N,N,N,,N,,,6,7:00 AM - 5:00 PM,7:00 AM - 5:00 PM,7:00 AM - 5:00 PM,7:00 AM - 5:00 PM,7:00 AM - 5:00 PM,No Information Available,No Information Available,,,,,,,,,,,,,,,,,,,,county_31,Annual Inspection,,,,,,,Initial Application,,,,,,Renewal Application,,KID013A,KID013B,,SSRS,,
1539,1,Licensed,Y,N,Y,Y,N,Y,N,,Y,252,7:00 AM - 5:30 PM,7:00 AM - 5:30 PM,7:00 AM - 5:30 PM,7:00 AM - 5:30 PM,7:00 AM - 5:30 PM,No Information Available,No Information Available,,,,,,,,,,,,,29.0,29.0,29.0,29.0,,,,county_31,,,Change of Location,,Change of Service,Change of Space/Change in Capacity,,Initial Application,,,,,Post-Preliminary Inspection,Renewal Application,,KID013A,KID013B,,SSRS,,
535,1,Licensed,N,N,Y,Y,N,Y,N,,Y,27,7:00 AM - 5:00 PM,7:00 AM - 5:00 PM,7:00 AM - 5:00 PM,7:00 AM - 5:00 PM,7:00 AM - 5:00 PM,No Information Available,No Information Available,,,,,34.0,34.0,34.0,34.0,34.0,34.0,34.0,34.0,34.0,34.0,34.0,34.0,,,,county_31,,,,,,,,Initial Application,Investigation,,,,Post-Preliminary Inspection,Renewal Application,,KID013A,KID013B,DMS,SSRS,,
654,1,Licensed,N,Y,N,Y,Y,,N,,N,48,7:00 AM - 5:00 PM,7:00 AM - 5:00 PM,7:00 AM - 5:00 PM,7:00 AM - 5:00 PM,7:00 AM - 5:00 PM,No Information Available,No Information Available,,,,,,,,,,,,,,,,,,,,county_31,,,,Change of Ownership,,Change of Space/Change in Capacity,,,Investigation,,,,Post-Preliminary Inspection,,,,KID013B,,SSRS,,
595,5,Licensed,Y,Y,N,Y,N,Y,N,N,Y,200,7:00 AM - 4:00 PM,7:00 AM - 4:00 PM,7:00 AM - 4:00 PM,7:00 AM - 4:00 PM,7:00 AM - 4:00 PM,No Information Available,No Information Available,,,0.01,,0.01,,0.01,,0.01,,,,,,,,,,,county_3,,,,,Change of Service,,,,Investigation,,,,,Renewal Application,KID013,KID013A,KID013B,DMS,SSRS,,
620,1,Licensed,N,Y,Y,Y,Y,Y,N,N,Y,99,other,other,other,other,other,No Information Available,No Information Available,29.0,29.0,29.0,29.0,28.0,28.0,28.0,28.0,28.0,28.0,28.0,28.0,28.0,28.0,28.0,28.0,,,,county_3,,,,,,,Follow-up,,Investigation,,,,,Renewal Application,KID013,KID013A,KID013B,,SSRS,,
469,1,Licensed,Y,N,Y,Y,N,Y,N,N,Y,93,5:30 AM - 6:00 PM,5:30 AM - 6:00 PM,5:30 AM - 6:00 PM,5:30 AM - 6:00 PM,5:30 AM - 6:00 PM,No Information Available,No Information Available,,,,,,,,,17.0,15.75,17.0,15.75,17.0,15.75,17.0,15.75,,,,county_3,,,,,Change of Service,,,,,,,,,Renewal Application,KID013,KID013A,KID013B,DMS,SSRS,,
266,1,Licensed,N,N,Y,Y,N,Y,N,N,Y,85,other,other,other,other,other,No Information Available,No Information Available,,,,,,,23.0,12.5,23.0,12.5,23.0,12.5,,,,,,,,county_3,,,,,,,,,,,,,,Renewal Application,KID013,KID013A,KID013B,,SSRS,,
446,2,Licensed,N,N,Y,N,N,Y,N,,,,6:00 AM - 5:30 PM,6:00 AM - 5:30 PM,6:00 AM - 5:30 PM,6:00 AM - 5:30 PM,6:00 AM - 5:30 PM,No Information Available,No Information Available,,,,,,,,,,,,,,,,,,,,county_3,,,,,,,,,,,,,,,,,,,,,
1516,2,Licensed,N,N,N,Y,N,,N,,Y,18,other,other,other,other,other,No Information Available,No Information Available,,,,,,,,,,,,,,,,,,,,county_3,,,,,,Change of Space/Change in Capacity,,Initial Application,,,,,,Renewal Application,KID013,KID013A,KID013B,,SSRS,,
942,1,Licensed,N,Y,Y,Y,Y,Y,N,,N,12,7:00 AM - 5:00 PM,7:00 AM - 5:00 PM,7:00 AM - 5:00 PM,7:00 AM - 5:00 PM,7:00 AM - 5:00 PM,No Information Available,No Information Available,26.0,,26.0,,26.0,,26.0,,26.0,,26.0,,26.0,,26.0,,26.0,,,county_3,,,,,,,Follow-up,Initial Application,,,,,Post-Preliminary Inspection,Renewal Application,,KID013A,KID013B,DMS,SSRS,,
273,1,Licensed,N,Y,Y,Y,Y,Y,N,,N,73,other,other,other,other,other,No Information Available,No Information Available,29.0,,29.0,,28.0,,28.0,,28.0,,27.0,24.0,27.0,24.0,,,,,,county_3,,,,Change of Ownership,,Change of Space/Change in Capacity,,,Investigation,,,,Post-Preliminary Inspection,Renewal Application,,,KID013B,,SSRS,,
1921,1,Certified,N,N,N,N,N,,N,,,6,6:00 AM - 5:00 PM,6:00 AM - 5:00 PM,6:00 AM - 5:00 PM,6:00 AM - 5:00 PM,6:00 AM - 5:00 PM,No Information Available,No Information Available,,,,,,,,,,,,,,,,,,,,county_3,Annual Inspection,,,,,,,Initial Application,,,,,,,,,KID013B,,,,
7,4,Licensed,Y,Y,N,Y,Y,N,N,,Y,120,7:45 AM - 2:45 PM,7:45 AM - 2:45 PM,7:45 AM - 2:45 PM,7:45 AM - 2:45 PM,No Information Available,No Information Available,No Information Available,,,,,,,,,,,,,,,,,,,,county_43,,,Change of Location,,,Change of Space/Change in Capacity,,,Investigation,,,,,Renewal Application,KID013,KID013A,KID013B,DMS,SSRS,,
1550,3,Licensed,N,N,Y,Y,N,Y,N,,N,93,other,other,other,other,No Information Available,No Information Available,No Information Available,0.01,0.01,0.01,0.01,0.01,13.5,0.01,13.5,0.01,11.25,0.01,11.25,0.01,0.01,0.01,0.01,0.01,0.01,,county_43,,,,,,Change of Space/Change in Capacity,,,,,,,,Renewal Application,KID013,KID013A,KID013B,DMS,SSRS,,
1185,3,Licensed,N,Y,Y,Y,Y,Y,N,N,Y,85,7:00 AM - 5:30 PM,7:00 AM - 5:30 PM,7:00 AM - 5:30 PM,7:00 AM - 5:30 PM,7:00 AM - 5:30 PM,No Information Available,No Information Available,33.0,,33.0,,33.0,,33.0,,33.0,,33.0,,30.0,20.0,30.0,20.0,30.0,20.0,,county_43,,,,,,,,,Investigation,,,,,Renewal Application,KID013,KID013A,KID013B,DMS,SSRS,,
68,3,Licensed,N,N,N,Y,N,Y,N,,Y,57,7:30 AM - 5:30 PM,7:30 AM - 5:30 PM,7:30 AM - 5:30 PM,7:30 AM - 5:30 PM,7:30 AM - 5:30 PM,No Information Available,No Information Available,,,,,,,24.56,15.0,24.56,15.0,,,,,,,,,,county_43,,,Change of Location,,,Change of Space/Change in Capacity,,,,,,,,Renewal Application,KID013,KID013A,KID013B,,SSRS,,
456,2,Licensed,N,Y,Y,Y,Y,Y,N,N,Y,70,5:00 AM - 6:00 PM,5:00 AM - 6:00 PM,5:00 AM - 6:00 PM,5:00 AM - 6:00 PM,5:00 AM - 6:00 PM,No Information Available,No Information Available,31.0,,31.0,,31.0,,31.0,,31.0,,31.0,,31.0,18.0,31.0,18.0,31.0,18.0,,county_43,,,,,,,,,Investigation,,,,,Renewal Application,KID013,KID013A,KID013B,,SSRS,,
107,1,Licensed,N,Y,N,Y,N,Y,Y,,Y,36,6:00 AM - 5:30 PM,6:00 AM - 5:30 PM,6:00 AM - 5:30 PM,6:00 AM - 5:30 PM,6:00 AM - 5:30 PM,No Information Available,No Information Available,,,47.0,35.0,47.0,35.0,47.0,35.0,47.0,35.0,47.0,35.0,,,,,,,,county_43,Annual Inspection,,,,Change of Service,,,Initial Application,Investigation,,Monitoring (DPOC),,,Renewal Application,KID013,KID013A,KID013B,DMS,SSRS,,
1749,3,Licensed,Y,Y,N,Y,N,,N,,Y,40,other,other,other,other,No Information Available,No Information Available,No Information Available,,,,,,,,,,,,,,,,,,,,county_70,,,,,,Change of Space/Change in Capacity,,Initial Application,Investigation,,,,Post-Preliminary Inspection,Renewal Application,KID013,KID013A,KID013B,,SSRS,,
377,1,Licensed,N,Y,Y,Y,Y,Y,N,,N,34,5:30 AM - 5:00 PM,5:30 AM - 5:00 PM,5:30 AM - 5:00 PM,5:30 AM - 5:00 PM,5:30 AM - 5:00 PM,No Information Available,No Information Available,47.0,,47.0,,47.0,,47.0,,47.0,35.0,47.0,35.0,47.0,35.0,47.0,35.0,47.0,35.0,,county_43,,,,,,,,Initial Application,Investigation,,,,Post-Preliminary Inspection,Renewal Application,,KID013A,KID013B,,SSRS,,
1738,3,Licensed,N,Y,Y,Y,Y,Y,N,,Y,83,6:00 AM - 5:00 PM,6:00 AM - 5:00 PM,6:00 AM - 5:00 PM,6:00 AM - 5:00 PM,6:00 AM - 5:00 PM,No Information Available,No Information Available,40.0,33.0,40.0,33.0,40.0,33.0,36.0,27.0,36.0,27.0,36.0,27.0,30.0,30.0,30.0,30.0,30.0,30.0,,county_70,,,,,,Change of Space/Change in Capacity,,Initial Application,Investigation,,,,Post-Preliminary Inspection,Renewal Application,,KID013A,KID013B,,SSRS,,
219,1,Certified,N,N,N,N,N,Y,N,,,6,5:30 AM - 5:30 PM,5:30 AM - 5:30 PM,5:30 AM - 5:30 PM,5:30 AM - 5:30 PM,5:30 AM - 5:30 PM,No Information Available,No Information Available,23.0,,23.0,,23.0,,23.0,,23.0,,23.0,,23.0,,23.0,,23.0,,,county_43,Annual Inspection,,,,,,Follow-up,Initial Application,Investigation,,,,,Renewal Application,,KID013A,KID013B,,SSRS,,
1842,1,Licensed,N,Y,Y,Y,Y,Y,N,,N,134,7:30 AM - 4:30 PM,7:30 AM - 4:30 PM,7:30 AM - 4:30 PM,7:30 AM - 4:30 PM,7:30 AM - 4:30 PM,No Information Available,No Information Available,30.0,21.0,30.0,21.0,30.0,21.0,27.0,19.0,27.0,19.0,27.0,19.0,23.0,16.0,23.0,16.0,23.0,16.0,,county_43,,,,,,Change of Space/Change in Capacity,Follow-up,Initial Application,Investigation,,,,Post-Preliminary Inspection,Renewal Application,,KID013A,KID013B,,SSRS,,
753,3,Licensed,N,Y,Y,Y,Y,Y,N,,N,67,6:00 AM - 5:30 PM,6:00 AM - 5:30 PM,6:00 AM - 5:30 PM,6:00 AM - 5:30 PM,6:00 AM - 5:30 PM,No Information Available,No Information Available,47.0,43.0,47.0,43.0,47.0,43.0,41.0,34.0,41.0,34.0,41.0,34.0,37.0,32.0,37.0,32.0,37.0,32.0,,county_43,,,,,,Change of Space/Change in Capacity,,Initial Application,,,,,Post-Preliminary Inspection,Renewal Application,,KID013A,KID013B,,SSRS,,
298,1,Licensed,N,Y,N,Y,Y,Y,N,,N,50,7:00 AM - 4:00 PM,7:00 AM - 4:00 PM,7:00 AM - 4:00 PM,7:00 AM - 4:00 PM,7:00 AM - 4:00 PM,No Information Available,No Information Available,38.0,38.0,38.0,38.0,38.0,38.0,38.0,38.0,38.0,38.0,,,,,,,,,,county_43,,,,,Change of Service,,,Initial Application,Investigation,,,,Post-Preliminary Inspection,Renewal Application,,KID013A,KID013B,,SSRS,,
1474,2,Licensed,N,Y,Y,Y,Y,Y,N,,N,18,7:00 AM - 6:00 PM,7:00 AM - 6:00 PM,7:00 AM - 6:00 PM,7:00 AM - 6:00 PM,7:00 AM - 6:00 PM,No Information Available,No Information Available,47.0,43.0,47.0,43.0,47.0,43.0,41.0,34.0,41.0,34.0,37.0,32.0,37.0,32.0,37.0,32.0,37.0,32.0,,county_43,,,,,,,,Initial Application,Investigation,,,,Post-Preliminary Inspection,Renewal Application,,,KID013B,,SSRS,,
911,1,Licensed,N,Y,Y,Y,Y,Y,N,,N,80,5:30 AM - 5:30 PM,5:30 AM - 5:30 PM,5:30 AM - 5:30 PM,5:30 AM - 5:30 PM,5:30 AM - 5:30 PM,No Information Available,No Information Available,47.0,35.0,47.0,35.0,47.0,35.0,47.0,35.0,47.0,35.0,47.0,35.0,47.0,35.0,47.0,35.0,47.0,35.0,,county_43,,,,Change of Ownership,,,Follow-up,,Investigation,,,,Post-Preliminary Inspection,,,,KID013B,,SSRS,,
675,1,Licensed,N,Y,Y,Y,N,Y,N,,Y,20,other,other,other,other,other,No Information Available,No Information Available,,,47.0,43.0,47.0,43.0,41.0,34.0,41.0,34.0,37.0,32.0,37.0,32.0,37.0,32.0,,,,county_43,,,,,,,,Initial Application,,,,,,,,,KID013B,,,,
324,1,Licensed,Y,N,N,Y,N,Y,N,,N,20,8:00 AM - 3:00 PM,8:00 AM - 3:00 PM,8:00 AM - 3:00 PM,8:00 AM - 3:00 PM,8:00 AM - 3:00 PM,No Information Available,No Information Available,,,,,,,15.0,8.0,15.0,8.0,,,,,,,,,,county_52,,,,,Change of Service,Change of Space/Change in Capacity,,Initial Application,Investigation,,,,Post-Preliminary Inspection,Renewal Application,,KID013A,KID013B,,SSRS,,
741,1,Licensed,N,Y,Y,Y,Y,Y,N,,Y,80,6:30 AM - 5:30 PM,6:30 AM - 5:30 PM,6:30 AM - 5:30 PM,6:30 AM - 5:30 PM,6:30 AM - 5:30 PM,other,No Information Available,27.0,27.0,27.0,27.0,27.0,27.0,25.0,25.0,25.0,25.0,25.0,25.0,27.0,26.0,27.0,26.0,,,,county_38,,,,Change of Ownership,,,Follow-up,,Investigation,,,,Post-Preliminary Inspection,Renewal Application,,KID013A,KID013B,,SSRS,,
1845,1,Licensed,N,Y,N,Y,Y,Y,N,,N,49,6:30 AM - 6:00 PM,6:30 AM - 6:00 PM,6:30 AM - 6:00 PM,6:30 AM - 6:00 PM,6:30 AM - 6:00 PM,No Information Available,No Information Available,32.0,32.0,32.0,32.0,32.0,32.0,32.0,32.0,32.0,32.0,32.0,32.0,,,,,,,,county_38,,,,,,,,Initial Application,,,,,,,,,KID013B,,SSRS,,
356,1,Licensed,N,N,Y,N,N,Y,N,N,Y,200,2:00 PM - 5:30 PM,2:00 PM - 5:30 PM,2:00 PM - 5:30 PM,2:00 PM - 5:30 PM,2:00 PM - 5:30 PM,No Information Available,No Information Available,,,,,,,,,,,,16.0,,16.0,,16.0,,16.0,,county_33,,Change of Hours,Change of Location,,,,,,,,,,,Renewal Application,KID013,KID013A,KID013B,,SSRS,,
1178,1,Licensed,N,N,Y,N,N,Y,N,N,Y,99,2:00 PM - 5:30 PM,2:00 PM - 5:30 PM,2:00 PM - 5:30 PM,2:00 PM - 5:30 PM,2:00 PM - 5:30 PM,No Information Available,No Information Available,,,,,,,,,,,,16.0,,16.0,,16.0,,16.0,,county_33,,Change of Hours,,,,,Follow-up,,,,,,,Renewal Application,KID013,KID013A,KID013B,,SSRS,,
1465,1,Licensed,N,N,Y,Y,N,Y,N,,Y,180,7:00 AM - 5:30 PM,7:00 AM - 5:30 PM,7:00 AM - 5:30 PM,7:00 AM - 5:30 PM,7:00 AM - 5:30 PM,No Information Available,No Information Available,,,,,,,22.61,17.0,22.61,16.45,22.61,16.45,,15.0,,15.0,,15.0,,county_33,,,Change of Location,,Change of Service,Change of Space/Change in Capacity,,,Investigation,,,,,Renewal Application,KID013,KID013A,KID013B,DMS,SSRS,,
1691,3,Licensed,N,Y,Y,Y,Y,Y,N,N,Y,145,7:00 AM - 5:00 PM,7:00 AM - 5:00 PM,7:00 AM - 5:00 PM,7:00 AM - 5:00 PM,7:00 AM - 5:00 PM,No Information Available,No Information Available,40.0,40.0,40.0,40.0,40.0,40.0,37.0,37.0,37.0,37.0,37.0,37.0,37.0,23.0,37.0,23.0,37.0,23.0,,county_33,,,,,,Change of Space/Change in Capacity,Follow-up,,Investigation,,,,,Renewal Application,KID013,KID013A,KID013B,,SSRS,,
1862,1,Licensed,N,N,Y,N,N,Y,N,N,Y,200,2:00 PM - 5:30 PM,2:00 PM - 5:30 PM,2:00 PM - 5:30 PM,2:00 PM - 5:30 PM,2:00 PM - 5:30 PM,No Information Available,No Information Available,,,,,,,,,,,,,,16.0,,16.0,,16.0,,county_33,,,Change of Location,,,,Follow-up,,Investigation,,,,,Renewal Application,KID013,KID013A,KID013B,,SSRS,,
1175,1,Licensed,N,N,Y,N,N,Y,N,N,Y,99,2:00 PM - 5:30 PM,2:00 PM - 5:30 PM,2:00 PM - 5:30 PM,2:00 PM - 5:30 PM,2:00 PM - 5:30 PM,No Information Available,No Information Available,,,,,,,,,,,,16.0,,16.0,,16.0,,,,county_33,,Change of Hours,,,,,Follow-up,,Investigation,,,,,Renewal Application,KID013,KID013A,KID013B,,SSRS,,
1386,1,Licensed,N,Y,Y,Y,N,Y,N,N,Y,103,7:00 AM - 5:30 PM,7:00 AM - 5:30 PM,7:00 AM - 5:30 PM,7:00 AM - 5:30 PM,7:00 AM - 5:30 PM,No Information Available,No Information Available,,,,,35.0,21.25,35.0,21.25,35.0,21.25,35.0,21.25,,,,,,,,county_33,,,Change of Location,,Change of Service,Change of Space/Change in Capacity,Follow-up,,Investigation,,,,,Renewal Application,KID013,KID013A,KID013B,,SSRS,,
1160,1,Licensed,N,N,Y,N,N,Y,N,N,Y,255,2:00 PM - 5:30 PM,2:00 PM - 5:30 PM,2:00 PM - 5:30 PM,2:00 PM - 5:30 PM,2:00 PM - 5:30 PM,No Information Available,No Information Available,,,,,,,,,,,,16.0,,16.0,,16.0,,,,county_33,,Change of Hours,,,,Change of Space/Change in Capacity,,,Investigation,,,,,Renewal Application,KID013,KID013A,KID013B,,SSRS,,
1519,1,Licensed,N,N,Y,N,N,Y,N,N,Y,99,2:00 PM - 5:30 PM,2:00 PM - 5:30 PM,2:00 PM - 5:30 PM,2:00 PM - 5:30 PM,2:00 PM - 5:30 PM,No Information Available,No Information Available,,,,,,,,,,,,16.0,,16.0,,16.0,,,,county_33,,,,,,,,,,,,,,Renewal Application,KID013,KID013A,KID013B,,SSRS,,
988,1,Licensed,N,N,Y,N,N,Y,N,N,Y,80,2:00 PM - 5:30 PM,2:00 PM - 5:30 PM,2:00 PM - 5:30 PM,2:00 PM - 5:30 PM,2:00 PM - 5:30 PM,No Information Available,No Information Available,,,,,,,,,,,,16.0,,16.0,,16.0,,16.0,,county_33,,Change of Hours,,,,Change of Space/Change in Capacity,,,,,,,,Renewal Application,KID013,KID013A,KID013B,,SSRS,,
863,1,Licensed,N,N,Y,Y,N,Y,N,N,Y,135,2:00 PM - 5:30 PM,2:00 PM - 5:30 PM,2:00 PM - 5:30 PM,2:00 PM - 5:30 PM,2:00 PM - 5:30 PM,No Information Available,No Information Available,,,,,,,,16.0,,16.0,,16.0,,16.0,,16.0,,16.0,,county_33,,,Change of Location,,Change of Service,Change of Space/Change in Capacity,,,,,,,,Renewal Application,KID013,KID013A,KID013B,,SSRS,,
734,1,Licensed,N,Y,Y,Y,Y,Y,N,N,Y,95,other,other,other,other,other,No Information Available,No Information Available,40.0,40.0,40.0,40.0,38.0,32.0,36.0,32.0,36.0,32.0,36.0,32.0,34.0,34.0,34.0,34.0,,,,county_33,,,,,Change of Service,,Follow-up,,Investigation,,,,,Renewal Application,KID013,KID013A,KID013B,DMS,SSRS,,
1794,1,Licensed,N,N,Y,Y,N,Y,N,N,Y,156,other,other,other,other,other,No Information Available,No Information Available,,,,,,,,16.0,,16.0,,16.0,,16.0,,16.0,,,,county_33,,,Change of Location,,Change of Service,Change of Space/Change in Capacity,,,,,,,,Renewal Application,KID013,KID013A,KID013B,,SSRS,,
1025,1,Certified,N,N,N,N,N,N,N,N,,6,6:00 AM - 6:00 PM,6:00 AM - 6:00 PM,6:00 AM - 6:00 PM,6:00 AM - 6:00 PM,6:00 AM - 6:00 PM,No Information Available,No Information Available,20.0,,18.0,,18.0,,18.0,,18.0,,,,,,,,,,,county_33,Annual Inspection,,,,,,,,Investigation,,,,,Renewal Application,KID013,KID013A,KID013B,,SSRS,,
1848,2,Certified,N,N,N,N,N,Y,N,N,,6,other,other,other,other,other,No Information Available,No Information Available,17.0,20.0,17.0,20.0,17.0,20.0,17.0,20.0,17.0,20.0,17.0,20.0,15.0,25.0,15.0,25.0,15.0,25.0,,county_33,Annual Inspection,,,,,,,,,,,,,Renewal Application,KID013,KID013A,KID013B,,SSRS,,
811,1,Licensed,N,Y,Y,Y,Y,Y,N,N,Y,40,7:00 AM - 5:30 PM,7:00 AM - 5:30 PM,7:00 AM - 5:30 PM,7:00 AM - 5:30 PM,7:00 AM - 5:30 PM,No Information Available,No Information Available,34.0,34.0,34.0,34.0,34.0,34.0,32.0,30.0,32.0,30.0,32.0,30.0,30.0,29.0,30.0,29.0,30.0,29.0,,county_33,,,Change of Location,,,,Follow-up,,Investigation,,,,,Renewal Application,KID013,KID013A,KID013B,DMS,SSRS,,
1310,1,Certified,N,N,N,N,N,Y,N,N,,6,6:30 AM - 5:30 PM,6:30 AM - 5:30 PM,6:30 AM - 5:30 PM,6:30 AM - 5:30 PM,6:30 AM - 5:30 PM,No Information Available,No Information Available,21.0,,21.0,,19.0,,19.0,,19.0,,19.0,,19.0,10.0,19.0,10.0,19.0,10.0,,county_67,Annual Inspection,,,,,,Follow-up,,Investigation,,,,,Renewal Application,KID013,KID013A,KID013B,,SSRS,,
727,4,Licensed,Y,Y,Y,Y,Y,Y,Y,N,Y,33,other,other,other,other,other,other,No Information Available,29.0,25.0,29.0,25.0,29.0,25.0,27.0,20.0,27.0,20.0,27.0,20.0,25.0,20.0,25.0,20.0,25.0,20.0,On-going | On-going,county_33,,,,,Change of Service,,Follow-up,,Investigation,,Monitoring (DPOC),,,Renewal Application,KID013,KID013A,KID013B,,SSRS,Adverse Action,Directed Plan of Correction
1469,3,Licensed,Y,Y,Y,Y,Y,Y,N,N,Y,99,other,other,other,other,other,No Information Available,No Information Available,34.0,34.0,34.0,34.0,34.0,34.0,32.0,32.0,32.0,32.0,32.0,32.0,29.0,29.0,29.0,29.0,29.0,29.0,,county_33,,,,,Change of Service,,Follow-up,,Investigation,,,,,Renewal Application,KID013,KID013A,KID013B,,SSRS,,
1000,1,Licensed,N,Y,Y,Y,Y,Y,N,N,Y,199,7:30 AM - 5:30 PM,7:30 AM - 5:30 PM,7:30 AM - 5:30 PM,7:30 AM - 5:30 PM,7:30 AM - 5:30 PM,No Information Available,No Information Available,45.0,,42.0,,40.0,,38.0,,37.0,,25.0,,37.0,25.0,37.0,25.0,,,,county_33,,,,,,Change of Space/Change in Capacity,Follow-up,,Investigation,,Monitoring (DPOC),,,Renewal Application,KID013,KID013A,KID013B,DMS,SSRS,,
1684,1,Licensed,N,N,Y,N,N,Y,N,N,Y,129,2:00 PM - 5:30 PM,2:00 PM - 5:30 PM,2:00 PM - 5:30 PM,2:00 PM - 5:30 PM,2:00 PM - 5:30 PM,No Information Available,No Information Available,,,,,,,,,,,,16.0,,16.0,,16.0,,16.0,,county_33,,,,,,,,,,,,,,Renewal Application,KID013,KID013A,KID013B,,SSRS,,
769,2,Licensed,Y,Y,Y,Y,Y,Y,N,N,Y,184,5:30 AM - 6:00 PM,5:30 AM - 6:00 PM,5:30 AM - 6:00 PM,5:30 AM - 6:00 PM,5:30 AM - 6:00 PM,No Information Available,No Information Available,34.0,,33.0,31.0,33.0,31.0,32.0,29.0,32.0,29.0,31.0,29.0,29.0,29.0,29.0,29.0,,,,county_33,,,,,,Change of Space/Change in Capacity,Follow-up,,Investigation,,Monitoring (DPOC),,,Renewal Application,KID013,KID013A,KID013B,,SSRS,,
1781,1,Licensed,Y,Y,Y,Y,Y,Y,Y,N,Y,196,5:30 AM - 6:00 PM,5:30 AM - 6:00 PM,5:30 AM - 6:00 PM,5:30 AM - 6:00 PM,5:30 AM - 6:00 PM,No Information Available,No Information Available,34.0,,33.0,,33.0,,32.0,27.0,32.0,27.0,31.0,27.0,29.0,27.0,29.0,27.0,29.0,27.0,,county_33,,,,,,Change of Space/Change in Capacity,Follow-up,,Investigation,,Monitoring (DPOC),,,Renewal Application,KID013,KID013A,KID013B,,SSRS,,
1197,1,Licensed,N,Y,Y,Y,Y,Y,Y,N,Y,37,other,other,other,other,other,No Information Available,No Information Available,38.0,32.0,38.0,32.0,34.0,31.0,32.0,29.0,32.0,29.0,32.0,29.0,29.0,29.0,29.0,29.0,29.0,29.0,On-going,county_33,,Change of Hours,,,,Change of Space/Change in Capacity,Follow-up,,Investigation,,Monitoring (DPOC),,,Renewal Application,KID013,KID013A,KID013B,,SSRS,,Directed Plan of Correction
1167,4,Licensed,N,Y,N,Y,N,Y,N,N,N,49,7:30 AM - 5:00 PM,7:30 AM - 5:00 PM,7:30 AM - 5:00 PM,7:30 AM - 4:00 PM,No Information Available,No Information Available,No Information Available,,,,,,,45.0,35.0,45.0,35.0,45.0,35.0,,,,,,,,county_33,,,Change of Location,,Change of Service,Change of Space/Change in Capacity,Follow-up,,Investigation,,,,,Renewal Application,KID013,KID013A,KID013B,DMS,SSRS,,
773,1,Licensed,N,Y,Y,Y,Y,Y,N,,Y,76,5:30 AM - 6:00 PM,5:30 AM - 6:00 PM,5:30 AM - 6:00 PM,5:30 AM - 6:00 PM,5:30 AM - 6:00 PM,No Information Available,No Information Available,34.0,,34.0,,34.0,,32.0,,32.0,,32.0,,29.0,20.0,29.0,20.0,29.0,20.0,,county_33,,,,,,,Follow-up,,Investigation,,,,,Renewal Application,KID013,KID013A,KID013B,,SSRS,,
230,1,Licensed,N,Y,Y,Y,Y,Y,N,N,Y,49,6:30 AM - 6:00 PM,6:30 AM - 6:00 PM,6:30 AM - 6:00 PM,6:30 AM - 6:00 PM,6:30 AM - 6:00 PM,No Information Available,No Information Available,34.0,34.0,34.0,34.0,34.0,31.0,32.0,29.0,32.0,29.0,32.0,29.0,,,,,,,,county_33,,,,,,,Follow-up,,Investigation,,,,,Renewal Application,KID013,KID013A,KID013B,DMS,SSRS,,
269,1,Licensed,N,N,Y,N,N,Y,N,N,Y,163,2:00 PM - 5:30 PM,2:00 PM - 5:30 PM,2:00 PM - 5:30 PM,2:00 PM - 5:30 PM,2:00 PM - 5:30 PM,No Information Available,No Information Available,,,,,,,,,,,,16.0,,16.0,,16.0,,16.0,,county_33,,,,,,Change of Space/Change in Capacity,,,,,,,,Renewal Application,KID013,KID013A,KID013B,,SSRS,,
505,1,Licensed,N,Y,Y,Y,N,Y,N,,N,78,7:00 AM - 5:30 PM,7:00 AM - 5:30 PM,7:00 AM - 5:30 PM,7:00 AM - 5:30 PM,7:00 AM - 5:30 PM,No Information Available,No Information Available,,,30.0,19.0,30.0,19.0,30.0,,30.0,,30.0,,30.0,17.0,30.0,17.0,30.0,17.0,,county_33,,,,,Change of Service,Change of Space/Change in Capacity,Follow-up,Initial Application,Investigation,,Monitoring (DPOC),,,Renewal Application,KID013,KID013A,KID013B,,SSRS,,
1004,4,Licensed,N,Y,Y,Y,Y,Y,N,,Y,60,6:00 AM - 5:30 PM,6:00 AM - 5:30 PM,6:00 AM - 5:30 PM,6:00 AM - 5:30 PM,6:00 AM - 5:30 PM,No Information Available,No Information Available,35.0,,35.0,,35.0,,32.0,,32.0,,32.0,,16.0,,16.0,,16.0,,,county_33,,,,,Change of Service,Change of Space/Change in Capacity,,Initial Application,Investigation,,,,,Renewal Application,KID013,KID013A,KID013B,,SSRS,,
1176,1,Certified,N,N,N,N,N,Y,N,,,6,6:00 AM - 6:00 AM,6:00 AM - 6:00 AM,6:00 AM - 6:00 AM,6:00 AM - 6:00 AM,6:00 AM - 6:00 AM,6:00 AM - 6:00 AM,6:00 AM - 6:00 PM,26.0,26.0,25.0,25.0,24.0,24.0,22.0,22.0,22.0,22.0,22.0,22.0,20.0,20.0,20.0,20.0,20.0,20.0,,county_33,Annual Inspection,,Change of Location,,Change of Service,,Follow-up,Initial Application,Investigation,,,,,Renewal Application,KID013,KID013A,KID013B,DMS,SSRS,,
186,1,Licensed,N,Y,Y,Y,Y,Y,N,,Y,99,6:30 AM - 5:00 PM,6:30 AM - 5:00 PM,6:30 AM - 5:00 PM,6:30 AM - 5:00 PM,6:30 AM - 5:00 PM,No Information Available,No Information Available,,,34.0,34.0,32.0,32.0,30.0,30.0,30.0,30.0,30.0,30.0,26.0,,26.0,,,,,county_33,,Change of Hours,,Change of Ownership,,,Follow-up,Initial Application,Investigation,,Monitoring (DPOC),,,Renewal Application,KID013,KID013A,KID013B,,SSRS,,
474,1,Licensed,N,Y,Y,Y,N,Y,N,,N,40,other,other,other,other,other,No Information Available,No Information Available,,,,,34.0,26.0,34.0,26.0,34.0,26.0,34.0,26.0,34.0,26.0,,,,,,county_33,,,Change of Location,,Change of Service,Change of Space/Change in Capacity,,Initial Application,Investigation,,,,Post-Preliminary Inspection,Renewal Application,KID013,KID013A,KID013B,,SSRS,,
243,3,Licensed,N,Y,Y,Y,Y,Y,N,,Y,70,6:00 AM - 4:30 PM,6:00 AM - 4:30 PM,6:00 AM - 4:30 PM,6:00 AM - 4:30 PM,6:00 AM - 4:30 PM,No Information Available,No Information Available,35.0,,35.0,,35.0,,32.0,,32.0,,32.0,,,,,,,,,county_33,,,Change of Location,,Change of Service,Change of Space/Change in Capacity,,Initial Application,Investigation,,,,Post-Preliminary Inspection,Renewal Application,KID013,KID013A,KID013B,,SSRS,,
561,1,Licensed,Y,Y,N,Y,N,Y,N,,Y,49,7:30 AM - 3:30 PM,7:30 AM - 3:30 PM,7:30 AM - 3:30 PM,7:30 AM - 3:30 PM,No Information Available,No Information Available,No Information Available,0.01,0.01,0.01,0.01,0.01,0.01,0.01,0.01,0.01,0.01,0.01,0.01,0.01,0.01,0.01,0.01,0.01,0.01,,county_33,,Change of Hours,Change of Location,,Change of Service,Change of Space/Change in Capacity,,Initial Application,Investigation,,,,Post-Preliminary Inspection,Renewal Application,,KID013A,KID013B,DMS,SSRS,,
1008,1,Licensed,Y,N,N,Y,N,Y,N,,Y,80,7:30 AM - 3:30 PM,7:30 AM - 3:30 PM,7:30 AM - 3:30 PM,7:30 AM - 3:30 PM,7:30 AM - 3:30 PM,No Information Available,No Information Available,0.01,0.01,0.01,0.01,0.01,0.01,0.01,0.01,0.01,0.01,0.01,0.01,,,,,,,,county_33,,Change of Hours,Change of Location,,Change of Service,Change of Space/Change in Capacity,,Initial Application,Investigation,,,,Post-Preliminary Inspection,Renewal Application,,KID013A,KID013B,,SSRS,,
1542,1,Licensed,N,Y,N,Y,Y,Y,N,,Y,137,6:00 AM - 5:00 PM,6:00 AM - 5:00 PM,6:00 AM - 5:00 PM,6:00 AM - 5:00 PM,6:00 AM - 5:00 PM,No Information Available,No Information Available,35.0,,35.0,,35.0,,32.0,,32.0,,32.0,,,,,,,,,county_33,,,,,,,Follow-up,Initial Application,Investigation,,,,Post-Preliminary Inspection,Renewal Application,,KID013A,KID013B,,SSRS,,
680,1,Licensed,N,Y,Y,Y,Y,Y,N,,N,35,6:00 AM - 5:00 PM,6:00 AM - 5:00 PM,6:00 AM - 5:00 PM,6:00 AM - 5:00 PM,6:00 AM - 5:00 PM,No Information Available,No Information Available,32.0,,32.0,,32.0,,28.0,,28.0,,28.0,,27.0,25.0,27.0,25.0,27.0,25.0,,county_33,,,,,Change of Service,,,Initial Application,Investigation,,,,Post-Preliminary Inspection,Renewal Application,,KID013A,KID013B,,SSRS,,
1089,1,Licensed,N,Y,Y,Y,Y,Y,N,,N,137,other,other,other,other,other,No Information Available,No Information Available,35.0,35.0,34.0,34.0,34.0,34.0,33.0,33.0,33.0,33.0,33.0,33.0,31.0,19.0,31.0,19.0,38.0,29.0,,county_33,,Change of Hours,,,,,Follow-up,Initial Application,Investigation,,,,Post-Preliminary Inspection,Renewal Application,,KID013A,KID013B,,SSRS,,
1150,1,Licensed,N,Y,Y,Y,Y,Y,N,,N,66,6:00 AM - 6:00 PM,6:00 AM - 6:00 PM,6:00 AM - 6:00 PM,6:00 AM - 6:00 PM,6:00 AM - 6:00 PM,No Information Available,No Information Available,40.0,30.0,40.0,30.0,40.0,30.0,40.0,30.0,40.0,30.0,40.0,30.0,40.0,30.0,40.0,30.0,40.0,30.0,,county_33,,,Change of Location,,Change of Service,Change of Space/Change in Capacity,Follow-up,Initial Application,Investigation,,Monitoring (DPOC),,Post-Preliminary Inspection,Renewal Application,,KID013A,KID013B,DMS,SSRS,,
947,1,Licensed,N,Y,Y,Y,Y,Y,N,,Y,60,5:30 AM - 6:00 PM,5:30 AM - 6:00 PM,5:30 AM - 6:00 PM,5:30 AM - 6:00 PM,5:30 AM - 6:00 PM,No Information Available,No Information Available,42.0,42.0,42.0,42.0,42.0,42.0,42.0,42.0,42.0,42.0,42.0,42.0,42.0,42.0,42.0,42.0,42.0,42.0,,county_33,,,,,,Change of Space/Change in Capacity,,Initial Application,,,,,Post-Preliminary Inspection,Renewal Application,,KID013A,KID013B,DMS,SSRS,,
1457,1,Certified,N,N,N,N,N,Y,N,,,6,other,other,other,other,other,No Information Available,No Information Available,45.0,40.0,45.0,40.0,45.0,40.0,45.0,40.0,45.0,40.0,45.0,40.0,45.0,40.0,45.0,40.0,,,,county_33,Annual Inspection,Change of Hours,,,,,,Initial Application,,,,,,Renewal Application,,KID013A,KID013B,DMS,SSRS,,
1108,1,Licensed,N,Y,Y,Y,Y,Y,N,,N,72,6:00 AM - 6:00 PM,6:00 AM - 6:00 PM,6:00 AM - 6:00 PM,6:00 AM - 6:00 PM,6:00 AM - 6:00 PM,No Information Available,No Information Available,34.0,31.0,34.0,31.0,32.0,29.0,32.0,29.0,32.0,29.0,32.0,29.0,29.0,29.0,29.0,29.0,29.0,29.0,,county_33,,,,,,,,Initial Application,,,,,Post-Preliminary Inspection,Renewal Application,,KID013A,KID013B,,SSRS,,
1811,1,Licensed,N,Y,Y,Y,Y,Y,N,,N,58,6:00 AM - 6:00 PM,6:00 AM - 6:00 PM,6:00 AM - 6:00 PM,6:00 AM - 6:00 PM,6:00 AM - 6:00 PM,No Information Available,No Information Available,39.0,37.0,39.0,37.0,39.0,37.0,38.0,37.0,38.0,37.0,38.0,37.0,35.0,34.0,35.0,34.0,35.0,34.0,,county_33,,,,,,,Follow-up,Initial Application,Investigation,,,,Post-Preliminary Inspection,Renewal Application,,KID013A,KID013B,DMS,SSRS,,
1017,1,Certified,N,N,N,N,N,Y,N,,,6,7:00 AM - 6:00 PM,7:00 AM - 6:00 PM,7:00 AM - 6:00 PM,7:00 AM - 6:00 PM,7:00 AM - 6:00 PM,No Information Available,No Information Available,50.0,38.0,50.0,38.0,40.0,32.0,40.0,32.0,40.0,32.0,40.0,32.0,50.0,38.0,50.0,38.0,60.0,45.0,,county_33,Annual Inspection,,,,,,,Initial Application,Investigation,,,,,Renewal Application,,KID013A,KID013B,,SSRS,,
567,3,Licensed,N,Y,Y,Y,Y,Y,N,,N,75,7:00 AM - 5:30 PM,7:00 AM - 5:30 PM,7:00 AM - 5:30 PM,7:00 AM - 5:30 PM,7:00 AM - 5:30 PM,No Information Available,No Information Available,38.0,38.0,38.0,38.0,38.0,38.0,36.0,36.0,36.0,36.0,36.0,36.0,33.0,33.0,33.0,33.0,,,,county_33,,,,,,,,Initial Application,Investigation,,,,Post-Preliminary Inspection,Renewal Application,,KID013A,KID013B,,SSRS,,
1327,1,Licensed,N,Y,Y,Y,Y,Y,N,,N,40,6:00 AM - 6:00 PM,6:00 AM - 6:00 PM,6:00 AM - 6:00 PM,6:00 AM - 6:00 PM,6:00 AM - 6:00 PM,No Information Available,No Information Available,,,,,30.0,,30.0,,30.0,,30.0,20.0,30.0,20.0,30.0,20.0,,,,county_33,,,,,Change of Service,Change of Space/Change in Capacity,,Initial Application,Investigation,,,,Post-Preliminary Inspection,Renewal Application,,KID013A,KID013B,,SSRS,,
295,1,Licensed,N,Y,N,Y,N,Y,N,,N,120,6:30 AM - 5:30 PM,6:30 AM - 5:30 PM,6:30 AM - 5:30 PM,6:30 AM - 5:30 PM,6:30 AM - 5:30 PM,No Information Available,No Information Available,,,,,26.5,15.0,26.5,15.0,26.5,15.0,,,,,,,,,,county_33,,,,,Change of Service,Change of Space/Change in Capacity,,Initial Application,Investigation,,,,Post-Preliminary Inspection,Renewal Application,,KID013A,KID013B,,SSRS,,
1141,1,Certified,N,N,N,N,N,Y,N,,,6,6:00 AM - 6:00 PM,6:00 AM - 6:00 PM,6:00 AM - 6:00 PM,6:00 AM - 6:00 PM,6:00 AM - 6:00 PM,No Information Available,No Information Available,40.0,30.0,40.0,30.0,40.0,30.0,40.0,30.0,40.0,30.0,40.0,30.0,40.0,30.0,40.0,30.0,40.0,30.0,,county_33,Annual Inspection,,,,,,,Initial Application,,,,,,Renewal Application,,KID013A,KID013B,,SSRS,,
584,1,Licensed,N,Y,Y,Y,N,Y,N,,N,39,6:30 AM - 5:00 PM,6:30 AM - 5:00 PM,6:30 AM - 5:00 PM,6:30 AM - 5:00 PM,6:30 AM - 5:00 PM,No Information Available,No Information Available,45.0,30.0,45.0,30.0,45.0,30.0,45.0,30.0,45.0,30.0,45.0,30.0,45.0,30.0,45.0,30.0,,,,county_33,,,,,,,,Initial Application,,,,,Post-Preliminary Inspection,,,,KID013B,DMS,,,
1473,1,Licensed,N,Y,N,Y,Y,Y,N,,Y,51,6:30 AM - 5:00 PM,6:30 AM - 5:00 PM,6:30 AM - 5:00 PM,6:30 AM - 5:00 PM,6:30 AM - 5:00 PM,No Information Available,No Information Available,34.0,31.0,34.0,31.0,32.0,29.0,32.0,29.0,32.0,29.0,29.0,29.0,29.0,29.0,29.0,29.0,,,,county_33,,,,Change of Ownership,,,,,Investigation,,,,Post-Preliminary Inspection,,,,KID013B,,,,
944,1,Certified,N,N,N,N,N,Y,N,,,6,6:00 AM - 5:00 PM,6:00 AM - 5:00 PM,6:00 AM - 5:00 PM,6:00 AM - 5:00 PM,6:00 AM - 5:00 PM,No Information Available,No Information Available,34.0,32.0,34.0,32.0,34.0,32.0,32.0,30.0,32.0,30.0,29.0,29.0,32.0,30.0,32.0,30.0,29.0,29.0,,county_33,,,,,,,,Initial Application,,,,,,,,,KID013B,,,,
746,4,Licensed,Y,N,N,Y,N,N,N,,Y,30,7:30 AM - 3:30 PM,7:30 AM - 3:30 PM,7:30 AM - 3:30 PM,7:30 AM - 3:30 PM,7:30 AM - 3:30 PM,No Information Available,No Information Available,,,,,,,,,,,,,,,,,,,,county_41,,,,,,,,,Investigation,,,,,Renewal Application,KID013,KID013A,KID013B,,SSRS,,
1280,4,Licensed,Y,Y,N,Y,Y,Y,N,,Y,88,7:30 AM - 3:30 PM,7:30 AM - 3:30 PM,7:30 AM - 3:30 PM,7:30 AM - 3:30 PM,No Information Available,No Information Available,No Information Available,0.01,0.01,0.01,0.01,0.01,0.01,0.01,0.01,0.01,0.01,0.01,0.01,0.01,0.01,0.01,0.01,0.01,0.01,,county_28,,,,,,,,,Investigation,,,,,Renewal Application,KID013,KID013A,KID013B,,SSRS,,
1132,4,Licensed,Y,N,N,Y,N,Y,N,,Y,40,7:00 AM - 5:00 PM,7:00 AM - 5:00 PM,7:00 AM - 5:00 PM,7:00 AM - 5:00 PM,7:00 AM - 5:00 PM,No Information Available,No Information Available,,,,,,,0.01,,0.01,,0.01,,,,,,,,,county_28,,,,,,,,,Investigation,,,,,Renewal Application,KID013,KID013A,KID013B,,SSRS,,
79,4,Licensed,N,Y,Y,Y,Y,Y,N,N,Y,32,7:00 AM - 5:30 PM,7:00 AM - 5:30 PM,7:00 AM - 5:30 PM,7:00 AM - 5:30 PM,7:00 AM - 5:30 PM,No Information Available,No Information Available,28.0,28.0,28.0,28.0,28.0,26.0,27.0,26.0,27.0,26.0,27.0,26.0,27.0,26.0,27.0,26.0,,,,county_28,,,,,,,,,Investigation,,,,,Renewal Application,KID013,KID013A,KID013B,,SSRS,,
696,4,Licensed,Y,Y,N,Y,Y,Y,N,,Y,56,7:30 AM - 3:30 PM,7:30 AM - 3:30 PM,7:30 AM - 3:30 PM,7:30 AM - 3:30 PM,No Information Available,No Information Available,No Information Available,0.01,0.01,0.01,0.01,0.01,0.01,0.01,0.01,0.01,0.01,0.01,0.01,,,,,,,,county_28,,,,,,,Follow-up,,Investigation,,,,,Renewal Application,KID013,KID013A,KID013B,,SSRS,,
191,3,Licensed,N,Y,Y,Y,N,Y,N,,Y,25,6:30 AM - 6:00 PM,6:30 AM - 6:00 PM,6:30 AM - 6:00 PM,6:30 AM - 6:00 PM,6:30 AM - 6:00 PM,No Information Available,No Information Available,27.0,15.0,27.0,15.0,27.0,15.0,27.0,15.0,27.0,15.0,27.0,15.0,27.0,15.0,27.0,15.0,27.0,15.0,,county_28,,,,,,Change of Space/Change in Capacity,Follow-up,Initial Application,Investigation,,,,Post-Preliminary Inspection,Renewal Application,,KID013A,KID013B,,SSRS,,
255,1,Licensed,N,Y,Y,Y,Y,Y,N,,N,27,other,other,other,other,other,No Information Available,No Information Available,30.0,30.0,30.0,30.0,30.0,30.0,30.0,30.0,30.0,30.0,30.0,30.0,30.0,30.0,30.0,30.0,30.0,30.0,,county_28,,,,,,,,Initial Application,,,,,Post-Preliminary Inspection,Renewal Application,,KID013A,KID013B,,SSRS,,
618,3,Licensed,N,Y,N,Y,Y,Y,N,,Y,40,other,other,other,other,No Information Available,No Information Available,No Information Available,,,,,,,32.0,,32.0,,32.0,,,,,,,,,county_70,,,,,Change of Service,Change of Space/Change in Capacity,,,Investigation,,,,,Renewal Application,KID013,KID013A,KID013B,,SSRS,,
834,3,Licensed,N,Y,Y,Y,Y,Y,N,,Y,40,6:00 AM - 6:00 PM,6:00 AM - 6:00 PM,6:00 AM - 6:00 PM,6:00 AM - 6:00 PM,6:00 AM - 6:00 PM,No Information Available,No Information Available,29.0,27.0,29.0,27.0,29.0,27.0,28.0,26.0,28.0,26.0,28.0,26.0,27.0,24.0,27.0,24.0,27.0,24.0,,county_70,,,,Change of Ownership,,,Follow-up,,,,,,Post-Preliminary Inspection,Renewal Application,,KID013A,KID013B,DMS,SSRS,,
1500,1,Licensed,N,Y,Y,Y,Y,Y,N,,Y,76,6:00 AM - 6:00 PM,6:00 AM - 6:00 PM,6:00 AM - 6:00 PM,6:00 AM - 6:00 PM,6:00 AM - 6:00 PM,No Information Available,No Information Available,32.0,,32.0,,32.0,,28.0,,28.0,,28.0,,27.0,25.0,27.0,25.0,27.0,25.0,,county_70,,,,,,Change of Space/Change in Capacity,Follow-up,Initial Application,Investigation,,,,Post-Preliminary Inspection,,,,KID013B,,SSRS,,
197,1,Licensed,Y,Y,Y,Y,Y,Y,N,N,Y,70,7:00 AM - 5:00 PM,7:00 AM - 5:00 PM,7:00 AM - 5:00 PM,7:00 AM - 5:00 PM,7:00 AM - 5:00 PM,No Information Available,No Information Available,50.0,,43.0,,43.0,,43.0,,43.0,,43.0,,,,,,,,,county_12,,,,,Change of Service,Change of Space/Change in Capacity,Follow-up,,Investigation,,,,,Renewal Application,KID013,KID013A,KID013B,DMS,SSRS,,
708,1,Licensed,Y,N,Y,N,N,Y,N,N,Y,100,2:20 PM - 5:30 PM,2:20 PM - 5:30 PM,2:20 PM - 5:30 PM,2:20 PM - 5:30 PM,2:20 PM - 5:30 PM,No Information Available,No Information Available,,,,,,,,,,,30.0,15.0,30.0,15.0,30.0,15.0,,,,county_12,,,,,,Change of Space/Change in Capacity,,,Investigation,,,,,Renewal Application,KID013,KID013A,KID013B,,SSRS,,
976,1,Licensed,Y,N,Y,Y,N,Y,N,N,Y,150,7:00 AM - 6:00 PM,7:00 AM - 6:00 PM,7:00 AM - 6:00 PM,7:00 AM - 6:00 PM,7:00 AM - 6:00 PM,No Information Available,No Information Available,,,,,,,,,32.0,18.0,32.0,18.0,32.0,18.0,32.0,18.0,,,,county_66,,Change of Hours,,,,,,,Investigation,,,,,Renewal Application,KID013,KID013A,KID013B,,SSRS,,
459,4,Licensed,Y,Y,Y,Y,Y,Y,N,N,Y,130,6:30 AM - 6:00 PM,6:30 AM - 6:00 PM,6:30 AM - 6:00 PM,6:30 AM - 6:00 PM,6:30 AM - 6:00 PM,No Information Available,No Information Available,55.0,,55.0,,52.0,,50.0,,48.0,,,,,,,,,,,county_66,,,Change of Location,,,Change of Space/Change in Capacity,Follow-up,,Investigation,,,,,Renewal Application,KID013,KID013A,KID013B,,SSRS,,
305,1,Licensed,N,Y,N,Y,Y,Y,N,N,Y,40,7:00 AM - 4:30 PM,7:00 AM - 4:30 PM,7:00 AM - 4:30 PM,7:00 AM - 4:30 PM,7:00 AM - 4:30 PM,No Information Available,No Information Available,40.0,,40.0,,40.0,,40.0,,40.0,,40.0,,,,,,,,,county_66,,,,,,,Follow-up,,,,,,,Renewal Application,KID013,KID013A,KID013B,,SSRS,,
1679,5,Licensed,N,Y,N,Y,Y,Y,N,N,Y,57,7:30 AM - 5:30 PM,7:30 AM - 5:30 PM,7:30 AM - 5:30 PM,7:30 AM - 5:30 PM,7:30 AM - 5:30 PM,No Information Available,No Information Available,40.0,33.0,40.0,33.0,40.0,33.0,,,,,,,,,,,,,,county_7,,,Change of Location,,Change of Service,,,,Investigation,,,,,Renewal Application,KID013,KID013A,KID013B,,SSRS,,
733,5,Licensed,Y,N,N,Y,N,N,N,,Y,34,other,other,other,other,No Information Available,No Information Available,No Information Available,,,,,,,,,,,,,,,,,,,,county_7,,Change of Hours,,,,,,,Investigation,,,,,Renewal Application,KID013,KID013A,KID013B,,SSRS,,
140,1,Certified,N,N,N,N,N,Y,N,N,,6,6:00 AM - 6:00 PM,6:00 AM - 6:00 PM,6:00 AM - 6:00 PM,6:00 AM - 6:00 PM,6:00 AM - 6:00 PM,No Information Available,No Information Available,20.0,20.0,20.0,20.0,20.0,20.0,20.0,20.0,20.0,20.0,20.0,20.0,20.0,20.0,20.0,20.0,20.0,20.0,,county_7,Annual Inspection,,,,,,Follow-up,,,,,,,Renewal Application,KID013,KID013A,KID013B,,SSRS,,
611,2,Certified,N,N,N,N,N,Y,N,N,,6,6:00 AM - 6:00 PM,6:00 AM - 6:00 PM,6:00 AM - 6:00 PM,6:00 AM - 6:00 PM,6:00 AM - 6:00 PM,No Information Available,No Information Available,28.0,25.0,28.0,25.0,28.0,25.0,28.0,25.0,28.0,25.0,28.0,25.0,25.0,20.0,25.0,20.0,25.0,20.0,,county_70,Annual Inspection,,,,,,,,Investigation,,,,,Renewal Application,KID013,KID013A,KID013B,DMS,SSRS,,
1409,4,Licensed,N,N,N,Y,N,Y,N,,N,45,other,other,other,other,other,No Information Available,No Information Available,,,,,,,,25.0,,25.0,,25.0,,,,,,,,county_66,,,,,,,,,,,,,,Renewal Application,KID013,KID013A,KID013B,,SSRS,,
519,1,Licensed,Y,Y,Y,Y,Y,Y,N,N,Y,263,6:30 AM - 6:00 PM,6:30 AM - 6:00 PM,6:30 AM - 6:00 PM,6:30 AM - 6:00 PM,6:30 AM - 6:00 PM,No Information Available,No Information Available,59.0,,59.0,,59.0,,58.0,,58.0,,58.0,,58.0,,58.0,,,,,county_66,,,,,,Change of Space/Change in Capacity,,,Investigation,,,,,Renewal Application,KID013,KID013A,KID013B,,SSRS,,
246,1,Certified,N,N,N,N,N,Y,N,N,,6,7:00 AM - 5:00 PM,7:00 AM - 5:00 PM,7:00 AM - 5:00 PM,7:00 AM - 5:00 PM,7:00 AM - 5:00 PM,No Information Available,No Information Available,34.0,,34.0,,34.0,,34.0,,34.0,,,,,,,,,,,county_12,Annual Inspection,,,,,,Follow-up,,,,,,,Renewal Application,KID013,KID013A,KID013B,,SSRS,,
1140,1,Licensed,Y,N,Y,N,N,Y,N,N,Y,100,2:30 PM - 5:30 PM,2:30 PM - 5:30 PM,2:30 PM - 5:30 PM,2:30 PM - 5:30 PM,2:30 PM - 5:30 PM,No Information Available,No Information Available,,,,,,,,,,,30.0,15.0,30.0,15.0,30.0,15.0,,,,county_12,,,,,Change of Service,Change of Space/Change in Capacity,,,Investigation,,,,,Renewal Application,KID013,KID013A,KID013B,,SSRS,,
820,5,Licensed,N,N,N,Y,N,,N,,Y,60,other,other,other,other,No Information Available,No Information Available,No Information Available,,,,,,,,,,,,,,,,,,,,county_66,,,Change of Location,,,Change of Space/Change in Capacity,,Initial Application,Investigation,,,,Post-Preliminary Inspection,Renewal Application,KID013,KID013A,KID013B,,SSRS,,
1725,2,Licensed,N,N,Y,Y,N,Y,N,,Y,256,7:30 AM - 4:30 PM,7:30 AM - 4:30 PM,7:30 AM - 4:30 PM,7:30 AM - 4:30 PM,7:30 AM - 4:30 PM,No Information Available,No Information Available,,,,,,,,,,,,,30.0,10.0,30.0,10.0,30.0,10.0,,county_7,,Change of Hours,,,,,,Initial Application,,,,,Post-Preliminary Inspection,Renewal Application,KID013,KID013A,KID013B,,SSRS,,
766,5,Licensed,Y,Y,N,Y,Y,Y,N,,Y,58,7:30 AM - 3:30 PM,7:30 AM - 3:30 PM,7:30 AM - 3:30 PM,7:30 AM - 3:30 PM,7:30 AM - 3:30 PM,No Information Available,No Information Available,40.0,33.0,40.0,33.0,40.0,33.0,,,,,,,,,,,,,,county_70,,,,,Change of Service,Change of Space/Change in Capacity,,Initial Application,Investigation,,,,Post-Preliminary Inspection,Renewal Application,,KID013A,KID013B,,SSRS,,
709,4,Licensed,N,Y,N,Y,Y,Y,N,,Y,47,7:30 AM - 5:30 PM,7:30 AM - 5:30 PM,7:30 AM - 5:30 PM,7:30 AM - 5:30 PM,7:30 AM - 5:30 PM,No Information Available,No Information Available,40.0,33.0,40.0,33.0,40.0,33.0,36.0,27.0,36.0,27.0,,,,,,,,,,county_12,,,,,Change of Service,Change of Space/Change in Capacity,,Initial Application,Investigation,,,,Post-Preliminary Inspection,Renewal Application,,KID013A,KID013B,,SSRS,,
347,1,Licensed,N,Y,Y,Y,Y,Y,N,,N,138,7:30 AM - 6:00 PM,7:30 AM - 6:00 PM,7:30 AM - 6:00 PM,7:30 AM - 6:00 PM,7:30 AM - 6:00 PM,No Information Available,No Information Available,50.0,,50.0,,48.0,,46.0,,45.0,,45.0,,45.0,,,,,,,county_66,,,,,Change of Service,Change of Space/Change in Capacity,,Initial Application,Investigation,,,,Post-Preliminary Inspection,Renewal Application,,KID013A,KID013B,,SSRS,,
1120,1,Licensed,N,N,Y,Y,N,Y,N,,N,120,7:00 AM - 6:00 PM,7:00 AM - 6:00 PM,7:00 AM - 6:00 PM,7:00 AM - 6:00 PM,7:00 AM - 6:00 PM,No Information Available,No Information Available,,,,,,,,,,,10.0,,11.0,,11.0,,11.0,,,county_7,,,,Change of Ownership,,,,,Investigation,,Monitoring (DPOC),,Post-Preliminary Inspection,Renewal Application,,KID013A,KID013B,,SSRS,,
1389,3,Licensed,N,Y,Y,Y,Y,Y,N,,N,119,7:00 AM - 5:00 PM,7:00 AM - 5:00 PM,7:00 AM - 5:00 PM,7:00 AM - 5:00 PM,7:00 AM - 5:00 PM,No Information Available,No Information Available,45.0,45.0,45.0,45.0,45.0,45.0,40.0,40.0,40.0,40.0,40.0,40.0,40.0,40.0,40.0,40.0,,,,county_7,,,,,Change of Service,Change of Space/Change in Capacity,,Initial Application,Investigation,,,,Post-Preliminary Inspection,Renewal Application,,KID013A,KID013B,,SSRS,,
1609,1,Licensed,N,Y,Y,Y,Y,Y,N,,Y,80,6:30 AM - 6:00 PM,6:30 AM - 6:00 PM,6:30 AM - 6:00 PM,6:30 AM - 6:00 PM,6:30 AM - 6:00 PM,No Information Available,No Information Available,40.0,40.0,40.0,40.0,40.0,40.0,36.0,27.0,36.0,27.0,36.0,27.0,30.0,30.0,30.0,30.0,,,,county_7,,,,Change of Ownership,,,,,Investigation,,,,Post-Preliminary Inspection,Renewal Application,,KID013A,KID013B,,SSRS,,
955,1,Licensed,N,Y,N,N,Y,Y,N,,N,18,7:30 AM - 5:00 PM,7:30 AM - 5:00 PM,7:30 AM - 5:00 PM,7:30 AM - 5:00 PM,7:30 AM - 5:00 PM,No Information Available,No Information Available,35.0,,35.0,,35.0,,,,,,,,,,,,,,,county_7,,,,,Change of Service,,,Initial Application,,,,,Post-Preliminary Inspection,Renewal Application,,KID013A,KID013B,,SSRS,,
1481,1,Certified,N,N,N,N,N,,N,,,6,other,other,other,other,other,No Information Available,No Information Available,,,,,,,,,,,,,,,,,,,,county_12,Annual Inspection,,,,,,,Initial Application,,,,,,,,,KID013B,,SSRS,,
1598,1,Licensed,N,Y,Y,Y,Y,Y,N,,N,50,6:00 AM - 6:00 PM,6:00 AM - 6:00 PM,6:00 AM - 6:00 PM,6:00 AM - 6:00 PM,6:00 AM - 6:00 PM,No Information Available,No Information Available,40.0,40.0,40.0,40.0,38.0,38.0,36.0,36.0,36.0,36.0,36.0,36.0,30.0,30.0,30.0,30.0,,,,county_7,,,,,,,,Initial Application,Investigation,,,,Post-Preliminary Inspection,,,,KID013B,,SSRS,,
100,1,Licensed,N,Y,N,Y,Y,,N,,Y,44,6:30 AM - 6:00 PM,6:30 AM - 6:00 PM,6:30 AM - 6:00 PM,6:30 AM - 6:00 PM,6:30 AM - 6:00 PM,No Information Available,No Information Available,,,,,,,,,,,,,,,,,,,,county_66,,,,,,,,Initial Application,,,,,,,,,KID013B,,SSRS,,
237,1,Licensed,N,Y,Y,Y,N,Y,N,,N,40,7:00 AM - 5:30 PM,7:00 AM - 5:30 PM,7:00 AM - 5:30 PM,7:00 AM - 5:30 PM,7:00 AM - 5:30 PM,No Information Available,No Information Available,,,40.0,40.0,40.0,40.0,40.0,40.0,40.0,40.0,40.0,40.0,40.0,40.0,40.0,40.0,,,,county_7,,,,Change of Ownership,,,,,Investigation,,,,Post-Preliminary Inspection,,,,KID013B,,,,
1732,5,Licensed,N,Y,N,Y,Y,Y,N,N,Y,40,other,other,other,other,other,No Information Available,No Information Available,,,,,,,,,,,,,,,,,,,,county_70,,,,,,Change of Space/Change in Capacity,,,Investigation,,,,,Renewal Application,KID013,KID013A,KID013B,,SSRS,,
92,1,Licensed,N,Y,N,Y,Y,Y,N,,N,47,7:00 AM - 5:30 PM,7:00 AM - 5:30 PM,7:00 AM - 5:30 PM,7:00 AM - 5:30 PM,7:00 AM - 5:30 PM,No Information Available,No Information Available,32.5,,30.0,,30.0,,30.0,,30.0,,,,,,,,,,,county_70,,,,,,Change of Space/Change in Capacity,,Initial Application,Investigation,,,,Post-Preliminary Inspection,,,,KID013B,,SSRS,,
161,3,Licensed,N,Y,Y,Y,N,Y,N,N,Y,40,6:30 AM - 5:00 PM,6:30 AM - 5:00 PM,6:30 AM - 5:00 PM,6:30 AM - 5:00 PM,6:30 AM - 5:00 PM,No Information Available,No Information Available,,,34.0,34.0,34.0,34.0,,,,,,,,,,,,,,county_29,,,,,,Change of Space/Change in Capacity,Follow-up,,Investigation,,,,,Renewal Application,KID013,KID013A,KID013B,DMS,SSRS,,
1195,1,Licensed,N,Y,Y,Y,Y,Y,N,,N,75,7:00 AM - 4:30 PM,7:00 AM - 4:30 PM,7:00 AM - 4:30 PM,7:00 AM - 4:30 PM,7:00 AM - 4:30 PM,No Information Available,No Information Available,32.0,27.0,32.0,27.0,32.0,27.0,27.0,22.0,27.0,22.0,27.0,22.0,25.0,20.0,25.0,20.0,25.0,20.0,,county_29,,,,,Change of Service,Change of Space/Change in Capacity,,,Investigation,,,,,Renewal Application,KID013,KID013A,KID013B,DMS,SSRS,,
1734,1,Licensed,N,Y,Y,Y,Y,Y,N,,N,143,7:00 AM - 4:30 PM,7:00 AM - 4:30 PM,7:00 AM - 4:30 PM,7:00 AM - 4:30 PM,7:00 AM - 4:30 PM,No Information Available,No Information Available,43.0,24.0,42.0,23.0,39.0,22.0,34.0,19.0,34.0,19.0,34.0,19.0,,,,,,,,county_29,,Change of Hours,,,,Change of Space/Change in Capacity,Follow-up,,Investigation,,,,,Renewal Application,KID013,KID013A,KID013B,,SSRS,,
1913,3,Licensed,Y,N,Y,Y,N,Y,N,N,Y,170,6:00 AM - 6:00 PM,6:00 AM - 6:00 PM,6:00 AM - 6:00 PM,6:00 AM - 6:00 PM,6:00 AM - 6:00 PM,No Information Available,No Information Available,,,,,,,28.0,26.0,28.0,26.0,27.0,24.0,27.0,24.0,27.0,24.0,27.0,24.0,,county_29,,,,,Change of Service,Change of Space/Change in Capacity,Follow-up,,Investigation,,,,,Renewal Application,KID013,KID013A,KID013B,DMS,SSRS,,
1495,1,Licensed,N,N,Y,N,N,Y,N,,Y,50,2:30 PM - 6:00 PM,2:30 PM - 6:00 PM,2:30 PM - 6:00 PM,2:30 PM - 6:00 PM,2:30 PM - 6:00 PM,No Information Available,No Information Available,,,,,,,,,,,27.0,24.0,27.0,24.0,27.0,24.0,27.0,24.0,,county_29,,,,,,,,,Investigation,,,,,Renewal Application,KID013,KID013A,KID013B,,SSRS,,
1772,1,Licensed,N,N,Y,N,N,Y,N,,Y,99,2:30 PM - 6:00 PM,2:30 PM - 6:00 PM,2:30 PM - 6:00 PM,2:30 PM - 6:00 PM,2:30 PM - 6:00 PM,No Information Available,No Information Available,,,,,,,,,,,27.0,24.0,27.0,24.0,27.0,24.0,27.0,24.0,,county_29,,,,,Change of Service,,Follow-up,,,,,,,Renewal Application,KID013,KID013A,KID013B,DMS,SSRS,,
621,5,Licensed,N,N,Y,Y,N,Y,N,N,N,50,other,other,other,other,other,No Information Available,No Information Available,,,,,,,22.0,26.0,22.0,26.0,,,11.0,13.0,11.0,13.0,,,,county_29,,,,,,Change of Space/Change in Capacity,,,Investigation,,,,,Renewal Application,KID013,KID013A,KID013B,,SSRS,,
1595,2,Licensed,N,N,Y,N,N,Y,N,N,N,99,3:00 PM - 5:30 PM,3:00 PM - 5:30 PM,3:00 PM - 5:30 PM,3:00 PM - 5:30 PM,3:00 PM - 5:30 PM,No Information Available,No Information Available,,,,,,,,,,,,,11.0,13.0,11.0,13.0,,,,county_29,,,,,,,,,,,,,,Renewal Application,KID013,KID013A,KID013B,,SSRS,,
795,1,Licensed,N,Y,Y,Y,Y,Y,N,N,Y,79,6:00 AM - 6:00 PM,6:00 AM - 6:00 PM,6:00 AM - 6:00 PM,6:00 AM - 6:00 PM,6:00 AM - 6:00 PM,6:00 AM - 6:00 PM,No Information Available,29.0,27.0,29.0,27.0,29.0,27.0,28.0,26.0,28.0,26.0,28.0,26.0,27.0,24.0,27.0,24.0,27.0,24.0,,county_29,,,Change of Location,,,,Follow-up,,Investigation,,,,,Renewal Application,KID013,KID013A,KID013B,DMS,SSRS,,
1852,5,Licensed,Y,Y,N,Y,Y,Y,N,Y,Y,28,other,other,other,other,other,No Information Available,No Information Available,29.0,27.0,29.0,27.0,29.0,27.0,28.0,26.0,28.0,26.0,28.0,26.0,,,,,,,,county_29,,,,,,,,Initial Application,Investigation,,,,Post-Preliminary Inspection,Renewal Application,KID013,KID013A,KID013B,,SSRS,,
1648,1,Licensed,N,Y,N,Y,N,Y,N,,,,8:00 AM - 5:00 PM,8:00 AM - 5:00 PM,8:00 AM - 5:00 PM,8:00 AM - 5:00 PM,8:00 AM - 5:00 PM,No Information Available,No Information Available,,,,,,,,,,,,,,,,,,,,county_29,,,,,,,,,,,,,,,,,,,,,
522,4,Licensed,Y,Y,N,Y,Y,Y,N,Y,Y,16,8:00 AM - 3:00 PM,8:00 AM - 3:00 PM,8:00 AM - 3:00 PM,8:00 AM - 3:00 PM,8:00 AM - 3:00 PM,No Information Available,No Information Available,29.0,27.0,29.0,27.0,29.0,27.0,28.0,26.0,28.0,26.0,28.0,26.0,,,,,,,,county_56,,,,,Change of Service,,Follow-up,Initial Application,Investigation,,,,Post-Preliminary Inspection,Renewal Application,KID013,KID013A,KID013B,,SSRS,,
515,5,Licensed,Y,N,N,Y,N,,N,,Y,17,other,other,other,other,No Information Available,No Information Available,No Information Available,,,,,,,,,,,,,,,,,,,,county_29,,,Change of Location,,,Change of Space/Change in Capacity,,Initial Application,Investigation,,,,Post-Preliminary Inspection,Renewal Application,,KID013A,KID013B,,SSRS,,
1545,4,Licensed,Y,N,N,Y,N,,N,,Y,18,other,other,other,other,No Information Available,No Information Available,No Information Available,,,,,,,,,,,,,,,,,,,,county_29,,Change of Hours,Change of Location,,,,Follow-up,Initial Application,Investigation,,,,Post-Preliminary Inspection,Renewal Application,,KID013A,KID013B,,SSRS,,
848,4,Licensed,N,Y,Y,Y,Y,Y,N,,Y,29,7:30 AM - 4:30 PM,7:30 AM - 4:30 PM,7:30 AM - 4:30 PM,7:30 AM - 4:30 PM,7:30 AM - 4:30 PM,No Information Available,No Information Available,30.0,,28.0,,28.0,,28.0,,28.0,,28.0,,28.0,,28.0,,,,,county_56,,,,,,,Follow-up,Initial Application,,,,,Post-Preliminary Inspection,Renewal Application,,KID013A,KID013B,,SSRS,,
545,1,Licensed,N,Y,Y,Y,Y,Y,N,,Y,60,other,other,other,other,other,No Information Available,No Information Available,31.0,29.0,31.0,29.0,31.0,29.0,31.0,29.0,31.0,29.0,31.0,29.0,31.0,29.0,29.0,26.0,29.0,26.0,,county_29,,,Change of Location,,,Change of Space/Change in Capacity,Follow-up,Initial Application,Investigation,,Monitoring (DPOC),,Post-Preliminary Inspection,Renewal Application,,KID013A,KID013B,DMS,SSRS,,
883,3,Licensed,N,N,N,Y,N,Y,N,,N,88,6:45 AM - 5:30 PM,6:45 AM - 5:30 PM,6:45 AM - 5:30 PM,6:45 AM - 5:30 PM,6:45 AM - 5:30 PM,No Information Available,No Information Available,,,,,,,30.0,,30.0,,30.0,,30.0,,30.0,,,,,county_29,,,,,,Change of Space/Change in Capacity,,Initial Application,Investigation,,,,Post-Preliminary Inspection,Renewal Application,,KID013A,KID013B,DMS,SSRS,,
87,1,Licensed,N,Y,N,Y,N,,N,,N,68,7:00 AM - 5:30 PM,7:00 AM - 5:30 PM,7:00 AM - 5:30 PM,7:00 AM - 5:30 PM,7:00 AM - 5:30 PM,No Information Available,No Information Available,,,,,,,,,,,,,,,,,,,,county_29,,,,,,Change of Space/Change in Capacity,,Initial Application,Investigation,,,,Post-Preliminary Inspection,Renewal Application,,KID013A,KID013B,DMS,SSRS,,
1290,1,Licensed,N,Y,N,Y,Y,Y,N,,N,42,7:30 AM - 5:00 PM,7:30 AM - 5:00 PM,7:30 AM - 5:00 PM,7:30 AM - 5:00 PM,7:30 AM - 5:00 PM,No Information Available,No Information Available,38.0,38.0,38.0,38.0,38.0,38.0,38.0,38.0,38.0,38.0,,,,,,,,,,county_29,,,Change of Location,,,,,Initial Application,Investigation,,,,Post-Preliminary Inspection,Renewal Application,,KID013A,KID013B,,SSRS,,
977,1,Licensed,N,Y,Y,Y,Y,Y,N,,Y,34,other,other,other,other,other,No Information Available,No Information Available,37.0,27.0,37.0,27.0,37.0,27.0,37.0,27.0,37.0,27.0,37.0,27.0,37.0,27.0,37.0,27.0,37.0,27.0,,county_29,,Change of Hours,Change of Location,,Change of Service,,Follow-up,Initial Application,Investigation,,Monitoring (DPOC),,Post-Preliminary Inspection,Renewal Application,,KID013A,KID013B,,SSRS,,
207,1,Licensed,Y,Y,Y,Y,Y,Y,N,,N,17,7:00 AM - 4:00 PM,7:00 AM - 4:00 PM,7:00 AM - 4:00 PM,7:00 AM - 4:00 PM,7:00 AM - 4:00 PM,No Information Available,No Information Available,30.0,30.0,30.0,30.0,30.0,30.0,30.0,30.0,30.0,30.0,30.0,30.0,30.0,30.0,30.0,30.0,30.0,30.0,,county_29,,,,,Change of Service,,,Initial Application,,,,,Post-Preliminary Inspection,Renewal Application,,KID013A,KID013B,,SSRS,,
111,1,Licensed,N,Y,Y,Y,Y,Y,N,,N,48,5:30 AM - 6:30 PM,5:30 AM - 6:30 PM,5:30 AM - 6:30 PM,5:30 AM - 6:30 PM,5:30 AM - 6:30 PM,No Information Available,No Information Available,37.0,37.0,37.0,37.0,37.0,37.0,37.0,37.0,37.0,37.0,37.0,15.0,15.0,15.0,,,,,,county_29,,,,,,,Follow-up,Initial Application,Investigation,,,,Post-Preliminary Inspection,Renewal Application,,,KID013B,DMS,SSRS,,
94,1,Licensed,N,Y,Y,Y,Y,Y,N,,N,46,other,other,other,other,other,No Information Available,No Information Available,37.0,27.0,37.0,27.0,37.0,27.0,37.0,27.0,37.0,27.0,37.0,27.0,37.0,27.0,37.0,27.0,37.0,27.0,,county_56,,Change of Hours,,,,,,Initial Application,,,,,Post-Preliminary Inspection,,,,KID013B,,SSRS,,
1767,1,Licensed,N,Y,Y,Y,Y,Y,N,,N,39,6:00 AM - 6:00 PM,6:00 AM - 6:00 PM,6:00 AM - 6:00 PM,6:00 AM - 6:00 PM,6:00 AM - 6:00 PM,No Information Available,No Information Available,37.0,20.0,37.0,20.0,37.0,20.0,37.0,20.0,37.0,20.0,37.0,20.0,37.0,20.0,37.0,20.0,37.0,20.0,,county_29,,,,,,,,Initial Application,,,,,Post-Preliminary Inspection,,,,KID013B,,,,
1272,1,Licensed,N,Y,Y,Y,Y,Y,N,N,N,12,6:30 AM - 5:00 PM,6:30 AM - 5:00 PM,6:30 AM - 5:00 PM,6:30 AM - 5:00 PM,6:30 AM - 5:00 PM,No Information Available,No Information Available,20.0,20.0,20.0,20.0,20.0,20.0,20.0,20.0,20.0,20.0,20.0,20.0,20.0,20.0,20.0,20.0,20.0,20.0,,county_65,,,,,,,,,,,,,,Renewal Application,KID013,KID013A,KID013B,,SSRS,,
144,4,Certified,N,N,N,N,N,Y,N,N,,6,other,other,other,other,other,No Information Available,No Information Available,22.0,18.0,22.0,18.0,22.0,18.0,22.0,17.0,22.0,17.0,22.0,17.0,22.0,17.0,22.0,17.0,22.0,17.0,,county_65,Annual Inspection,,,,,,,,,,,,,Renewal Application,KID013,KID013A,KID013B,,SSRS,,
217,5,Licensed,Y,Y,N,N,Y,Y,N,,Y,20,7:30 AM - 3:30 PM,7:30 AM - 3:30 PM,7:30 AM - 3:30 PM,7:30 AM - 3:30 PM,No Information Available,No Information Available,No Information Available,0.01,0.01,0.01,0.01,0.01,0.01,0.01,0.01,0.01,0.01,0.01,0.01,0.01,0.01,0.01,0.01,0.01,0.01,,county_65,,,,,,,,,Investigation,,,,,Renewal Application,KID013,KID013A,KID013B,,SSRS,,
349,3,Licensed,N,Y,Y,Y,Y,Y,N,,Y,41,other,other,other,other,other,other,No Information Available,22.0,22.0,22.0,22.0,22.0,22.0,22.0,22.0,22.0,22.0,22.0,22.0,22.0,22.0,22.0,22.0,22.0,22.0,,county_65,,,Change of Location,,,Change of Space/Change in Capacity,,Initial Application,Investigation,,,,Post-Preliminary Inspection,Renewal Application,,KID013A,KID013B,,SSRS,,
398,2,Certified,N,N,N,N,N,Y,N,,,6,7:30 AM - 4:30 PM,7:30 AM - 4:30 PM,7:30 AM - 4:30 PM,7:30 AM - 4:30 PM,7:30 AM - 4:30 PM,No Information Available,No Information Available,20.0,20.0,20.0,20.0,20.0,20.0,20.0,20.0,20.0,20.0,20.0,20.0,15.0,15.0,15.0,15.0,,,,county_65,Annual Inspection,,,,,,Follow-up,Initial Application,,,,,,Renewal Application,,KID013A,KID013B,,SSRS,,
983,1,Licensed,N,Y,N,Y,Y,,N,,N,40,7:00 AM - 4:00 PM,7:00 AM - 4:00 PM,7:00 AM - 4:00 PM,7:00 AM - 4:00 PM,7:00 AM - 4:00 PM,No Information Available,No Information Available,,,,,,,,,,,,,,,,,,,,county_65,,,,,,Change of Space/Change in Capacity,,Initial Application,,,,,Post-Preliminary Inspection,,,,KID013B,,SSRS,,
344,4,Licensed,Y,Y,N,Y,Y,Y,N,Y,Y,120,7:00 AM - 4:30 PM,7:00 AM - 4:30 PM,7:00 AM - 4:30 PM,7:00 AM - 4:30 PM,7:00 AM - 4:30 PM,No Information Available,No Information Available,47.0,47.0,47.0,47.0,47.0,47.0,41.0,41.0,41.0,41.0,41.0,41.0,41.0,41.0,,,,,,county_21,,,,,,Change of Space/Change in Capacity,Follow-up,,Investigation,,Monitoring (DPOC),,,Renewal Application,KID013,KID013A,KID013B,DMS,SSRS,,
1416,1,Licensed,N,Y,N,Y,Y,Y,N,N,Y,83,6:30 AM - 5:30 PM,6:30 AM - 5:30 PM,6:30 AM - 5:30 PM,6:30 AM - 5:30 PM,6:30 AM - 5:30 PM,No Information Available,No Information Available,59.0,,59.0,,56.0,,53.0,,53.0,,53.0,,,,,,,,,county_21,,,,,,Change of Space/Change in Capacity,Follow-up,,Investigation,,,,,Renewal Application,KID013,KID013A,KID013B,,SSRS,,
571,3,Licensed,N,Y,N,Y,Y,Y,N,Y,Y,137,6:30 AM - 6:00 PM,6:30 AM - 6:00 PM,6:30 AM - 6:00 PM,6:30 AM - 6:00 PM,6:30 AM - 6:00 PM,No Information Available,No Information Available,100.0,75.0,100.0,75.0,90.0,70.0,80.0,60.0,80.0,60.0,80.0,60.0,80.0,60.0,80.0,60.0,,,,county_21,,,,,,,Follow-up,,Investigation,,,,,Renewal Application,KID013,KID013A,KID013B,,SSRS,,
679,3,Licensed,N,Y,Y,Y,Y,Y,N,Y,Y,117,6:30 AM - 6:00 PM,6:30 AM - 6:00 PM,6:30 AM - 6:00 PM,6:30 AM - 6:00 PM,6:30 AM - 6:00 PM,No Information Available,No Information Available,100.0,75.0,100.0,75.0,90.0,70.0,80.0,60.0,80.0,60.0,80.0,60.0,,,,,,,,county_21,,,,,,,,,Investigation,,,,,Renewal Application,KID013,KID013A,KID013B,,SSRS,,
386,3,Licensed,N,Y,Y,Y,Y,Y,N,Y,Y,133,6:30 AM - 6:00 PM,6:30 AM - 6:00 PM,6:30 AM - 6:00 PM,6:30 AM - 6:00 PM,6:30 AM - 6:00 PM,No Information Available,No Information Available,100.0,75.0,100.0,75.0,95.0,70.0,80.0,60.0,80.0,60.0,80.0,60.0,,,,,,,,county_21,,,,,,,Follow-up,,Investigation,,,,,Renewal Application,KID013,KID013A,KID013B,,SSRS,,
950,4,Licensed,Y,Y,Y,Y,Y,Y,N,Y,N,136,7:00 AM - 5:30 PM,7:00 AM - 5:30 PM,7:00 AM - 5:30 PM,7:00 AM - 5:30 PM,7:00 AM - 5:30 PM,No Information Available,No Information Available,89.0,34.0,89.0,34.0,78.0,30.0,78.0,30.0,78.0,30.0,78.0,30.0,,18.0,,18.0,,18.0,,county_21,,,,,Change of Service,,,,Investigation,,,,,Renewal Application,KID013,KID013A,KID013B,,SSRS,,
159,1,Licensed,N,Y,Y,Y,Y,Y,N,N,Y,100,7:00 AM - 5:30 PM,7:00 AM - 5:30 PM,7:00 AM - 5:30 PM,7:00 AM - 5:30 PM,7:00 AM - 5:30 PM,No Information Available,No Information Available,65.0,,63.0,,58.0,,55.0,,53.0,,53.0,,20.0,17.0,20.0,17.0,,,,county_21,,,,,,,Follow-up,,Investigation,,,,,Renewal Application,KID013,KID013A,KID013B,DMS,SSRS,,
1560,1,Licensed,N,Y,N,Y,Y,Y,N,N,Y,158,6:00 AM - 5:30 PM,6:00 AM - 5:30 PM,6:00 AM - 5:30 PM,6:00 AM - 5:30 PM,6:00 AM - 5:30 PM,No Information Available,No Information Available,51.0,65.0,48.0,63.33,48.0,63.33,45.0,61.67,45.0,31.67,45.0,61.67,,,,,,,,county_21,,,,,,Change of Space/Change in Capacity,Follow-up,,Investigation,,Monitoring (DPOC),,,Renewal Application,KID013,KID013A,KID013B,,SSRS,,
1656,1,Licensed,Y,Y,N,Y,Y,Y,N,N,Y,173,other,other,other,other,other,No Information Available,No Information Available,56.67,33.89,53.88,31.11,68.89,29.17,51.34,28.61,58.06,28.61,58.06,28.61,,,,,,,,county_21,,,,,,Change of Space/Change in Capacity,Follow-up,,Investigation,,Monitoring (DPOC),,,Renewal Application,KID013,KID013A,KID013B,,SSRS,,
1506,3,Licensed,Y,N,Y,Y,N,Y,N,N,Y,105,7:00 AM - 6:00 PM,7:00 AM - 6:00 PM,7:00 AM - 6:00 PM,7:00 AM - 6:00 PM,7:00 AM - 6:00 PM,No Information Available,No Information Available,,,,,,,,,35.0,16.6,35.0,16.6,,,35.0,16.6,35.0,16.6,,county_21,,,,,Change of Service,,,,Investigation,,,,,Renewal Application,KID013,KID013A,KID013B,DMS,SSRS,,
1035,1,Licensed,N,Y,N,Y,Y,Y,N,N,Y,94,6:30 AM - 5:30 PM,6:30 AM - 5:30 PM,6:30 AM - 5:30 PM,6:30 AM - 5:30 PM,6:30 AM - 5:30 PM,No Information Available,No Information Available,67.0,46.8,67.0,46.8,66.4,46.4,45.4,31.8,45.4,31.8,,,,,,,,,,county_21,,,,,Change of Service,,Follow-up,,Investigation,,,,,Renewal Application,KID013,KID013A,KID013B,DMS,SSRS,,
871,3,Licensed,Y,N,Y,Y,N,Y,N,N,Y,150,7:00 AM - 6:00 PM,7:00 AM - 6:00 PM,7:00 AM - 6:00 PM,7:00 AM - 6:00 PM,7:00 AM - 6:00 PM,No Information Available,No Information Available,,,,,,,,,35.0,16.6,35.0,16.6,,,35.0,16.6,35.0,16.6,,county_21,,,,,,,,,Investigation,,,,,Renewal Application,KID013,KID013A,KID013B,,SSRS,,
1531,5,Licensed,N,Y,N,Y,N,Y,N,N,Y,99,9:00 AM - 4:00 PM,9:00 AM - 4:00 PM,9:00 AM - 4:00 PM,9:00 AM - 4:00 PM,9:00 AM - 4:00 PM,No Information Available,No Information Available,,,47.0,43.0,47.0,43.0,41.0,43.0,41.0,43.0,41.0,43.0,,,,,,,,county_21,,Change of Hours,,,,,,,Investigation,,,,,Renewal Application,KID013,KID013A,KID013B,,SSRS,,
1796,1,Licensed,N,Y,Y,Y,Y,Y,N,N,Y,187,other,other,other,other,other,No Information Available,No Information Available,53.0,,53.0,,48.0,,45.0,,45.0,,45.0,,45.0,,,,,,,county_66,,,,,Change of Service,,Follow-up,,Investigation,,,,,Renewal Application,KID013,KID013A,KID013B,,SSRS,,
965,1,Licensed,N,Y,N,Y,N,Y,N,N,N,151,8:00 AM - 3:00 PM,8:00 AM - 3:00 PM,8:00 AM - 3:00 PM,8:00 AM - 3:00 PM,No Information Available,No Information Available,No Information Available,,,,,35.0,26.0,42.0,26.0,42.0,26.0,42.0,26.0,,,,,,,,county_66,,Change of Hours,,,,,,,Investigation,,,,,Renewal Application,KID013,KID013A,KID013B,,SSRS,,
1340,3,Licensed,Y,N,Y,Y,N,Y,N,N,Y,100,7:00 AM - 6:00 PM,7:00 AM - 6:00 PM,7:00 AM - 6:00 PM,7:00 AM - 6:00 PM,7:00 AM - 6:00 PM,No Information Available,No Information Available,,,,,,,,,35.0,18.2,35.0,18.2,,,35.0,18.2,35.0,18.2,,county_21,,,,,Change of Service,,Follow-up,,Investigation,,,,,Renewal Application,KID013,KID013A,KID013B,,SSRS,,
119,1,Licensed,N,Y,N,Y,N,Y,N,,N,86,other,other,other,other,other,No Information Available,No Information Available,,,,,17.0,,17.0,,17.0,,,,,,,,,,,county_21,,,,,,,,,,,,,,Renewal Application,KID013,KID013A,KID013B,,SSRS,,
868,1,Licensed,Y,Y,Y,Y,Y,N,N,N,N,238,7:00 AM - 6:00 PM,7:00 AM - 6:00 PM,7:00 AM - 6:00 PM,7:00 AM - 6:00 PM,7:00 AM - 6:00 PM,No Information Available,No Information Available,19.0,,19.0,,17.0,,17.0,,13.0,,13.0,,20.0,11.0,20.0,11.0,,,,county_21,,,,,,,Follow-up,,Investigation,,,,,Renewal Application,KID013,KID013A,KID013B,,SSRS,,
67,1,Licensed,N,N,Y,Y,N,Y,N,N,Y,125,7:00 AM - 6:00 PM,7:00 AM - 6:00 PM,7:00 AM - 6:00 PM,7:00 AM - 6:00 PM,7:00 AM - 6:00 PM,No Information Available,No Information Available,,,,,,,32.03,19.56,32.03,19.56,32.03,19.56,,15.43,,15.43,,15.43,,county_21,,,,,Change of Service,Change of Space/Change in Capacity,,,Investigation,,,,,Renewal Application,KID013,KID013A,KID013B,,SSRS,,
1282,3,Licensed,Y,N,Y,Y,N,Y,Y,N,Y,60,7:00 AM - 5:00 PM,7:00 AM - 5:00 PM,7:00 AM - 5:00 PM,7:00 AM - 5:00 PM,7:00 AM - 5:00 PM,No Information Available,No Information Available,,,,,36.0,18.85,36.0,18.85,36.0,18.85,36.0,11.43,36.0,11.43,36.0,11.43,36.0,11.43,,county_21,,,,,Change of Service,,Follow-up,,Investigation,Monitoring,,,,Renewal Application,KID013,KID013A,KID013B,DMS,SSRS,,
409,1,Licensed,Y,N,Y,Y,N,Y,N,N,Y,150,8:00 AM - 4:00 PM,8:00 AM - 4:00 PM,8:00 AM - 4:00 PM,8:00 AM - 4:00 PM,8:00 AM - 4:00 PM,No Information Available,No Information Available,,,,,28.0,15.0,28.0,15.0,28.0,12.0,28.0,12.0,25.0,10.6,25.0,10.6,,,,county_21,,,,,,Change of Space/Change in Capacity,,,Investigation,,,,,Renewal Application,KID013,KID013A,KID013B,,SSRS,,
395,3,Licensed,Y,N,Y,Y,N,Y,N,N,Y,250,7:00 AM - 6:00 PM,7:00 AM - 6:00 PM,7:00 AM - 6:00 PM,7:00 AM - 6:00 PM,7:00 AM - 6:00 PM,No Information Available,No Information Available,,,,,,,,,35.0,18.2,35.0,18.2,,,35.0,18.2,35.0,18.2,,county_21,,,,,Change of Service,,Follow-up,,Investigation,,,,,Renewal Application,KID013,KID013A,KID013B,DMS,SSRS,,
1260,2,Licensed,Y,Y,Y,Y,Y,Y,N,N,Y,99,7:00 AM - 5:30 PM,7:00 AM - 5:30 PM,7:00 AM - 5:30 PM,7:00 AM - 5:30 PM,7:00 AM - 5:30 PM,No Information Available,No Information Available,47.0,47.0,45.0,45.0,43.0,43.0,42.0,42.0,41.0,41.0,41.0,41.0,,,,,,,,county_66,,,,,,,,,Investigation,,,,,Renewal Application,KID013,KID013A,KID013B,,SSRS,,
1775,3,Licensed,Y,N,Y,Y,N,Y,N,N,Y,100,7:00 AM - 6:00 PM,7:00 AM - 6:00 PM,7:00 AM - 6:00 PM,7:00 AM - 6:00 PM,7:00 AM - 6:00 PM,No Information Available,No Information Available,,,,,,,,,,,,,34.0,18.0,34.0,18.0,34.0,18.0,,county_21,,,,,Change of Service,,Follow-up,,Investigation,,,,,Renewal Application,KID013,KID013A,KID013B,,SSRS,,
1352,1,Licensed,Y,Y,Y,Y,N,Y,N,N,Y,120,7:30 AM - 6:00 PM,7:30 AM - 6:00 PM,7:30 AM - 6:00 PM,7:30 AM - 6:00 PM,7:30 AM - 6:00 PM,No Information Available,No Information Available,,,75.0,71.0,70.0,59.0,,,69.0,59.0,71.0,61.0,,,,,,,,county_21,,,,,,,,,Investigation,,,,,Renewal Application,KID013,KID013A,KID013B,DMS,SSRS,,
1014,1,Licensed,N,Y,Y,Y,N,Y,N,,Y,126,other,other,other,other,other,No Information Available,No Information Available,,,,,,,51.93,27.26,51.93,27.26,48.41,23.41,48.75,23.75,,,,,,county_21,,,,,Change of Service,Change of Space/Change in Capacity,,,,,,,,Renewal Application,KID013,KID013A,KID013B,,SSRS,,
736,5,Licensed,Y,Y,Y,Y,Y,Y,N,,Y,141,7:15 AM - 5:30 PM,7:15 AM - 5:30 PM,7:15 AM - 5:30 PM,7:15 AM - 5:30 PM,7:15 AM - 5:30 PM,No Information Available,No Information Available,,,,,,,32.0,22.0,32.0,22.0,32.0,22.0,35.0,16.0,35.0,16.0,,,,county_21,,,,,Change of Service,Change of Space/Change in Capacity,,,Investigation,,,,,Renewal Application,KID013,KID013A,KID013B,,SSRS,,
1249,1,Licensed,Y,N,Y,Y,N,Y,N,N,Y,119,other,other,other,other,other,No Information Available,No Information Available,,,,,,,45.2,27.1,45.2,27.1,,,,,,,,,,county_21,,,,,,Change of Space/Change in Capacity,,,,,,,,Renewal Application,KID013,KID013A,KID013B,,SSRS,,
1052,4,Licensed,Y,N,Y,Y,N,Y,N,N,Y,97,7:00 AM - 6:00 PM,7:00 AM - 6:00 PM,7:00 AM - 6:00 PM,7:00 AM - 6:00 PM,7:00 AM - 6:00 PM,No Information Available,No Information Available,,,,,,,94.0,71.25,94.0,71.25,,,,,,,,,,county_21,,,,,Change of Service,Change of Space/Change in Capacity,,,Investigation,,,,,Renewal Application,KID013,KID013A,KID013B,,SSRS,,
1080,1,Licensed,N,Y,N,Y,Y,Y,N,N,Y,113,7:30 AM - 5:30 PM,7:30 AM - 5:30 PM,7:30 AM - 5:30 PM,7:30 AM - 5:30 PM,7:30 AM - 5:30 PM,No Information Available,No Information Available,71.0,,68.0,95.0,64.0,87.5,63.0,86.67,62.0,85.0,62.0,85.0,62.0,85.0,,,,,,county_21,,,,,,Change of Space/Change in Capacity,,,Investigation,,,,,Renewal Application,KID013,KID013A,KID013B,,SSRS,,
1608,3,Licensed,Y,Y,N,Y,N,Y,N,N,N,70,other,other,other,other,other,No Information Available,No Information Available,,,,,30.0,,27.0,,27.0,,27.0,,,,,,,,,county_21,,Change of Hours,,,Change of Service,,,,Investigation,,,,,Renewal Application,KID013,KID013A,KID013B,,SSRS,,
1240,3,Licensed,Y,N,Y,Y,N,Y,N,N,Y,104,7:00 AM - 6:00 PM,7:00 AM - 6:00 PM,7:00 AM - 6:00 PM,7:00 AM - 6:00 PM,7:00 AM - 6:00 PM,No Information Available,No Information Available,,,,,,,,,35.0,16.6,35.0,16.6,,,35.0,16.6,35.0,16.6,,county_21,,,,,Change of Service,,,,Investigation,,,,,Renewal Application,KID013,KID013A,KID013B,,SSRS,,
127,3,Licensed,Y,N,Y,Y,N,Y,N,N,Y,100,7:00 AM - 6:00 PM,7:00 AM - 6:00 PM,7:00 AM - 6:00 PM,7:00 AM - 6:00 PM,7:00 AM - 6:00 PM,No Information Available,No Information Available,,,,,,,,,35.0,18.2,35.0,18.2,,,35.0,18.2,35.0,18.2,,county_21,,,,,,,,,,,,,,Renewal Application,KID013,KID013A,KID013B,,SSRS,,
1710,4,Licensed,N,Y,N,Y,Y,Y,N,N,Y,97,7:00 AM - 6:00 PM,7:00 AM - 6:00 PM,7:00 AM - 6:00 PM,7:00 AM - 6:00 PM,7:00 AM - 6:00 PM,No Information Available,No Information Available,63.0,,61.0,,55.0,,52.0,,52.0,,52.0,,,,,,,,,county_21,,,,,,Change of Space/Change in Capacity,Follow-up,,Investigation,Monitoring,Monitoring (DPOC),,,Renewal Application,KID013,KID013A,KID013B,,SSRS,,
332,1,Licensed,Y,Y,Y,Y,Y,Y,N,N,Y,222,7:00 AM - 5:30 PM,7:00 AM - 5:30 PM,7:00 AM - 5:30 PM,7:00 AM - 5:30 PM,7:00 AM - 5:30 PM,No Information Available,No Information Available,71.0,,66.0,,66.0,,60.0,,60.0,,60.0,,60.0,20.0,60.0,20.0,60.0,20.0,,county_21,,,,,,,Follow-up,,Investigation,,,,,Renewal Application,KID013,KID013A,KID013B,,SSRS,,
489,1,Licensed,Y,N,Y,Y,N,Y,N,N,Y,160,6:30 AM - 6:00 PM,6:30 AM - 6:00 PM,6:30 AM - 6:00 PM,6:30 AM - 6:00 PM,6:30 AM - 6:00 PM,No Information Available,No Information Available,,,,,,,24.0,19.0,24.0,19.0,,,,,,,,,,county_21,,,,,,Change of Space/Change in Capacity,,,Investigation,,,,,Renewal Application,KID013,KID013A,KID013B,,SSRS,,
1665,1,Licensed,N,Y,Y,Y,N,N,N,,N,193,other,other,other,other,other,No Information Available,No Information Available,,,,,,,,,,,,,,,,,,,,county_21,,,,,,Change of Space/Change in Capacity,,,Investigation,,,,,Renewal Application,KID013,KID013A,KID013B,DMS,SSRS,,
1336,3,Licensed,Y,N,Y,Y,N,Y,N,N,Y,88,7:00 AM - 6:00 PM,7:00 AM - 6:00 PM,7:00 AM - 6:00 PM,7:00 AM - 6:00 PM,7:00 AM - 6:00 PM,No Information Available,No Information Available,,,,,,,,,35.0,16.6,35.0,16.6,,,35.0,16.6,35.0,16.6,,county_21,,,,,Change of Service,Change of Space/Change in Capacity,Follow-up,,,,,,,Renewal Application,KID013,KID013A,KID013B,,SSRS,,
1424,1,Licensed,Y,N,Y,Y,N,Y,N,,Y,93,7:30 AM - 6:00 PM,7:30 AM - 6:00 PM,7:30 AM - 6:00 PM,7:30 AM - 6:00 PM,7:30 AM - 6:00 PM,No Information Available,No Information Available,,,,,,,,,,,,,44.44,17.0,44.44,17.0,44.44,17.0,,county_21,,,,,Change of Service,Change of Space/Change in Capacity,Follow-up,,Investigation,,,,,Renewal Application,KID013,KID013A,KID013B,,SSRS,,
1356,3,Licensed,N,Y,Y,Y,Y,Y,N,N,Y,194,6:30 AM - 5:30 PM,6:30 AM - 5:30 PM,6:30 AM - 5:30 PM,6:30 AM - 5:30 PM,6:30 AM - 5:30 PM,No Information Available,No Information Available,54.0,,54.0,,54.0,,49.0,,49.0,,49.0,,,,,,,,,county_21,,,,,Change of Service,Change of Space/Change in Capacity,Follow-up,,Investigation,,,,,Renewal Application,KID013,KID013A,KID013B,,SSRS,,
57,3,Licensed,Y,N,Y,Y,N,Y,N,N,Y,114,7:00 AM - 6:00 PM,7:00 AM - 6:00 PM,7:00 AM - 6:00 PM,7:00 AM - 6:00 PM,7:00 AM - 6:00 PM,No Information Available,No Information Available,,,,,,,,,35.0,16.6,35.0,16.6,,,35.0,16.6,35.0,16.6,,county_21,,,,,Change of Service,Change of Space/Change in Capacity,Follow-up,,,,,,,Renewal Application,KID013,KID013A,KID013B,,SSRS,,
410,4,Licensed,N,Y,Y,Y,N,Y,N,,N,91,other,other,other,other,other,No Information Available,No Information Available,,,,,29.0,29.0,26.0,26.0,21.0,21.0,21.0,21.0,,,,,,,,county_21,,,,,,Change of Space/Change in Capacity,,,Investigation,,,,,Renewal Application,KID013,KID013A,KID013B,,SSRS,,
175,3,Licensed,Y,N,Y,Y,N,Y,N,N,Y,99,7:00 AM - 6:00 PM,7:00 AM - 6:00 PM,7:00 AM - 6:00 PM,7:00 AM - 6:00 PM,7:00 AM - 6:00 PM,No Information Available,No Information Available,,,,,,,,,35.0,16.6,35.0,16.6,,,35.0,16.6,35.0,16.6,,county_21,,,,,Change of Service,,Follow-up,,Investigation,,,,,Renewal Application,KID013,KID013A,KID013B,,SSRS,,
802,4,Licensed,N,N,Y,Y,N,Y,N,,Y,220,other,other,other,other,other,No Information Available,No Information Available,,,,,,,39.35,18.9,39.35,18.9,39.35,18.9,,15.6,,15.6,,15.6,,county_66,,,,,Change of Service,Change of Space/Change in Capacity,,,Investigation,,,,,Renewal Application,KID013,KID013A,KID013B,,SSRS,,
1520,1,Licensed,Y,N,Y,Y,N,Y,N,N,Y,200,other,other,other,other,other,No Information Available,No Information Available,,,,,,,,,,,32.0,18.0,32.0,18.0,32.0,18.0,,,,county_66,,Change of Hours,,,Change of Service,Change of Space/Change in Capacity,,,Investigation,,,,,Renewal Application,KID013,KID013A,KID013B,,SSRS,,
858,3,Licensed,Y,N,Y,Y,N,Y,N,N,Y,286,7:00 AM - 6:00 PM,7:00 AM - 6:00 PM,7:00 AM - 6:00 PM,7:00 AM - 6:00 PM,7:00 AM - 6:00 PM,No Information Available,No Information Available,,,,,,,,,35.0,18.2,35.0,18.2,,,35.0,18.2,35.0,18.2,,county_21,,,,,Change of Service,,Follow-up,,Investigation,,,,,Renewal Application,KID013,KID013A,KID013B,,SSRS,,
1850,1,Licensed,Y,Y,Y,Y,Y,Y,N,N,Y,100,7:00 AM - 5:30 PM,7:00 AM - 5:30 PM,7:00 AM - 5:30 PM,7:00 AM - 5:30 PM,7:00 AM - 5:30 PM,No Information Available,No Information Available,44.0,,44.0,,41.0,,41.0,,41.0,,41.0,,41.0,,41.0,,41.0,,,county_21,,,,,,Change of Space/Change in Capacity,,,Investigation,,,,,Renewal Application,KID013,KID013A,KID013B,DMS,SSRS,,
211,3,Licensed,N,Y,Y,Y,Y,Y,N,N,Y,52,6:00 AM - 6:00 PM,6:00 AM - 6:00 PM,6:00 AM - 6:00 PM,6:00 AM - 6:00 PM,6:00 AM - 6:00 PM,No Information Available,No Information Available,47.0,47.0,47.0,47.0,47.0,47.0,41.0,41.0,41.0,34.0,41.0,34.0,37.0,32.0,37.0,32.0,,,,county_21,,,,,,,Follow-up,,Investigation,,,,,Renewal Application,KID013,KID013A,KID013B,,SSRS,,
32,1,Licensed,N,N,N,Y,N,Y,N,,N,133,7:00 AM - 6:00 PM,7:00 AM - 6:00 PM,7:00 AM - 6:00 PM,other,7:00 AM - 6:00 PM,No Information Available,No Information Available,,,,,,,38.24,20.0,38.24,20.0,38.24,20.0,,,,,,,,county_21,,Change of Hours,,,,Change of Space/Change in Capacity,,,Investigation,,,,,Renewal Application,KID013,KID013A,KID013B,DMS,SSRS,,
193,3,Licensed,Y,N,Y,Y,N,Y,N,N,Y,170,7:00 AM - 6:00 PM,7:00 AM - 6:00 PM,7:00 AM - 6:00 PM,7:00 AM - 6:00 PM,7:00 AM - 6:00 PM,No Information Available,No Information Available,,,,,,,,,35.0,18.2,35.0,18.2,,,35.0,18.2,35.0,18.2,,county_21,,,,,Change of Service,,,,,,,,,Renewal Application,KID013,KID013A,KID013B,,SSRS,,
1784,1,Licensed,Y,N,Y,Y,N,Y,N,,Y,197,7:00 AM - 6:00 PM,7:00 AM - 6:00 PM,7:00 AM - 6:00 PM,7:00 AM - 6:00 PM,7:00 AM - 6:00 PM,No Information Available,No Information Available,,,,,,,32.0,19.3,32.0,19.3,32.0,19.3,28.0,14.5,28.0,14.5,,,,county_21,Annual Inspection,,,,,Change of Space/Change in Capacity,,,Investigation,,,,,Renewal Application,KID013,KID013A,KID013B,,SSRS,,
1460,1,Licensed,N,Y,Y,Y,Y,Y,N,N,Y,166,6:00 AM - 6:00 PM,6:00 AM - 6:00 PM,6:00 AM - 6:00 PM,6:00 AM - 6:00 PM,6:00 AM - 6:00 PM,No Information Available,No Information Available,51.6,,49.6,,47.0,,44.4,,44.4,,,,,,,,,,,county_21,,,Change of Location,,,Change of Space/Change in Capacity,,,Investigation,,Monitoring (DPOC),,,Renewal Application,KID013,KID013A,KID013B,,SSRS,,
954,3,Licensed,Y,Y,Y,Y,Y,Y,N,N,Y,219,6:00 AM - 6:00 PM,6:00 AM - 6:00 PM,6:00 AM - 6:00 PM,6:00 AM - 6:00 PM,6:00 AM - 6:00 PM,No Information Available,No Information Available,47.0,,45.0,,43.0,,43.0,,41.0,,38.0,20.0,38.0,20.0,38.0,20.0,,,,county_21,,,,,,,Follow-up,,Investigation,,,,,Renewal Application,KID013,KID013A,KID013B,DMS,SSRS,,
1447,1,Licensed,Y,Y,Y,Y,Y,Y,N,N,Y,339,7:00 AM - 6:00 PM,7:00 AM - 6:00 PM,7:00 AM - 6:00 PM,7:00 AM - 6:00 PM,7:00 AM - 6:00 PM,No Information Available,No Information Available,60.0,,60.0,,56.0,,40.0,,40.0,,40.0,,40.0,18.0,40.0,18.0,40.0,18.0,,county_21,,,,,Change of Service,Change of Space/Change in Capacity,,,Investigation,,,,,Renewal Application,KID013,KID013A,KID013B,,SSRS,,
1135,5,Licensed,N,Y,Y,Y,N,Y,N,N,N,145,7:30 AM - 4:30 PM,7:30 AM - 4:30 PM,7:30 AM - 4:30 PM,7:30 AM - 4:30 PM,7:30 AM - 4:30 PM,No Information Available,No Information Available,,,76.0,38.0,76.0,38.0,76.0,38.0,76.0,38.0,76.0,38.0,,,,,,,,county_21,,,,,,Change of Space/Change in Capacity,,,Investigation,,,,,Renewal Application,KID013,KID013A,KID013B,,SSRS,,
701,1,Licensed,Y,Y,Y,Y,Y,Y,N,N,Y,64,6:00 AM - 6:00 AM,6:00 AM - 6:00 AM,6:00 AM - 6:00 AM,6:00 AM - 6:00 AM,6:00 AM - 6:00 AM,6:00 AM - 6:00 AM,6:00 AM - 6:00 AM,30.0,30.0,30.0,30.0,30.0,30.0,27.0,27.0,27.0,27.0,27.0,27.0,23.0,17.0,23.0,17.0,23.0,17.0,,county_21,,,,,,,Follow-up,,Investigation,,,,,Renewal Application,KID013,KID013A,KID013B,DMS,SSRS,,
902,4,Licensed,Y,Y,Y,Y,Y,Y,N,N,Y,223,8:00 AM - 5:00 PM,8:00 AM - 5:00 PM,8:00 AM - 5:00 PM,8:00 AM - 5:00 PM,8:00 AM - 5:00 PM,No Information Available,No Information Available,75.0,,75.0,,70.0,,65.0,,65.0,,65.0,,75.0,60.0,75.0,60.0,75.0,60.0,,county_21,,,Change of Location,,Change of Service,Change of Space/Change in Capacity,Follow-up,,Investigation,,,other,,Renewal Application,KID013,KID013A,KID013B,,SSRS,,
1538,1,Licensed,N,Y,Y,Y,Y,Y,N,N,Y,60,other,other,other,other,other,other,other,47.0,43.0,42.0,39.0,37.0,34.0,41.0,34.0,36.0,29.0,30.0,25.0,37.0,32.0,32.0,27.0,27.0,22.0,,county_21,,,Change of Location,,,,Follow-up,,Investigation,,Monitoring (DPOC),,,Renewal Application,KID013,KID013A,KID013B,DMS,SSRS,,
552,3,Licensed,Y,Y,Y,Y,Y,Y,N,N,Y,161,6:00 AM - 6:00 PM,6:00 AM - 6:00 PM,6:00 AM - 6:00 PM,6:00 AM - 6:00 PM,6:00 AM - 6:00 PM,No Information Available,No Information Available,47.0,47.0,47.0,47.0,47.0,47.0,41.0,41.0,41.0,34.0,41.0,34.0,37.0,32.0,37.0,32.0,,,,county_21,,,,,Change of Service,,Follow-up,,Investigation,,Monitoring (DPOC),,,Renewal Application,KID013,KID013A,KID013B,,SSRS,,
1434,3,Licensed,Y,Y,Y,Y,Y,Y,Y,N,Y,150,6:00 AM - 6:00 PM,6:00 AM - 6:00 PM,6:00 AM - 6:00 PM,6:00 AM - 6:00 PM,6:00 AM - 6:00 PM,No Information Available,No Information Available,51.0,,51.0,,51.0,,46.0,,46.0,,46.0,,37.0,32.0,37.0,32.0,37.0,32.0,,county_21,,,,,,Change of Space/Change in Capacity,Follow-up,,Investigation,Monitoring,Monitoring (DPOC),,,Renewal Application,KID013,KID013A,KID013B,,SSRS,,
636,2,Certified,N,N,N,N,N,Y,N,N,,6,other,other,other,other,other,No Information Available,No Information Available,30.0,25.0,30.0,25.0,30.0,25.0,30.0,25.0,30.0,25.0,30.0,25.0,25.0,20.0,25.0,20.0,,,,county_21,Annual Inspection,,,,,,,,Investigation,,,,,Renewal Application,KID013,KID013A,KID013B,,SSRS,,
961,1,Certified,N,N,N,N,N,Y,N,N,,6,5:30 AM - 5:30 PM,5:30 AM - 5:30 PM,5:30 AM - 5:30 PM,5:30 AM - 5:30 PM,5:30 AM - 5:30 PM,No Information Available,No Information Available,45.0,45.0,45.0,45.0,45.0,45.0,45.0,45.0,45.0,45.0,45.0,45.0,30.0,30.0,30.0,30.0,30.0,30.0,,county_21,Annual Inspection,,Change of Location,,,,,,Investigation,,,,,Renewal Application,KID013,KID013A,KID013B,DMS,,,
1248,2,Certified,N,N,N,N,N,Y,N,N,,6,6:00 AM - 11:30 PM,6:00 AM - 11:30 PM,6:00 AM - 11:30 PM,6:00 AM - 11:30 PM,6:00 AM - 11:30 PM,No Information Available,No Information Available,40.0,30.0,40.0,30.0,35.0,30.0,35.0,30.0,35.0,30.0,35.0,30.0,30.0,25.0,30.0,25.0,,,,county_66,Annual Inspection,Change of Hours,,,,,,,Investigation,,,,,Renewal Application,KID013,KID013A,KID013B,,SSRS,,
1788,1,Certified,N,N,N,N,N,Y,N,N,,6,7:00 AM - 5:30 PM,7:00 AM - 5:30 PM,7:00 AM - 5:30 PM,7:00 AM - 5:30 PM,7:00 AM - 5:30 PM,No Information Available,No Information Available,27.0,,27.0,,27.0,,27.0,,27.0,,27.0,,27.0,,27.0,,,,,county_21,Annual Inspection,,,,,,Follow-up,,,,,,,Renewal Application,KID013,KID013A,KID013B,,SSRS,,
1879,3,Licensed,N,Y,Y,Y,Y,Y,N,N,Y,65,6:00 AM - 6:00 PM,6:00 AM - 6:00 PM,6:00 AM - 6:00 PM,6:00 AM - 6:00 PM,6:00 AM - 6:00 PM,No Information Available,No Information Available,47.0,47.0,47.0,47.0,47.0,47.0,41.0,41.0,41.0,34.0,41.0,34.0,37.0,32.0,37.0,32.0,,,,county_21,,,,,,,Follow-up,,Investigation,Monitoring,,,,Renewal Application,KID013,KID013A,KID013B,,SSRS,,
1680,1,Licensed,N,Y,Y,Y,Y,Y,N,N,Y,49,6:00 AM - 6:00 PM,6:00 AM - 6:00 PM,6:00 AM - 6:00 PM,6:00 AM - 6:00 PM,6:00 AM - 6:00 PM,No Information Available,No Information Available,60.0,50.0,60.0,50.0,55.0,45.0,55.0,45.0,55.0,45.0,55.0,45.0,50.0,45.0,50.0,45.0,,,,county_21,,,,,,,Follow-up,,Investigation,,,,,Renewal Application,KID013,KID013A,KID013B,,SSRS,,
141,3,Licensed,N,Y,Y,Y,Y,Y,N,N,Y,34,other,other,other,other,other,No Information Available,No Information Available,47.0,43.0,47.0,43.0,47.0,43.0,41.0,34.0,41.0,34.0,41.0,34.0,37.0,32.0,37.0,32.0,37.0,32.0,,county_21,,,,,,,Follow-up,,Investigation,,,,,Renewal Application,KID013,KID013A,KID013B,DMS,SSRS,,
1907,1,Licensed,Y,N,Y,Y,N,Y,N,N,Y,200,8:00 AM - 5:00 PM,8:00 AM - 5:00 PM,8:00 AM - 5:00 PM,8:00 AM - 5:00 PM,8:00 AM - 5:00 PM,No Information Available,No Information Available,,,,,,,,,,,32.0,18.0,32.0,18.0,32.0,18.0,,,,county_66,,,,,Change of Service,,,,Investigation,,,,,Renewal Application,KID013,KID013A,KID013B,,SSRS,,
1045,1,Licensed,Y,Y,Y,Y,Y,Y,N,N,Y,63,6:00 AM - 12:00 AM,6:00 AM - 12:00 AM,6:00 AM - 12:00 AM,6:00 AM - 12:00 AM,6:00 AM - 12:00 AM,other,other,47.0,43.0,47.0,43.0,47.0,43.0,43.0,34.0,43.0,34.0,43.0,34.0,41.0,32.0,41.0,32.0,41.0,32.0,,county_21,,,,,Change of Service,Change of Space/Change in Capacity,Follow-up,,Investigation,,Monitoring (DPOC),,,Renewal Application,KID013,KID013A,KID013B,,SSRS,,
265,1,Licensed,N,N,N,Y,N,N,N,Y,Y,60,other,other,other,other,other,No Information Available,No Information Available,,,,,,,,,,,,,,,,,,,,county_21,,,,,,,,,,Monitoring,Monitoring (DPOC),,,Renewal Application,KID013,KID013A,KID013B,DMS,SSRS,,
1342,1,Licensed,Y,Y,Y,Y,Y,Y,N,Y,Y,280,7:00 AM - 6:00 PM,7:00 AM - 6:00 PM,7:00 AM - 6:00 PM,7:00 AM - 6:00 PM,7:00 AM - 6:00 PM,No Information Available,No Information Available,72.74,,68.0,,61.2,,52.0,,52.0,,40.0,,40.0,,,,,,On-going,county_21,,Change of Hours,,,,,,,Investigation,,Monitoring (DPOC),,,Renewal Application,KID013,KID013A,KID013B,DMS,SSRS,,Directed Plan of Correction
528,3,Licensed,N,Y,Y,Y,Y,Y,N,N,Y,96,6:00 AM - 6:00 PM,6:00 AM - 6:00 PM,6:00 AM - 6:00 PM,6:00 AM - 6:00 PM,6:00 AM - 6:00 PM,No Information Available,No Information Available,48.0,43.0,48.0,43.0,48.0,43.0,45.0,34.0,45.0,34.0,45.0,34.0,40.0,34.0,40.0,34.0,40.0,34.0,,county_21,,,,,,Change of Space/Change in Capacity,,,Investigation,,,,,Renewal Application,KID013,KID013A,KID013B,,SSRS,,
1844,1,Certified,N,N,N,N,N,Y,N,N,,6,6:00 AM - 6:00 PM,6:00 AM - 6:00 PM,6:00 AM - 6:00 PM,6:00 AM - 6:00 PM,6:00 AM - 6:00 PM,No Information Available,No Information Available,48.0,,48.0,,48.0,,48.0,,48.0,,48.0,,48.0,,48.0,,48.0,,,county_21,Annual Inspection,,Change of Location,,,,,,Investigation,,,,,Renewal Application,KID013,KID013A,KID013B,DMS,SSRS,,
1024,1,Licensed,N,Y,Y,Y,Y,Y,N,N,Y,47,7:00 AM - 5:00 PM,7:00 AM - 5:00 PM,7:00 AM - 5:00 PM,7:00 AM - 5:00 PM,7:00 AM - 5:00 PM,No Information Available,No Information Available,36.0,36.0,36.0,36.0,36.0,36.0,36.0,36.0,35.0,36.0,36.0,36.0,36.0,36.0,,,,,,county_21,,,,,,,Follow-up,,Investigation,,,,,Renewal Application,KID013,KID013A,KID013B,,SSRS,,
1829,3,Licensed,Y,N,Y,Y,N,Y,N,N,Y,100,7:00 AM - 6:00 PM,7:00 AM - 6:00 PM,7:00 AM - 6:00 PM,7:00 AM - 6:00 PM,7:00 AM - 6:00 PM,No Information Available,No Information Available,,,,,,,,,35.0,18.2,35.0,18.2,,,35.0,18.2,35.0,18.2,,county_21,,,,,Change of Service,,,,Investigation,,,,,Renewal Application,KID013,KID013A,KID013B,,SSRS,,
1868,1,Licensed,N,N,N,Y,N,Y,N,N,Y,65,6:30 AM - 5:30 PM,6:30 AM - 5:30 PM,6:30 AM - 5:30 PM,6:30 AM - 5:30 PM,6:30 AM - 5:30 PM,No Information Available,No Information Available,,,,,,,55.0,,,,,,,,,,,,,county_21,,,,,,Change of Space/Change in Capacity,,,Investigation,,,,,Renewal Application,KID013,KID013A,KID013B,,SSRS,,
1492,3,Licensed,Y,Y,Y,Y,Y,Y,N,N,Y,88,6:00 AM - 12:00 AM,6:00 AM - 12:00 AM,6:00 AM - 12:00 AM,6:00 AM - 12:00 AM,6:00 AM - 12:00 AM,6:00 AM - 6:00 PM,6:00 AM - 6:00 PM,49.0,44.0,49.0,44.0,49.0,44.0,43.0,41.0,43.0,41.0,43.0,41.0,37.0,32.0,37.0,32.0,37.0,32.0,,county_21,,,,,,,,,Investigation,,,,,Renewal Application,KID013,KID013A,KID013B,DMS,SSRS,,
827,3,Licensed,Y,N,Y,Y,N,Y,N,N,Y,150,7:00 AM - 6:00 PM,7:00 AM - 6:00 PM,7:00 AM - 6:00 PM,7:00 AM - 6:00 PM,7:00 AM - 6:00 PM,No Information Available,No Information Available,,,,,,,,,35.0,18.2,35.0,18.2,,,35.0,18.2,35.0,18.2,,county_21,,,,,Change of Service,,,,,,,,,Renewal Application,KID013,KID013A,KID013B,,SSRS,,
1433,3,Licensed,N,Y,Y,Y,Y,Y,N,N,Y,172,6:00 AM - 6:00 PM,6:00 AM - 6:00 PM,6:00 AM - 6:00 PM,6:00 AM - 6:00 PM,6:00 AM - 6:00 PM,No Information Available,No Information Available,47.0,47.0,47.0,47.0,47.0,47.0,41.0,41.0,41.0,34.0,41.0,34.0,37.0,32.0,37.0,32.0,,,,county_21,,,,,Change of Service,,Follow-up,,Investigation,,,,,Renewal Application,KID013,KID013A,KID013B,,SSRS,,
1849,3,Licensed,Y,Y,Y,Y,Y,Y,N,N,Y,300,7:00 AM - 6:00 PM,7:00 AM - 6:00 PM,7:00 AM - 6:00 PM,7:00 AM - 6:00 PM,7:00 AM - 6:00 PM,No Information Available,No Information Available,53.0,,51.0,70.0,49.0,70.0,47.0,67.0,44.0,67.0,44.0,67.0,44.0,67.0,44.0,67.0,,,,county_21,,,,,,Change of Space/Change in Capacity,,,Investigation,,,,,Renewal Application,KID013,KID013A,KID013B,,SSRS,,
384,1,Licensed,N,Y,N,Y,N,Y,N,,N,20,other,other,other,other,other,No Information Available,No Information Available,,,,,,,,35.71,,46.57,,46.57,,,,,,,,county_66,,,Change of Location,,,,,,,,,,,Renewal Application,KID013,KID013A,KID013B,DMS,SSRS,,
1876,1,Licensed,N,Y,Y,Y,Y,Y,N,N,Y,30,7:00 AM - 4:00 PM,7:00 AM - 4:00 PM,7:00 AM - 4:00 PM,7:00 AM - 4:00 PM,7:00 AM - 4:00 PM,No Information Available,No Information Available,47.0,43.0,47.0,43.0,47.0,43.0,41.0,34.0,41.0,34.0,41.0,34.0,37.0,32.0,37.0,32.0,37.0,32.0,,county_21,,,,,Change of Service,,Follow-up,,Investigation,,,,,Renewal Application,KID013,KID013A,KID013B,DMS,SSRS,,
1079,1,Licensed,Y,Y,Y,Y,Y,Y,N,N,Y,115,other,other,other,other,other,No Information Available,No Information Available,47.0,30.0,47.0,30.0,41.0,30.0,41.0,30.0,37.0,30.0,37.0,30.0,37.0,30.0,37.0,30.0,,,,county_21,,,,,Change of Service,Change of Space/Change in Capacity,Follow-up,,Investigation,,Monitoring (DPOC),,,Renewal Application,KID013,KID013A,KID013B,DMS,SSRS,,
1274,1,Licensed,N,N,N,Y,N,N,N,Y,Y,160,7:00 AM - 6:00 PM,7:00 AM - 6:00 PM,7:00 AM - 6:00 PM,7:00 AM - 6:00 PM,7:00 AM - 6:00 PM,No Information Available,No Information Available,33.0,20.0,33.0,20.0,33.0,20.0,33.0,20.0,33.0,20.0,33.0,20.0,33.0,20.0,33.0,20.0,,,,county_21,,,Change of Location,,,Change of Space/Change in Capacity,,,Investigation,,,,,Renewal Application,KID013,KID013A,KID013B,,SSRS,,
314,3,Licensed,Y,N,Y,Y,N,Y,N,,Y,125,7:00 AM - 6:00 PM,7:00 AM - 6:00 PM,7:00 AM - 6:00 PM,7:00 AM - 6:00 PM,7:00 AM - 6:00 PM,No Information Available,No Information Available,,,,,,,,,35.0,16.6,35.0,16.6,,,35.0,16.6,35.0,16.6,,county_21,,,,,Change of Service,,,,,,,,,Renewal Application,KID013,KID013A,KID013B,,SSRS,,
6,1,Licensed,Y,N,Y,N,N,Y,N,N,Y,200,other,other,other,other,other,No Information Available,No Information Available,,,,,,,,,,,30.0,18.0,30.0,18.0,30.0,18.0,,,,county_66,,,,,,,,,Investigation,,,,,Renewal Application,KID013,KID013A,KID013B,,SSRS,,
1896,1,Certified,N,N,N,N,N,Y,N,N,,6,other,other,other,other,other,No Information Available,No Information Available,47.0,43.0,47.0,43.0,47.0,43.0,41.0,34.0,41.0,34.0,41.0,34.0,37.0,32.0,37.0,32.0,37.0,32.0,,county_21,Annual Inspection,,,,,,Follow-up,,,,,,,Renewal Application,KID013,KID013A,KID013B,DMS,SSRS,,
563,1,Licensed,Y,Y,Y,Y,Y,Y,N,N,Y,45,6:00 AM - 6:00 PM,6:00 AM - 6:00 PM,6:00 AM - 6:00 PM,6:00 AM - 6:00 PM,6:00 AM - 6:00 PM,No Information Available,No Information Available,47.0,43.0,47.0,43.0,47.0,43.0,41.0,34.0,41.0,34.0,41.0,34.0,37.0,32.0,37.0,32.0,,,,county_21,,,,,Change of Service,,Follow-up,,Investigation,,,,,Renewal Application,KID013,KID013A,KID013B,DMS,SSRS,,
1269,1,Certified,N,N,N,N,N,Y,N,N,,6,6:00 AM - 9:00 PM,6:00 AM - 9:00 PM,6:00 AM - 9:00 PM,6:00 AM - 9:00 PM,6:00 AM - 9:00 PM,No Information Available,No Information Available,47.0,43.0,47.0,43.0,47.0,43.0,41.0,34.0,41.0,34.0,41.0,34.0,37.0,32.0,37.0,32.0,37.0,32.0,,county_21,Annual Inspection,,,,,,,,Investigation,,,,,Renewal Application,KID013,KID013A,KID013B,,SSRS,,
1191,1,Certified,N,N,N,N,N,Y,N,N,,6,other,other,other,other,other,No Information Available,No Information Available,22.0,13.0,22.0,13.0,22.0,13.0,20.0,13.0,20.0,13.0,19.0,12.0,19.0,12.0,19.0,12.0,,,,county_21,Annual Inspection,,,,,,Follow-up,,,,Monitoring (DPOC),,,Renewal Application,KID013,KID013A,KID013B,DMS,SSRS,,
555,3,Licensed,Y,Y,Y,Y,Y,Y,N,N,Y,46,6:00 AM - 6:00 PM,6:00 AM - 6:00 PM,6:00 AM - 6:00 PM,6:00 AM - 6:00 PM,6:00 AM - 6:00 PM,No Information Available,No Information Available,55.0,40.0,54.0,37.0,53.0,35.0,52.0,34.0,50.0,33.0,50.0,32.0,50.0,30.0,50.0,30.0,50.0,30.0,,county_21,,,Change of Location,,Change of Service,,Follow-up,,Investigation,,Monitoring (DPOC),,,Renewal Application,KID013,KID013A,KID013B,DMS,SSRS,,
763,3,Licensed,Y,Y,Y,Y,Y,Y,N,N,Y,170,7:00 AM - 5:30 PM,7:00 AM - 5:30 PM,7:00 AM - 5:30 PM,7:00 AM - 5:30 PM,7:00 AM - 5:30 PM,No Information Available,No Information Available,49.0,45.0,47.0,43.0,47.0,43.0,42.0,35.0,42.0,35.0,41.0,34.0,37.0,32.0,37.0,32.0,,,,county_21,,,Change of Location,,Change of Service,Change of Space/Change in Capacity,Follow-up,,Investigation,,,,,Renewal Application,KID013,KID013A,KID013B,,SSRS,,
458,1,Licensed,N,Y,Y,Y,Y,Y,N,N,Y,48,6:30 AM - 6:00 PM,6:30 AM - 6:00 PM,6:30 AM - 6:00 PM,6:30 AM - 6:00 PM,6:30 AM - 6:00 PM,No Information Available,No Information Available,47.0,43.0,47.0,43.0,47.0,43.0,41.0,34.0,41.0,34.0,41.0,34.0,37.0,32.0,37.0,32.0,37.0,32.0,,county_21,,Change of Hours,,,,,Follow-up,,Investigation,,,,,Renewal Application,KID013,KID013A,KID013B,DMS,SSRS,,
1391,1,Licensed,Y,Y,Y,Y,Y,Y,N,N,Y,49,7:00 AM - 5:00 PM,7:00 AM - 5:00 PM,7:00 AM - 5:00 PM,7:00 AM - 5:00 PM,7:00 AM - 5:00 PM,No Information Available,No Information Available,47.0,,47.0,,47.0,,41.0,,41.0,,41.0,,37.0,,37.0,,37.0,,,county_21,,,,,,,Follow-up,,Investigation,,,,,Renewal Application,KID013,KID013A,KID013B,,SSRS,,
1461,1,Licensed,N,Y,Y,Y,N,Y,N,N,Y,200,7:30 AM - 5:00 PM,7:30 AM - 5:00 PM,7:30 AM - 5:00 PM,7:30 AM - 5:00 PM,7:30 AM - 5:00 PM,No Information Available,No Information Available,42.7,30.95,42.7,30.95,42.7,30.95,42.7,30.95,42.7,30.95,42.7,30.95,42.7,30.95,,,,,,county_21,,,,,,,,,,,,,,Renewal Application,KID013,KID013A,KID013B,,SSRS,,
254,1,Licensed,N,Y,Y,Y,Y,Y,N,,Y,102,6:00 AM - 6:00 PM,6:00 AM - 6:00 PM,6:00 AM - 6:00 PM,6:00 AM - 6:00 PM,6:00 AM - 6:00 PM,No Information Available,No Information Available,33.0,,33.0,,33.0,,31.0,,31.0,,31.0,,26.0,20.0,26.0,20.0,26.0,20.0,,county_73,,,,,,,Follow-up,Initial Application,Investigation,,Monitoring (DPOC),,,Renewal Application,KID013,KID013A,KID013B,DMS,SSRS,,
1418,4,Licensed,N,Y,Y,Y,Y,Y,N,,Y,41,6:00 AM - 6:00 PM,6:00 AM - 6:00 PM,6:00 AM - 6:00 PM,6:00 AM - 6:00 PM,6:00 AM - 6:00 PM,No Information Available,No Information Available,47.0,43.0,47.0,43.0,47.0,43.0,41.0,34.0,41.0,34.0,41.0,34.0,36.0,32.0,36.0,32.0,36.0,32.0,,county_21,,,,,,,Follow-up,,Investigation,,,,,Renewal Application,KID013,KID013A,KID013B,,SSRS,,
1483,1,Licensed,N,Y,Y,Y,Y,Y,N,,Y,29,6:00 AM - 12:00 AM,6:00 AM - 12:00 AM,6:00 AM - 12:00 AM,6:00 AM - 12:00 AM,6:00 AM - 12:00 AM,No Information Available,No Information Available,26.0,20.0,25.0,20.0,25.0,20.0,23.0,18.0,23.0,18.0,23.0,18.0,18.0,15.0,18.0,15.0,,,,county_21,,,Change of Location,,Change of Service,,Follow-up,Initial Application,Investigation,,,,,Renewal Application,KID013,KID013A,KID013B,DMS,SSRS,,
1411,3,Licensed,N,Y,Y,Y,Y,Y,N,,Y,141,6:00 AM - 6:00 PM,6:00 AM - 6:00 PM,6:00 AM - 6:00 PM,6:00 AM - 6:00 PM,6:00 AM - 6:00 PM,No Information Available,No Information Available,47.0,43.0,47.0,43.0,47.0,43.0,41.0,34.0,41.0,34.0,41.0,34.0,37.0,32.0,37.0,32.0,37.0,32.0,,county_21,,,Change of Location,,,Change of Space/Change in Capacity,Follow-up,Initial Application,Investigation,,,,,Renewal Application,KID013,KID013A,KID013B,,SSRS,,
1863,5,Licensed,Y,Y,N,N,Y,Y,N,Y,Y,36,7:00 AM - 5:00 PM,7:00 AM - 5:00 PM,7:00 AM - 5:00 PM,7:00 AM - 5:00 PM,7:00 AM - 5:00 PM,No Information Available,No Information Available,71.0,71.0,71.0,71.0,71.0,71.0,65.0,65.0,65.0,65.0,65.0,65.0,51.0,51.0,51.0,51.0,51.0,51.0,,county_21,,,Change of Location,,Change of Service,Change of Space/Change in Capacity,Follow-up,Initial Application,Investigation,,Monitoring (DPOC),,,Renewal Application,KID013,KID013A,KID013B,DMS,SSRS,,
1886,1,Certified,N,N,N,N,N,Y,N,,,6,other,other,other,other,other,No Information Available,No Information Available,30.0,27.0,28.0,26.0,26.0,24.0,21.0,23.0,25.0,23.0,21.0,18.0,23.0,18.0,23.0,18.0,20.0,1800.0,,county_21,Annual Inspection,,,,,,Follow-up,Initial Application,Investigation,,,,,Renewal Application,KID013,KID013A,KID013B,DMS,,,
1586,1,Licensed,Y,Y,Y,Y,Y,Y,N,Y,N,40,6:00 AM - 6:00 PM,6:00 AM - 6:00 PM,6:00 AM - 6:00 PM,6:00 AM - 6:00 PM,6:00 AM - 6:00 PM,No Information Available,No Information Available,48.0,43.0,48.0,43.0,48.0,43.0,42.0,34.0,42.0,34.0,42.0,34.0,37.0,37.0,37.0,37.0,37.0,37.0,,county_21,,,,,,,Follow-up,Initial Application,Investigation,,,,,Renewal Application,KID013,KID013A,KID013B,,SSRS,,
1151,1,Licensed,N,Y,Y,Y,Y,Y,N,,Y,82,other,other,other,other,other,other,No Information Available,47.0,43.0,47.0,43.0,47.0,43.0,41.0,37.0,41.0,37.0,41.0,37.0,37.0,32.0,37.0,32.0,37.0,32.0,,county_21,,,Change of Location,,Change of Service,,,Initial Application,Investigation,,,,,Renewal Application,KID013,KID013A,KID013B,,SSRS,,
1368,1,Licensed,N,Y,Y,Y,Y,Y,N,,Y,70,6:00 AM - 5:30 PM,6:00 AM - 5:30 PM,6:00 AM - 5:30 PM,6:00 AM - 5:30 PM,6:00 AM - 5:30 PM,No Information Available,No Information Available,47.0,43.0,47.0,43.0,47.0,43.0,41.0,34.0,41.0,34.0,41.0,34.0,37.0,32.0,37.0,32.0,37.0,32.0,,county_21,,Change of Hours,Change of Location,,Change of Service,Change of Space/Change in Capacity,,Initial Application,Investigation,,,,,Renewal Application,KID013,KID013A,KID013B,DMS,SSRS,,
1494,1,Licensed,Y,Y,Y,Y,Y,Y,N,,Y,64,6:00 AM - 6:00 PM,6:00 AM - 6:00 PM,6:00 AM - 6:00 PM,6:00 AM - 6:00 PM,6:00 AM - 6:00 PM,No Information Available,No Information Available,47.0,43.0,47.0,43.0,47.0,43.0,41.0,34.0,41.0,34.0,41.0,34.0,37.0,32.0,37.0,32.0,,,,county_21,,,,,Change of Service,,Follow-up,Initial Application,Investigation,,,,,Renewal Application,KID013,KID013A,KID013B,DMS,SSRS,,
967,5,Licensed,Y,Y,Y,Y,N,Y,N,Y,Y,166,7:00 AM - 5:00 PM,7:00 AM - 5:00 PM,7:00 AM - 5:00 PM,7:00 AM - 5:00 PM,7:00 AM - 5:00 PM,No Information Available,No Information Available,71.0,71.0,71.0,71.0,71.0,71.0,65.0,65.0,65.0,65.0,65.0,65.0,51.0,51.0,51.0,51.0,51.0,51.0,,county_21,,,Change of Location,,Change of Service,Change of Space/Change in Capacity,Follow-up,Initial Application,Investigation,,,,Post-Preliminary Inspection,Renewal Application,KID013,KID013A,KID013B,DMS,SSRS,,
1165,1,Certified,N,N,N,N,N,Y,N,,,6,6:00 AM - 12:00 AM,6:00 AM - 12:00 AM,6:00 AM - 12:00 AM,6:00 AM - 12:00 AM,6:00 AM - 12:00 AM,No Information Available,No Information Available,40.0,40.0,39.0,39.0,38.0,38.0,37.0,37.0,36.0,36.0,35.0,35.0,34.0,34.0,30.0,30.0,40.0,25.0,,county_21,Annual Inspection,,,,,,,Initial Application,Investigation,,,,,Renewal Application,KID013,KID013A,KID013B,DMS,SSRS,,
1466,1,Licensed,N,Y,Y,Y,Y,Y,N,,Y,28,5:30 AM - 12:00 AM,5:30 AM - 12:00 AM,5:30 AM - 12:00 AM,5:30 AM - 12:00 AM,5:30 AM - 12:00 AM,No Information Available,No Information Available,47.0,43.0,47.0,43.0,47.0,43.0,41.0,34.0,41.0,34.0,41.0,34.0,37.0,32.0,37.0,32.0,37.0,32.0,,county_21,,,,,Change of Service,,Follow-up,Initial Application,Investigation,,Monitoring (DPOC),,Post-Preliminary Inspection,Renewal Application,KID013,KID013A,KID013B,DMS,,,
1186,1,Licensed,N,Y,Y,Y,Y,Y,N,,Y,140,6:30 AM - 6:00 PM,6:30 AM - 6:00 PM,6:30 AM - 6:00 PM,6:30 AM - 6:00 PM,6:30 AM - 6:00 PM,No Information Available,No Information Available,47.0,47.0,47.0,47.0,47.0,47.0,41.0,41.0,41.0,41.0,41.0,41.0,37.0,32.0,37.0,32.0,,,,county_21,,,,,Change of Service,Change of Space/Change in Capacity,Follow-up,Initial Application,Investigation,,,,Post-Preliminary Inspection,Renewal Application,KID013,KID013A,KID013B,,SSRS,,
1579,1,Licensed,N,Y,Y,Y,Y,Y,N,,Y,193,6:30 AM - 6:00 PM,6:30 AM - 6:00 PM,6:30 AM - 6:00 PM,6:30 AM - 6:00 PM,6:30 AM - 6:00 PM,No Information Available,No Information Available,73.0,,70.0,,67.0,,67.0,,63.0,,63.0,,,,,,,,,county_21,,,,,,,,Initial Application,Investigation,,,,Post-Preliminary Inspection,Renewal Application,KID013,KID013A,KID013B,,SSRS,,
1431,3,Licensed,Y,Y,Y,Y,Y,Y,Y,,Y,59,6:00 AM - 6:00 AM,6:00 AM - 6:00 AM,6:00 AM - 6:00 AM,6:00 AM - 6:00 AM,6:00 AM - 6:00 AM,other,other,47.0,43.0,47.0,43.0,47.0,43.0,41.0,34.0,41.0,34.0,41.0,34.0,37.0,32.0,37.0,32.0,37.0,32.0,On-going | On-going,county_21,,,,,Change of Service,Change of Space/Change in Capacity,Follow-up,Initial Application,Investigation,,Monitoring (DPOC),,Post-Preliminary Inspection,Renewal Application,KID013,KID013A,KID013B,DMS,SSRS,Adverse Action,Directed Plan of Correction
148,3,Licensed,N,Y,Y,Y,Y,Y,N,Y,Y,62,6:00 AM - 6:00 PM,6:00 AM - 6:00 PM,6:00 AM - 6:00 PM,6:00 AM - 6:00 PM,6:00 AM - 6:00 PM,6:00 AM - 6:00 PM,No Information Available,50.0,48.0,50.0,48.0,50.0,48.0,45.0,35.0,45.0,35.0,45.0,35.0,40.0,35.0,40.0,35.0,40.0,35.0,,county_21,,,Change of Location,,Change of Service,Change of Space/Change in Capacity,Follow-up,Initial Application,Investigation,Monitoring,Monitoring (DPOC),,Post-Preliminary Inspection,Renewal Application,KID013,KID013A,KID013B,DMS,SSRS,,
275,1,Licensed,N,Y,Y,Y,Y,Y,N,,Y,83,7:00 AM - 4:30 PM,7:00 AM - 4:30 PM,7:00 AM - 4:30 PM,7:00 AM - 4:30 PM,7:00 AM - 4:30 PM,No Information Available,No Information Available,47.0,43.0,47.0,43.0,47.0,43.0,41.0,34.0,41.0,34.0,37.0,32.0,37.0,32.0,37.0,32.0,37.0,32.0,,county_21,,,Change of Location,,,,Follow-up,Initial Application,Investigation,,,,Post-Preliminary Inspection,Renewal Application,KID013,KID013A,KID013B,DMS,SSRS,,
1591,1,Licensed,Y,Y,Y,Y,Y,Y,N,,Y,20,other,other,other,other,other,No Information Available,No Information Available,47.0,35.0,47.0,35.0,47.0,35.0,45.0,35.0,45.0,35.0,45.0,35.0,43.0,35.0,43.0,35.0,,,,county_21,,,,,Change of Service,,Follow-up,Initial Application,Investigation,Monitoring,,,Post-Preliminary Inspection,Renewal Application,KID013,KID013A,KID013B,DMS,SSRS,,
1825,1,Licensed,N,N,N,Y,N,Y,N,,Y,80,other,other,other,other,other,No Information Available,No Information Available,,,,,,,41.14,30.0,41.14,30.0,,,,,,,,,,county_21,,,,,,Change of Space/Change in Capacity,,Initial Application,Investigation,,,,Post-Preliminary Inspection,Renewal Application,KID013,KID013A,KID013B,,SSRS,,
1578,3,Licensed,Y,Y,Y,Y,Y,Y,N,,Y,46,7:00 AM - 5:00 PM,7:00 AM - 5:00 PM,7:00 AM - 5:00 PM,7:00 AM - 5:00 PM,7:00 AM - 5:00 PM,No Information Available,No Information Available,49.0,45.0,49.0,45.0,49.0,45.0,43.0,36.0,43.0,36.0,43.0,36.0,39.0,34.0,39.0,34.0,39.0,34.0,,county_21,,,Change of Location,,Change of Service,Change of Space/Change in Capacity,Follow-up,Initial Application,Investigation,,,,Post-Preliminary Inspection,Renewal Application,KID013,KID013A,KID013B,,SSRS,,
1154,3,Licensed,Y,Y,Y,Y,Y,Y,N,,Y,85,6:30 AM - 6:00 PM,6:30 AM - 6:00 PM,6:30 AM - 6:00 PM,6:30 AM - 6:00 PM,6:30 AM - 6:00 PM,No Information Available,No Information Available,45.0,40.0,45.0,40.0,,,39.0,34.0,39.0,34.0,,,35.0,32.0,35.0,32.0,,,,county_21,,,Change of Location,,Change of Service,,Follow-up,Initial Application,,,,,Post-Preliminary Inspection,Renewal Application,KID013,KID013A,KID013B,DMS,SSRS,,
1735,1,Licensed,N,Y,Y,Y,Y,Y,Y,,N,39,other,other,other,other,other,other,other,62.0,58.0,62.0,58.0,62.0,58.0,52.0,48.0,52.0,48.0,52.0,48.0,48.0,42.0,48.0,42.0,48.0,42.0,On-going | On-going,county_21,,,,,,,Follow-up,Initial Application,Investigation,Monitoring,Monitoring (DPOC),,Post-Preliminary Inspection,Renewal Application,KID013,KID013A,KID013B,,SSRS,Adverse Action,Directed Plan of Correction
1007,1,Licensed,N,Y,Y,Y,Y,Y,N,,Y,49,6:30 AM - 6:00 PM,6:30 AM - 6:00 PM,6:30 AM - 6:00 PM,6:30 AM - 6:00 PM,6:30 AM - 6:00 PM,No Information Available,No Information Available,47.0,43.0,47.0,43.0,41.0,34.0,41.0,34.0,41.0,34.0,41.0,34.0,37.0,32.0,37.0,32.0,,,,county_21,,,,,,Change of Space/Change in Capacity,,Initial Application,Investigation,,,,Post-Preliminary Inspection,Renewal Application,KID013,KID013A,KID013B,,SSRS,,
1456,1,Licensed,N,N,N,Y,N,Y,N,,N,16,7:30 AM - 6:00 PM,7:30 AM - 6:00 PM,7:30 AM - 6:00 PM,7:30 AM - 6:00 PM,7:30 AM - 6:00 PM,No Information Available,No Information Available,,,,,,,39.0,,39.0,,39.0,,,,,,,,,county_21,,,,,,,,Initial Application,,,,,Post-Preliminary Inspection,Renewal Application,,KID013A,KID013B,,SSRS,,
95,3,Licensed,Y,N,Y,Y,N,Y,N,,Y,156,7:00 AM - 6:00 PM,7:00 AM - 6:00 PM,7:00 AM - 6:00 PM,7:00 AM - 6:00 PM,7:00 AM - 6:00 PM,No Information Available,No Information Available,,,,,,,,,35.0,18.2,35.0,18.2,35.0,18.2,35.0,18.2,,,,county_21,,,,,,,Follow-up,Initial Application,Investigation,,,,Post-Preliminary Inspection,Renewal Application,,KID013A,KID013B,,SSRS,,
63,1,Licensed,N,Y,Y,Y,Y,Y,N,,N,41,6:00 AM - 12:00 AM,6:00 AM - 12:00 AM,6:00 AM - 12:00 AM,6:00 AM - 12:00 AM,6:00 AM - 12:00 AM,No Information Available,No Information Available,47.0,43.0,47.0,43.0,47.0,43.0,43.0,41.0,43.0,41.0,43.0,41.0,43.0,32.0,37.0,32.0,37.0,32.0,,county_21,,,,,,,,Initial Application,Investigation,,,,Post-Preliminary Inspection,Renewal Application,,KID013A,KID013B,DMS,SSRS,,
369,1,Certified,N,N,N,N,N,Y,N,,,6,6:00 AM - 12:00 AM,6:00 AM - 12:00 AM,6:00 AM - 12:00 AM,6:00 AM - 12:00 AM,6:00 AM - 12:00 AM,No Information Available,No Information Available,25.0,18.0,25.0,18.0,25.0,18.0,24.0,17.0,24.0,17.0,24.0,17.0,20.0,14.0,20.0,14.0,,,,county_21,Annual Inspection,,,,,,,Initial Application,,,,,,Renewal Application,,KID013A,KID013B,,SSRS,,
1333,3,Licensed,Y,Y,Y,Y,Y,Y,N,,Y,51,other,other,other,other,other,other,No Information Available,47.0,,47.0,,47.0,,41.0,,41.0,,37.0,,37.0,32.0,37.0,32.0,37.0,32.0,,county_21,,Change of Hours,,,Change of Service,,,Initial Application,Investigation,,Monitoring (DPOC),,Post-Preliminary Inspection,Renewal Application,,KID013A,KID013B,,SSRS,,
1581,1,Certified,N,N,N,N,N,Y,N,,,6,6:00 AM - 12:00 AM,6:00 AM - 12:00 AM,6:00 AM - 12:00 AM,6:00 AM - 12:00 AM,6:00 AM - 12:00 AM,No Information Available,No Information Available,40.0,35.0,40.0,35.0,36.0,35.0,36.0,33.0,35.0,33.0,34.0,30.0,30.0,28.0,30.0,26.0,28.0,26.0,,county_21,Annual Inspection,,Change of Location,,,,Follow-up,Initial Application,Investigation,,,,,Renewal Application,,KID013A,KID013B,DMS,SSRS,,
1293,3,Licensed,N,Y,Y,Y,Y,Y,N,,Y,220,7:30 AM - 5:30 PM,7:30 AM - 5:30 PM,7:30 AM - 5:30 PM,7:30 AM - 5:30 PM,7:30 AM - 5:30 PM,No Information Available,No Information Available,60.0,60.0,60.0,60.0,53.6,53.6,51.4,51.4,51.4,51.4,51.4,51.4,,,,,,,,county_66,,,,,Change of Service,,,Initial Application,Investigation,Monitoring,Monitoring (DPOC),,Post-Preliminary Inspection,Renewal Application,,KID013A,KID013B,DMS,SSRS,,
1408,1,Licensed,N,Y,N,Y,N,Y,N,,Y,57,7:30 AM - 5:00 PM,7:30 AM - 5:00 PM,7:30 AM - 5:00 PM,7:30 AM - 5:00 PM,7:30 AM - 5:00 PM,No Information Available,No Information Available,,,,,34.0,,34.0,,34.0,,,,,,,,,,,county_21,,,,,Change of Service,,,Initial Application,,,,,Post-Preliminary Inspection,Renewal Application,,KID013A,KID013B,DMS,SSRS,,
379,3,Licensed,Y,Y,Y,Y,Y,Y,N,,Y,80,6:30 AM - 5:00 PM,6:30 AM - 5:00 PM,6:30 AM - 5:00 PM,6:30 AM - 5:00 PM,6:30 AM - 5:00 PM,other,No Information Available,47.0,43.0,47.0,43.0,47.0,43.0,47.0,43.0,47.0,43.0,47.0,43.0,37.0,32.0,37.0,32.0,37.0,32.0,,county_21,,,Change of Location,,Change of Service,,Follow-up,Initial Application,Investigation,,,,Post-Preliminary Inspection,Renewal Application,,KID013A,KID013B,,SSRS,,
1296,1,Licensed,N,Y,Y,Y,Y,Y,N,,Y,28,6:00 AM - 6:00 PM,6:00 AM - 6:00 PM,6:00 AM - 6:00 PM,6:00 AM - 6:00 PM,6:00 AM - 6:00 PM,No Information Available,No Information Available,29.0,24.0,29.0,24.0,29.0,24.0,26.0,18.0,26.0,18.0,26.0,18.0,26.0,18.0,26.0,18.0,26.0,18.0,,county_21,,,,,,,Follow-up,Initial Application,Investigation,,,,Post-Preliminary Inspection,Renewal Application,,KID013A,KID013B,,SSRS,,
77,1,Licensed,Y,Y,Y,Y,Y,Y,N,,Y,99,7:00 AM - 5:00 PM,7:00 AM - 5:00 PM,7:00 AM - 5:00 PM,7:00 AM - 5:00 PM,7:00 AM - 5:00 PM,No Information Available,No Information Available,52.0,,50.0,,48.0,,45.0,,45.0,,45.0,,,,,,,,,county_21,,,,,,Change of Space/Change in Capacity,,Initial Application,Investigation,Monitoring,Monitoring (DPOC),,Post-Preliminary Inspection,Renewal Application,,KID013A,KID013B,,SSRS,,
602,1,Licensed,Y,N,N,Y,N,Y,N,,Y,101,other,other,other,other,other,No Information Available,No Information Available,,,,,,,35.0,21.0,35.0,,,,,,,,,,,county_21,,,,,,Change of Space/Change in Capacity,,Initial Application,Investigation,,,,Post-Preliminary Inspection,Renewal Application,,KID013A,KID013B,,SSRS,,
1856,1,Licensed,N,Y,Y,Y,Y,Y,N,,Y,54,other,other,other,other,other,No Information Available,No Information Available,47.0,43.0,47.0,43.0,47.0,43.0,41.0,34.0,41.0,34.0,41.0,34.0,37.0,32.0,37.0,32.0,37.0,32.0,,county_21,,Change of Hours,Change of Location,,,Change of Space/Change in Capacity,Follow-up,Initial Application,Investigation,,,,Post-Preliminary Inspection,Renewal Application,,KID013A,KID013B,,SSRS,,
488,1,Licensed,Y,Y,Y,Y,Y,Y,N,,N,70,6:30 AM - 5:30 PM,6:30 AM - 5:30 PM,6:30 AM - 5:30 PM,6:30 AM - 5:30 PM,6:30 AM - 5:30 PM,No Information Available,No Information Available,47.0,43.0,47.0,43.0,47.0,43.0,41.0,34.0,41.0,34.0,41.0,34.0,37.0,32.0,37.0,32.0,37.0,32.0,,county_21,,,,,Change of Service,,,Initial Application,Investigation,,Monitoring (DPOC),,Post-Preliminary Inspection,Renewal Application,,KID013A,KID013B,DMS,SSRS,,
1678,3,Licensed,N,Y,Y,Y,Y,Y,N,,N,20,7:30 AM - 5:30 PM,7:30 AM - 5:30 PM,7:30 AM - 5:30 PM,7:30 AM - 5:30 PM,7:30 AM - 5:30 PM,No Information Available,No Information Available,47.0,43.0,47.0,43.0,47.0,43.0,41.0,34.0,41.0,34.0,41.0,34.0,37.0,32.0,37.0,32.0,37.0,32.0,,county_21,,,,,Change of Service,Change of Space/Change in Capacity,Follow-up,Initial Application,Investigation,,,,Post-Preliminary Inspection,Renewal Application,,KID013A,KID013B,,SSRS,,
1213,1,Licensed,Y,Y,Y,Y,Y,Y,N,,Y,92,6:00 AM - 9:00 PM,6:00 AM - 9:00 PM,6:00 AM - 9:00 PM,6:00 AM - 9:00 PM,6:00 AM - 9:00 PM,No Information Available,No Information Available,47.0,43.0,47.0,43.0,41.0,34.0,41.0,34.0,41.0,34.0,41.0,34.0,37.0,32.0,37.0,32.0,37.0,32.0,,county_21,,,,,Change of Service,Change of Space/Change in Capacity,Follow-up,Initial Application,Investigation,,,,Post-Preliminary Inspection,Renewal Application,,KID013A,KID013B,DMS,SSRS,,
262,1,Licensed,N,Y,Y,Y,Y,Y,N,,N,226,7:00 AM - 5:00 PM,7:00 AM - 5:00 PM,7:00 AM - 5:00 PM,7:00 AM - 5:00 PM,7:00 AM - 5:00 PM,No Information Available,No Information Available,73.0,,70.0,,67.0,,67.0,,63.0,,63.0,,,,,,,,,county_21,,,,,,,,Initial Application,Investigation,,,,Post-Preliminary Inspection,Renewal Application,,KID013A,KID013B,,SSRS,,
959,1,Licensed,N,Y,Y,Y,Y,Y,N,,N,78,other,other,other,other,other,other,No Information Available,45.0,41.0,45.0,41.0,45.0,41.0,39.0,32.0,39.0,32.0,35.0,30.0,35.0,30.0,35.0,30.0,35.0,30.0,,county_21,,,,,,,Follow-up,Initial Application,Investigation,,Monitoring (DPOC),,Post-Preliminary Inspection,Renewal Application,,KID013A,KID013B,DMS,SSRS,,
387,1,Licensed,N,Y,Y,Y,Y,Y,N,,Y,81,6:00 AM - 6:00 PM,6:00 AM - 6:00 PM,6:00 AM - 6:00 PM,6:00 AM - 6:00 PM,6:00 AM - 6:00 PM,No Information Available,No Information Available,29.0,24.0,29.0,24.0,29.0,24.0,26.0,18.0,26.0,18.0,26.0,18.0,26.0,18.0,26.0,18.0,26.0,18.0,,county_21,,,,,,,,Initial Application,Investigation,,,,Post-Preliminary Inspection,Renewal Application,,KID013A,KID013B,,SSRS,,
747,2,Licensed,N,Y,N,Y,N,Y,N,,N,40,other,other,other,other,No Information Available,No Information Available,No Information Available,,,,31.26,,29.85,,26.29,,24.54,,,,,,,,,,county_66,,,,,,,,Initial Application,,,,,Post-Preliminary Inspection,Renewal Application,,KID013A,KID013B,,SSRS,,
277,1,Licensed,N,N,Y,Y,N,Y,N,,N,23,other,other,other,other,other,No Information Available,No Information Available,,,,,,,,,32.44,,32.44,,32.44,,32.44,,,,,county_21,,,,,Change of Service,,,Initial Application,,,,,Post-Preliminary Inspection,Renewal Application,,KID013A,KID013B,,SSRS,,
133,1,Licensed,Y,Y,Y,Y,Y,Y,N,,Y,40,6:00 AM - 6:00 PM,6:00 AM - 6:00 PM,6:00 AM - 6:00 PM,6:00 AM - 6:00 PM,6:00 AM - 6:00 PM,No Information Available,No Information Available,47.0,43.0,45.0,41.0,43.0,39.0,41.0,37.0,41.0,37.0,41.0,37.0,39.0,35.0,37.0,33.0,35.0,31.0,,county_21,,Change of Hours,Change of Location,,Change of Service,,Follow-up,Initial Application,Investigation,Monitoring,Monitoring (DPOC),,Post-Preliminary Inspection,Renewal Application,,KID013A,KID013B,DMS,SSRS,,
1906,1,Licensed,N,Y,Y,Y,N,Y,N,,N,21,8:00 AM - 5:00 PM,8:00 AM - 5:00 PM,8:00 AM - 5:00 PM,8:00 AM - 5:00 PM,8:00 AM - 5:00 PM,No Information Available,No Information Available,,,,,,,50.0,,50.0,,50.0,,,,,,,,,county_21,,,,,Change of Service,Change of Space/Change in Capacity,,Initial Application,,,,,Post-Preliminary Inspection,Renewal Application,,KID013A,KID013B,DMS,SSRS,,
231,1,Licensed,N,Y,Y,Y,Y,Y,N,,N,28,other,other,other,other,other,other,No Information Available,50.0,25.0,50.0,25.0,45.0,25.0,40.0,25.0,40.0,25.0,35.0,25.0,30.0,25.0,30.0,25.0,,,,county_21,,,,,,,Follow-up,Initial Application,Investigation,,Monitoring (DPOC),,Post-Preliminary Inspection,Renewal Application,,KID013A,KID013B,,SSRS,,
594,1,Licensed,N,Y,N,Y,Y,Y,N,,N,94,7:00 AM - 5:30 PM,7:00 AM - 5:30 PM,7:00 AM - 5:30 PM,7:00 AM - 5:30 PM,7:00 AM - 5:30 PM,No Information Available,No Information Available,55.0,55.0,55.0,55.0,55.0,55.0,49.0,49.0,49.0,49.0,49.0,49.0,49.0,49.0,,,,,,county_21,,,,,,Change of Space/Change in Capacity,,Initial Application,Investigation,,,,Post-Preliminary Inspection,Renewal Application,,KID013A,KID013B,,SSRS,,
1642,1,Licensed,Y,Y,Y,Y,Y,Y,N,,N,111,5:30 AM - 6:30 PM,5:30 AM - 6:30 PM,5:30 AM - 6:30 PM,5:30 AM - 6:30 PM,5:30 AM - 6:30 PM,No Information Available,No Information Available,50.0,45.0,50.0,45.0,50.0,45.0,41.0,35.0,41.0,35.0,37.0,32.0,37.0,32.0,37.0,32.0,37.0,32.0,,county_21,,,,,Change of Service,,,Initial Application,Investigation,,,,Post-Preliminary Inspection,Renewal Application,,KID013A,KID013B,,SSRS,,
1569,1,Licensed,Y,Y,Y,Y,Y,Y,N,,Y,115,7:00 AM - 5:30 PM,7:00 AM - 5:30 PM,7:00 AM - 5:30 PM,7:00 AM - 5:30 PM,7:00 AM - 5:30 PM,No Information Available,No Information Available,56.6,,56.6,,53.6,,53.6,,53.6,,53.6,,,,,,,,,county_21,,,,Change of Ownership,,Change of Space/Change in Capacity,,,Investigation,,,,Post-Preliminary Inspection,Renewal Application,,KID013A,KID013B,DMS,SSRS,,
1315,1,Licensed,N,Y,Y,Y,Y,Y,N,,N,45,7:00 AM - 5:00 PM,7:00 AM - 5:00 PM,7:00 AM - 5:00 PM,7:00 AM - 5:00 PM,7:00 AM - 5:00 PM,No Information Available,No Information Available,47.0,43.0,47.0,43.0,47.0,43.0,41.0,34.0,41.0,34.0,41.0,34.0,37.0,32.0,37.0,32.0,37.0,32.0,,county_21,,,,,,,,Initial Application,Investigation,,,,Post-Preliminary Inspection,Renewal Application,,KID013A,KID013B,DMS,SSRS,,
2,1,Certified,N,N,N,N,N,Y,N,,,6,6:00 AM - 12:00 AM,6:00 AM - 12:00 AM,6:00 AM - 12:00 AM,6:00 AM - 12:00 AM,6:00 AM - 12:00 AM,No Information Available,No Information Available,31.0,20.0,29.0,17.0,27.0,15.0,25.0,15.0,25.0,15.0,25.0,15.0,25.0,15.0,25.0,15.0,25.0,15.0,,county_21,Annual Inspection,Change of Hours,,,,,Follow-up,Initial Application,,,,,,Renewal Application,,KID013A,KID013B,DMS,SSRS,,
841,1,Certified,N,N,N,N,N,Y,N,,,6,6:00 AM - 10:00 PM,6:00 AM - 10:00 PM,6:00 AM - 10:00 PM,6:00 AM - 10:00 PM,6:00 AM - 10:00 PM,No Information Available,No Information Available,46.0,43.0,46.0,43.0,46.0,43.0,46.0,43.0,46.0,43.0,46.0,,46.0,,46.0,,46.0,,,county_21,Annual Inspection,,,,,,,Initial Application,,,,,,Renewal Application,,KID013A,KID013B,,SSRS,,
1910,1,Licensed,Y,Y,Y,Y,Y,Y,N,,Y,199,6:30 AM - 6:00 PM,6:30 AM - 6:00 PM,6:30 AM - 6:00 PM,6:30 AM - 6:00 PM,6:30 AM - 6:00 PM,No Information Available,No Information Available,54.0,,54.0,,51.0,,45.0,,45.0,,45.0,,45.0,32.0,45.0,32.0,45.0,32.0,,county_21,,,,,,,Follow-up,Initial Application,Investigation,,,,Post-Preliminary Inspection,Renewal Application,,KID013A,KID013B,DMS,SSRS,,
327,3,Licensed,Y,Y,Y,Y,Y,Y,N,,Y,44,other,other,other,other,other,other,No Information Available,50.0,45.0,50.0,45.0,45.0,40.0,45.0,40.0,45.0,40.0,45.0,40.0,35.0,30.0,35.0,30.0,35.0,30.0,,county_21,,Change of Hours,,,Change of Service,Change of Space/Change in Capacity,,Initial Application,,,,,Post-Preliminary Inspection,Renewal Application,,KID013A,KID013B,DMS,SSRS,,
565,1,Certified,N,N,N,N,N,Y,N,,,6,6:00 AM - 6:00 PM,6:00 AM - 6:00 PM,6:00 AM - 6:00 PM,6:00 AM - 6:00 PM,6:00 AM - 6:00 PM,other,No Information Available,166.5,92.5,166.5,92.5,166.5,92.5,150.3,83.5,150.3,83.5,150.3,83.5,132.3,73.5,132.3,73.5,132.3,73.5,,county_21,Annual Inspection,,,,,,,Initial Application,,,,,,Renewal Application,,KID013A,KID013B,DMS,,,
1216,1,Certified,N,N,N,N,N,Y,N,,,6,other,other,other,other,other,other,other,36.0,31.0,36.0,31.0,36.0,31.0,34.0,31.0,34.0,31.0,34.0,31.0,28.0,26.0,28.0,26.0,28.0,26.0,,county_21,Annual Inspection,,,,,,Follow-up,Initial Application,Investigation,Monitoring,Monitoring (DPOC),,,Renewal Application,,KID013A,KID013B,DMS,SSRS,,
125,1,Licensed,Y,Y,Y,Y,Y,Y,N,,N,49,6:00 AM - 10:00 PM,6:00 AM - 10:00 PM,6:00 AM - 10:00 PM,6:00 AM - 10:00 PM,6:00 AM - 10:00 PM,No Information Available,No Information Available,50.0,45.0,50.0,45.0,50.0,45.0,43.0,37.0,43.0,37.0,43.0,37.0,40.0,35.0,40.0,35.0,40.0,35.0,,county_21,,,,,Change of Service,Change of Space/Change in Capacity,,Initial Application,,,,,Post-Preliminary Inspection,Renewal Application,,KID013A,KID013B,DMS,SSRS,,
963,1,Certified,N,N,N,N,N,Y,N,,,6,7:00 AM - 6:00 PM,7:00 AM - 6:00 PM,7:00 AM - 6:00 PM,7:00 AM - 6:00 PM,7:00 AM - 6:00 PM,No Information Available,No Information Available,35.0,35.0,35.0,35.0,35.0,35.0,30.0,30.0,30.0,30.0,30.0,30.0,20.0,20.0,20.0,20.0,20.0,20.0,,county_21,Annual Inspection,,,,,,,Initial Application,Investigation,,,,,Renewal Application,,KID013A,KID013B,,SSRS,,
359,1,Certified,N,N,N,N,N,Y,N,,,6,6:00 AM - 6:00 PM,6:00 AM - 6:00 PM,6:00 AM - 6:00 PM,6:00 AM - 6:00 PM,6:00 AM - 6:00 PM,No Information Available,No Information Available,31.0,28.0,29.0,26.0,29.0,26.0,23.0,20.0,23.0,20.0,23.0,20.0,15.0,13.0,15.0,13.0,15.0,13.0,,county_21,Annual Inspection,,,,,,,Initial Application,,,,,,Renewal Application,,KID013A,KID013B,DMS,SSRS,,
1200,1,Licensed,N,Y,N,Y,Y,Y,N,,N,42,7:00 AM - 6:00 PM,7:00 AM - 6:00 PM,7:00 AM - 6:00 PM,7:00 AM - 6:00 PM,7:00 AM - 6:00 PM,No Information Available,No Information Available,47.8,54.0,45.8,52.0,43.8,49.0,41.8,47.0,41.8,47.0,,,,,,,,,,county_21,,,,,,,,Initial Application,Investigation,Monitoring,Monitoring (DPOC),,Post-Preliminary Inspection,Renewal Application,,KID013A,KID013B,,SSRS,,
788,1,Licensed,Y,N,Y,Y,N,Y,N,,N,20,6:30 AM - 5:00 PM,6:30 AM - 5:00 PM,6:30 AM - 5:00 PM,6:30 AM - 5:00 PM,6:30 AM - 5:00 PM,No Information Available,No Information Available,,,,,,,41.0,40.0,41.0,40.0,41.0,40.0,37.0,35.0,37.0,35.0,37.0,35.0,,county_21,,,,,Change of Service,,,Initial Application,,,,,Post-Preliminary Inspection,Renewal Application,,KID013A,KID013B,,SSRS,,
580,1,Licensed,N,Y,Y,Y,Y,Y,N,,Y,137,6:30 AM - 5:30 PM,6:30 AM - 5:30 PM,6:30 AM - 5:30 PM,6:30 AM - 5:30 PM,6:30 AM - 5:30 PM,No Information Available,No Information Available,56.0,,56.0,,52.4,,49.0,,49.0,,49.0,,,,,,,,,county_66,,,,Change of Ownership,,,,,Investigation,,,,Post-Preliminary Inspection,Renewal Application,,KID013A,KID013B,,SSRS,,
1312,1,Certified,N,N,N,N,N,Y,N,,,6,7:00 AM - 5:00 PM,7:00 AM - 5:00 PM,7:00 AM - 5:00 PM,7:00 AM - 5:00 PM,7:00 AM - 5:00 PM,No Information Available,No Information Available,20.0,20.0,20.0,20.0,20.0,20.0,30.0,15.0,30.0,15.0,30.0,15.0,28.0,20.0,28.0,20.0,28.0,20.0,,county_21,Annual Inspection,,,,,,,Initial Application,,,,,,Renewal Application,,KID013A,KID013B,DMS,SSRS,,
935,1,Certified,N,N,N,N,N,Y,N,,,6,7:00 AM - 5:00 PM,7:00 AM - 5:00 PM,7:00 AM - 5:00 PM,7:00 AM - 5:00 PM,7:00 AM - 5:00 PM,No Information Available,No Information Available,38.0,29.0,38.0,29.0,38.0,29.0,38.0,29.0,38.0,29.0,38.0,29.0,38.0,29.0,38.0,29.0,38.0,29.0,,county_21,Annual Inspection,,,,,,,Initial Application,,,,,,Renewal Application,,KID013A,KID013B,,SSRS,,
143,1,Licensed,N,Y,Y,Y,Y,Y,N,,Y,87,6:30 AM - 6:00 PM,6:30 AM - 6:00 PM,6:30 AM - 6:00 PM,6:30 AM - 6:00 PM,6:30 AM - 6:00 PM,No Information Available,No Information Available,53.0,50.0,52.0,50.0,52.0,50.0,51.0,45.0,49.0,45.0,49.0,45.0,,,,,,,,county_21,,,,,Change of Service,,Follow-up,Initial Application,Investigation,,,,Post-Preliminary Inspection,Renewal Application,,KID013A,KID013B,DMS,SSRS,,
185,1,Licensed,Y,Y,Y,Y,Y,Y,N,,N,38,6:00 AM - 6:00 AM,6:00 AM - 6:00 AM,6:00 AM - 6:00 AM,6:00 AM - 6:00 AM,6:00 AM - 6:00 AM,No Information Available,No Information Available,47.0,43.0,47.0,43.0,47.0,43.0,41.0,34.0,41.0,34.0,41.0,34.0,37.0,32.0,37.0,32.0,37.0,32.0,,county_21,,,,,,,,Initial Application,Investigation,,,,Post-Preliminary Inspection,Renewal Application,,KID013A,KID013B,DMS,SSRS,,
631,1,Certified,N,N,N,N,N,Y,N,,,6,other,other,other,other,other,No Information Available,No Information Available,36.0,31.0,36.0,31.0,36.0,31.0,34.0,31.0,34.0,31.0,34.0,31.0,28.0,25.0,28.0,25.0,28.0,25.0,,county_21,Annual Inspection,,,,Change of Service,,,Initial Application,,,,other,,Renewal Application,,KID013A,KID013B,,SSRS,,
1363,1,Certified,N,N,N,N,N,Y,N,,,6,6:00 AM - 11:30 PM,6:00 AM - 11:30 PM,6:00 AM - 11:30 PM,6:00 AM - 11:30 PM,6:00 AM - 11:30 PM,No Information Available,No Information Available,36.0,31.0,36.0,31.0,36.0,31.0,34.0,31.0,34.0,31.0,34.0,31.0,28.0,26.0,28.0,26.0,28.0,26.0,,county_21,Annual Inspection,Change of Hours,,,,,,Initial Application,Investigation,,,,,Renewal Application,,KID013A,KID013B,DMS,SSRS,,
1599,3,Licensed,Y,N,Y,N,N,Y,N,,N,75,7:00 AM - 6:00 PM,7:00 AM - 6:00 PM,7:00 AM - 6:00 PM,7:00 AM - 6:00 PM,7:00 AM - 6:00 PM,No Information Available,No Information Available,,,,,,,,,35.0,18.2,35.0,18.2,,,35.0,18.2,35.0,18.2,,county_21,,,,,,,,Initial Application,,,,,Post-Preliminary Inspection,Renewal Application,,KID013A,KID013B,,SSRS,,
297,1,Licensed,Y,Y,Y,Y,Y,Y,N,,N,49,other,other,other,other,other,other,No Information Available,47.0,43.0,47.0,43.0,47.0,43.0,41.0,34.0,41.0,34.0,41.0,34.0,37.0,32.0,37.0,32.0,37.0,32.0,,county_21,,Change of Hours,,,Change of Service,,,Initial Application,Investigation,,,,Post-Preliminary Inspection,Renewal Application,,KID013A,KID013B,,SSRS,,
1563,5,Licensed,Y,N,Y,Y,N,Y,N,,N,15,7:00 AM - 5:30 PM,7:00 AM - 5:30 PM,7:00 AM - 5:30 PM,7:00 AM - 5:30 PM,7:00 AM - 5:30 PM,No Information Available,No Information Available,,,,,,,50.0,25.0,50.0,25.0,50.0,25.0,45.0,25.0,45.0,25.0,45.0,25.0,,county_21,,,,,,,,Initial Application,,,,,Post-Preliminary Inspection,Renewal Application,,KID013A,KID013B,DMS,SSRS,,
13,1,Certified,N,N,N,N,N,Y,N,,,6,other,other,other,other,other,No Information Available,No Information Available,,,36.0,,36.0,,34.0,,34.0,,34.0,,,,,,,,,county_21,Annual Inspection,,,,,,,Initial Application,Investigation,,,,,Renewal Application,,KID013A,KID013B,DMS,SSRS,,
220,1,Licensed,N,Y,Y,Y,Y,Y,N,,N,134,7:30 AM - 5:00 PM,7:30 AM - 5:00 PM,7:30 AM - 5:00 PM,7:30 AM - 5:00 PM,7:30 AM - 5:00 PM,No Information Available,No Information Available,70.0,,65.0,,60.0,,55.0,,55.0,,50.0,,50.0,,50.0,,50.0,,,county_21,,,,,Change of Service,Change of Space/Change in Capacity,,Initial Application,Investigation,,,,Post-Preliminary Inspection,Renewal Application,,KID013A,KID013B,,SSRS,,
1521,1,Licensed,N,Y,Y,Y,Y,Y,N,,N,40,7:30 AM - 5:00 PM,7:30 AM - 5:00 PM,7:30 AM - 5:00 PM,7:30 AM - 5:00 PM,7:30 AM - 5:00 PM,No Information Available,No Information Available,48.0,30.0,46.0,28.0,46.0,28.0,44.0,27.0,44.0,27.0,44.0,27.0,,,,,,,,county_21,,,Change of Location,,Change of Service,,,Initial Application,Investigation,,,,Post-Preliminary Inspection,Renewal Application,,KID013A,KID013B,,SSRS,,
1502,1,Licensed,N,N,N,Y,N,,N,,N,18,7:30 AM - 5:30 PM,7:30 AM - 5:30 PM,7:30 AM - 5:30 PM,7:30 AM - 5:30 PM,7:30 AM - 5:30 PM,No Information Available,No Information Available,,,,,,,,,,,,,,,,,,,,county_21,,,,,,Change of Space/Change in Capacity,,Initial Application,,,,,Post-Preliminary Inspection,Renewal Application,,KID013A,KID013B,DMS,SSRS,,
284,1,Licensed,N,Y,Y,Y,Y,Y,N,,N,35,other,other,other,other,other,other,No Information Available,47.0,43.0,47.0,43.0,47.0,43.0,41.0,34.0,41.0,34.0,41.0,34.0,37.0,32.0,37.0,32.0,37.0,32.0,,county_21,,,,,,,Follow-up,Initial Application,Investigation,,,,Post-Preliminary Inspection,Renewal Application,,KID013A,KID013B,,SSRS,,
1032,1,Licensed,N,Y,N,Y,N,,N,,N,100,other,other,other,other,other,No Information Available,No Information Available,,,,,,,,,,,,,,,,,,,,county_21,,,,,,,,Initial Application,Investigation,,,,Post-Preliminary Inspection,Renewal Application,,KID013A,KID013B,,SSRS,,
1385,1,Certified,N,N,N,N,N,Y,N,,,6,6:00 AM - 12:00 AM,6:00 AM - 12:00 AM,6:00 AM - 12:00 AM,6:00 AM - 12:00 AM,6:00 AM - 12:00 AM,No Information Available,No Information Available,36.0,31.0,36.0,31.0,36.0,31.0,34.0,31.0,34.0,31.0,34.0,31.0,,,,,,,On-going,county_21,Annual Inspection,,Change of Location,,,,,Initial Application,Investigation,Monitoring,Monitoring (DPOC),,,Renewal Application,,KID013A,KID013B,,SSRS,Adverse Action,
1536,1,Licensed,N,Y,N,Y,N,Y,N,,N,13,6:00 AM - 6:00 PM,6:00 AM - 6:00 PM,6:00 AM - 6:00 PM,6:00 AM - 6:00 PM,6:00 AM - 6:00 PM,No Information Available,No Information Available,,,45.0,40.0,45.0,40.0,45.0,40.0,45.0,40.0,39.0,34.0,,,,,,,,county_21,,,,,,,Follow-up,Initial Application,,,,,Post-Preliminary Inspection,Renewal Application,,KID013A,KID013B,,SSRS,,
76,1,Licensed,N,Y,Y,Y,Y,Y,N,,N,39,other,other,other,other,other,other,No Information Available,75.0,65.0,75.0,65.0,65.0,55.0,65.0,55.0,65.0,55.0,55.0,50.0,60.0,55.0,60.0,55.0,60.0,55.0,,county_21,,,,,,,,Initial Application,Investigation,,,other,Post-Preliminary Inspection,Renewal Application,,KID013A,KID013B,,SSRS,,
755,1,Certified,N,N,N,N,N,Y,N,,,6,other,other,other,other,other,other,other,,,25.0,20.0,22.0,18.0,22.0,18.0,25.0,20.0,22.0,18.0,20.0,15.0,20.0,15.0,20.0,15.0,,county_21,Annual Inspection,,,,,,,Initial Application,,,,,,Renewal Application,,KID013A,KID013B,DMS,SSRS,,
383,1,Certified,N,N,N,N,N,Y,N,,,6,other,other,other,other,other,No Information Available,No Information Available,36.0,31.0,34.0,30.0,32.0,28.0,34.0,31.0,32.0,31.0,32.0,28.0,28.0,26.0,28.0,26.0,25.0,26.0,,county_21,Annual Inspection,,,,,,,Initial Application,,,,,,Renewal Application,,KID013A,KID013B,,SSRS,,
425,1,Licensed,N,Y,N,Y,Y,Y,N,,N,73,7:00 AM - 5:30 PM,7:00 AM - 5:30 PM,7:00 AM - 5:30 PM,7:00 AM - 5:30 PM,7:00 AM - 5:30 PM,No Information Available,No Information Available,73.0,73.0,73.0,73.0,73.0,73.0,62.0,62.0,62.0,62.0,62.0,62.0,62.0,62.0,,,,,,county_21,,,,,,,,Initial Application,Investigation,,,,Post-Preliminary Inspection,Renewal Application,,KID013A,KID013B,DMS,SSRS,,
493,1,Licensed,Y,Y,Y,Y,Y,Y,N,,N,49,6:00 AM - 6:00 PM,6:00 AM - 6:00 PM,6:00 AM - 6:00 PM,6:00 AM - 6:00 PM,6:00 AM - 6:00 PM,No Information Available,No Information Available,47.0,43.0,47.0,43.0,47.0,43.0,41.0,34.0,41.0,34.0,41.0,34.0,37.0,32.0,37.0,32.0,37.0,32.0,,county_21,,,,,Change of Service,,,Initial Application,Investigation,,,,Post-Preliminary Inspection,Renewal Application,,KID013A,KID013B,,SSRS,,
479,1,Licensed,N,Y,Y,Y,Y,Y,N,,N,47,6:00 AM - 6:00 PM,6:00 AM - 6:00 PM,6:00 AM - 6:00 PM,6:00 AM - 6:00 PM,6:00 AM - 6:00 PM,No Information Available,No Information Available,47.0,43.0,47.0,43.0,47.0,43.0,41.0,34.0,41.0,34.0,41.0,34.0,37.0,32.0,37.0,32.0,37.0,32.0,,county_21,,,,,,Change of Space/Change in Capacity,,Initial Application,Investigation,,,,Post-Preliminary Inspection,Renewal Application,,KID013A,KID013B,DMS,SSRS,,
1267,1,Licensed,N,Y,Y,Y,Y,Y,N,,N,41,6:00 AM - 6:00 PM,6:00 AM - 6:00 PM,6:00 AM - 6:00 PM,6:00 AM - 6:00 PM,6:00 AM - 6:00 PM,No Information Available,No Information Available,47.0,43.0,47.0,43.0,47.0,43.0,41.0,34.0,41.0,34.0,41.0,34.0,37.0,32.0,37.0,32.0,37.0,32.0,,county_21,,,,,,,,Initial Application,Investigation,,,,Post-Preliminary Inspection,Renewal Application,,KID013A,KID013B,,SSRS,,
1104,1,Certified,N,N,N,N,N,Y,N,,,6,6:00 AM - 11:30 PM,6:00 AM - 11:30 PM,6:00 AM - 11:30 PM,6:00 AM - 11:30 PM,6:00 AM - 11:30 PM,No Information Available,No Information Available,36.0,35.0,36.0,35.0,36.0,35.0,35.0,34.0,35.0,34.0,35.0,34.0,28.0,27.0,28.0,27.0,28.0,27.0,,county_21,Annual Inspection,,,,,,,Initial Application,,,,,,Renewal Application,,KID013A,KID013B,,SSRS,,
465,1,Licensed,N,Y,Y,Y,Y,Y,Y,,N,128,7:00 AM - 6:00 PM,7:00 AM - 6:00 PM,7:00 AM - 6:00 PM,7:00 AM - 6:00 PM,7:00 AM - 6:00 PM,No Information Available,No Information Available,59.0,,59.0,,59.0,,53.0,,53.0,,53.0,,75.0,44.0,75.0,44.0,75.0,44.0,,county_21,,,,,Change of Service,Change of Space/Change in Capacity,,Initial Application,Investigation,Monitoring,,,Post-Preliminary Inspection,Renewal Application,,KID013A,KID013B,DMS,SSRS,,
406,1,Certified,N,N,N,N,N,Y,N,,,6,6:00 AM - 6:00 PM,6:00 AM - 6:00 PM,6:00 AM - 6:00 PM,6:00 AM - 6:00 PM,6:00 AM - 6:00 PM,No Information Available,No Information Available,36.0,31.0,36.0,31.0,36.0,31.0,34.0,31.0,34.0,31.0,34.0,31.0,28.0,26.0,28.0,26.0,28.0,26.0,,county_21,Annual Inspection,,,,,,,Initial Application,,,,,,Renewal Application,,KID013A,KID013B,DMS,SSRS,,
894,3,Licensed,Y,N,Y,N,N,Y,N,,Y,158,7:00 AM - 6:00 PM,7:00 AM - 6:00 PM,7:00 AM - 6:00 PM,7:00 AM - 6:00 PM,7:00 AM - 6:00 PM,No Information Available,No Information Available,,,,,,,,,35.0,18.2,35.0,18.2,,,35.0,18.2,35.0,18.2,,county_21,,,,,,,,Initial Application,Investigation,,,,Post-Preliminary Inspection,Renewal Application,,KID013A,KID013B,,,,
778,3,Licensed,Y,N,Y,N,N,Y,N,,N,120,7:00 AM - 6:00 PM,7:00 AM - 6:00 PM,7:00 AM - 6:00 PM,7:00 AM - 6:00 PM,7:00 AM - 6:00 PM,No Information Available,No Information Available,,,,,,,,,35.0,18.2,35.0,18.2,,,35.0,18.2,35.0,18.2,,county_21,,,,,,Change of Space/Change in Capacity,,Initial Application,,,,,Post-Preliminary Inspection,Renewal Application,,KID013A,KID013B,,,,
639,3,Licensed,Y,N,Y,N,N,Y,N,,Y,120,7:00 AM - 6:00 PM,7:00 AM - 6:00 PM,7:00 AM - 6:00 PM,7:00 AM - 6:00 PM,7:00 AM - 6:00 PM,No Information Available,No Information Available,,,,,,,,,35.0,18.2,35.0,18.2,,,35.0,18.2,35.0,18.2,,county_21,,,,,,,,Initial Application,,,,,Post-Preliminary Inspection,Renewal Application,,KID013A,KID013B,,SSRS,,
1562,1,Licensed,N,N,N,Y,N,,N,,N,100,other,other,other,other,other,No Information Available,No Information Available,,,,,,,,,,,,,,,,,,,,county_21,,,,,,Change of Space/Change in Capacity,,Initial Application,,,,,Post-Preliminary Inspection,Renewal Application,,KID013A,KID013B,,SSRS,,
1512,1,Licensed,N,Y,Y,Y,Y,Y,N,,N,32,other,other,other,other,other,other,other,80.0,65.0,80.0,65.0,80.0,65.0,80.0,65.0,80.0,65.0,80.0,65.0,65.0,55.0,65.0,55.0,65.0,55.0,,county_21,,,,,,,,Initial Application,Investigation,,,other,Post-Preliminary Inspection,Renewal Application,,KID013A,KID013B,,SSRS,,
895,1,Certified,N,N,N,N,N,Y,N,,,6,other,other,other,other,other,No Information Available,No Information Available,36.0,32.0,36.0,32.0,34.0,31.0,34.0,31.0,34.0,31.0,34.0,31.0,30.0,28.0,30.0,28.0,30.0,28.0,,county_21,Annual Inspection,,,,,,,Initial Application,,,,,,Renewal Application,,KID013A,KID013B,,SSRS,,
1179,1,Licensed,N,Y,N,Y,N,Y,N,,N,113,7:30 AM - 5:00 PM,7:30 AM - 5:00 PM,7:30 AM - 5:00 PM,7:30 AM - 5:00 PM,7:30 AM - 5:00 PM,No Information Available,No Information Available,47.0,30.0,47.0,30.0,47.0,30.0,41.0,30.0,41.0,30.0,,,,,,,,,,county_21,,,,,,Change of Space/Change in Capacity,,Initial Application,Investigation,,,,Post-Preliminary Inspection,Renewal Application,,,KID013B,,SSRS,,
115,1,Licensed,N,Y,Y,Y,Y,Y,N,,N,76,6:00 AM - 6:00 PM,6:00 AM - 6:00 PM,6:00 AM - 6:00 PM,6:00 AM - 6:00 PM,6:00 AM - 6:00 PM,No Information Available,No Information Available,50.0,45.0,50.0,45.0,48.0,45.0,46.0,40.0,45.0,40.0,45.0,40.0,38.0,17.0,38.0,17.0,,,,county_66,,,,,,,,Initial Application,Investigation,,,,Post-Preliminary Inspection,Renewal Application,,,KID013B,DMS,SSRS,,
1261,1,Certified,N,N,N,N,N,Y,N,,,6,6:00 AM - 6:00 PM,6:00 AM - 6:00 PM,6:00 AM - 6:00 PM,6:00 AM - 6:00 PM,6:00 AM - 6:00 PM,6:00 AM - 6:00 PM,6:00 AM - 6:00 PM,30.0,,30.0,,30.0,,30.0,,30.0,,30.0,,30.0,,30.0,,30.0,,,county_21,Annual Inspection,Change of Hours,,,,,,Initial Application,,,,,,,,,KID013B,,,,
1763,1,Certified,,,,,,Y,N,,,6,6:30 AM - 5:30 PM,6:30 AM - 5:30 PM,6:30 AM - 5:30 PM,6:30 AM - 5:30 PM,6:30 AM - 5:30 PM,No Information Available,No Information Available,36.0,31.0,36.0,31.0,36.0,31.0,34.0,31.0,34.0,31.0,34.0,31.0,28.0,26.0,28.0,26.0,28.0,26.0,,county_21,Annual Inspection,Change of Hours,,,Change of Service,,,Initial Application,,,,,,,,,KID013B,,SSRS,,
216,1,Licensed,Y,N,Y,N,N,Y,N,,N,69,2:00 PM - 6:00 PM,2:00 PM - 6:00 PM,2:00 PM - 6:00 PM,2:00 PM - 6:00 PM,2:00 PM - 6:00 PM,No Information Available,No Information Available,,,,,,,,,,,,,75.0,32.0,75.0,32.0,,,,county_21,,,,,,,,Initial Application,,,,,Post-Preliminary Inspection,Renewal Application,,,KID013B,,SSRS,,
477,1,Licensed,N,Y,Y,Y,Y,Y,N,,N,57,6:00 AM - 6:00 PM,6:00 AM - 6:00 PM,6:00 AM - 6:00 PM,6:00 AM - 6:00 PM,6:00 AM - 6:00 PM,No Information Available,No Information Available,47.0,43.0,47.0,43.0,47.0,43.0,41.0,34.0,41.0,34.0,37.0,32.0,,,,,,,,county_21,,,,,,,,Initial Application,Investigation,,,,Post-Preliminary Inspection,Renewal Application,,,KID013B,,SSRS,,
300,1,Licensed,N,Y,Y,Y,Y,Y,N,,N,34,7:00 AM - 6:00 PM,7:00 AM - 6:00 PM,7:00 AM - 6:00 PM,7:00 AM - 6:00 PM,7:00 AM - 6:00 PM,No Information Available,No Information Available,48.0,43.0,48.0,43.0,48.0,43.0,42.0,37.0,42.0,37.0,42.0,37.0,42.0,35.0,42.0,35.0,42.0,35.0,,county_21,,,,,,,Follow-up,Initial Application,Investigation,,,,Post-Preliminary Inspection,,,,KID013B,,SSRS,,
527,1,Licensed,N,Y,Y,Y,Y,Y,N,,N,186,6:30 AM - 6:00 PM,6:30 AM - 6:00 PM,6:30 AM - 6:00 PM,6:30 AM - 6:00 PM,6:30 AM - 6:00 PM,No Information Available,No Information Available,84.0,,80.0,,77.0,,75.0,,75.0,,,,,,,,,,,county_21,,,,,Change of Service,Change of Space/Change in Capacity,,Initial Application,,,,,Post-Preliminary Inspection,,,,KID013B,,SSRS,,
1086,1,Licensed,N,Y,Y,Y,Y,Y,N,,N,115,7:00 AM - 6:00 PM,7:00 AM - 6:00 PM,7:00 AM - 6:00 PM,7:00 AM - 6:00 PM,7:00 AM - 6:00 PM,No Information Available,No Information Available,104.98,,99.89,,93.07,,87.98,,87.98,,87.98,,,,,,,,,county_21,,,,,,Change of Space/Change in Capacity,,Initial Application,,,,,Post-Preliminary Inspection,,,,KID013B,,SSRS,,
270,1,Licensed,N,Y,N,Y,Y,,N,,N,35,7:00 AM - 6:00 PM,7:00 AM - 6:00 PM,7:00 AM - 6:00 PM,7:00 AM - 6:00 PM,7:00 AM - 6:00 PM,No Information Available,No Information Available,,,,,,,,,,,,,,,,,,,,county_21,,,,,,,,Initial Application,,,,,Post-Preliminary Inspection,,,,KID013B,,SSRS,,
215,1,Licensed,N,Y,Y,Y,Y,Y,N,,N,72,6:30 AM - 6:00 PM,6:30 AM - 6:00 PM,6:30 AM - 6:00 PM,6:30 AM - 6:00 PM,6:30 AM - 6:00 PM,No Information Available,No Information Available,48.0,,48.0,,48.0,,46.0,,46.0,,46.0,,43.0,,43.0,,,,,county_21,,,,,,Change of Space/Change in Capacity,,Initial Application,Investigation,,,,Post-Preliminary Inspection,,,,KID013B,,SSRS,,
434,1,Licensed,N,Y,Y,Y,Y,Y,N,,N,40,5:30 AM - 12:00 AM,5:30 AM - 12:00 AM,5:30 AM - 12:00 AM,5:30 AM - 12:00 AM,5:30 AM - 12:00 AM,No Information Available,No Information Available,60.0,45.0,55.0,40.0,51.0,40.0,48.0,40.0,48.0,40.0,48.0,40.0,40.0,30.0,40.0,30.0,40.0,30.0,,county_21,,,,,,,,Initial Application,,,,,Post-Preliminary Inspection,,,,KID013B,,SSRS,,
1822,1,Licensed,N,Y,N,Y,Y,Y,N,,N,215,6:30 AM - 6:00 PM,6:30 AM - 6:00 PM,6:30 AM - 6:00 PM,6:30 AM - 6:00 PM,6:30 AM - 6:00 PM,No Information Available,No Information Available,70.0,35.0,66.0,33.0,64.0,32.0,61.0,30.5,59.0,29.5,59.0,29.5,,,,,,,,county_21,,,,Change of Ownership,Change of Service,,,,,,,,Post-Preliminary Inspection,,,,KID013B,,SSRS,,
1221,1,Licensed,N,Y,N,Y,Y,Y,N,,N,122,6:30 AM - 6:00 PM,6:30 AM - 6:00 PM,6:30 AM - 6:00 PM,6:30 AM - 6:00 PM,6:30 AM - 6:00 PM,No Information Available,No Information Available,61.2,30.6,59.2,29.6,57.2,28.6,55.2,27.6,54.0,27.0,54.0,27.0,,,,,,,,county_21,,,,Change of Ownership,Change of Service,,,,,,,,Post-Preliminary Inspection,,,,KID013B,,SSRS,,
1229,1,Licensed,Y,Y,Y,Y,Y,Y,N,,Y,49,other,other,other,other,other,No Information Available,No Information Available,47.0,43.0,47.0,43.0,47.0,43.0,41.0,34.0,41.0,34.0,41.0,34.0,37.0,32.0,37.0,32.0,,,,county_21,,,,,,,,Initial Application,,,,,Post-Preliminary Inspection,,,,KID013B,,SSRS,,
1016,1,Licensed,N,Y,Y,Y,Y,Y,N,,N,80,6:00 AM - 6:00 PM,6:00 AM - 6:00 PM,6:00 AM - 6:00 PM,6:00 AM - 6:00 PM,6:00 AM - 6:00 PM,No Information Available,No Information Available,47.0,,47.0,,47.0,,41.0,,41.0,,41.0,,37.0,32.0,37.0,32.0,37.0,32.0,,county_21,,,,Change of Ownership,,,,,,,,,Post-Preliminary Inspection,,,,KID013B,,SSRS,,
1210,1,Licensed,N,Y,Y,Y,Y,Y,N,,Y,65,6:00 AM - 6:00 PM,6:00 AM - 6:00 PM,6:00 AM - 6:00 PM,6:00 AM - 6:00 PM,6:00 AM - 6:00 PM,No Information Available,No Information Available,47.0,,47.0,,47.0,,41.0,,41.0,,41.0,,37.0,32.0,37.0,32.0,37.0,32.0,,county_21,,,,Change of Ownership,,,,,,,,,Post-Preliminary Inspection,,,,KID013B,,SSRS,,
293,1,Licensed,Y,N,Y,N,N,Y,N,Y,N,75,7:00 AM - 5:15 PM,7:00 AM - 5:15 PM,7:00 AM - 5:15 PM,7:00 AM - 5:15 PM,7:00 AM - 5:15 PM,No Information Available,No Information Available,,,,,,,,,,,53.0,53.0,53.0,53.0,53.0,53.0,53.0,53.0,,county_21,,,,Change of Ownership,,,,,,,,,Post-Preliminary Inspection,,,,KID013B,DMS,SSRS,,
687,1,Licensed,N,Y,Y,Y,Y,Y,N,,N,39,7:00 AM - 5:30 PM,7:00 AM - 5:30 PM,7:00 AM - 5:30 PM,7:00 AM - 5:30 PM,7:00 AM - 5:30 PM,No Information Available,No Information Available,51.0,35.0,50.0,35.0,48.0,35.0,46.0,30.0,46.0,27.0,46.0,27.0,,,,,,,,county_21,,,,,,,,Initial Application,,,,,Post-Preliminary Inspection,,,,KID013B,,SSRS,,
450,1,Licensed,N,Y,Y,Y,N,,N,,N,19,other,other,other,other,other,other,No Information Available,70.0,50.0,70.0,50.0,70.0,50.0,70.0,50.0,70.0,50.0,70.0,50.0,55.0,45.0,55.0,45.0,55.0,45.0,,county_21,,,,,,,,Initial Application,,,,,,,,,KID013B,DMS,,,
1435,5,Licensed,Y,Y,N,Y,Y,N,N,,Y,99,8:00 AM - 4:00 PM,8:00 AM - 4:00 PM,8:00 AM - 4:00 PM,8:00 AM - 4:00 PM,No Information Available,No Information Available,No Information Available,,,,,,,,,,,,,,,,,,,,county_25,,,,,Change of Service,Change of Space/Change in Capacity,,,Investigation,,,,,Renewal Application,KID013,KID013A,KID013B,,SSRS,,
887,1,Licensed,Y,Y,Y,Y,Y,Y,N,N,Y,87,7:00 AM - 4:30 PM,7:00 AM - 4:30 PM,7:00 AM - 4:30 PM,7:00 AM - 4:30 PM,7:00 AM - 4:30 PM,No Information Available,No Information Available,31.0,,31.0,,31.0,,28.0,,28.0,,28.0,,28.0,15.0,28.0,15.0,,,,county_15,,,,,,Change of Space/Change in Capacity,Follow-up,,Investigation,,Monitoring (DPOC),,,Renewal Application,KID013,KID013A,KID013B,,SSRS,,
633,1,Licensed,N,N,Y,N,N,Y,N,,Y,100,2:45 PM - 6:00 PM,2:45 PM - 6:00 PM,2:45 PM - 6:00 PM,2:45 PM - 6:00 PM,2:45 PM - 6:00 PM,No Information Available,No Information Available,,,,,,,,,,,35.0,15.5,35.0,15.5,35.0,15.5,,,,county_25,,,,,,Change of Space/Change in Capacity,,Initial Application,Investigation,,,,,Renewal Application,KID013,KID013A,KID013B,,SSRS,,
367,2,Licensed,N,N,Y,N,N,Y,N,,Y,100,7:00 AM - 6:00 PM,7:00 AM - 6:00 PM,7:00 AM - 6:00 PM,7:00 AM - 6:00 PM,7:00 AM - 6:00 PM,No Information Available,No Information Available,,,,,,,,,28.0,13.0,28.0,13.0,28.0,13.0,28.0,13.0,28.0,13.0,,county_15,,,,,,,,Initial Application,Investigation,,,,Post-Preliminary Inspection,Renewal Application,,KID013A,KID013B,,SSRS,,
362,1,Certified,N,N,N,N,N,Y,N,,,6,6:30 AM - 6:00 PM,6:30 AM - 6:00 PM,6:30 AM - 6:00 PM,6:30 AM - 6:00 PM,6:30 AM - 6:00 PM,No Information Available,No Information Available,,,,,,,37.0,31.0,37.0,31.0,37.0,31.0,,,,,,,,county_25,Annual Inspection,,,,,,,Initial Application,,,,,,Renewal Application,,KID013A,KID013B,,SSRS,,
1412,4,Licensed,N,Y,N,Y,N,Y,Y,N,Y,67,other,other,other,other,other,No Information Available,No Information Available,,,28.0,,28.0,,25.0,22.0,25.0,22.0,,,,,,,,,On-going | On-going,county_39,,,,,,Change of Space/Change in Capacity,,,Investigation,Monitoring,Monitoring (DPOC),,,Renewal Application,KID013,KID013A,KID013B,,SSRS,Adverse Action,Directed Plan of Correction
532,4,Licensed,N,Y,N,Y,Y,Y,N,N,N,25,other,other,other,other,other,No Information Available,No Information Available,25.0,14.0,25.0,14.0,25.0,14.0,32.2,12.0,32.2,12.0,32.2,12.0,,,,,,,,county_72,,,,,Change of Service,Change of Space/Change in Capacity,,,Investigation,,,,,Renewal Application,KID013,KID013A,KID013B,,SSRS,,
953,1,Licensed,N,N,Y,N,N,Y,N,N,Y,60,2:45 PM - 6:00 PM,2:45 PM - 6:00 PM,2:45 PM - 6:00 PM,2:45 PM - 6:00 PM,2:45 PM - 6:00 PM,No Information Available,No Information Available,,,,,,,,,,,,,,5.0,,5.0,,,,county_39,,,,,,Change of Space/Change in Capacity,,,,,,,,Renewal Application,KID013,KID013A,KID013B,DMS,SSRS,,
1163,5,Licensed,N,Y,N,Y,N,N,N,N,Y,40,7:30 AM - 4:00 PM,7:30 AM - 4:00 PM,7:30 AM - 4:00 PM,7:30 AM - 4:00 PM,7:30 AM - 4:00 PM,No Information Available,No Information Available,,,,,,,,,,,,,,,,,,,,county_72,,,,,,Change of Space/Change in Capacity,Follow-up,,Investigation,,,,,Renewal Application,KID013,KID013A,KID013B,,SSRS,,
726,1,Licensed,N,Y,Y,Y,Y,Y,N,N,N,83,other,other,other,other,other,No Information Available,No Information Available,25.0,,25.0,,25.0,,25.0,,25.0,,25.0,,25.0,,,,,,,county_72,,,,,,,Follow-up,,Investigation,,,,,Renewal Application,KID013,KID013A,KID013B,DMS,SSRS,,
190,2,Licensed,N,Y,Y,Y,Y,Y,N,,N,58,7:30 AM - 5:00 PM,7:30 AM - 5:00 PM,7:30 AM - 5:00 PM,7:30 AM - 5:00 PM,7:30 AM - 5:00 PM,No Information Available,No Information Available,28.0,28.0,28.0,28.0,28.0,28.0,28.0,28.0,28.0,28.0,28.0,28.0,28.0,27.0,28.0,27.0,28.0,27.0,,county_72,,,Change of Location,,Change of Service,Change of Space/Change in Capacity,Follow-up,Initial Application,Investigation,,,,,Renewal Application,KID013,KID013A,KID013B,DMS,SSRS,,
1779,3,Licensed,N,Y,Y,Y,N,Y,N,,Y,49,7:30 AM - 5:30 PM,7:30 AM - 5:30 PM,7:30 AM - 5:30 PM,7:30 AM - 5:30 PM,7:30 AM - 5:30 PM,No Information Available,No Information Available,,,25.0,,24.0,,24.0,,23.0,,23.0,,18.0,7.0,18.0,7.0,,,,county_39,,,Change of Location,,Change of Service,,Follow-up,Initial Application,Investigation,,,,Post-Preliminary Inspection,Renewal Application,KID013,KID013A,KID013B,,SSRS,,
29,4,Licensed,N,Y,Y,Y,Y,Y,N,,Y,60,7:00 AM - 5:30 PM,7:00 AM - 5:30 PM,7:00 AM - 5:30 PM,7:00 AM - 5:30 PM,7:00 AM - 5:30 PM,No Information Available,No Information Available,29.0,29.0,29.0,29.0,28.0,28.0,27.0,27.0,27.0,27.0,27.0,27.0,27.0,27.0,27.0,27.0,,,,county_39,,,,,Change of Service,Change of Space/Change in Capacity,Follow-up,Initial Application,Investigation,,,,Post-Preliminary Inspection,Renewal Application,KID013,KID013A,KID013B,,SSRS,,
478,4,Licensed,N,N,N,Y,N,Y,N,,N,23,other,other,other,other,other,other,other,,,,,,,28.57,,28.57,,,,,,,,,,,county_72,,,Change of Location,,,Change of Space/Change in Capacity,,Initial Application,,,,,Post-Preliminary Inspection,Renewal Application,KID013,KID013A,KID013B,,SSRS,,
819,3,Licensed,N,Y,Y,Y,Y,Y,N,,Y,21,7:15 AM - 5:30 PM,7:15 AM - 5:30 PM,7:15 AM - 5:30 PM,7:15 AM - 5:30 PM,7:15 AM - 5:30 PM,No Information Available,No Information Available,28.0,28.0,28.0,28.0,28.0,28.0,28.0,28.0,28.0,28.0,28.0,28.0,28.0,26.0,28.0,26.0,,,,county_72,,,,,Change of Service,Change of Space/Change in Capacity,,Initial Application,Investigation,,,,Post-Preliminary Inspection,Renewal Application,,KID013A,KID013B,,SSRS,,
1620,3,Licensed,N,Y,N,Y,Y,Y,N,,N,58,7:00 AM - 5:30 PM,7:00 AM - 5:30 PM,7:00 AM - 5:30 PM,7:00 AM - 5:30 PM,other,No Information Available,No Information Available,29.0,29.0,29.0,29.0,28.0,28.0,27.0,27.0,27.0,27.0,27.0,27.0,27.0,27.0,27.0,27.0,,,,county_39,,,,,,,,Initial Application,,,,,Post-Preliminary Inspection,Renewal Application,,KID013A,KID013B,,SSRS,,
292,3,Licensed,N,Y,Y,Y,Y,Y,N,,N,46,6:45 AM - 5:15 PM,6:45 AM - 5:15 PM,6:45 AM - 5:15 PM,6:45 AM - 5:15 PM,6:45 AM - 5:15 PM,No Information Available,No Information Available,28.0,28.0,28.0,28.0,28.0,28.0,28.0,28.0,28.0,28.0,28.0,28.0,,,,,,,,county_70,,,,,Change of Service,Change of Space/Change in Capacity,,Initial Application,Investigation,,,,Post-Preliminary Inspection,Renewal Application,,KID013A,KID013B,,SSRS,,
221,1,Licensed,N,Y,N,Y,Y,Y,N,,N,70,7:00 AM - 5:30 PM,7:00 AM - 5:30 PM,7:00 AM - 5:30 PM,7:00 AM - 5:30 PM,7:00 AM - 5:30 PM,No Information Available,No Information Available,29.0,29.0,29.0,29.0,27.0,27.0,27.0,27.0,26.0,26.0,26.0,26.0,,,,,,,,county_72,,,Change of Location,,,Change of Space/Change in Capacity,,Initial Application,Investigation,,,,Post-Preliminary Inspection,Renewal Application,,KID013A,KID013B,,SSRS,,
824,1,Licensed,N,N,N,Y,N,Y,N,,N,20,other,other,other,other,No Information Available,No Information Available,No Information Available,,,,,,,30.0,,30.0,,,,,,,,,,,county_72,,,,,,,,Initial Application,,,,,Post-Preliminary Inspection,,,,KID013B,,SSRS,,
704,1,Licensed,N,N,N,Y,N,Y,N,,N,20,other,other,other,other,No Information Available,No Information Available,No Information Available,,,,,,,30.0,,30.0,,,,,,,,,,,county_72,,,,,,,,Initial Application,,,,,Post-Preliminary Inspection,Renewal Application,,,KID013B,,SSRS,,
1736,1,Licensed,N,N,N,Y,N,Y,N,,N,20,other,other,other,other,No Information Available,No Information Available,No Information Available,,,,,,,30.0,,30.0,,30.0,,,,,,,,,county_72,,,,,,,,Initial Application,,,,,Post-Preliminary Inspection,,,,KID013B,,,,
268,1,Certified,N,N,N,N,N,Y,N,,,6,other,other,other,other,other,other,other,26.0,26.0,26.0,26.0,26.0,26.0,22.0,22.0,22.0,22.0,22.0,22.0,22.0,22.0,22.0,22.0,22.0,22.0,,county_72,,,,,,,,Initial Application,,,,,,,,,KID013B,,,,
719,3,Licensed,Y,Y,Y,Y,Y,Y,N,N,Y,218,6:30 AM - 5:30 PM,6:30 AM - 5:30 PM,6:30 AM - 5:30 PM,6:30 AM - 5:30 PM,6:30 AM - 5:30 PM,No Information Available,No Information Available,52.0,,50.0,,50.0,,63.0,40.0,63.0,40.0,63.0,40.0,46.0,,46.0,,,,,county_44,,,,,,,,,Investigation,,,,,Renewal Application,KID013,KID013A,KID013B,,SSRS,,
968,4,Licensed,N,Y,Y,Y,Y,Y,N,N,Y,163,7:00 AM - 5:30 PM,7:00 AM - 5:30 PM,7:00 AM - 5:30 PM,7:00 AM - 5:30 PM,7:00 AM - 5:30 PM,No Information Available,No Information Available,53.0,,53.0,,53.0,,46.0,,46.0,,,,,,,,,,,county_44,,,,,,,,,Investigation,,,,,Renewal Application,KID013,KID013A,KID013B,,SSRS,,
317,1,Licensed,N,N,Y,N,N,Y,N,N,N,75,2:30 PM - 6:00 PM,2:30 PM - 6:00 PM,2:30 PM - 6:00 PM,2:30 PM - 6:00 PM,2:30 PM - 6:00 PM,No Information Available,No Information Available,,,,,,,,,37.0,18.4,37.0,18.4,37.0,18.4,37.0,18.4,37.0,18.4,,county_44,,,Change of Location,,Change of Service,Change of Space/Change in Capacity,Follow-up,,Investigation,Monitoring,Monitoring (DPOC),,,Renewal Application,KID013,KID013A,KID013B,,SSRS,,
850,1,Licensed,N,N,Y,N,N,Y,N,N,N,100,2:45 PM - 6:00 PM,2:45 PM - 6:00 PM,2:45 PM - 6:00 PM,2:45 PM - 6:00 PM,2:45 PM - 6:00 PM,No Information Available,No Information Available,,,,,,,,,,,,18.4,37.0,18.4,37.0,18.4,37.0,18.4,,county_44,,,,,,Change of Space/Change in Capacity,Follow-up,,Investigation,,,,,Renewal Application,KID013,KID013A,KID013B,,SSRS,,
253,1,Licensed,N,N,Y,N,N,Y,N,N,N,80,2:45 PM - 6:00 PM,2:45 PM - 6:00 PM,2:45 PM - 6:00 PM,2:45 PM - 6:00 PM,2:45 PM - 6:00 PM,No Information Available,No Information Available,,,,,,,,,,,,,37.0,18.4,37.0,18.4,37.0,18.4,,county_44,,,,,,Change of Space/Change in Capacity,Follow-up,,Investigation,,Monitoring (DPOC),,,Renewal Application,KID013,KID013A,KID013B,,SSRS,,
1335,1,Licensed,N,Y,N,Y,Y,Y,N,N,Y,20,other,other,other,other,other,No Information Available,No Information Available,40.0,40.0,40.0,40.0,40.0,40.0,40.0,40.0,40.0,40.0,40.0,40.0,,,,,,,,county_44,,,,,,,Follow-up,,Investigation,,,,,Renewal Application,KID013,KID013A,KID013B,,SSRS,,
702,2,Licensed,N,N,Y,N,N,Y,N,N,Y,50,other,other,other,other,other,No Information Available,No Information Available,,,,,,,,,,,,,,8.0,,8.0,,,,county_42,,,,,,Change of Space/Change in Capacity,,,,,,,,Renewal Application,KID013,KID013A,KID013B,,SSRS,,
870,1,Licensed,N,Y,Y,Y,N,Y,N,N,Y,99,7:00 AM - 5:30 PM,7:00 AM - 5:30 PM,7:00 AM - 5:30 PM,7:00 AM - 5:30 PM,7:00 AM - 5:30 PM,No Information Available,No Information Available,,,53.0,53.0,53.0,53.0,53.0,53.0,53.0,53.0,53.0,53.0,,,,,,,,county_44,,,,,,Change of Space/Change in Capacity,Follow-up,,Investigation,,,,,Renewal Application,KID013,KID013A,KID013B,,SSRS,,
1479,4,Licensed,Y,N,N,Y,N,Y,N,,N,37,7:45 AM - 2:45 PM,7:45 AM - 2:45 PM,7:45 AM - 2:45 PM,7:45 AM - 2:45 PM,other,No Information Available,No Information Available,,,,,,,,17.37,,14.08,,10.15,,,,,,,,county_44,,,,,,Change of Space/Change in Capacity,,,,,,,,Renewal Application,KID013,KID013A,KID013B,,SSRS,,
943,1,Licensed,N,Y,Y,Y,Y,Y,N,N,Y,92,7:30 AM - 5:30 PM,7:30 AM - 5:30 PM,7:30 AM - 5:30 PM,7:30 AM - 5:30 PM,7:30 AM - 5:30 PM,No Information Available,No Information Available,52.6,,51.4,,51.4,,45.6,,46.2,,46.2,,40.0,,40.0,,,,,county_44,,,,,Change of Service,Change of Space/Change in Capacity,Follow-up,,Investigation,,,,,Renewal Application,KID013,KID013A,KID013B,,SSRS,,
310,1,Certified,N,N,N,N,N,Y,N,N,,6,7:00 AM - 6:00 PM,7:00 AM - 6:00 PM,7:00 AM - 6:00 PM,7:00 AM - 6:00 PM,7:00 AM - 6:00 PM,No Information Available,No Information Available,50.0,,40.0,,40.0,,40.0,,40.0,,40.0,,40.0,,40.0,,40.0,,,county_44,Annual Inspection,,,,,,Follow-up,,Investigation,,,,,Renewal Application,KID013,KID013A,KID013B,,SSRS,,
1101,4,Certified,N,N,N,N,N,Y,N,N,,6,other,other,other,other,other,No Information Available,other,55.0,33.0,55.0,33.0,55.0,33.0,55.0,33.0,55.0,33.0,55.0,33.0,55.0,33.0,55.0,33.0,55.0,33.0,,county_44,Annual Inspection,,,,,,Follow-up,,Investigation,,Monitoring (DPOC),,,Renewal Application,KID013,KID013A,KID013B,,SSRS,,
1712,3,Licensed,N,Y,Y,Y,N,Y,N,,N,160,7:00 AM - 5:00 PM,7:00 AM - 5:00 PM,7:00 AM - 5:00 PM,7:00 AM - 5:00 PM,7:00 AM - 5:00 PM,No Information Available,No Information Available,,,,,40.0,32.0,39.0,32.0,38.0,32.0,37.0,32.0,37.0,32.0,37.0,32.0,37.0,32.0,,county_44,,,,,Change of Service,,Follow-up,,Investigation,,,,,Renewal Application,KID013,KID013A,KID013B,,SSRS,,
775,1,Licensed,Y,Y,Y,Y,Y,Y,N,N,Y,50,6:30 AM - 5:00 PM,6:30 AM - 5:00 PM,6:30 AM - 5:00 PM,6:30 AM - 5:00 PM,6:30 AM - 5:00 PM,No Information Available,No Information Available,47.0,43.0,47.0,43.0,47.0,43.0,41.0,34.0,41.0,34.0,41.0,34.0,37.0,32.0,37.0,32.0,,,,county_44,,,,,Change of Service,Change of Space/Change in Capacity,Follow-up,,Investigation,,Monitoring (DPOC),,,Renewal Application,KID013,KID013A,KID013B,DMS,SSRS,,
1116,5,Licensed,N,Y,Y,Y,N,Y,N,,N,30,other,other,other,other,other,No Information Available,No Information Available,,,,,,,,23.55,40.3,23.55,40.3,23.55,40.3,40.3,,,,,,county_44,,,,,Change of Service,,,,,,,,,Renewal Application,KID013,KID013A,KID013B,,SSRS,,
1700,1,Licensed,N,N,Y,Y,N,Y,N,N,N,122,6:00 AM - 6:00 PM,6:00 AM - 6:00 PM,6:00 AM - 6:00 PM,6:00 AM - 6:00 PM,No Information Available,No Information Available,No Information Available,,,,,,,37.0,21.0,37.0,21.0,37.0,21.0,37.0,21.0,37.0,21.0,,,,county_44,,,,,Change of Service,Change of Space/Change in Capacity,,,Investigation,,,,,Renewal Application,KID013,KID013A,KID013B,,SSRS,,
1748,2,Licensed,N,N,Y,N,N,Y,N,N,N,99,6:00 AM - 6:00 PM,6:00 AM - 6:00 PM,6:00 AM - 6:00 PM,6:00 AM - 6:00 PM,6:00 AM - 6:00 PM,No Information Available,No Information Available,,,,,,,37.0,21.0,37.0,21.0,37.0,21.0,37.0,21.0,37.0,21.0,,,,county_44,,,,,Change of Service,,,,Investigation,,,,,Renewal Application,KID013,KID013A,KID013B,,SSRS,,
671,3,Licensed,N,Y,N,Y,Y,Y,N,N,N,25,other,other,other,other,other,No Information Available,No Information Available,40.0,,38.5,,38.0,,,,,,,,,,,,,,,county_44,,,,,,,Follow-up,,,,,,,Renewal Application,KID013,KID013A,KID013B,,SSRS,,
1915,2,Licensed,N,N,Y,N,N,Y,N,N,N,99,6:00 AM - 6:00 PM,6:00 AM - 6:00 PM,6:00 AM - 6:00 PM,6:00 AM - 6:00 PM,6:00 AM - 6:00 PM,No Information Available,No Information Available,,,,,,,37.0,21.0,37.0,21.0,37.0,21.0,37.0,21.0,37.0,21.0,,,,county_44,,,,,Change of Service,Change of Space/Change in Capacity,,,Investigation,,,,,Renewal Application,KID013,KID013A,KID013B,DMS,SSRS,,
1251,3,Licensed,N,N,Y,Y,N,Y,N,N,N,83,6:00 AM - 6:00 PM,6:00 AM - 6:00 PM,6:00 AM - 6:00 PM,6:00 AM - 6:00 PM,6:00 AM - 6:00 PM,No Information Available,No Information Available,,,,,,,37.0,21.0,37.0,21.0,37.0,21.0,37.0,21.0,37.0,21.0,,,,county_44,,,,,Change of Service,Change of Space/Change in Capacity,Follow-up,,Investigation,,,,,Renewal Application,KID013,KID013A,KID013B,,SSRS,,
1918,4,Licensed,N,Y,Y,Y,Y,Y,N,N,Y,163,6:30 AM - 6:00 PM,6:30 AM - 6:00 PM,6:30 AM - 6:00 PM,6:30 AM - 6:00 PM,6:30 AM - 6:00 PM,No Information Available,No Information Available,46.0,,43.0,,41.0,,40.0,,40.0,,40.0,,40.0,,40.0,,,,,county_44,,,,,,Change of Space/Change in Capacity,Follow-up,,Investigation,,,,,Renewal Application,KID013,KID013A,KID013B,,SSRS,,
99,1,Licensed,N,N,N,Y,N,Y,N,,Y,101,other,other,other,other,other,No Information Available,No Information Available,,,,,,,35.5,19.2,35.5,19.2,,,,,,,,,,county_44,,,,,,Change of Space/Change in Capacity,,,,,,,,Renewal Application,KID013,KID013A,KID013B,,SSRS,,
513,5,Licensed,N,Y,N,Y,N,Y,N,,Y,67,other,other,other,other,other,No Information Available,No Information Available,,,,,,,41.0,29.0,41.0,29.0,41.0,29.0,,,,,,,,county_44,,,,,,Change of Space/Change in Capacity,,Initial Application,Investigation,,,,Post-Preliminary Inspection,Renewal Application,KID013,KID013A,KID013B,,SSRS,,
1724,1,Licensed,N,N,N,Y,N,Y,N,,Y,57,other,other,other,other,other,No Information Available,No Information Available,,,,,,,0.01,,0.01,,0.01,,,,,,,,,county_44,,,,,Change of Service,Change of Space/Change in Capacity,,Initial Application,Investigation,,,,Post-Preliminary Inspection,Renewal Application,KID013,KID013A,KID013B,,SSRS,,
1070,5,Licensed,N,N,Y,Y,N,Y,N,,N,20,other,other,other,other,other,No Information Available,No Information Available,,,,,,,,26.75,,26.75,,26.75,,,,,,,,county_44,,Change of Hours,,,,,,Initial Application,Investigation,,,,Post-Preliminary Inspection,Renewal Application,KID013,KID013A,KID013B,,SSRS,,
514,1,Certified,N,N,N,N,N,Y,N,,,6,other,other,other,other,other,other,No Information Available,36.0,31.0,36.0,31.0,36.0,31.0,34.0,31.0,34.0,31.0,34.0,31.0,28.0,26.0,28.0,26.0,28.0,26.0,,county_44,Annual Inspection,,,,,,Follow-up,Initial Application,Investigation,,,,,Renewal Application,KID013,KID013A,KID013B,,SSRS,,
1395,4,Licensed,N,Y,Y,Y,Y,Y,N,,Y,93,6:30 AM - 6:00 PM,6:30 AM - 6:00 PM,6:30 AM - 6:00 PM,6:30 AM - 6:00 PM,6:30 AM - 6:00 PM,No Information Available,No Information Available,50.6,,49.4,,48.0,,46.0,,46.0,,46.0,,,,,,,,,county_44,,,,,Change of Service,,Follow-up,Initial Application,Investigation,,,,Post-Preliminary Inspection,Renewal Application,,KID013A,KID013B,,SSRS,,
1040,1,Licensed,N,N,Y,Y,N,Y,N,,N,100,6:00 AM - 6:00 PM,6:00 AM - 6:00 PM,6:00 AM - 6:00 PM,6:00 AM - 6:00 PM,6:00 AM - 6:00 PM,No Information Available,No Information Available,,,,,,,37.0,21.0,37.0,21.0,37.0,21.0,37.0,21.0,37.0,21.0,,,,county_44,,,Change of Location,,Change of Service,Change of Space/Change in Capacity,,Initial Application,,,,,Post-Preliminary Inspection,Renewal Application,,KID013A,KID013B,,SSRS,,
1124,1,Licensed,N,N,N,Y,N,Y,N,,N,20,7:30 AM - 5:30 PM,7:30 AM - 5:30 PM,7:30 AM - 5:30 PM,7:30 AM - 5:30 PM,No Information Available,No Information Available,No Information Available,,,,,,,30.0,,30.0,,30.0,,,,,,,,,county_44,,,,,,Change of Space/Change in Capacity,,Initial Application,,,,other,Post-Preliminary Inspection,Renewal Application,,KID013A,KID013B,,SSRS,,
1320,1,Licensed,N,Y,Y,Y,Y,Y,N,,Y,103,6:30 AM - 5:30 PM,6:30 AM - 5:30 PM,6:30 AM - 5:30 PM,6:30 AM - 5:30 PM,6:30 AM - 5:30 PM,No Information Available,No Information Available,65.0,65.0,63.0,63.0,59.0,59.0,55.0,55.0,49.0,49.0,49.0,49.0,37.0,25.0,37.0,25.0,,,,county_44,,,,,,,Follow-up,Initial Application,,,,,Post-Preliminary Inspection,Renewal Application,,KID013A,KID013B,DMS,SSRS,,
1039,1,Licensed,N,N,Y,N,N,Y,N,,N,240,7:00 AM - 6:00 PM,7:00 AM - 6:00 PM,7:00 AM - 6:00 PM,7:00 AM - 6:00 PM,7:00 AM - 6:00 PM,No Information Available,No Information Available,,,,,,,,,37.0,18.4,37.0,18.4,37.0,18.4,37.0,18.4,37.0,18.4,,county_44,,,,,,Change of Space/Change in Capacity,,Initial Application,Investigation,,,,Post-Preliminary Inspection,Renewal Application,,KID013A,KID013B,,SSRS,,
1059,1,Licensed,N,N,Y,Y,N,Y,N,,N,37,6:30 AM - 6:00 PM,6:30 AM - 6:00 PM,6:30 AM - 6:00 PM,6:30 AM - 6:00 PM,6:30 AM - 6:00 PM,No Information Available,No Information Available,,,,,,,,,43.75,43.75,43.75,43.75,32.0,17.0,32.0,17.0,,,,county_44,,,,,,,Follow-up,Initial Application,Investigation,,,,Post-Preliminary Inspection,Renewal Application,,KID013A,KID013B,,SSRS,,
1729,1,Licensed,N,Y,Y,Y,Y,Y,N,Y,Y,131,6:30 AM - 6:00 PM,6:30 AM - 6:00 PM,6:30 AM - 6:00 PM,6:30 AM - 6:00 PM,6:30 AM - 6:00 PM,No Information Available,No Information Available,62.0,,59.0,,56.0,,54.0,,54.0,,54.0,,54.0,,54.0,,54.0,,,county_44,,,,Change of Ownership,,Change of Space/Change in Capacity,Follow-up,,Investigation,,Monitoring (DPOC),,Post-Preliminary Inspection,Renewal Application,,KID013A,KID013B,DMS,SSRS,,
771,3,Licensed,N,Y,Y,Y,Y,Y,N,,N,48,6:30 AM - 5:30 PM,6:30 AM - 5:30 PM,6:30 AM - 5:30 PM,6:30 AM - 5:30 PM,6:30 AM - 5:30 PM,No Information Available,No Information Available,55.0,45.0,55.0,45.0,55.0,45.0,55.0,40.0,55.0,40.0,55.0,40.0,45.0,40.0,45.0,40.0,45.0,40.0,,county_42,,,,,,,Follow-up,Initial Application,Investigation,,,,Post-Preliminary Inspection,Renewal Application,,KID013A,KID013B,,SSRS,,
757,1,Licensed,N,Y,Y,Y,Y,Y,N,,N,81,5:30 AM - 6:00 PM,5:30 AM - 6:00 PM,5:30 AM - 6:00 PM,5:30 AM - 6:00 PM,5:30 AM - 6:00 PM,No Information Available,No Information Available,45.0,40.0,45.0,40.0,40.0,35.0,35.0,30.0,35.0,30.0,25.0,20.0,25.0,20.0,25.0,20.0,,,,county_44,,,,,,,Follow-up,Initial Application,Investigation,,,,Post-Preliminary Inspection,Renewal Application,,KID013A,KID013B,,SSRS,,
1482,1,Licensed,N,Y,Y,Y,Y,Y,N,,N,88,6:00 AM - 6:00 PM,6:00 AM - 6:00 PM,6:00 AM - 6:00 PM,6:00 AM - 6:00 PM,6:00 AM - 10:00 PM,other,No Information Available,52.0,52.0,50.0,50.0,50.0,50.0,47.0,35.0,47.0,35.0,47.0,35.0,40.0,35.0,40.0,35.0,40.0,35.0,,county_44,,Change of Hours,,,,Change of Space/Change in Capacity,,Initial Application,Investigation,,,,Post-Preliminary Inspection,Renewal Application,,KID013A,KID013B,,SSRS,,
536,1,Licensed,N,N,N,Y,N,Y,N,,N,37,7:30 AM - 3:00 PM,7:30 AM - 3:00 PM,7:30 AM - 3:00 PM,7:30 AM - 3:00 PM,7:30 AM - 3:00 PM,No Information Available,No Information Available,,,,,,,19.6,16.0,19.6,16.0,19.6,16.0,,,,,,,,county_44,,,,,,,,Initial Application,,,,,Post-Preliminary Inspection,Renewal Application,,KID013A,KID013B,,SSRS,,
1143,4,Licensed,N,Y,Y,Y,Y,Y,N,Y,Y,91,7:00 AM - 5:30 PM,7:00 AM - 5:30 PM,7:00 AM - 5:30 PM,7:00 AM - 5:30 PM,7:00 AM - 5:30 PM,No Information Available,No Information Available,47.6,,46.0,,44.6,,41.6,,41.6,,41.6,,33.0,17.0,33.0,17.0,,,,county_44,,,,Change of Ownership,,,Follow-up,,Investigation,,,,Post-Preliminary Inspection,Renewal Application,,KID013A,KID013B,DMS,SSRS,,
443,4,Licensed,N,Y,Y,Y,Y,Y,N,Y,Y,136,7:00 AM - 5:30 PM,7:00 AM - 5:30 PM,7:00 AM - 5:30 PM,7:00 AM - 5:30 PM,7:00 AM - 5:30 PM,No Information Available,No Information Available,51.0,,48.0,,45.0,,42.0,,42.0,,42.0,,35.0,23.0,33.0,23.0,,,,county_44,,,,Change of Ownership,,,Follow-up,,Investigation,,,,Post-Preliminary Inspection,Renewal Application,,KID013A,KID013B,,SSRS,,
1060,1,Licensed,N,Y,Y,Y,Y,Y,N,,N,114,6:00 AM - 7:00 PM,6:00 AM - 7:00 PM,6:00 AM - 7:00 PM,6:00 AM - 7:00 PM,6:00 AM - 10:00 PM,other,No Information Available,61.5,,54.0,,54.0,,51.5,,51.5,,51.5,,50.0,,50.0,,50.0,,,county_44,,,,,Change of Service,Change of Space/Change in Capacity,,Initial Application,Investigation,,,,Post-Preliminary Inspection,Renewal Application,,KID013A,KID013B,,SSRS,,
744,1,Licensed,N,Y,N,Y,N,Y,N,,N,38,7:00 AM - 5:30 PM,7:00 AM - 5:30 PM,7:00 AM - 5:30 PM,7:00 AM - 5:30 PM,7:00 AM - 5:30 PM,No Information Available,No Information Available,,,52.0,,52.0,,50.0,,50.0,,50.0,,,,,,,,,county_44,,,,,,Change of Space/Change in Capacity,Follow-up,Initial Application,Investigation,,,,Post-Preliminary Inspection,Renewal Application,,KID013A,KID013B,,SSRS,,
382,1,Certified,N,N,N,N,N,Y,N,,,6,6:00 AM - 6:00 PM,6:00 AM - 6:00 PM,6:00 AM - 6:00 PM,6:00 AM - 6:00 PM,6:00 AM - 6:00 PM,No Information Available,No Information Available,50.0,37.0,50.0,37.0,40.0,37.0,40.0,37.0,40.0,37.0,40.0,37.0,40.0,37.0,35.0,25.0,35.0,25.0,,county_44,Annual Inspection,Change of Hours,,,,Change of Space/Change in Capacity,Follow-up,Initial Application,Investigation,Monitoring,Monitoring (DPOC),,,Renewal Application,,KID013A,KID013B,,SSRS,,
1415,1,Licensed,N,Y,N,Y,Y,,N,,N,30,7:00 AM - 5:00 PM,7:00 AM - 5:00 PM,7:00 AM - 5:00 PM,7:00 AM - 5:00 PM,7:00 AM - 5:00 PM,No Information Available,No Information Available,,,,,,,,,,,,,,,,,,,,county_44,,,,,,,,Initial Application,,,,,Post-Preliminary Inspection,,,,KID013B,,SSRS,,
1235,1,Licensed,N,Y,Y,Y,Y,Y,N,,N,105,6:30 AM - 6:00 PM,6:30 AM - 6:00 PM,6:30 AM - 6:00 PM,6:30 AM - 6:00 PM,6:30 AM - 6:00 PM,No Information Available,No Information Available,59.0,59.0,56.0,56.0,56.0,56.0,52.0,52.0,52.0,52.0,52.0,52.0,52.0,52.0,52.0,52.0,,,,county_44,,,,Change of Ownership,,,,,Investigation,,,,Post-Preliminary Inspection,,,,KID013B,,SSRS,,
1589,1,Licensed,N,Y,Y,Y,N,Y,N,,N,70,6:00 AM - 5:30 PM,6:00 AM - 5:30 PM,6:00 AM - 5:30 PM,6:00 AM - 5:30 PM,6:00 AM - 5:30 PM,other,No Information Available,73.0,,65.0,,65.0,,62.0,,62.0,,62.0,,40.0,,40.0,,40.0,,,county_44,,,,,,,,Initial Application,,,,,Post-Preliminary Inspection,,,,KID013B,,,,
480,5,Licensed,Y,N,N,Y,N,N,N,,Y,60,7:00 AM - 5:00 PM,7:00 AM - 5:00 PM,7:00 AM - 5:00 PM,7:00 AM - 5:00 PM,other,No Information Available,No Information Available,,,,,,,,,,,,,,,,,,,,county_59,,,,,,,,,Investigation,,,,,Renewal Application,KID013,KID013A,KID013B,,SSRS,,
1300,4,Licensed,Y,Y,N,Y,Y,N,N,,N,149,other,other,other,other,other,No Information Available,No Information Available,,,,,,,,,,,,,,,,,,,,county_60,,Change of Hours,Change of Location,,,Change of Space/Change in Capacity,Follow-up,,Investigation,,,,,Renewal Application,KID013,KID013A,KID013B,,SSRS,,
1711,3,Licensed,N,Y,Y,Y,Y,Y,N,,Y,110,6:30 AM - 6:00 PM,6:30 AM - 6:00 PM,6:30 AM - 6:00 PM,6:30 AM - 6:00 PM,6:30 AM - 6:00 PM,No Information Available,No Information Available,26.0,,24.0,,24.0,,22.0,,22.0,,22.0,,20.0,14.0,20.0,14.0,,,,county_60,,,Change of Location,,Change of Service,Change of Space/Change in Capacity,,Initial Application,Investigation,,,,,Renewal Application,KID013,KID013A,KID013B,,SSRS,,
668,1,Licensed,N,Y,Y,Y,Y,Y,N,,Y,198,7:00 AM - 5:30 PM,7:00 AM - 5:30 PM,7:00 AM - 5:30 PM,7:00 AM - 5:30 PM,7:00 AM - 5:30 PM,No Information Available,No Information Available,25.0,19.0,25.0,19.0,20.0,19.0,19.0,16.0,19.0,16.0,16.0,12.0,16.0,12.0,16.0,12.0,,,,county_60,,,Change of Location,,,Change of Space/Change in Capacity,Follow-up,Initial Application,Investigation,,,,Post-Preliminary Inspection,Renewal Application,KID013,KID013A,KID013B,,SSRS,,
1855,1,Licensed,Y,N,N,Y,N,Y,N,N,Y,17,7:30 AM - 3:30 PM,7:30 AM - 3:30 PM,7:30 AM - 3:30 PM,7:30 AM - 3:30 PM,7:30 AM - 3:30 PM,No Information Available,No Information Available,,,,,,,15.0,10.0,15.0,10.0,,,,,,,,,,county_60,,,,,,,,Initial Application,,,,,Post-Preliminary Inspection,Renewal Application,,KID013A,KID013B,,SSRS,,
1871,3,Licensed,N,Y,Y,Y,Y,Y,N,,Y,141,7:00 AM - 5:30 PM,7:00 AM - 5:30 PM,7:00 AM - 5:30 PM,7:00 AM - 5:30 PM,7:00 AM - 5:30 PM,No Information Available,No Information Available,30.0,30.0,30.0,30.0,30.0,30.0,27.0,27.0,27.0,27.0,27.0,27.0,27.0,20.0,27.0,20.0,,,,county_60,,,,,,Change of Space/Change in Capacity,Follow-up,Initial Application,Investigation,,,,Post-Preliminary Inspection,Renewal Application,,KID013A,KID013B,DMS,SSRS,,
187,1,Licensed,N,Y,N,Y,Y,Y,N,,Y,54,7:00 AM - 5:00 PM,7:00 AM - 5:00 PM,7:00 AM - 5:00 PM,7:00 AM - 5:00 PM,7:00 AM - 5:00 PM,No Information Available,No Information Available,26.0,13.0,23.0,11.0,23.0,11.0,22.0,10.0,22.0,10.0,22.0,10.0,,,,,,,,county_60,,,,,,Change of Space/Change in Capacity,,Initial Application,Investigation,,Monitoring (DPOC),,Post-Preliminary Inspection,Renewal Application,,KID013A,KID013B,,SSRS,,
405,1,Licensed,Y,N,N,Y,N,Y,N,,Y,38,7:30 AM - 3:00 PM,7:30 AM - 3:00 PM,7:30 AM - 3:00 PM,7:30 AM - 3:00 PM,7:30 AM - 3:30 PM,No Information Available,No Information Available,0.01,,0.01,,0.01,,0.01,,0.01,,0.01,,0.01,,0.01,,0.01,,,county_61,,,Change of Location,,Change of Service,,,,Investigation,,,,,Renewal Application,KID013,KID013A,KID013B,,SSRS,,
930,1,Licensed,Y,N,N,Y,N,Y,N,,Y,40,7:30 AM - 3:00 PM,7:30 AM - 3:00 PM,7:30 AM - 3:00 PM,7:30 AM - 3:00 PM,No Information Available,No Information Available,No Information Available,0.01,0.01,0.01,0.01,0.01,0.01,0.01,0.01,0.01,0.01,0.01,0.01,0.01,0.01,0.01,0.01,0.01,0.01,,county_70,,Change of Hours,,,Change of Service,,,,Investigation,,,,,Renewal Application,KID013,KID013A,KID013B,,SSRS,,
281,1,Licensed,Y,Y,Y,Y,Y,Y,N,N,Y,101,6:00 AM - 5:00 PM,6:00 AM - 5:00 PM,6:00 AM - 5:00 PM,6:00 AM - 5:00 PM,6:00 AM - 5:00 PM,No Information Available,No Information Available,27.0,19.0,27.0,19.0,27.0,19.0,24.0,16.0,24.0,16.0,24.0,16.0,23.0,13.5,23.0,13.5,,,,county_70,,,,,,,Follow-up,,Investigation,,,,,Renewal Application,KID013,KID013A,KID013B,,SSRS,,
1417,1,Licensed,N,N,Y,Y,N,Y,N,N,Y,20,7:15 AM - 6:00 PM,7:15 AM - 6:00 PM,7:15 AM - 6:00 PM,7:15 AM - 6:00 PM,7:15 AM - 6:00 PM,No Information Available,No Information Available,,,,,,,15.6,,15.6,,15.6,,,,,,,,,county_61,,,,,Change of Service,,,,,,,,,Renewal Application,KID013,KID013A,KID013B,,SSRS,,
1292,4,Licensed,Y,N,Y,Y,N,Y,N,,N,181,6:00 AM - 5:30 PM,6:00 AM - 5:30 PM,6:00 AM - 5:30 PM,6:00 AM - 5:30 PM,6:00 AM - 5:30 PM,No Information Available,No Information Available,,,,,,,31.0,15.0,31.0,15.0,31.0,15.0,,20.0,,20.0,,20.0,,county_61,,,,,Change of Service,Change of Space/Change in Capacity,,Initial Application,,,,,Post-Preliminary Inspection,Renewal Application,,KID013A,KID013B,DMS,SSRS,,
289,1,Licensed,N,Y,Y,Y,Y,Y,N,,Y,60,5:30 AM - 5:30 PM,5:30 AM - 5:30 PM,5:30 AM - 5:30 PM,5:30 AM - 5:30 PM,5:30 AM - 5:30 PM,No Information Available,No Information Available,25.0,,24.0,,23.0,,23.0,,22.0,,22.0,,22.0,,,,,,,county_61,,,,,,,Follow-up,Initial Application,Investigation,,Monitoring (DPOC),,Post-Preliminary Inspection,Renewal Application,,KID013A,KID013B,,SSRS,,
909,2,Licensed,N,Y,Y,Y,Y,Y,N,,Y,70,7:00 AM - 5:30 PM,7:00 AM - 5:30 PM,7:00 AM - 5:30 PM,7:00 AM - 5:30 PM,7:00 AM - 5:30 PM,No Information Available,No Information Available,28.0,,28.0,,28.0,,28.0,,28.0,,,,,,,,,,,county_70,,,,,Change of Service,Change of Space/Change in Capacity,,Initial Application,Investigation,,,,Post-Preliminary Inspection,Renewal Application,,KID013A,KID013B,,SSRS,,
537,3,Licensed,Y,Y,Y,Y,Y,Y,N,N,Y,123,7:00 AM - 5:00 PM,7:00 AM - 5:00 PM,7:00 AM - 5:00 PM,7:00 AM - 5:00 PM,7:00 AM - 5:00 PM,No Information Available,No Information Available,30.0,,30.0,,26.0,23.0,26.0,23.0,26.0,23.0,26.0,23.0,26.0,,26.0,,,,,county_58,,,Change of Location,,Change of Service,Change of Space/Change in Capacity,Follow-up,,Investigation,,,,,Renewal Application,KID013,KID013A,KID013B,,SSRS,,
1658,3,Licensed,N,Y,Y,Y,Y,Y,N,,Y,40,other,other,other,other,other,No Information Available,No Information Available,24.0,18.0,24.0,18.0,24.0,18.0,22.0,16.0,22.0,16.0,22.0,16.0,20.0,15.0,20.0,15.0,20.0,15.0,,county_58,,,,,,,Follow-up,Initial Application,Investigation,,,,,Renewal Application,KID013,KID013A,KID013B,DMS,SSRS,,
222,5,Licensed,N,Y,N,Y,Y,,N,,N,68,other,other,other,other,other,No Information Available,No Information Available,,,,,,,,,,,,,,,,,,,,county_58,,,,,Change of Service,Change of Space/Change in Capacity,Follow-up,Initial Application,Investigation,,,,Post-Preliminary Inspection,Renewal Application,,KID013A,KID013B,,SSRS,,
1378,1,Licensed,N,Y,N,Y,Y,Y,N,,Y,203,7:00 AM - 6:00 PM,7:00 AM - 6:00 PM,7:00 AM - 6:00 PM,7:00 AM - 6:00 PM,7:00 AM - 6:00 PM,No Information Available,No Information Available,32.0,,30.0,,30.0,,26.0,,26.0,,26.0,,,,,,,,,county_58,,,,,,Change of Space/Change in Capacity,Follow-up,Initial Application,Investigation,,,,Post-Preliminary Inspection,Renewal Application,,KID013A,KID013B,,SSRS,,
568,4,Certified,N,N,N,N,N,,N,,,6,other,other,other,other,No Information Available,No Information Available,No Information Available,,,,,,,,,,,,,,,,,,,,county_58,Annual Inspection,,,,,,,Initial Application,,,,,,Renewal Application,,KID013A,KID013B,DMS,SSRS,,
70,3,Licensed,N,Y,Y,Y,Y,Y,N,,N,39,7:00 AM - 5:30 PM,7:00 AM - 5:30 PM,7:00 AM - 5:30 PM,7:00 AM - 5:30 PM,7:00 AM - 5:30 PM,No Information Available,No Information Available,28.0,28.0,27.0,28.0,26.0,28.0,25.0,27.0,25.0,27.0,25.0,27.0,25.0,27.0,25.0,27.0,,,,county_58,,,,,,Change of Space/Change in Capacity,,Initial Application,,,Monitoring (DPOC),,Post-Preliminary Inspection,Renewal Application,,KID013A,KID013B,,SSRS,,
370,1,Certified,N,N,N,N,N,Y,N,,,6,other,other,other,other,other,No Information Available,No Information Available,28.0,14.0,30.0,15.0,30.0,15.0,,,,,,,,,,,,,,county_62,Annual Inspection,,,,,,,Initial Application,,,,,,,,,KID013B,,SSRS,,
1208,5,Licensed,Y,Y,N,Y,Y,N,N,,Y,75,7:30 AM - 3:30 PM,7:30 AM - 3:30 PM,7:30 AM - 3:30 PM,7:30 AM - 3:30 PM,No Information Available,No Information Available,No Information Available,,,,,,,,,,,,,,,,,,,,county_70,,,Change of Location,,Change of Service,Change of Space/Change in Capacity,,,Investigation,,Monitoring (DPOC),,,Renewal Application,KID013,KID013A,KID013B,,SSRS,,
1250,3,Licensed,Y,N,N,Y,N,N,N,,Y,40,7:30 AM - 3:30 PM,7:30 AM - 3:30 PM,7:30 AM - 3:30 PM,7:30 AM - 3:30 PM,7:30 AM - 3:30 PM,No Information Available,No Information Available,,,,,,,,,,,,,,,,,,,,county_41,,,,,,,,,Investigation,,,,,Renewal Application,KID013,KID013A,KID013B,,SSRS,,
1370,4,Licensed,Y,N,N,Y,N,N,N,,Y,60,7:30 AM - 3:30 PM,7:30 AM - 3:30 PM,7:30 AM - 3:30 PM,7:30 AM - 3:30 PM,7:30 AM - 3:30 PM,No Information Available,No Information Available,,,,,,,,,,,,,,,,,,,,county_41,,,,,,,,,Investigation,,,,,Renewal Application,KID013,KID013A,KID013B,,SSRS,,
557,3,Licensed,Y,N,N,Y,N,N,N,,N,20,7:30 AM - 3:30 PM,7:30 AM - 3:30 PM,7:30 AM - 3:30 PM,7:30 AM - 3:30 PM,7:30 AM - 3:30 PM,No Information Available,No Information Available,,,,,,,,,,,,,,,,,,,,county_41,,,Change of Location,,,Change of Space/Change in Capacity,,,Investigation,,,,,Renewal Application,KID013,KID013A,KID013B,,SSRS,,
315,5,Licensed,Y,Y,N,Y,N,Y,N,N,Y,30,7:30 AM - 3:30 PM,7:30 AM - 3:30 PM,7:30 AM - 3:30 PM,7:30 AM - 3:30 PM,No Information Available,No Information Available,No Information Available,,,,,2.18,2.18,2.18,2.18,,,,,,,,,,,,county_70,,Change of Hours,,,Change of Service,Change of Space/Change in Capacity,,,Investigation,,,,,Renewal Application,KID013,KID013A,KID013B,DMS,SSRS,,
1087,3,Licensed,N,Y,Y,Y,Y,Y,N,,N,40,7:00 AM - 6:00 PM,7:00 AM - 6:00 PM,7:00 AM - 6:00 PM,7:00 AM - 6:00 PM,7:00 AM - 6:00 PM,No Information Available,No Information Available,40.0,20.0,40.0,20.0,40.0,20.0,40.0,20.0,40.0,20.0,40.0,20.0,40.0,20.0,40.0,20.0,40.0,20.0,,county_41,,,,,Change of Service,Change of Space/Change in Capacity,Follow-up,Initial Application,,,,,,Renewal Application,KID013,KID013A,KID013B,,SSRS,,
1236,5,Licensed,N,Y,N,N,Y,,N,,Y,30,other,other,other,other,other,No Information Available,No Information Available,,,,,,,,,,,,,,,,,,,,county_41,,,,,,,,Initial Application,Investigation,,,,Post-Preliminary Inspection,Renewal Application,,KID013A,KID013B,DMS,SSRS,,
118,4,Licensed,Y,N,N,Y,N,N,N,,Y,29,7:00 AM - 5:00 PM,7:00 AM - 5:00 PM,7:00 AM - 5:00 PM,7:00 AM - 5:00 PM,7:00 AM - 5:00 PM,No Information Available,No Information Available,,,,,,,,,,,,,,,,,,,,county_59,,,,,,,,,Investigation,,,,,Renewal Application,KID013,KID013A,KID013B,,SSRS,,
1299,2,Licensed,N,Y,N,Y,N,Y,N,,N,24,7:30 AM - 5:00 PM,7:30 AM - 5:00 PM,7:30 AM - 5:00 PM,7:30 AM - 5:00 PM,7:30 AM - 5:00 PM,No Information Available,No Information Available,,,,,30.0,15.0,30.0,15.0,30.0,15.0,30.0,15.0,,,,,,,,county_59,,,Change of Location,,,,Follow-up,Initial Application,Investigation,,,,Post-Preliminary Inspection,Renewal Application,,KID013A,KID013B,,SSRS,,
1714,1,Certified,N,N,N,N,N,Y,N,N,,6,other,other,other,other,other,other,other,26.0,26.0,22.0,22.0,22.0,22.0,22.0,22.0,22.0,22.0,22.0,22.0,22.0,22.0,22.0,22.0,22.0,22.0,,county_52,Annual Inspection,,,,,,,,,,,,,Renewal Application,KID013,KID013A,KID013B,,SSRS,,
772,1,Licensed,Y,Y,N,Y,Y,Y,N,,N,75,other,other,other,other,other,No Information Available,No Information Available,15.0,8.0,15.0,8.0,15.0,8.0,15.0,8.0,15.0,8.0,,8.0,,,,,,,,county_52,,,,,,Change of Space/Change in Capacity,,Initial Application,Investigation,,,,Post-Preliminary Inspection,Renewal Application,,KID013A,KID013B,,SSRS,,
1406,1,Licensed,Y,N,N,Y,N,Y,N,,N,20,7:45 AM - 2:45 PM,7:45 AM - 2:45 PM,7:45 AM - 2:45 PM,7:45 AM - 2:45 PM,7:45 AM - 2:45 PM,No Information Available,No Information Available,,,,,,,15.0,8.0,15.0,8.0,,,,,,,,,,county_52,,,,,Change of Service,,,Initial Application,,,,,Post-Preliminary Inspection,Renewal Application,,KID013A,KID013B,,,,
577,1,Licensed,N,Y,Y,Y,Y,Y,N,,Y,47,7:00 AM - 5:30 PM,7:00 AM - 5:30 PM,7:00 AM - 5:30 PM,7:00 AM - 5:30 PM,7:00 AM - 5:30 PM,No Information Available,No Information Available,40.0,20.0,40.0,20.0,40.0,20.0,40.0,20.0,35.0,20.0,35.0,20.0,35.0,20.0,30.0,20.0,,,,county_52,,,Change of Location,,,,,Initial Application,,,,,Post-Preliminary Inspection,Renewal Application,,KID013A,KID013B,,SSRS,,
1275,1,Licensed,N,Y,Y,Y,Y,Y,N,N,N,35,5:30 AM - 5:30 PM,5:30 AM - 5:30 PM,5:30 AM - 5:30 PM,5:30 AM - 5:30 PM,5:30 AM - 5:30 PM,No Information Available,No Information Available,32.0,27.0,30.0,25.0,30.0,25.0,30.0,25.0,30.0,25.0,30.0,25.0,30.0,25.0,30.0,25.0,30.0,25.0,,county_70,,,,,,,Follow-up,,Investigation,,,,,Renewal Application,KID013,KID013A,KID013B,,SSRS,,
810,1,Licensed,N,Y,Y,Y,Y,Y,N,N,Y,80,other,other,other,other,other,No Information Available,No Information Available,25.0,,25.0,,25.0,,24.0,,24.0,,24.0,,24.0,12.0,24.0,12.0,,,,county_70,,,,,,,Follow-up,,,,,,,Renewal Application,KID013,KID013A,KID013B,DMS,SSRS,,
783,1,Certified,N,N,N,N,N,Y,N,,,6,other,other,other,other,other,No Information Available,No Information Available,35.0,35.0,30.0,30.0,30.0,30.0,35.0,35.0,35.0,35.0,35.0,35.0,35.0,20.0,35.0,20.0,,,,county_70,Annual Inspection,,,,,,,Initial Application,,,,,,Renewal Application,,KID013A,KID013B,DMS,SSRS,,
782,5,Licensed,N,N,N,Y,N,Y,N,Y,N,80,7:30 AM - 5:00 PM,7:30 AM - 5:00 PM,7:30 AM - 5:00 PM,7:30 AM - 5:00 PM,7:30 AM - 5:00 PM,No Information Available,No Information Available,,,,,25.83,,25.83,,25.83,,,,,,,,,,,county_15,,,,,,Change of Space/Change in Capacity,,,Investigation,,,,,Renewal Application,KID013,KID013A,KID013B,,SSRS,,
589,5,Licensed,N,Y,Y,Y,Y,Y,N,Y,Y,168,7:30 AM - 5:30 PM,7:30 AM - 5:30 PM,7:30 AM - 5:30 PM,7:30 AM - 5:30 PM,7:30 AM - 5:30 PM,No Information Available,No Information Available,45.0,,45.0,,45.0,,42.0,,42.0,,42.0,,36.0,,,,,,,county_15,,Change of Hours,,,,Change of Space/Change in Capacity,,,Investigation,,Monitoring (DPOC),,,Renewal Application,KID013,KID013A,KID013B,,SSRS,,
1832,1,Licensed,N,Y,Y,Y,Y,Y,N,N,Y,395,6:00 AM - 6:00 PM,6:00 AM - 6:00 PM,6:00 AM - 6:00 PM,6:00 AM - 6:00 PM,6:00 AM - 6:00 PM,No Information Available,No Information Available,41.0,32.0,41.0,32.0,38.0,30.0,38.0,30.0,38.0,30.0,38.0,30.0,34.0,27.0,34.0,27.0,34.0,27.0,On-going,county_15,,,,,,Change of Space/Change in Capacity,Follow-up,,Investigation,,Monitoring (DPOC),,,Renewal Application,KID013,KID013A,KID013B,DMS,SSRS,,Directed Plan of Correction
1672,3,Licensed,Y,Y,Y,Y,Y,Y,N,N,Y,143,other,other,other,other,other,No Information Available,No Information Available,47.0,43.0,47.0,43.0,47.0,43.0,41.0,34.0,41.0,34.0,41.0,34.0,37.0,32.0,37.0,32.0,37.0,32.0,,county_15,,,,,,Change of Space/Change in Capacity,Follow-up,,Investigation,,,,,Renewal Application,KID013,KID013A,KID013B,,SSRS,,
451,3,Licensed,N,Y,Y,Y,Y,Y,N,N,Y,191,6:00 AM - 6:00 PM,6:00 AM - 6:00 PM,6:00 AM - 6:00 PM,6:00 AM - 6:00 PM,6:00 AM - 6:00 PM,No Information Available,No Information Available,38.2,19.1,36.2,18.1,36.2,18.1,35.2,17.6,35.2,17.61,33.2,23.2,33.2,23.2,33.2,23.2,33.2,23.2,,county_15,,,,,,,Follow-up,,Investigation,,,,,Renewal Application,KID013,KID013A,KID013B,DMS,SSRS,,
644,1,Licensed,N,Y,Y,Y,N,N,N,,N,94,other,other,other,other,No Information Available,No Information Available,No Information Available,,,,,,,,,,,,,,,,,,,,county_15,,,,,,Change of Space/Change in Capacity,,,Investigation,,,,,Renewal Application,KID013,KID013A,KID013B,,SSRS,,
101,5,Licensed,Y,Y,N,Y,Y,N,N,N,Y,165,7:30 AM - 5:30 PM,7:30 AM - 5:30 PM,7:30 AM - 5:30 PM,7:30 AM - 5:30 PM,7:30 AM - 5:30 PM,No Information Available,No Information Available,,,,,,,,,,,,,,,,,,,,county_15,,,Change of Location,,,,,,Investigation,,,,,Renewal Application,KID013,KID013A,KID013B,,SSRS,,
1222,1,Licensed,N,Y,Y,Y,Y,Y,N,N,N,120,6:00 AM - 6:00 PM,6:00 AM - 6:00 PM,6:00 AM - 6:00 PM,6:00 AM - 6:00 PM,6:00 AM - 6:00 PM,No Information Available,No Information Available,42.0,,42.0,,42.0,,38.0,,38.0,,38.0,,30.0,15.0,30.0,15.0,30.0,15.0,,county_15,,,,,Change of Service,Change of Space/Change in Capacity,Follow-up,,Investigation,,,,,Renewal Application,KID013,KID013A,KID013B,,SSRS,,
657,4,Licensed,Y,N,Y,Y,N,Y,N,Y,Y,115,7:00 AM - 6:00 PM,7:00 AM - 6:00 PM,7:00 AM - 6:00 PM,7:00 AM - 6:00 PM,7:00 AM - 6:00 PM,No Information Available,No Information Available,,,,,46.95,23.47,46.95,23.47,46.95,23.47,46.95,23.47,35.0,15.0,35.0,15.0,35.0,15.0,,county_15,,,,,,Change of Space/Change in Capacity,,,,,,,,Renewal Application,KID013,KID013A,KID013B,,SSRS,,
1554,3,Licensed,Y,Y,Y,Y,Y,Y,Y,,Y,94,5:30 AM - 6:00 PM,5:30 AM - 6:00 PM,5:30 AM - 6:00 PM,5:30 AM - 6:00 PM,5:30 AM - 6:00 PM,No Information Available,No Information Available,47.0,43.0,47.0,43.0,47.0,43.0,41.0,34.0,41.0,34.0,41.0,34.0,37.0,32.0,37.0,32.0,,,On-going | On-going,county_15,,,,Change of Ownership,Change of Service,,Follow-up,,Investigation,Monitoring,Monitoring (DPOC),,Post-Preliminary Inspection,Renewal Application,KID013,KID013A,KID013B,,SSRS,Adverse Action,Directed Plan of Correction
1242,2,Licensed,Y,N,Y,N,N,Y,N,,Y,40,7:00 AM - 6:00 PM,7:00 AM - 6:00 PM,7:00 AM - 6:00 PM,7:00 AM - 6:00 PM,7:00 AM - 6:00 PM,No Information Available,No Information Available,,,,,,,,,,,,,28.0,13.0,28.0,13.0,28.0,13.0,,county_15,,,,,Change of Service,Change of Space/Change in Capacity,,Initial Application,Investigation,,,,Post-Preliminary Inspection,Renewal Application,KID013,KID013A,KID013B,,SSRS,,
1437,3,Licensed,Y,Y,Y,Y,Y,Y,Y,,Y,182,5:30 AM - 6:00 PM,5:30 AM - 6:00 PM,5:30 AM - 6:00 PM,5:30 AM - 6:00 PM,5:30 AM - 6:00 PM,No Information Available,No Information Available,47.0,43.0,47.0,43.0,47.0,43.0,41.0,34.0,41.0,34.0,41.0,34.0,37.0,32.0,37.0,32.0,37.0,32.0,On-going | On-going,county_15,,,,,,Change of Space/Change in Capacity,Follow-up,Initial Application,Investigation,,Monitoring (DPOC),,Post-Preliminary Inspection,Renewal Application,KID013,KID013A,KID013B,,SSRS,Adverse Action,Directed Plan of Correction
291,3,Licensed,Y,Y,Y,Y,Y,Y,N,,Y,130,6:00 AM - 6:00 PM,6:00 AM - 6:00 PM,6:00 AM - 6:00 PM,6:00 AM - 6:00 PM,6:00 AM - 6:00 PM,No Information Available,No Information Available,47.0,43.0,47.0,43.0,47.0,43.0,41.0,34.0,41.0,34.0,41.0,34.0,37.0,32.0,37.0,32.0,,,,county_15,,,Change of Location,Change of Ownership,,Change of Space/Change in Capacity,Follow-up,,Investigation,,Monitoring (DPOC),,Post-Preliminary Inspection,Renewal Application,,KID013A,KID013B,,SSRS,,
1343,1,Licensed,Y,N,Y,Y,N,Y,N,,N,20,other,other,other,other,other,No Information Available,No Information Available,47.0,43.0,47.0,43.0,47.0,43.0,41.0,34.0,41.0,34.0,41.0,34.0,37.0,32.0,37.0,32.0,37.0,32.0,,county_15,,,,,,,,Initial Application,Investigation,,,,Post-Preliminary Inspection,Renewal Application,,KID013A,KID013B,,SSRS,,
598,2,Certified,N,N,N,N,N,Y,N,,,6,7:30 AM - 5:30 PM,7:30 AM - 5:30 PM,7:30 AM - 5:30 PM,7:30 AM - 5:30 PM,7:30 AM - 5:30 PM,No Information Available,No Information Available,28.0,35.0,28.0,35.0,28.0,35.0,28.0,35.0,28.0,35.0,28.0,35.0,28.0,35.0,28.0,35.0,28.0,35.0,,county_15,Annual Inspection,,,,,,,Initial Application,,,,,,Renewal Application,,KID013A,KID013B,,SSRS,,
202,1,Licensed,N,Y,Y,Y,Y,Y,N,,N,181,7:15 AM - 5:30 PM,7:15 AM - 5:30 PM,7:15 AM - 5:30 PM,7:15 AM - 5:30 PM,7:15 AM - 5:30 PM,No Information Available,No Information Available,50.0,50.0,50.0,50.0,50.0,50.0,50.0,50.0,,,,,,,,,,,,county_15,,,,Change of Ownership,,Change of Space/Change in Capacity,Follow-up,,Investigation,,,,Post-Preliminary Inspection,Renewal Application,,KID013A,KID013B,,SSRS,,
1919,5,Licensed,Y,Y,N,Y,Y,,N,,Y,80,8:00 AM - 5:00 PM,8:00 AM - 5:00 PM,8:00 AM - 5:00 PM,8:00 AM - 5:00 PM,8:00 AM - 5:00 PM,No Information Available,No Information Available,,,,,,,,,,,,,,,,,,,,county_15,,,,,Change of Service,Change of Space/Change in Capacity,,Initial Application,Investigation,,,,Post-Preliminary Inspection,Renewal Application,,KID013A,KID013B,,SSRS,,
422,2,Licensed,Y,Y,Y,Y,N,Y,N,,N,64,7:00 AM - 6:00 PM,7:00 AM - 6:00 PM,7:00 AM - 6:00 PM,7:00 AM - 6:00 PM,7:00 AM - 6:00 PM,No Information Available,No Information Available,,,,,,,28.0,13.0,28.0,13.0,28.0,13.0,28.0,13.0,28.0,13.0,28.0,13.0,,county_15,,,,,,Change of Space/Change in Capacity,,Initial Application,Investigation,,,,Post-Preliminary Inspection,Renewal Application,,KID013A,KID013B,,SSRS,,
352,3,Licensed,Y,Y,Y,Y,Y,Y,Y,,Y,268,6:00 AM - 6:00 PM,6:00 AM - 6:00 PM,6:00 AM - 6:00 PM,6:00 AM - 6:00 PM,6:00 AM - 6:00 PM,No Information Available,No Information Available,47.0,43.0,47.0,43.0,47.0,43.0,41.0,34.0,41.0,34.0,41.0,34.0,37.0,32.0,37.0,32.0,,,On-going | On-going,county_15,,,,,,,Follow-up,Initial Application,Investigation,,Monitoring (DPOC),,Post-Preliminary Inspection,Renewal Application,,KID013A,KID013B,DMS,SSRS,Adverse Action,Directed Plan of Correction
821,1,Licensed,N,Y,N,Y,N,Y,N,,N,36,7:00 AM - 5:30 PM,7:00 AM - 5:30 PM,7:00 AM - 5:30 PM,7:00 AM - 5:30 PM,7:00 AM - 5:30 PM,No Information Available,No Information Available,,,47.0,43.0,47.0,43.0,41.0,34.0,41.0,34.0,41.0,34.0,,,,,,,,county_15,,,,,,,,Initial Application,Investigation,,,,Post-Preliminary Inspection,Renewal Application,,KID013A,KID013B,,SSRS,,
856,1,Certified,N,N,N,N,N,Y,N,,,6,7:30 AM - 4:00 PM,7:30 AM - 4:00 PM,7:30 AM - 4:00 PM,7:30 AM - 4:00 PM,7:30 AM - 4:00 PM,No Information Available,No Information Available,45.0,40.0,45.0,35.0,45.0,30.0,45.0,30.0,45.0,30.0,45.0,30.0,,,,,,,,county_15,Annual Inspection,,Change of Location,,,,,Initial Application,,,,,,,,,KID013B,DMS,,,
1613,1,Licensed,N,Y,N,Y,Y,Y,N,,N,97,7:30 AM - 5:00 PM,7:30 AM - 5:00 PM,7:30 AM - 5:00 PM,7:30 AM - 5:00 PM,7:30 AM - 5:00 PM,No Information Available,No Information Available,47.0,,47.0,,47.0,,41.0,,41.0,,41.0,,,,,,,,,county_15,,,,,,,,Initial Application,,,,,Post-Preliminary Inspection,,,,KID013B,DMS,SSRS,,
174,1,Licensed,N,Y,Y,Y,Y,Y,N,,N,60,7:00 AM - 5:30 PM,7:00 AM - 5:30 PM,7:00 AM - 5:30 PM,7:00 AM - 5:30 PM,7:00 AM - 5:30 PM,No Information Available,No Information Available,47.0,43.0,47.0,43.0,47.0,43.0,41.0,34.0,41.0,34.0,41.0,34.0,37.0,32.0,37.0,32.0,37.0,32.0,,county_15,,,,,,,,Initial Application,Investigation,,,,Post-Preliminary Inspection,,,,KID013B,,SSRS,,
985,1,Licensed,Y,Y,Y,Y,Y,Y,N,,Y,46,6:00 AM - 6:00 PM,6:00 AM - 6:00 PM,6:00 AM - 6:00 PM,6:00 AM - 6:00 PM,6:00 AM - 6:00 PM,No Information Available,No Information Available,44.0,43.0,44.0,43.0,44.0,43.0,44.0,34.0,44.0,34.0,44.0,34.0,,,,,,,,county_15,,,,Change of Ownership,,,,,Investigation,,,,Post-Preliminary Inspection,,,,KID013B,,,,
430,1,Licensed,Y,Y,Y,Y,Y,Y,N,,Y,48,6:00 AM - 6:00 PM,6:00 AM - 6:00 PM,6:00 AM - 6:00 PM,6:00 AM - 6:00 PM,6:00 AM - 6:00 PM,No Information Available,No Information Available,44.0,43.0,44.0,43.0,44.0,43.0,44.0,34.0,44.0,34.0,44.0,34.0,,,,,,,,county_15,,,,Change of Ownership,,,,,,,,,Post-Preliminary Inspection,,,,KID013B,,,,
421,1,Licensed,Y,Y,Y,Y,Y,Y,N,,N,189,7:30 AM - 5:30 PM,7:30 AM - 5:30 PM,7:30 AM - 5:30 PM,7:30 AM - 5:30 PM,7:30 AM - 5:30 PM,No Information Available,No Information Available,47.0,47.0,47.0,47.0,47.0,47.0,44.0,44.0,44.0,44.0,44.0,44.0,40.0,32.0,40.0,32.0,,,,county_15,,,,Change of Ownership,Change of Service,,,,,,,,,,,,KID013B,,,,
729,3,Certified,N,N,N,N,N,Y,N,N,,6,7:00 AM - 5:00 PM,7:00 AM - 5:00 PM,7:00 AM - 5:00 PM,7:00 AM - 5:00 PM,7:00 AM - 5:00 PM,No Information Available,No Information Available,30.0,,30.0,,26.0,,26.0,,26.0,,26.0,,26.0,,26.0,,26.0,,,county_53,Annual Inspection,,,,,,Follow-up,,,,,,,Renewal Application,KID013,KID013A,KID013B,DMS,SSRS,,
414,1,Licensed,Y,Y,N,Y,N,Y,N,,Y,101,7:30 AM - 3:00 PM,7:30 AM - 3:00 PM,7:30 AM - 3:00 PM,7:30 AM - 3:00 PM,7:30 AM - 3:30 PM,No Information Available,No Information Available,0.01,0.01,0.01,0.01,0.01,0.01,0.01,0.01,0.01,0.01,0.01,0.01,0.01,0.01,0.01,0.01,0.01,0.01,,county_74,,Change of Hours,Change of Location,,Change of Service,Change of Space/Change in Capacity,,,Investigation,,,,,Renewal Application,KID013,KID013A,KID013B,,SSRS,,
1029,3,Licensed,N,Y,Y,Y,N,Y,N,N,N,120,7:30 AM - 5:30 PM,7:30 AM - 5:30 PM,7:30 AM - 5:30 PM,7:30 AM - 5:30 PM,7:30 AM - 5:30 PM,No Information Available,No Information Available,,,,,,,29.0,22.0,29.0,22.0,,,25.0,6.0,,6.0,,,,county_74,,,,,Change of Service,Change of Space/Change in Capacity,Follow-up,,Investigation,,,,,Renewal Application,KID013,KID013A,KID013B,DMS,SSRS,,
1499,3,Licensed,N,Y,Y,Y,Y,Y,N,N,Y,126,7:00 AM - 5:15 PM,7:00 AM - 5:15 PM,7:00 AM - 5:15 PM,7:00 AM - 5:15 PM,7:00 AM - 5:15 PM,No Information Available,No Information Available,32.0,,32.0,,32.0,,32.0,,32.0,,32.0,,32.0,15.0,32.0,15.0,,,,county_74,,Change of Hours,,,,Change of Space/Change in Capacity,Follow-up,,Investigation,,Monitoring (DPOC),,,Renewal Application,KID013,KID013A,KID013B,,SSRS,,
531,2,Licensed,Y,Y,N,Y,N,Y,N,N,Y,76,7:30 AM - 3:00 PM,7:30 AM - 3:00 PM,7:30 AM - 3:00 PM,7:30 AM - 3:00 PM,7:30 AM - 3:30 PM,No Information Available,No Information Available,0.01,0.01,0.01,0.01,0.01,0.01,0.01,0.01,0.01,0.01,0.01,0.01,,,,,,,On-going,county_57,,,Change of Location,,Change of Service,Change of Space/Change in Capacity,,,Investigation,,,,,Renewal Application,KID013,KID013A,KID013B,,SSRS,,Directed Plan of Correction
1259,2,Licensed,Y,Y,Y,Y,Y,Y,N,N,Y,83,7:30 AM - 5:30 PM,7:30 AM - 5:30 PM,7:30 AM - 5:30 PM,7:30 AM - 5:30 PM,other,No Information Available,No Information Available,37.0,,36.0,,36.0,,36.0,,36.0,,36.0,,,8.0,,8.0,,,,county_57,,,,,Change of Service,Change of Space/Change in Capacity,,,Investigation,,,,,Renewal Application,KID013,KID013A,KID013B,,SSRS,,
1380,3,Licensed,Y,Y,Y,Y,Y,Y,N,N,Y,183,other,other,other,other,other,No Information Available,No Information Available,36.0,26.0,36.0,26.0,36.0,26.0,36.0,26.0,36.0,26.0,36.0,22.0,36.0,22.0,36.0,22.0,36.0,22.0,,county_74,,,,,,,Follow-up,,Investigation,,,,,Renewal Application,KID013,KID013A,KID013B,,SSRS,,
833,4,Licensed,Y,N,Y,Y,N,Y,N,,Y,135,7:00 AM - 6:00 PM,7:00 AM - 6:00 PM,7:00 AM - 6:00 PM,7:00 AM - 6:00 PM,7:00 AM - 6:00 PM,No Information Available,No Information Available,,,,,,,29.0,19.0,29.0,19.0,29.0,19.0,29.0,13.0,29.0,13.0,29.0,13.0,,county_57,,,Change of Location,,,Change of Space/Change in Capacity,,,,,,,,Renewal Application,KID013,KID013A,KID013B,,,,
818,1,Certified,N,N,N,N,N,Y,N,N,,6,7:30 AM - 5:00 PM,7:30 AM - 5:00 PM,7:30 AM - 5:00 PM,7:30 AM - 5:00 PM,7:30 AM - 5:00 PM,No Information Available,No Information Available,22.0,22.0,22.0,22.0,22.0,22.0,22.0,22.0,22.0,22.0,22.0,10.0,22.0,10.0,22.0,10.0,22.0,10.0,,county_57,Annual Inspection,,,,,,,,,,,,,Renewal Application,KID013,KID013A,KID013B,,SSRS,,
1523,3,Licensed,N,Y,Y,Y,Y,Y,N,,Y,94,other,other,other,other,other,No Information Available,No Information Available,32.0,27.0,32.0,27.0,32.0,27.0,32.0,26.0,32.0,26.0,32.0,26.0,32.0,24.0,32.0,24.0,,,,county_74,,,,,,Change of Space/Change in Capacity,,Initial Application,Investigation,,Monitoring (DPOC),,,Renewal Application,KID013,KID013A,KID013B,,SSRS,,
700,1,Licensed,N,Y,Y,Y,Y,Y,N,,Y,140,7:00 AM - 5:30 PM,7:00 AM - 5:30 PM,7:00 AM - 5:30 PM,7:00 AM - 5:30 PM,7:00 AM - 5:30 PM,No Information Available,No Information Available,34.0,,34.0,,34.0,,34.0,,34.0,,34.0,,34.0,,34.0,,34.0,,,county_57,,,,,,Change of Space/Change in Capacity,Follow-up,Initial Application,Investigation,,Monitoring (DPOC),,Post-Preliminary Inspection,Renewal Application,KID013,KID013A,KID013B,,SSRS,,
652,1,Licensed,Y,N,N,Y,N,Y,N,,Y,60,7:30 AM - 3:00 PM,7:30 AM - 3:00 PM,7:30 AM - 3:00 PM,7:30 AM - 3:00 PM,7:30 AM - 3:30 PM,No Information Available,No Information Available,0.1,,,,,,,,,,,,,,,,,,,county_74,,,,,Change of Service,,,Initial Application,Investigation,,,,Post-Preliminary Inspection,Renewal Application,KID013,KID013A,KID013B,,SSRS,,
1841,1,Certified,N,N,N,N,N,Y,N,,,6,7:00 AM - 5:00 PM,7:00 AM - 5:00 PM,7:00 AM - 5:00 PM,7:00 AM - 5:00 PM,7:00 AM - 5:00 PM,No Information Available,No Information Available,36.0,29.0,32.0,25.0,32.0,25.0,32.0,25.0,32.0,25.0,32.0,25.0,32.0,12.0,32.0,12.0,32.0,12.0,,county_57,Annual Inspection,,,,,,,Initial Application,,,,,,Renewal Application,,KID013A,KID013B,,SSRS,,
737,1,Licensed,N,Y,Y,Y,N,Y,N,,Y,24,other,other,other,other,other,No Information Available,No Information Available,,,,,25.0,,25.0,,25.0,,25.0,,,,,,,,,county_5,,,,,Change of Service,Change of Space/Change in Capacity,,Initial Application,Investigation,,,,Post-Preliminary Inspection,Renewal Application,,KID013A,KID013B,,SSRS,,
921,5,Licensed,Y,Y,Y,Y,Y,Y,N,N,Y,166,7:00 AM - 5:00 PM,7:00 AM - 5:00 PM,7:00 AM - 5:00 PM,7:00 AM - 5:00 PM,7:00 AM - 5:00 PM,No Information Available,No Information Available,34.0,31.0,34.0,31.0,34.0,31.0,32.0,29.0,32.0,29.0,32.0,29.0,29.0,29.0,29.0,29.0,29.0,29.0,,county_50,,,,,,Change of Space/Change in Capacity,Follow-up,,Investigation,,,,,Renewal Application,KID013,KID013A,KID013B,,SSRS,,
104,4,Licensed,Y,Y,Y,Y,Y,Y,N,N,Y,211,6:00 AM - 6:00 PM,6:00 AM - 6:00 PM,6:00 AM - 6:00 PM,6:00 AM - 6:00 PM,6:00 AM - 6:00 PM,No Information Available,No Information Available,32.0,32.0,32.0,32.0,32.0,32.0,32.0,32.0,32.0,32.0,32.0,32.0,32.0,12.0,32.0,12.0,32.0,12.0,,county_50,,,,,,,Follow-up,,Investigation,,Monitoring (DPOC),,,Renewal Application,KID013,KID013A,KID013B,,SSRS,,
307,4,Licensed,N,Y,N,Y,N,Y,N,,N,75,7:30 AM - 5:30 PM,7:30 AM - 5:30 PM,7:30 AM - 5:30 PM,7:30 AM - 5:30 PM,7:30 AM - 5:30 PM,No Information Available,No Information Available,,,34.0,26.0,34.0,26.0,34.0,26.0,34.0,26.0,34.0,26.0,,,,,,,,county_50,,,,,Change of Service,Change of Space/Change in Capacity,,,Investigation,,,,,Renewal Application,KID013,KID013A,KID013B,,SSRS,,
1818,1,Licensed,N,Y,N,Y,N,N,N,,N,156,other,other,other,other,other,No Information Available,No Information Available,,,,,,,,,,,,,,,,,,,,county_50,,,,,Change of Service,,,,Investigation,,,,,Renewal Application,KID013,KID013A,KID013B,DMS,SSRS,,
791,1,Licensed,N,Y,Y,Y,Y,Y,N,N,Y,120,7:00 AM - 5:00 PM,7:00 AM - 5:00 PM,7:00 AM - 5:00 PM,7:00 AM - 5:00 PM,7:00 AM - 5:00 PM,No Information Available,No Information Available,34.5,,32.0,,,,30.0,19.0,30.0,19.0,30.0,19.0,,,,,,,,county_50,,Change of Hours,,,,Change of Space/Change in Capacity,Follow-up,,Investigation,,,,,Renewal Application,KID013,KID013A,KID013B,DMS,SSRS,,
1803,5,Licensed,N,N,Y,Y,N,N,N,,Y,90,7:00 AM - 5:30 PM,7:00 AM - 5:30 PM,7:00 AM - 5:30 PM,7:00 AM - 5:30 PM,7:00 AM - 5:30 PM,No Information Available,No Information Available,,,,,,,,,,,,,,,,,,,,county_50,,,,,Change of Service,Change of Space/Change in Capacity,,,Investigation,,,,,Renewal Application,KID013,KID013A,KID013B,DMS,SSRS,,
849,1,Licensed,N,Y,Y,Y,Y,Y,N,N,Y,21,6:00 AM - 6:00 PM,6:00 AM - 6:00 PM,6:00 AM - 6:00 PM,6:00 AM - 6:00 PM,6:00 AM - 6:00 PM,No Information Available,No Information Available,28.0,25.0,28.0,25.0,28.0,25.0,26.0,22.0,26.0,22.0,26.0,22.0,24.0,20.0,24.0,20.0,24.0,20.0,,county_50,,,,,,,Follow-up,,Investigation,,,,,Renewal Application,KID013,KID013A,KID013B,DMS,SSRS,,
468,1,Licensed,N,N,N,Y,N,Y,N,N,Y,63,6:45 AM - 5:30 PM,6:45 AM - 5:30 PM,6:45 AM - 5:30 PM,6:45 AM - 5:30 PM,6:45 AM - 5:30 PM,No Information Available,No Information Available,,,,,,,32.0,28.0,32.0,28.0,32.0,28.0,,,,,,,,county_50,,,,,Change of Service,Change of Space/Change in Capacity,,,Investigation,,,,,Renewal Application,KID013,KID013A,KID013B,,SSRS,,
1905,3,Licensed,N,Y,Y,Y,Y,Y,N,N,Y,88,6:45 AM - 5:15 PM,6:45 AM - 5:15 PM,6:45 AM - 5:15 PM,6:45 AM - 5:15 PM,6:45 AM - 5:15 PM,No Information Available,No Information Available,34.0,,34.0,,34.0,,32.0,,32.0,,32.0,,32.0,29.0,32.0,29.0,,,,county_50,,,,,,,,,Investigation,,,,,Renewal Application,KID013,KID013A,KID013B,,SSRS,,
1801,3,Licensed,N,Y,Y,Y,Y,Y,N,N,Y,86,6:45 AM - 5:15 PM,6:45 AM - 5:15 PM,6:45 AM - 5:15 PM,6:45 AM - 5:15 PM,6:45 AM - 5:15 PM,No Information Available,No Information Available,34.0,,34.0,,34.0,,32.0,,32.0,,32.0,,32.0,29.0,32.0,29.0,,,,county_50,,,,,,,Follow-up,,Investigation,,Monitoring (DPOC),,,Renewal Application,KID013,KID013A,KID013B,,SSRS,,
713,5,Licensed,Y,Y,Y,Y,Y,Y,Y,N,Y,180,7:00 AM - 5:30 PM,7:00 AM - 5:30 PM,7:00 AM - 5:30 PM,7:00 AM - 5:30 PM,7:00 AM - 5:30 PM,No Information Available,No Information Available,35.0,,34.0,,32.0,,31.0,,31.0,,31.0,,31.0,15.5,31.0,15.5,,,On-going | On-going,county_50,,,,,Change of Service,Change of Space/Change in Capacity,,,Investigation,,Monitoring (DPOC),,,Renewal Application,KID013,KID013A,KID013B,DMS,SSRS,Adverse Action,Directed Plan of Correction
357,3,Licensed,N,Y,Y,Y,Y,Y,N,N,Y,90,6:45 AM - 5:15 PM,6:45 AM - 5:15 PM,6:45 AM - 5:15 PM,6:45 AM - 5:15 PM,6:45 AM - 5:15 PM,No Information Available,No Information Available,34.0,,34.0,,34.0,,32.0,,32.0,,32.0,,32.0,29.0,32.0,29.0,,,,county_50,,,,,,,,,Investigation,,,,,Renewal Application,KID013,KID013A,KID013B,,SSRS,,
65,3,Licensed,Y,Y,Y,Y,Y,Y,N,N,Y,59,6:00 AM - 6:00 PM,6:00 AM - 6:00 PM,6:00 AM - 6:00 PM,6:00 AM - 6:00 PM,6:00 AM - 6:00 PM,No Information Available,No Information Available,36.0,,36.0,,34.0,,34.0,,34.0,,36.0,8.0,36.0,8.0,36.0,8.0,36.0,8.0,,county_50,,,,,Change of Service,,Follow-up,,Investigation,,,,,Renewal Application,KID013,KID013A,KID013B,DMS,SSRS,,
1674,1,Licensed,N,Y,Y,Y,Y,Y,N,,Y,40,6:00 AM - 6:00 PM,6:00 AM - 6:00 PM,6:00 AM - 6:00 PM,6:00 AM - 6:00 PM,6:00 AM - 6:00 PM,6:00 AM - 6:00 PM,No Information Available,35.0,31.0,35.0,31.0,35.0,31.0,33.0,30.0,33.0,30.0,33.0,30.0,30.0,29.0,30.0,29.0,30.0,29.0,,county_50,,,,,Change of Service,,Follow-up,Initial Application,Investigation,,,,,Renewal Application,KID013,KID013A,KID013B,,SSRS,,
1257,3,Licensed,N,Y,Y,Y,Y,Y,N,,Y,60,7:00 AM - 4:30 PM,7:00 AM - 4:30 PM,7:00 AM - 4:30 PM,7:00 AM - 4:30 PM,7:00 AM - 4:30 PM,No Information Available,No Information Available,40.0,40.0,40.0,40.0,38.0,38.0,38.0,38.0,38.0,38.0,35.0,35.0,35.0,35.0,35.0,35.0,,,,county_50,,,,,,,,Initial Application,Investigation,,,,Post-Preliminary Inspection,Renewal Application,KID013,KID013A,KID013B,DMS,SSRS,,
1119,1,Licensed,N,Y,Y,Y,Y,Y,N,,Y,49,6:00 AM - 6:00 PM,6:00 AM - 6:00 PM,6:00 AM - 6:00 PM,6:00 AM - 6:00 PM,6:00 AM - 6:00 PM,No Information Available,No Information Available,39.0,,39.0,,37.0,,37.0,29.0,37.0,29.0,37.0,29.0,34.0,29.0,34.0,29.0,,,,county_50,,Change of Hours,Change of Location,,,Change of Space/Change in Capacity,Follow-up,Initial Application,Investigation,,,,Post-Preliminary Inspection,Renewal Application,KID013,KID013A,KID013B,,SSRS,,
933,1,Licensed,N,Y,N,Y,Y,Y,N,,Y,39,6:30 AM - 6:00 PM,6:30 AM - 6:00 PM,6:30 AM - 6:00 PM,6:30 AM - 6:00 PM,6:30 AM - 6:00 PM,No Information Available,No Information Available,43.0,43.0,43.0,43.0,43.0,43.0,43.0,43.0,,,,,,,,,,,,county_50,,,,,,,Follow-up,Initial Application,Investigation,,,,Post-Preliminary Inspection,Renewal Application,KID013,KID013A,KID013B,,SSRS,,
629,5,Licensed,N,Y,N,Y,Y,Y,N,,Y,41,7:00 AM - 5:00 PM,7:00 AM - 5:00 PM,7:00 AM - 5:00 PM,7:00 AM - 5:00 PM,7:00 AM - 5:00 PM,No Information Available,No Information Available,34.09,,31.81,,31.81,,30.22,,30.22,,30.22,,,,,,,,,county_50,,Change of Hours,,,Change of Service,Change of Space/Change in Capacity,,Initial Application,,,,,Post-Preliminary Inspection,Renewal Application,,KID013A,KID013B,,SSRS,,
1421,5,Licensed,N,Y,N,Y,Y,Y,N,,Y,120,7:00 AM - 4:00 PM,7:00 AM - 4:00 PM,7:00 AM - 4:00 PM,7:00 AM - 4:00 PM,7:00 AM - 4:00 PM,No Information Available,No Information Available,34.0,31.0,34.0,31.0,34.0,31.0,32.0,29.0,32.0,29.0,32.0,29.0,,,,,,,,county_50,,,,,,,,Initial Application,Investigation,,,,Post-Preliminary Inspection,Renewal Application,,KID013A,KID013B,,SSRS,,
691,1,Licensed,N,Y,Y,Y,Y,Y,N,,N,46,6:00 AM - 6:00 PM,6:00 AM - 6:00 PM,6:00 AM - 6:00 PM,6:00 AM - 6:00 PM,6:00 AM - 6:00 PM,6:00 AM - 6:00 PM,6:00 AM - 6:00 PM,34.0,31.0,34.0,31.0,34.0,31.0,32.0,29.0,32.0,29.0,32.0,29.0,29.0,29.0,29.0,29.0,29.0,29.0,,county_50,,,,,,Change of Space/Change in Capacity,Follow-up,Initial Application,Investigation,,,,Post-Preliminary Inspection,Renewal Application,,KID013A,KID013B,DMS,SSRS,,
1254,1,Licensed,N,Y,Y,Y,Y,Y,N,,Y,49,6:00 AM - 6:00 PM,6:00 AM - 6:00 PM,6:00 AM - 6:00 PM,6:00 AM - 6:00 PM,6:00 AM - 6:00 PM,No Information Available,No Information Available,38.0,,38.0,,36.0,,36.0,28.0,36.0,28.0,36.0,28.0,33.0,28.0,33.0,28.0,,,,county_50,,,,,Change of Service,Change of Space/Change in Capacity,,Initial Application,Investigation,,,,Post-Preliminary Inspection,Renewal Application,,KID013A,KID013B,,SSRS,,
683,1,Licensed,Y,Y,Y,Y,Y,Y,N,,N,19,7:00 AM - 5:15 PM,7:00 AM - 5:15 PM,7:00 AM - 5:15 PM,7:00 AM - 5:15 PM,7:00 AM - 5:15 PM,other,No Information Available,40.0,35.0,40.0,35.0,40.0,35.0,40.0,35.0,40.0,35.0,40.0,35.0,35.0,30.0,35.0,30.0,35.0,30.0,,county_50,,Change of Hours,,,Change of Service,Change of Space/Change in Capacity,Follow-up,Initial Application,Investigation,,Monitoring (DPOC),,Post-Preliminary Inspection,Renewal Application,,KID013A,KID013B,DMS,SSRS,,
326,1,Licensed,N,Y,Y,Y,Y,Y,N,,N,24,6:30 AM - 6:00 PM,6:30 AM - 6:00 PM,6:30 AM - 6:00 PM,6:30 AM - 6:00 PM,6:30 AM - 6:00 PM,No Information Available,No Information Available,32.0,32.0,32.0,32.0,32.0,32.0,27.0,27.0,27.0,27.0,27.0,27.0,27.0,27.0,27.0,27.0,,,,county_50,,,,,,,,Initial Application,,,,,Post-Preliminary Inspection,Renewal Application,,KID013A,KID013B,DMS,SSRS,,
1584,1,Licensed,N,Y,N,Y,Y,Y,N,,N,76,6:00 AM - 6:00 PM,6:00 AM - 6:00 PM,6:00 AM - 6:00 PM,6:00 AM - 6:00 PM,6:00 AM - 6:00 PM,No Information Available,No Information Available,40.0,,40.0,,38.0,,38.0,,38.0,,38.0,,,,,,,,,county_50,,,,,,,,Initial Application,Investigation,,,,Post-Preliminary Inspection,Renewal Application,,KID013A,KID013B,DMS,SSRS,,
603,1,Licensed,N,Y,Y,Y,N,Y,N,,Y,80,6:30 AM - 6:00 PM,6:30 AM - 6:00 PM,6:30 AM - 6:00 PM,6:30 AM - 6:00 PM,6:30 AM - 6:00 PM,No Information Available,No Information Available,,,,,43.0,43.0,43.0,43.0,35.0,31.0,35.0,31.0,35.0,31.0,,,,,,county_50,,,,,Change of Service,Change of Space/Change in Capacity,Follow-up,Initial Application,Investigation,,,,Post-Preliminary Inspection,Renewal Application,,KID013A,KID013B,DMS,SSRS,,
22,1,Licensed,N,Y,Y,Y,Y,Y,N,,N,49,7:00 AM - 5:30 PM,7:00 AM - 5:30 PM,7:00 AM - 5:30 PM,7:00 AM - 5:30 PM,7:00 AM - 5:30 PM,No Information Available,No Information Available,37.0,35.0,37.0,35.0,37.0,35.0,35.0,32.0,35.0,32.0,35.0,32.0,30.0,25.0,30.0,25.0,30.0,25.0,,county_50,,,,,,,,Initial Application,Investigation,,,,Post-Preliminary Inspection,Renewal Application,,KID013A,KID013B,DMS,SSRS,,
1883,1,Licensed,N,Y,N,Y,Y,Y,N,,N,40,6:00 AM - 6:00 AM,6:00 AM - 6:00 AM,6:00 AM - 6:00 AM,6:00 AM - 6:00 AM,6:00 AM - 6:00 AM,6:00 AM - 6:00 AM,6:00 AM - 6:00 AM,34.0,32.0,34.0,32.0,34.0,32.0,32.0,29.0,32.0,29.0,29.0,29.0,,,,,,,,county_50,,,,,Change of Service,,,Initial Application,,,,,Post-Preliminary Inspection,Renewal Application,,KID013A,KID013B,DMS,SSRS,,
278,1,Licensed,N,Y,Y,Y,Y,Y,N,,Y,48,6:00 AM - 6:00 PM,6:00 AM - 6:00 PM,6:00 AM - 6:00 PM,6:00 AM - 6:00 PM,6:00 AM - 6:00 PM,No Information Available,No Information Available,38.0,,38.0,,36.0,,36.0,28.0,,,,,33.0,28.0,33.0,28.0,,,,county_50,,,,,,,Follow-up,Initial Application,Investigation,,,,Post-Preliminary Inspection,Renewal Application,,KID013A,KID013B,,SSRS,,
214,1,Licensed,N,Y,Y,Y,Y,Y,N,,N,31,6:00 AM - 6:00 PM,6:00 AM - 6:00 PM,6:00 AM - 6:00 PM,6:00 AM - 6:00 PM,6:00 AM - 6:00 PM,No Information Available,No Information Available,38.0,35.0,38.0,35.0,38.0,35.0,36.0,33.0,36.0,33.0,36.0,33.0,32.0,32.0,32.0,32.0,32.0,32.0,,county_50,,,,,,Change of Space/Change in Capacity,,Initial Application,Investigation,,,,Post-Preliminary Inspection,,,,KID013B,DMS,SSRS,,
1188,4,Licensed,Y,N,N,Y,N,N,N,,Y,59,other,other,other,other,No Information Available,No Information Available,No Information Available,,,,,,,,,,,,,,,,,,,,county_17,,,,,,Change of Space/Change in Capacity,,,,,,,,Renewal Application,KID013,KID013A,KID013B,DMS,SSRS,,
653,4,Licensed,N,Y,Y,Y,Y,Y,N,,Y,61,other,other,other,other,other,No Information Available,No Information Available,40.0,33.0,40.0,33.0,40.0,33.0,36.0,27.0,36.0,27.0,36.0,27.0,30.0,30.0,30.0,30.0,30.0,30.0,,county_17,,,Change of Location,,,Change of Space/Change in Capacity,,Initial Application,Investigation,,,,Post-Preliminary Inspection,Renewal Application,KID013,KID013A,KID013B,,SSRS,,
196,3,Licensed,N,Y,Y,Y,Y,Y,N,,Y,96,6:30 AM - 5:30 PM,6:30 AM - 5:30 PM,6:30 AM - 5:30 PM,6:30 AM - 5:30 PM,6:30 AM - 5:30 PM,No Information Available,No Information Available,40.0,33.0,40.0,33.0,40.0,33.0,36.0,27.0,36.0,27.0,36.0,27.0,30.0,30.0,30.0,30.0,30.0,30.0,,county_17,,,,,,Change of Space/Change in Capacity,,Initial Application,Investigation,,,,Post-Preliminary Inspection,Renewal Application,,KID013A,KID013B,,SSRS,,
1717,3,Licensed,N,Y,Y,Y,Y,Y,N,,Y,36,6:00 AM - 5:30 PM,6:00 AM - 5:30 PM,6:00 AM - 5:30 PM,6:00 AM - 5:30 PM,6:00 AM - 5:30 PM,No Information Available,No Information Available,40.0,33.0,40.0,33.0,40.0,33.0,36.0,27.0,36.0,27.0,36.0,27.0,30.0,30.0,30.0,30.0,30.0,30.0,,county_17,,,,,,,,Initial Application,Investigation,,,,Post-Preliminary Inspection,Renewal Application,,KID013A,KID013B,,SSRS,,
722,1,Licensed,N,Y,Y,Y,Y,Y,N,,N,33,7:00 AM - 5:30 PM,7:00 AM - 5:30 PM,7:00 AM - 5:30 PM,7:00 AM - 5:30 PM,7:00 AM - 5:30 PM,No Information Available,No Information Available,40.0,,40.0,,40.0,,36.0,,36.0,,,,,,,,,,,county_17,,,,,Change of Service,,,Initial Application,,,,,Post-Preliminary Inspection,,,,KID013B,,SSRS,,
1713,1,Licensed,N,N,Y,Y,N,Y,N,N,Y,80,3:00 PM - 6:00 PM,3:00 PM - 6:00 PM,3:00 PM - 6:00 PM,3:00 PM - 6:00 PM,3:00 PM - 6:00 PM,No Information Available,No Information Available,,,,,,,,,8.0,8.0,8.0,8.0,8.0,8.0,8.0,8.0,,,,county_70,,,,,,Change of Space/Change in Capacity,Follow-up,,,,,,,Renewal Application,KID013,KID013A,KID013B,DMS,SSRS,,
455,3,Licensed,N,Y,Y,Y,Y,Y,N,,Y,40,other,other,other,other,other,No Information Available,No Information Available,33.0,31.0,33.0,31.0,33.0,31.0,30.0,30.0,30.0,30.0,30.0,30.0,22.0,22.0,22.0,22.0,22.0,22.0,,county_56,,,,,,,Follow-up,Initial Application,Investigation,,,,,Renewal Application,KID013,KID013A,KID013B,,SSRS,,
1401,1,Licensed,Y,Y,N,Y,Y,Y,N,,Y,57,7:30 AM - 3:30 PM,7:30 AM - 3:30 PM,7:30 AM - 3:30 PM,7:30 AM - 3:30 PM,No Information Available,No Information Available,No Information Available,0.01,0.01,0.01,0.01,0.01,0.01,0.01,0.01,0.01,0.01,0.01,0.01,,,,,,,,county_67,,,Change of Location,,Change of Service,Change of Space/Change in Capacity,,,Investigation,,,,,Renewal Application,KID013,KID013A,KID013B,DMS,SSRS,,
1683,1,Licensed,N,Y,Y,Y,Y,Y,N,N,Y,70,5:00 AM - 6:00 PM,5:00 AM - 6:00 PM,5:00 AM - 6:00 PM,5:00 AM - 6:00 PM,5:00 AM - 6:00 PM,No Information Available,No Information Available,25.0,,25.0,,25.0,,25.0,,25.0,,25.0,,25.0,24.0,25.0,24.0,25.0,24.0,,county_67,,,,,,Change of Space/Change in Capacity,Follow-up,,Investigation,,Monitoring (DPOC),,,Renewal Application,KID013,KID013A,KID013B,DMS,SSRS,,
3,1,Licensed,N,Y,Y,Y,Y,Y,N,N,Y,99,7:00 AM - 5:30 PM,7:00 AM - 5:30 PM,7:00 AM - 5:30 PM,7:00 AM - 5:30 PM,7:00 AM - 5:30 PM,No Information Available,No Information Available,31.0,31.0,30.6,30.6,30.0,30.0,29.0,29.0,29.0,29.0,29.0,29.0,29.0,18.0,29.0,18.0,29.0,18.0,,county_67,,,,,,,,,Investigation,,Monitoring (DPOC),,,Renewal Application,KID013,KID013A,KID013B,,SSRS,,
712,1,Licensed,N,Y,Y,Y,Y,Y,N,,Y,40,6:00 AM - 5:30 PM,6:00 AM - 5:30 PM,6:00 AM - 5:30 PM,6:00 AM - 5:30 PM,6:00 AM - 5:30 PM,No Information Available,No Information Available,21.6,,21.6,,21.6,,19.4,,19.4,,19.4,16.0,19.4,16.0,19.4,16.0,,,,county_67,,,,,,,Follow-up,Initial Application,Investigation,,Monitoring (DPOC),,Post-Preliminary Inspection,Renewal Application,KID013,KID013A,KID013B,,SSRS,,
1037,1,Licensed,N,Y,Y,Y,Y,Y,N,,Y,58,6:30 AM - 5:00 PM,6:30 AM - 5:00 PM,6:30 AM - 5:00 PM,6:30 AM - 5:00 PM,6:30 AM - 5:00 PM,No Information Available,No Information Available,29.0,27.0,29.0,27.0,29.0,27.0,28.0,26.0,28.0,26.0,28.0,26.0,,,,,,,,county_67,,,,,Change of Service,Change of Space/Change in Capacity,Follow-up,Initial Application,Investigation,,,,Post-Preliminary Inspection,Renewal Application,,KID013A,KID013B,DMS,SSRS,,
1092,1,Licensed,N,Y,N,Y,Y,Y,N,,N,48,7:00 AM - 5:00 PM,7:00 AM - 5:00 PM,7:00 AM - 5:00 PM,7:00 AM - 5:00 PM,7:00 AM - 5:00 PM,No Information Available,No Information Available,24.0,,24.0,,24.0,,24.0,,24.0,,24.0,,,,,,,,,county_67,,,,Change of Ownership,,,,,Investigation,,,,Post-Preliminary Inspection,Renewal Application,,KID013A,KID013B,DMS,SSRS,,
1349,1,Licensed,N,Y,N,Y,Y,Y,N,,N,48,7:00 AM - 5:00 PM,7:00 AM - 5:00 PM,7:00 AM - 5:00 PM,7:00 AM - 5:00 PM,7:00 AM - 5:00 PM,No Information Available,No Information Available,28.0,28.0,28.0,28.0,28.0,28.0,28.0,28.0,28.0,28.0,28.0,28.0,,,,,,,,county_67,,,,,,,,Initial Application,,,,,Post-Preliminary Inspection,Renewal Application,,KID013A,KID013B,DMS,SSRS,,
1817,1,Licensed,N,Y,Y,Y,Y,Y,N,,Y,49,6:00 AM - 4:30 PM,6:00 AM - 4:30 PM,6:00 AM - 4:30 PM,6:00 AM - 4:30 PM,6:00 AM - 4:30 PM,No Information Available,No Information Available,,,28.0,,28.0,,28.0,,28.0,22.0,28.0,22.0,28.0,22.0,28.0,22.0,,,,county_67,,,,Change of Ownership,,Change of Space/Change in Capacity,,,Investigation,,,,Post-Preliminary Inspection,Renewal Application,,KID013A,KID013B,,SSRS,,
785,1,Licensed,N,N,Y,N,N,Y,N,,N,100,3:00 PM - 5:30 PM,3:00 PM - 5:30 PM,3:00 PM - 5:30 PM,3:00 PM - 5:30 PM,3:00 PM - 5:30 PM,No Information Available,No Information Available,,,,,,,,,,,,12.5,,12.5,,12.5,,12.5,,county_67,,,,,,,Follow-up,Initial Application,,,,,Post-Preliminary Inspection,,,,KID013B,DMS,SSRS,,
1084,1,Licensed,N,N,Y,N,N,Y,N,,N,100,3:00 PM - 5:30 PM,3:00 PM - 5:30 PM,3:00 PM - 5:30 PM,3:00 PM - 5:30 PM,3:00 PM - 5:30 PM,No Information Available,No Information Available,,,,,,,,,,,,12.5,,12.5,,12.5,,,,county_67,,,,,,,,Initial Application,,,,,Post-Preliminary Inspection,,,,KID013B,,SSRS,,
1407,5,Licensed,Y,N,N,Y,N,Y,N,,Y,125,7:30 AM - 3:30 PM,7:30 AM - 3:30 PM,7:30 AM - 3:30 PM,7:30 AM - 3:30 PM,7:30 AM - 3:30 PM,No Information Available,No Information Available,0.01,0.01,0.01,0.01,0.01,0.01,0.01,0.01,0.01,0.01,0.01,0.01,0.01,0.01,0.01,0.01,0.01,0.01,,county_70,,,,,,,,,Investigation,,,,,Renewal Application,KID013,KID013A,KID013B,,SSRS,,
604,1,Licensed,N,Y,Y,Y,N,Y,N,,Y,32,7:30 AM - 5:30 PM,7:30 AM - 5:30 PM,7:30 AM - 5:30 PM,7:30 AM - 5:30 PM,7:30 AM - 5:30 PM,No Information Available,No Information Available,,,,,28.33,,28.33,,28.33,,,,,,,,,,,county_70,,,Change of Location,,Change of Service,Change of Space/Change in Capacity,,,Investigation,,,,,Renewal Application,KID013,KID013A,KID013B,,SSRS,,
1278,4,Licensed,Y,Y,N,Y,Y,Y,N,,Y,80,other,other,other,other,other,No Information Available,No Information Available,15.0,8.0,15.0,8.0,15.0,8.0,15.0,8.0,15.0,8.0,,,,,,,,,,county_70,,,Change of Location,,Change of Service,Change of Space/Change in Capacity,,Initial Application,Investigation,,,,Post-Preliminary Inspection,Renewal Application,KID013,KID013A,KID013B,,SSRS,,
476,5,Licensed,Y,N,N,Y,N,Y,N,N,Y,44,7:45 AM - 2:45 PM,7:45 AM - 2:45 PM,7:45 AM - 2:45 PM,7:45 AM - 2:45 PM,7:45 AM - 2:45 PM,No Information Available,No Information Available,,,,,,,15.0,8.0,15.0,8.0,,,,,,,,,,county_53,,,Change of Location,,,Change of Space/Change in Capacity,,,Investigation,,,,,Renewal Application,KID013,KID013A,KID013B,,SSRS,,
355,4,Licensed,N,Y,N,Y,Y,Y,Y,,Y,34,other,other,other,other,No Information Available,No Information Available,No Information Available,15.0,8.0,15.0,8.0,15.0,8.0,,,,,,,,,,,,,,county_53,,,,,,Change of Space/Change in Capacity,,Initial Application,Investigation,,Monitoring (DPOC),,Post-Preliminary Inspection,Renewal Application,,KID013A,KID013B,,SSRS,,
1413,1,Licensed,N,Y,Y,Y,Y,Y,N,,N,44,6:45 AM - 5:30 PM,6:45 AM - 5:30 PM,6:45 AM - 5:30 PM,6:45 AM - 5:30 PM,6:45 AM - 5:30 PM,No Information Available,No Information Available,35.0,20.0,35.0,20.0,30.0,15.0,30.0,15.0,30.0,15.0,30.0,15.0,30.0,15.0,30.0,15.0,30.0,15.0,,county_53,,,,,,,,Initial Application,,,,,Post-Preliminary Inspection,,,,KID013B,,SSRS,,
454,3,Licensed,Y,Y,Y,Y,Y,Y,N,N,Y,114,5:30 AM - 12:00 AM,5:30 AM - 12:00 AM,5:30 AM - 12:00 AM,5:30 AM - 12:00 AM,5:30 AM - 12:00 AM,6:00 AM - 6:00 PM,No Information Available,29.0,29.0,29.0,29.0,29.0,29.0,29.0,29.0,29.0,29.0,29.0,29.0,29.0,15.0,29.0,15.0,29.0,15.0,,county_18,,,,,Change of Service,,Follow-up,,Investigation,,Monitoring (DPOC),,,Renewal Application,KID013,KID013A,KID013B,DMS,SSRS,,
543,1,Licensed,Y,N,Y,Y,N,Y,N,N,Y,99,6:30 AM - 6:00 PM,6:30 AM - 6:00 PM,6:30 AM - 6:00 PM,6:30 AM - 6:00 PM,6:30 AM - 6:00 PM,No Information Available,No Information Available,,,,,,,20.0,,20.0,,20.0,,20.0,8.0,20.0,8.0,,,,county_18,,,Change of Location,,Change of Service,Change of Space/Change in Capacity,Follow-up,,Investigation,,,,,Renewal Application,KID013,KID013A,KID013B,,SSRS,,
285,1,Licensed,Y,N,Y,Y,N,Y,N,N,Y,78,7:00 AM - 5:30 PM,7:00 AM - 5:30 PM,7:00 AM - 5:30 PM,7:00 AM - 5:30 PM,7:00 AM - 5:30 PM,No Information Available,No Information Available,,,,,,,20.0,,20.0,,20.0,,20.0,8.0,20.0,8.0,,,,county_18,,,,,,,,,Investigation,,,,,Renewal Application,KID013,KID013A,KID013B,,SSRS,,
1484,1,Licensed,N,Y,Y,Y,Y,Y,N,,Y,74,other,other,other,other,other,other,No Information Available,29.0,29.0,29.0,29.0,29.0,29.0,29.0,29.0,29.0,29.0,29.0,29.0,29.0,29.0,29.0,29.0,29.0,29.0,,county_18,,Change of Hours,,,,,Follow-up,Initial Application,Investigation,,,,Post-Preliminary Inspection,Renewal Application,,KID013A,KID013B,,SSRS,,
1504,1,Licensed,N,Y,Y,Y,N,Y,N,,Y,46,6:00 AM - 6:00 PM,6:00 AM - 6:00 PM,6:00 AM - 6:00 PM,6:00 AM - 6:00 PM,6:00 AM - 6:00 PM,No Information Available,No Information Available,29.0,10.0,29.0,10.0,29.0,10.0,29.0,10.0,29.0,10.0,29.0,10.0,29.0,10.0,29.0,10.0,29.0,10.0,,county_18,,,,Change of Ownership,,,Follow-up,,Investigation,,,,Post-Preliminary Inspection,Renewal Application,,KID013A,KID013B,DMS,SSRS,,
925,1,Licensed,N,Y,Y,Y,Y,Y,N,,N,45,6:00 AM - 5:30 PM,6:00 AM - 5:30 PM,6:00 AM - 5:30 PM,6:00 AM - 5:30 PM,6:00 AM - 5:30 PM,No Information Available,No Information Available,29.0,10.0,29.0,10.0,29.0,10.0,29.0,10.0,29.0,10.0,29.0,10.0,29.0,10.0,29.0,10.0,29.0,10.0,,county_18,,,,,,,Follow-up,Initial Application,Investigation,,,,Post-Preliminary Inspection,Renewal Application,,KID013A,KID013B,DMS,SSRS,,
437,3,Licensed,Y,Y,N,Y,N,Y,N,,Y,92,7:30 AM - 3:30 PM,7:30 AM - 3:30 PM,7:30 AM - 3:30 PM,7:30 AM - 3:30 PM,7:30 AM - 3:30 PM,No Information Available,No Information Available,0.01,0.01,0.01,0.01,0.01,0.01,0.01,0.01,0.01,0.01,0.01,0.01,0.01,0.01,0.01,0.01,0.01,0.01,,county_61,,Change of Hours,Change of Location,,Change of Service,Change of Space/Change in Capacity,,,Investigation,,,,,Renewal Application,KID013,KID013A,KID013B,,SSRS,,
711,2,Licensed,N,Y,N,Y,Y,Y,N,N,Y,99,6:30 AM - 5:30 PM,6:30 AM - 5:30 PM,6:30 AM - 5:30 PM,6:30 AM - 5:30 PM,6:30 AM - 5:30 PM,No Information Available,No Information Available,31.0,,31.0,,30.0,,27.0,,,,,,,,,,,,,county_61,,,,,,,Follow-up,,Investigation,,,,,Renewal Application,KID013,KID013A,KID013B,,SSRS,,
426,3,Licensed,Y,Y,N,Y,Y,Y,N,N,Y,60,other,other,other,other,other,No Information Available,No Information Available,33.0,33.0,33.0,33.0,33.0,33.0,,,,,,,,,,,,,,county_61,,,,,Change of Service,Change of Space/Change in Capacity,,,Investigation,,,,,Renewal Application,KID013,KID013A,KID013B,,SSRS,,
1223,2,Licensed,N,N,Y,Y,N,Y,N,N,Y,109,6:30 AM - 5:30 PM,6:30 AM - 5:30 PM,6:30 AM - 5:30 PM,6:30 AM - 5:30 PM,6:30 AM - 5:30 PM,No Information Available,No Information Available,,,,,,,27.0,,27.0,,27.0,,27.0,20.0,27.0,20.0,,,,county_61,,,,,,,Follow-up,,Investigation,,,,,Renewal Application,KID013,KID013A,KID013B,,SSRS,,
1511,1,Licensed,Y,N,Y,Y,N,Y,N,N,Y,177,7:30 AM - 6:00 PM,7:30 AM - 6:00 PM,7:30 AM - 6:00 PM,7:30 AM - 6:00 PM,7:30 AM - 6:00 PM,No Information Available,No Information Available,,,,,,,28.0,16.0,28.0,16.0,28.0,16.0,,15.0,,15.0,,15.0,,county_61,,,,,,Change of Space/Change in Capacity,,,,,,,,Renewal Application,KID013,KID013A,KID013B,DMS,SSRS,,
1162,3,Licensed,Y,N,Y,Y,N,Y,N,N,Y,132,6:00 AM - 6:00 PM,6:00 AM - 6:00 PM,6:00 AM - 6:00 PM,6:00 AM - 6:00 PM,6:00 AM - 6:00 PM,No Information Available,No Information Available,,,,,,,,,,,,20.0,,20.0,,20.0,,20.0,,county_61,,,Change of Location,,Change of Service,Change of Space/Change in Capacity,Follow-up,,Investigation,,,,,Renewal Application,KID013,KID013A,KID013B,DMS,SSRS,,
366,4,Licensed,N,N,Y,Y,N,Y,N,N,Y,100,6:00 AM - 5:30 PM,6:00 AM - 5:30 PM,6:00 AM - 5:30 PM,6:00 AM - 5:30 PM,6:00 AM - 5:30 PM,No Information Available,No Information Available,,,,,,,31.0,15.0,31.0,15.0,31.0,15.0,,20.0,,20.0,,20.0,,county_61,,,,,Change of Service,Change of Space/Change in Capacity,,,Investigation,,,,,Renewal Application,KID013,KID013A,KID013B,DMS,SSRS,,
1900,4,Licensed,N,Y,N,Y,N,Y,N,N,N,48,7:30 AM - 5:00 PM,7:30 AM - 5:00 PM,7:30 AM - 5:00 PM,7:30 AM - 5:00 PM,7:30 AM - 4:00 PM,No Information Available,No Information Available,,,,,,,45.0,35.0,45.0,35.0,45.0,35.0,,,,,,,,county_61,,,,,Change of Service,,,,Investigation,,,,,Renewal Application,KID013,KID013A,KID013B,DMS,SSRS,,
1131,1,Licensed,N,N,Y,Y,N,Y,N,N,Y,70,7:30 AM - 6:00 PM,7:30 AM - 6:00 PM,7:30 AM - 6:00 PM,7:30 AM - 6:00 PM,7:30 AM - 6:00 PM,No Information Available,No Information Available,,,,,,,30.0,20.0,30.0,20.0,30.0,20.0,,,,,,,,county_61,,,Change of Location,,,Change of Space/Change in Capacity,,,Investigation,,,,,Renewal Application,KID013,KID013A,KID013B,,SSRS,,
839,2,Licensed,N,Y,N,Y,Y,Y,N,N,Y,97,6:30 AM - 5:00 PM,6:30 AM - 5:00 PM,6:30 AM - 5:00 PM,6:30 AM - 5:00 PM,6:30 AM - 5:00 PM,No Information Available,No Information Available,31.0,,31.0,,30.0,,,,,,,,,,,,,,,county_61,,,,,,Change of Space/Change in Capacity,,,Investigation,,Monitoring (DPOC),,,Renewal Application,KID013,KID013A,KID013B,DMS,SSRS,,
158,3,Licensed,Y,Y,Y,Y,N,Y,N,,Y,217,6:30 AM - 6:00 PM,6:30 AM - 6:00 PM,6:30 AM - 6:00 PM,6:30 AM - 6:00 PM,6:30 AM - 6:00 PM,No Information Available,No Information Available,,,,,,,33.0,23.0,33.0,23.0,33.0,23.0,33.0,16.0,33.0,16.0,,,,county_61,,,Change of Location,,Change of Service,Change of Space/Change in Capacity,,Initial Application,Investigation,,,,Post-Preliminary Inspection,Renewal Application,KID013,KID013A,KID013B,DMS,SSRS,,
774,1,Licensed,Y,Y,N,Y,Y,Y,N,,N,49,6:30 AM - 6:00 PM,6:30 AM - 6:00 PM,6:30 AM - 6:00 PM,6:30 AM - 6:00 PM,6:30 AM - 6:00 PM,No Information Available,No Information Available,37.0,,37.0,,36.0,,34.0,,34.0,,34.0,,30.0,22.0,30.0,22.0,30.0,22.0,,county_61,,,,,,,,Initial Application,Investigation,,,,Post-Preliminary Inspection,Renewal Application,,KID013A,KID013B,,SSRS,,
1270,1,Licensed,N,Y,Y,Y,Y,Y,N,,N,121,6:30 AM - 6:00 PM,6:30 AM - 6:00 PM,6:30 AM - 6:00 PM,6:30 AM - 6:00 PM,6:30 AM - 6:00 PM,No Information Available,No Information Available,37.8,,36.8,,35.6,,34.4,,34.4,,32.0,17.0,32.0,17.0,32.0,17.0,,,,county_61,,,,Change of Ownership,,Change of Space/Change in Capacity,,,Investigation,,,,Post-Preliminary Inspection,Renewal Application,,KID013A,KID013B,,SSRS,,
433,1,Certified,N,N,N,N,N,Y,N,,,6,6:00 AM - 5:00 PM,6:00 AM - 5:00 PM,6:00 AM - 5:00 PM,6:00 AM - 5:00 PM,6:00 AM - 5:00 PM,No Information Available,No Information Available,34.0,,34.0,,34.0,,34.0,,34.0,,34.0,,,,,,,,,county_61,Annual Inspection,,,,,,,Initial Application,,,,,,Renewal Application,,KID013A,KID013B,,SSRS,,
1194,1,Licensed,Y,Y,Y,Y,N,Y,N,,N,128,6:30 AM - 6:00 PM,6:30 AM - 6:00 PM,6:30 AM - 6:00 PM,6:30 AM - 6:00 PM,6:30 AM - 6:00 PM,No Information Available,No Information Available,37.0,,37.0,,36.0,,34.0,,34.0,,34.0,,30.0,22.0,30.0,22.0,30.0,22.0,,county_61,,,,,,,,Initial Application,Investigation,,,,Post-Preliminary Inspection,Renewal Application,,KID013A,KID013B,,SSRS,,
1082,1,Licensed,Y,Y,N,Y,Y,Y,N,,N,240,6:00 AM - 5:30 PM,6:00 AM - 5:30 PM,6:00 AM - 5:30 PM,6:00 AM - 5:30 PM,6:00 AM - 5:30 PM,No Information Available,No Information Available,33.0,,33.0,,33.0,,30.0,,30.0,,30.0,,30.0,,,,,,,county_61,,,,,Change of Service,Change of Space/Change in Capacity,,Initial Application,Investigation,,,,Post-Preliminary Inspection,Renewal Application,,KID013A,KID013B,,SSRS,,
1564,4,Licensed,N,Y,N,N,Y,Y,N,,N,19,other,other,other,other,other,No Information Available,No Information Available,33.0,33.0,33.0,33.0,,,,,,,,,,,,,,,,county_61,,,,,Change of Service,Change of Space/Change in Capacity,,Initial Application,,,,,Post-Preliminary Inspection,Renewal Application,,KID013A,KID013B,,SSRS,,
256,1,Licensed,N,N,N,Y,N,,N,,N,26,8:00 AM - 3:00 PM,8:00 AM - 3:00 PM,8:00 AM - 3:00 PM,8:00 AM - 3:00 PM,8:00 AM - 3:00 PM,No Information Available,No Information Available,,,,,,,,,,,,,,,,,,,,county_61,,,,,,,,Initial Application,,,,,Post-Preliminary Inspection,Renewal Application,,KID013A,KID013B,,SSRS,,
378,1,Certified,N,N,N,N,N,Y,N,,,6,other,other,other,other,other,No Information Available,No Information Available,40.0,,35.0,,35.0,,35.0,,35.0,,35.0,,35.0,,35.0,,35.0,,,county_61,Annual Inspection,,,,,,,Initial Application,,,,,,,,,KID013B,,SSRS,,
49,4,Licensed,N,Y,Y,Y,Y,Y,N,N,Y,49,6:30 AM - 5:30 PM,6:30 AM - 5:30 PM,6:30 AM - 5:30 PM,6:30 AM - 5:30 PM,6:30 AM - 5:30 PM,No Information Available,No Information Available,35.0,30.0,35.0,30.0,35.0,30.0,35.0,30.0,35.0,30.0,35.0,30.0,35.0,30.0,35.0,30.0,,,,county_75,,,,,Change of Service,,,,Investigation,,,,,Renewal Application,KID013,KID013A,KID013B,,SSRS,,
236,5,Licensed,Y,Y,N,Y,Y,Y,N,Y,Y,30,7:30 AM - 3:30 PM,7:30 AM - 3:30 PM,7:30 AM - 3:30 PM,7:30 AM - 3:30 PM,7:30 AM - 3:30 PM,No Information Available,No Information Available,29.0,27.0,29.0,27.0,29.0,27.0,28.0,26.0,28.0,26.0,28.0,26.0,,,,,,,,county_75,,,,,Change of Service,Change of Space/Change in Capacity,Follow-up,Initial Application,Investigation,,,,Post-Preliminary Inspection,Renewal Application,KID013,KID013A,KID013B,,SSRS,,
1619,1,Licensed,Y,Y,Y,Y,Y,Y,N,,Y,40,other,other,other,other,other,other,other,25.0,,25.0,,25.0,,25.0,,25.0,,23.0,,20.0,,20.0,,20.0,,,county_75,,,,,Change of Service,,Follow-up,Initial Application,Investigation,,,,Post-Preliminary Inspection,Renewal Application,,KID013A,KID013B,DMS,SSRS,,
622,1,Licensed,N,Y,Y,Y,Y,Y,N,,Y,51,6:00 AM - 6:00 PM,6:00 AM - 6:00 PM,6:00 AM - 6:00 PM,6:00 AM - 6:00 PM,6:00 AM - 6:00 PM,No Information Available,No Information Available,26.0,26.0,26.0,26.0,26.0,26.0,26.0,26.0,26.0,26.0,26.0,26.0,26.0,26.0,26.0,26.0,26.0,26.0,,county_75,,,,Change of Ownership,,,Follow-up,,Investigation,,,,Post-Preliminary Inspection,Renewal Application,,KID013A,KID013B,DMS,SSRS,,
423,1,Licensed,Y,Y,Y,Y,Y,Y,N,,N,49,6:00 AM - 5:30 PM,6:00 AM - 5:30 PM,6:00 AM - 5:30 PM,6:00 AM - 5:30 PM,6:00 AM - 5:30 PM,No Information Available,No Information Available,25.0,15.0,25.0,15.0,25.0,15.0,25.0,15.0,22.0,15.0,22.0,15.0,20.0,15.0,20.0,15.0,,,,county_75,,,,,,,Follow-up,Initial Application,Investigation,,,,Post-Preliminary Inspection,Renewal Application,,KID013A,KID013B,DMS,SSRS,,
199,1,Licensed,N,Y,Y,Y,Y,Y,N,,N,26,6:30 AM - 5:30 PM,6:30 AM - 5:30 PM,6:30 AM - 5:30 PM,6:30 AM - 5:30 PM,6:30 AM - 5:30 PM,No Information Available,No Information Available,27.0,,27.0,,27.0,,27.0,,27.0,,27.0,,27.0,,27.0,,27.0,,,county_75,,,,,Change of Service,,,Initial Application,,,,,Post-Preliminary Inspection,Renewal Application,,KID013A,KID013B,,SSRS,,
1823,1,Licensed,Y,N,Y,Y,N,Y,N,N,Y,200,2:00 PM - 6:00 PM,2:00 PM - 6:00 PM,2:00 PM - 6:00 PM,2:00 PM - 6:00 PM,2:00 PM - 6:00 PM,No Information Available,No Information Available,,,,,,,,,,,32.0,18.0,32.0,18.0,32.0,18.0,,,,county_66,,,Change of Location,,,Change of Space/Change in Capacity,Follow-up,,Investigation,,,,,Renewal Application,KID013,KID013A,KID013B,,SSRS,,
1394,1,Licensed,Y,N,Y,N,N,Y,N,N,Y,100,2:20 PM - 5:30 PM,2:20 PM - 5:30 PM,2:20 PM - 5:30 PM,2:20 PM - 5:30 PM,2:20 PM - 5:30 PM,No Information Available,No Information Available,,,,,,,,,,,30.0,15.0,30.0,15.0,30.0,15.0,,,,county_12,,,,,,,Follow-up,,Investigation,,,,,Renewal Application,KID013,KID013A,KID013B,,SSRS,,
866,1,Licensed,Y,N,Y,N,N,Y,N,N,Y,200,8:00 AM - 5:00 PM,8:00 AM - 5:00 PM,8:00 AM - 5:00 PM,8:00 AM - 5:00 PM,8:00 AM - 5:00 PM,No Information Available,No Information Available,,,,,,,,,,,32.0,18.0,32.0,18.0,32.0,18.0,32.0,18.0,,county_66,,,Change of Location,,Change of Service,,,,Investigation,,,,,Renewal Application,KID013,KID013A,KID013B,,SSRS,,
394,3,Licensed,N,Y,Y,Y,Y,Y,N,N,Y,93,7:00 AM - 5:30 PM,7:00 AM - 5:30 PM,7:00 AM - 5:30 PM,7:00 AM - 5:30 PM,7:00 AM - 5:30 PM,No Information Available,No Information Available,46.0,46.0,46.0,46.0,46.0,46.0,42.0,42.0,42.0,39.0,42.0,33.0,36.0,33.0,36.0,33.0,,,,county_66,,,,,,,,,Investigation,,,,,Renewal Application,KID013,KID013A,KID013B,,SSRS,,
1051,3,Licensed,Y,Y,Y,Y,Y,Y,N,,Y,264,8:00 AM - 5:00 PM,8:00 AM - 5:00 PM,8:00 AM - 5:00 PM,8:00 AM - 5:00 PM,8:00 AM - 5:00 PM,No Information Available,No Information Available,,,,,,,39.6,16.0,39.6,16.0,42.8,19.2,39.2,15.8,39.2,15.8,39.2,15.8,,county_12,,Change of Hours,,,Change of Service,Change of Space/Change in Capacity,Follow-up,,Investigation,,,,,Renewal Application,KID013,KID013A,KID013B,,SSRS,,
1872,1,Licensed,N,Y,Y,Y,Y,Y,N,,Y,41,6:30 AM - 5:30 PM,6:30 AM - 5:30 PM,6:30 AM - 5:30 PM,6:30 AM - 5:30 PM,6:30 AM - 5:30 PM,No Information Available,No Information Available,55.0,44.0,52.0,42.0,49.0,39.0,45.0,36.0,45.0,36.0,45.0,36.0,45.0,33.0,45.0,33.0,,,,county_66,,,,,,,,Initial Application,Investigation,,,,Post-Preliminary Inspection,Renewal Application,,KID013A,KID013B,DMS,SSRS,,
1745,1,Licensed,Y,N,Y,N,N,Y,N,,N,79,2:30 PM - 6:00 PM,2:30 PM - 6:00 PM,2:30 PM - 6:00 PM,2:30 PM - 6:00 PM,2:30 PM - 6:00 PM,No Information Available,No Information Available,,,,,,,,,,,,17.0,,17.0,,17.0,,17.0,,county_66,,,,,Change of Service,Change of Space/Change in Capacity,,Initial Application,Investigation,,,,Post-Preliminary Inspection,Renewal Application,,KID013A,KID013B,,SSRS,,
575,1,Licensed,Y,N,Y,N,N,Y,N,,N,200,2:20 PM - 5:30 PM,2:20 PM - 5:30 PM,2:20 PM - 5:30 PM,2:20 PM - 5:30 PM,2:20 PM - 5:30 PM,No Information Available,No Information Available,,,,,,,,,,,30.0,15.0,30.0,15.0,30.0,15.0,,,,county_12,,,,,,Change of Space/Change in Capacity,,Initial Application,Investigation,,,,Post-Preliminary Inspection,Renewal Application,,KID013A,KID013B,DMS,SSRS,,
233,5,Licensed,Y,N,N,Y,N,Y,N,,Y,99,7:30 AM - 3:30 PM,7:30 AM - 3:30 PM,7:30 AM - 3:30 PM,7:30 AM - 3:30 PM,No Information Available,No Information Available,No Information Available,0.01,0.01,0.01,0.01,0.01,0.01,0.01,0.01,0.01,0.01,0.01,0.01,0.01,0.01,0.01,0.01,0.01,0.01,,county_70,,,,,,Change of Space/Change in Capacity,,,Investigation,,,,,Renewal Application,KID013,KID013A,KID013B,,SSRS,,
1314,3,Licensed,Y,Y,N,Y,Y,Y,N,,Y,173,other,other,other,other,other,No Information Available,No Information Available,22.0,15.0,22.0,15.0,22.0,15.0,19.0,13.0,19.0,13.0,19.0,13.0,,,,,,,,county_70,,,,,,Change of Space/Change in Capacity,Follow-up,,,,,,,Renewal Application,KID013,KID013A,KID013B,,SSRS,,
1247,2,Licensed,N,Y,Y,Y,Y,Y,N,N,Y,49,6:00 AM - 6:00 PM,6:00 AM - 6:00 PM,6:00 AM - 6:00 PM,6:00 AM - 6:00 PM,6:00 AM - 6:00 PM,No Information Available,No Information Available,28.0,,28.0,,28.0,,27.0,,27.0,,27.0,,27.0,26.0,27.0,26.0,,,,county_70,,,,,,,,,Investigation,,,,,Renewal Application,KID013,KID013A,KID013B,,SSRS,,
880,2,Licensed,N,Y,Y,Y,Y,Y,N,N,Y,40,6:30 AM - 6:00 PM,6:30 AM - 6:00 PM,6:30 AM - 6:00 PM,6:30 AM - 6:00 PM,6:30 AM - 6:00 PM,No Information Available,No Information Available,28.0,28.0,28.0,28.0,28.0,28.0,27.0,26.0,27.0,26.0,27.0,26.0,27.0,26.0,27.0,26.0,27.0,26.0,,county_70,,,,,,Change of Space/Change in Capacity,,,Investigation,,Monitoring (DPOC),,,Renewal Application,KID013,KID013A,KID013B,,SSRS,,
1227,1,Licensed,N,Y,Y,Y,Y,Y,N,,N,51,6:30 AM - 6:00 PM,6:30 AM - 6:00 PM,6:30 AM - 6:00 PM,6:30 AM - 6:00 PM,6:30 AM - 6:00 PM,No Information Available,No Information Available,28.0,14.0,28.0,14.0,28.0,14.0,28.0,14.0,28.0,14.0,28.0,14.0,28.0,14.0,28.0,14.0,28.0,14.0,,county_70,,,,,,,,Initial Application,,Monitoring,,,Post-Preliminary Inspection,Renewal Application,,,KID013B,DMS,SSRS,,
52,1,Licensed,N,Y,N,Y,Y,Y,N,,N,33,other,other,other,other,other,No Information Available,No Information Available,28.0,28.0,28.0,28.0,28.0,28.0,27.0,26.0,27.0,26.0,,,,,,,,,,county_70,,,,,Change of Service,Change of Space/Change in Capacity,,Initial Application,,,,,Post-Preliminary Inspection,Renewal Application,,,KID013B,,SSRS,,
832,2,Licensed,N,N,Y,N,N,Y,N,N,Y,72,3:00 PM - 6:00 PM,3:00 PM - 6:00 PM,3:00 PM - 6:00 PM,3:00 PM - 6:00 PM,3:00 PM - 6:00 PM,No Information Available,No Information Available,,,,,,,,,,,,,12.5,,12.5,,,,,county_42,,,,,,,,,,,,,,Renewal Application,KID013,KID013A,KID013B,,SSRS,,
1172,5,Licensed,N,N,N,Y,N,Y,N,N,Y,30,8:00 AM - 4:00 PM,8:00 AM - 4:00 PM,8:00 AM - 4:00 PM,8:00 AM - 4:00 PM,8:00 AM - 4:00 PM,No Information Available,No Information Available,,,,,,,0.01,,0.01,,0.01,,,,,,,,,county_42,,,,,,,,,Investigation,,,,,Renewal Application,KID013,KID013A,KID013B,,SSRS,,
1193,1,Certified,N,N,N,N,N,Y,N,,,6,6:00 AM - 5:00 PM,6:00 AM - 5:00 PM,6:00 AM - 5:00 PM,6:00 AM - 5:00 PM,6:00 AM - 5:00 PM,No Information Available,No Information Available,20.0,,20.0,,20.0,,20.0,,20.0,,20.0,,,,,,,,,county_42,Annual Inspection,,,,,,,,,,,,,Renewal Application,KID013,KID013A,KID013B,,SSRS,,
318,3,Licensed,N,Y,Y,Y,Y,Y,N,,N,55,6:00 AM - 6:00 PM,6:00 AM - 6:00 PM,6:00 AM - 6:00 PM,6:00 AM - 6:00 PM,6:00 AM - 6:00 PM,No Information Available,No Information Available,48.0,42.0,46.0,42.0,44.0,38.0,40.0,36.0,40.0,36.0,40.0,36.0,35.0,30.0,35.0,30.0,35.0,30.0,,county_42,,,,,Change of Service,,,Initial Application,Investigation,,,,Post-Preliminary Inspection,Renewal Application,,KID013A,KID013B,,SSRS,,
1877,1,Licensed,N,Y,Y,Y,Y,Y,N,,N,35,6:30 AM - 6:00 PM,6:30 AM - 6:00 PM,6:30 AM - 6:00 PM,6:30 AM - 6:00 PM,6:30 AM - 6:00 PM,No Information Available,No Information Available,27.0,27.0,27.0,27.0,27.0,27.0,25.0,25.0,25.0,25.0,25.0,25.0,27.0,26.0,27.0,26.0,27.0,26.0,,county_34,,,,,,,,Initial Application,Investigation,,,,Post-Preliminary Inspection,Renewal Application,,KID013A,KID013B,,SSRS,,
1920,1,Licensed,N,Y,N,Y,Y,Y,N,,Y,83,7:30 AM - 6:00 PM,7:30 AM - 6:00 PM,7:30 AM - 6:00 PM,7:30 AM - 6:00 PM,7:30 AM - 6:00 PM,No Information Available,No Information Available,37.0,,35.0,,33.0,,31.0,,31.0,,,,,,,,,,,county_34,,,,,,Change of Space/Change in Capacity,,Initial Application,Investigation,,,,Post-Preliminary Inspection,,,,KID013B,,,,
288,5,Licensed,Y,N,N,Y,N,N,N,,Y,86,other,other,other,other,other,No Information Available,No Information Available,,,,,,,,,,,,,,,,,,,,county_0,,,,,Change of Service,Change of Space/Change in Capacity,,,Investigation,,,,,Renewal Application,KID013,KID013A,KID013B,DMS,SSRS,,
957,5,Licensed,Y,N,N,Y,N,N,N,,Y,20,other,other,other,other,No Information Available,No Information Available,No Information Available,,,,,,,,,,,,,,,,,,,,county_0,,,,,,,,,,,,,,Renewal Application,KID013,KID013A,KID013B,,SSRS,,
1898,2,Licensed,Y,N,Y,Y,N,Y,N,N,Y,80,7:30 AM - 5:30 PM,7:30 AM - 5:30 PM,7:30 AM - 5:30 PM,7:30 AM - 5:30 PM,7:30 AM - 5:30 PM,No Information Available,No Information Available,,,,,,,16.0,10.0,16.0,10.0,16.0,10.0,16.0,5.0,16.0,5.0,,,,county_0,,,Change of Location,,Change of Service,Change of Space/Change in Capacity,,,Investigation,,,,,Renewal Application,KID013,KID013A,KID013B,,SSRS,,
1420,5,Licensed,N,N,N,Y,N,N,N,,N,20,8:00 AM - 3:00 PM,8:00 AM - 3:00 PM,8:00 AM - 3:00 PM,8:00 AM - 3:00 PM,No Information Available,No Information Available,No Information Available,,,,,,,,,,,,,,,,,,,,county_0,,,,,,,,,,,,,,Renewal Application,KID013,KID013A,KID013B,DMS,SSRS,,
613,5,Licensed,Y,N,N,Y,N,N,N,,Y,40,other,other,other,other,No Information Available,No Information Available,No Information Available,,,,,,,,,,,,,,,,,,,,county_0,,,,,Change of Service,Change of Space/Change in Capacity,,,,,,,,Renewal Application,KID013,KID013A,KID013B,,SSRS,,
1129,3,Licensed,N,Y,Y,Y,Y,Y,N,N,Y,131,6:00 AM - 6:00 PM,6:00 AM - 6:00 PM,6:00 AM - 6:00 PM,6:00 AM - 6:00 PM,6:00 AM - 6:00 PM,No Information Available,No Information Available,47.0,42.0,47.0,42.0,47.0,42.0,41.0,34.0,41.0,34.0,37.0,32.0,37.0,32.0,37.0,32.0,,,,county_0,,,,,,,,,Investigation,,Monitoring (DPOC),,,Renewal Application,KID013,KID013A,KID013B,,SSRS,,
248,3,Licensed,N,Y,Y,Y,Y,Y,N,N,Y,77,7:00 AM - 5:30 PM,7:00 AM - 5:30 PM,7:00 AM - 5:30 PM,7:00 AM - 5:30 PM,7:00 AM - 5:30 PM,No Information Available,No Information Available,47.0,43.0,47.0,43.0,47.0,43.0,41.0,34.0,41.0,34.0,41.0,34.0,37.0,32.0,37.0,32.0,37.0,32.0,,county_0,,,,,,,,,Investigation,,,,,Renewal Application,KID013,KID013A,KID013B,,SSRS,,
993,3,Licensed,N,Y,Y,Y,Y,Y,N,N,Y,192,6:00 AM - 6:00 PM,6:00 AM - 6:00 PM,6:00 AM - 6:00 PM,6:00 AM - 6:00 PM,6:00 AM - 6:00 PM,No Information Available,No Information Available,47.0,43.0,47.0,43.0,47.0,43.0,41.0,34.0,41.0,34.0,41.0,34.0,37.0,32.0,37.0,32.0,,,,county_0,,,,,,Change of Space/Change in Capacity,,,Investigation,,,,,Renewal Application,KID013,KID013A,KID013B,,SSRS,,
1199,3,Licensed,N,Y,Y,Y,Y,Y,N,N,Y,114,7:00 AM - 5:30 PM,7:00 AM - 5:30 PM,7:00 AM - 5:30 PM,7:00 AM - 5:30 PM,7:00 AM - 5:30 PM,No Information Available,No Information Available,34.0,,34.0,,34.0,,32.0,20.0,32.0,20.0,32.0,20.0,32.0,20.0,32.0,20.0,,,,county_0,,,,,,Change of Space/Change in Capacity,,,Investigation,,,,,Renewal Application,KID013,KID013A,KID013B,,SSRS,,
123,1,Licensed,N,Y,Y,Y,Y,Y,N,N,N,12,6:00 AM - 6:00 AM,6:00 AM - 6:00 AM,6:00 AM - 6:00 AM,6:00 AM - 6:00 AM,6:00 AM - 6:00 AM,6:00 AM - 6:00 AM,6:00 AM - 6:00 AM,47.0,41.0,47.0,41.0,47.0,41.0,34.0,34.0,34.0,34.0,34.0,34.0,36.0,32.0,36.0,32.0,36.0,32.0,,county_0,,,,,,,,,Investigation,,,,,Renewal Application,KID013,KID013A,KID013B,,SSRS,,
340,2,Certified,N,N,N,N,N,Y,N,N,,6,6:30 AM - 5:30 PM,6:30 AM - 5:30 PM,6:30 AM - 5:30 PM,6:30 AM - 5:30 PM,6:30 AM - 5:30 PM,No Information Available,No Information Available,35.0,30.0,35.0,30.0,35.0,30.0,35.0,30.0,35.0,30.0,35.0,30.0,35.0,30.0,35.0,30.0,35.0,30.0,,county_0,Annual Inspection,,,,,,,,,,,,,Renewal Application,KID013,KID013A,KID013B,,,,
271,1,Licensed,N,Y,Y,Y,Y,Y,N,N,N,12,6:30 AM - 5:30 PM,6:30 AM - 5:30 PM,6:30 AM - 5:30 PM,6:30 AM - 5:30 PM,6:30 AM - 5:30 PM,No Information Available,No Information Available,30.0,,30.0,,30.0,,25.0,,25.0,,25.0,,25.0,,25.0,,25.0,,,county_0,,,,,,Change of Space/Change in Capacity,Follow-up,,Investigation,,,,,Renewal Application,KID013,KID013A,KID013B,DMS,SSRS,,
642,3,Licensed,N,Y,Y,Y,N,Y,N,,Y,124,7:30 AM - 3:30 PM,7:30 AM - 3:30 PM,7:30 AM - 3:30 PM,7:30 AM - 3:30 PM,7:30 AM - 3:30 PM,No Information Available,No Information Available,,,,,,,41.0,34.0,41.0,34.0,41.0,34.0,27.0,26.0,27.0,26.0,27.0,26.0,,county_0,,,,,Change of Service,Change of Space/Change in Capacity,,,Investigation,,,,,Renewal Application,KID013,KID013A,KID013B,,SSRS,,
136,3,Licensed,N,Y,Y,Y,Y,Y,N,N,Y,220,5:30 AM - 5:30 PM,5:30 AM - 5:30 PM,5:30 AM - 5:30 PM,5:30 AM - 5:30 PM,5:30 AM - 5:30 PM,No Information Available,No Information Available,47.0,43.0,47.0,43.0,47.0,43.0,41.0,34.0,41.0,34.0,41.0,34.0,37.0,32.0,37.0,32.0,,,,county_0,,,,,,Change of Space/Change in Capacity,,,Investigation,,,,,Renewal Application,KID013,KID013A,KID013B,,SSRS,,
1875,3,Licensed,N,Y,Y,Y,Y,Y,N,,Y,88,6:30 AM - 6:00 PM,6:30 AM - 6:00 PM,6:30 AM - 6:00 PM,6:30 AM - 6:00 PM,6:30 AM - 6:00 PM,No Information Available,No Information Available,45.0,43.0,45.0,43.0,45.0,43.0,40.0,34.0,40.0,34.0,40.0,34.0,35.0,30.0,35.0,30.0,35.0,30.0,,county_0,,,,Change of Ownership,,,,,Investigation,,,,Post-Preliminary Inspection,Renewal Application,KID013,KID013A,KID013B,,SSRS,,
261,3,Licensed,N,Y,Y,Y,Y,Y,N,,Y,49,other,other,other,other,other,other,other,47.0,43.0,47.0,43.0,47.0,43.0,41.0,34.0,41.0,34.0,41.0,34.0,37.0,32.0,37.0,32.0,,,,county_0,,,,,,,,Initial Application,Investigation,,Monitoring (DPOC),,Post-Preliminary Inspection,Renewal Application,KID013,KID013A,KID013B,,SSRS,,
796,3,Licensed,N,Y,Y,Y,Y,Y,N,,Y,87,6:00 AM - 5:30 PM,6:00 AM - 5:30 PM,6:00 AM - 5:30 PM,6:00 AM - 5:30 PM,6:00 AM - 5:30 PM,No Information Available,No Information Available,45.0,45.0,45.0,45.0,45.0,45.0,45.0,45.0,45.0,45.0,45.0,45.0,45.0,45.0,45.0,45.0,45.0,45.0,,county_0,,,Change of Location,,,Change of Space/Change in Capacity,Follow-up,Initial Application,Investigation,,,,Post-Preliminary Inspection,Renewal Application,,KID013A,KID013B,,SSRS,,
1813,3,Licensed,N,Y,Y,Y,Y,Y,N,,Y,200,6:00 AM - 5:30 PM,6:00 AM - 5:30 PM,6:00 AM - 5:30 PM,6:00 AM - 5:30 PM,6:00 AM - 5:30 PM,No Information Available,No Information Available,45.0,45.0,45.0,45.0,45.0,45.0,45.0,45.0,45.0,45.0,45.0,45.0,45.0,45.0,45.0,45.0,45.0,45.0,,county_0,,,Change of Location,Change of Ownership,,Change of Space/Change in Capacity,Follow-up,,Investigation,,,,Post-Preliminary Inspection,Renewal Application,,KID013A,KID013B,,SSRS,,
1830,3,Licensed,N,Y,Y,Y,Y,Y,N,,N,151,6:00 AM - 6:00 PM,6:00 AM - 6:00 PM,6:00 AM - 6:00 PM,6:00 AM - 6:00 PM,6:00 AM - 6:00 PM,No Information Available,No Information Available,47.0,42.0,47.0,42.0,47.0,42.0,41.0,34.0,41.0,34.0,37.0,32.0,37.0,32.0,37.0,32.0,,,,county_0,,,,,,,,Initial Application,Investigation,,,,Post-Preliminary Inspection,Renewal Application,,KID013A,KID013B,,SSRS,,
1268,3,Licensed,N,Y,Y,Y,Y,Y,N,,Y,99,6:00 AM - 5:30 PM,6:00 AM - 5:30 PM,6:00 AM - 5:30 PM,6:00 AM - 5:30 PM,6:00 AM - 5:30 PM,No Information Available,No Information Available,45.0,45.0,45.0,45.0,45.0,45.0,45.0,45.0,45.0,45.0,45.0,45.0,,,,,,,,county_0,,,,,,Change of Space/Change in Capacity,,Initial Application,Investigation,,,,Post-Preliminary Inspection,Renewal Application,,KID013A,KID013B,,SSRS,,
1576,1,Licensed,N,Y,Y,Y,Y,Y,N,,N,11,7:30 AM - 6:00 PM,7:30 AM - 6:00 PM,7:30 AM - 6:00 PM,7:30 AM - 6:00 PM,7:30 AM - 6:00 PM,No Information Available,No Information Available,27.0,,27.0,,27.0,,27.0,,27.0,,27.0,,27.0,,27.0,,27.0,,,county_0,,,,,,,,Initial Application,,,,,Post-Preliminary Inspection,Renewal Application,,KID013A,KID013B,DMS,SSRS,,
339,1,Licensed,N,Y,Y,Y,Y,Y,N,,Y,45,7:00 AM - 5:30 PM,7:00 AM - 5:30 PM,7:00 AM - 5:30 PM,7:00 AM - 5:30 PM,7:00 AM - 5:30 PM,No Information Available,No Information Available,47.0,47.0,47.0,47.0,47.0,47.0,47.0,47.0,47.0,47.0,47.0,47.0,47.0,47.0,47.0,47.0,47.0,47.0,,county_0,,,,,,,,Initial Application,Investigation,,,,Post-Preliminary Inspection,Renewal Application,,KID013A,KID013B,DMS,SSRS,,
239,1,Licensed,N,Y,N,Y,N,Y,N,,N,12,6:30 AM - 5:30 PM,6:30 AM - 5:30 PM,6:30 AM - 5:30 PM,6:30 AM - 5:30 PM,6:30 AM - 5:00 PM,No Information Available,No Information Available,,,34.0,34.0,34.0,34.0,34.0,34.0,34.0,34.0,34.0,34.0,34.0,32.0,34.0,32.0,,,,county_0,,,,,,,,Initial Application,,,,,Post-Preliminary Inspection,,,,KID013B,DMS,,,
1575,5,Licensed,Y,N,N,Y,N,N,N,,Y,40,other,other,other,other,No Information Available,No Information Available,No Information Available,,,,,,,,,,,,,,,,,,,,county_62,,,Change of Location,,,Change of Space/Change in Capacity,Follow-up,,,,,,,Renewal Application,KID013,KID013A,KID013B,,SSRS,,
803,2,Certified,N,N,N,N,N,Y,N,N,,6,other,other,other,other,other,other,No Information Available,,,18.0,,,,18.0,,,,,,,,,,,,,county_62,Annual Inspection,,,,,,,,Investigation,,,,,Renewal Application,KID013,KID013A,KID013B,,SSRS,,
1722,3,Licensed,N,Y,Y,Y,Y,Y,N,N,Y,37,other,other,other,other,other,No Information Available,No Information Available,28.0,,28.0,,28.0,,27.0,26.0,27.0,26.0,27.0,26.0,27.0,14.0,27.0,14.0,,,,county_62,,,,,,Change of Space/Change in Capacity,,,Investigation,,,,,Renewal Application,KID013,KID013A,KID013B,,SSRS,,
1337,4,Licensed,N,Y,Y,Y,Y,Y,N,N,Y,86,other,other,other,other,other,No Information Available,No Information Available,24.0,12.0,24.0,12.0,24.0,12.0,24.0,12.0,24.0,12.0,24.0,12.0,19.0,12.0,19.0,12.0,19.0,12.0,,county_62,,,Change of Location,,,Change of Space/Change in Capacity,Follow-up,,Investigation,,,,,Renewal Application,KID013,KID013A,KID013B,,SSRS,,
10,3,Licensed,N,Y,Y,Y,Y,Y,N,N,Y,53,6:00 AM - 6:00 PM,6:00 AM - 6:00 PM,6:00 AM - 6:00 PM,6:00 AM - 6:00 PM,6:00 AM - 6:00 PM,No Information Available,No Information Available,28.0,,28.0,,28.0,,27.0,,27.0,,27.0,,27.0,26.0,27.0,26.0,,,,county_62,,,,,,Change of Space/Change in Capacity,,,Investigation,,,,,Renewal Application,KID013,KID013A,KID013B,DMS,SSRS,,
1750,1,Licensed,N,Y,N,Y,N,Y,N,,N,24,8:00 AM - 3:00 PM,8:00 AM - 3:00 PM,8:00 AM - 3:00 PM,8:00 AM - 3:00 PM,8:00 AM - 3:00 PM,No Information Available,No Information Available,,,,,,,11.66,,11.66,,11.66,,,,,,,,,county_62,,Change of Hours,Change of Location,,Change of Service,Change of Space/Change in Capacity,,Initial Application,,,,,Post-Preliminary Inspection,Renewal Application,KID013,KID013A,KID013B,DMS,SSRS,,
1066,1,Certified,N,N,N,N,N,Y,N,N,,6,7:00 AM - 4:00 PM,7:00 AM - 4:00 PM,7:00 AM - 4:00 PM,7:00 AM - 4:00 PM,7:00 AM - 4:00 PM,No Information Available,No Information Available,28.0,26.0,28.0,26.0,28.0,26.0,28.0,23.0,28.0,23.0,28.0,23.0,23.0,23.0,23.0,23.0,23.0,23.0,,county_24,Annual Inspection,,,,,,,,,,,,,Renewal Application,KID013,KID013A,KID013B,DMS,SSRS,,
1889,3,Licensed,N,Y,N,Y,Y,Y,N,,Y,49,other,other,other,other,other,No Information Available,No Information Available,40.0,33.0,40.0,33.0,40.0,33.0,36.0,27.0,36.0,27.0,36.0,27.0,,,,,,,,county_69,,,,,,Change of Space/Change in Capacity,,Initial Application,Investigation,,,,Post-Preliminary Inspection,Renewal Application,,KID013A,KID013B,,SSRS,,
626,1,Licensed,Y,Y,Y,Y,Y,Y,N,N,Y,232,6:30 AM - 6:00 PM,6:30 AM - 6:00 PM,6:30 AM - 6:00 PM,6:30 AM - 6:00 PM,6:30 AM - 6:00 PM,No Information Available,No Information Available,40.0,,40.0,,40.0,,40.0,,36.0,,36.0,,30.0,,30.0,,,,,county_12,,,,,Change of Service,Change of Space/Change in Capacity,Follow-up,,Investigation,,Monitoring (DPOC),,,Renewal Application,KID013,KID013A,KID013B,DMS,SSRS,,
1396,2,Licensed,Y,Y,Y,Y,Y,Y,N,N,Y,99,7:00 AM - 5:00 PM,7:00 AM - 5:00 PM,7:00 AM - 5:00 PM,7:00 AM - 5:00 PM,7:00 AM - 5:00 PM,No Information Available,No Information Available,39.0,39.0,39.0,39.0,39.0,39.0,39.0,39.0,36.0,36.0,36.0,30.0,30.0,30.0,30.0,30.0,,,,county_12,,,,,,Change of Space/Change in Capacity,Follow-up,,Investigation,,,,,Renewal Application,KID013,KID013A,KID013B,,SSRS,,
710,1,Licensed,N,Y,N,Y,N,N,N,N,N,99,other,other,other,other,other,No Information Available,No Information Available,,,,,,,,,,,,,,,,,,,,county_12,,,,,,,,,Investigation,,,,,Renewal Application,KID013,KID013A,KID013B,,SSRS,,
226,2,Licensed,N,Y,Y,Y,Y,Y,N,N,Y,98,6:00 AM - 6:00 PM,6:00 AM - 6:00 PM,6:00 AM - 6:00 PM,6:00 AM - 6:00 PM,6:00 AM - 6:00 PM,No Information Available,No Information Available,38.0,38.0,38.0,38.0,38.0,38.0,38.0,38.0,38.0,38.0,38.0,38.0,38.0,28.0,38.0,28.0,,,,county_73,,,,,,Change of Space/Change in Capacity,,,Investigation,,,,,Renewal Application,KID013,KID013A,KID013B,,SSRS,,
835,1,Licensed,N,Y,Y,Y,Y,Y,N,N,Y,213,6:00 AM - 6:00 PM,6:00 AM - 6:00 PM,6:00 AM - 6:00 PM,6:00 AM - 6:00 PM,6:00 AM - 6:00 PM,No Information Available,No Information Available,47.0,,47.0,,44.0,,42.0,,42.0,,42.0,,42.0,32.0,42.0,32.0,,,,county_73,,,,,,Change of Space/Change in Capacity,,,Investigation,,,,,Renewal Application,KID013,KID013A,KID013B,,SSRS,,
501,4,Licensed,N,Y,N,Y,Y,Y,N,N,Y,60,7:30 AM - 5:30 PM,7:30 AM - 5:30 PM,7:30 AM - 5:30 PM,7:30 AM - 5:30 PM,7:30 AM - 5:30 PM,No Information Available,No Information Available,40.0,33.0,40.0,33.0,40.0,33.0,36.0,27.0,36.0,27.0,,,,,,,,,,county_12,,,Change of Location,,,,Follow-up,,Investigation,,,,,Renewal Application,KID013,KID013A,KID013B,,SSRS,,
1403,4,Licensed,Y,Y,N,Y,Y,Y,N,,Y,33,7:00 AM - 5:00 PM,7:00 AM - 5:00 PM,7:00 AM - 5:00 PM,7:00 AM - 5:00 PM,No Information Available,No Information Available,No Information Available,40.0,26.0,40.0,26.0,40.0,26.0,,,,,,,,,,,,,,county_73,,Change of Hours,Change of Location,,Change of Service,Change of Space/Change in Capacity,Follow-up,,Investigation,,,,,Renewal Application,KID013,KID013A,KID013B,,SSRS,,
1181,4,Licensed,Y,N,N,Y,N,N,N,,Y,42,other,other,other,other,No Information Available,No Information Available,No Information Available,,,,,,,,,,,,,,,,,,,,county_12,,,,,,,Follow-up,,Investigation,,,,,Renewal Application,KID013,KID013A,KID013B,,SSRS,,
898,2,Licensed,N,Y,Y,Y,Y,Y,N,N,Y,49,7:00 AM - 5:00 PM,7:00 AM - 5:00 PM,7:00 AM - 5:00 PM,7:00 AM - 5:00 PM,7:00 AM - 5:00 PM,No Information Available,No Information Available,42.0,,42.0,,42.0,,38.0,,38.0,,38.0,,38.0,17.0,38.0,17.0,,,,county_12,,,,,,,Follow-up,,Investigation,,,,,Renewal Application,KID013,KID013A,KID013B,,SSRS,,
1215,1,Licensed,Y,N,Y,N,N,Y,N,N,Y,100,2:20 PM - 5:30 PM,2:20 PM - 5:30 PM,2:20 PM - 5:30 PM,2:20 PM - 5:30 PM,other,No Information Available,No Information Available,,,,,,,,,,,30.0,15.0,30.0,15.0,30.0,15.0,,,,county_12,,,,,,,Follow-up,,Investigation,,,,,Renewal Application,KID013,KID013A,KID013B,,SSRS,,
1402,1,Licensed,Y,N,Y,N,N,Y,N,N,Y,99,2:20 PM - 5:30 PM,2:20 PM - 5:30 PM,2:20 PM - 5:30 PM,2:20 PM - 5:30 PM,2:20 PM - 5:30 PM,No Information Available,No Information Available,,,,,,,,,,,30.0,15.0,30.0,15.0,30.0,15.0,,,,county_12,,,,,Change of Service,Change of Space/Change in Capacity,Follow-up,,Investigation,,,,,Renewal Application,KID013,KID013A,KID013B,,SSRS,,
601,2,Licensed,N,Y,Y,Y,Y,Y,N,,Y,56,7:30 AM - 4:30 PM,7:30 AM - 4:30 PM,7:30 AM - 4:30 PM,7:30 AM - 4:30 PM,7:30 AM - 4:30 PM,No Information Available,No Information Available,40.0,40.0,40.0,40.0,40.0,40.0,37.0,37.0,37.0,37.0,37.0,37.0,37.0,30.0,37.0,30.0,37.0,30.0,,county_12,,,,,,,Follow-up,Initial Application,Investigation,,,,Post-Preliminary Inspection,Renewal Application,KID013,KID013A,KID013B,,SSRS,,
1329,1,Certified,N,N,N,N,N,Y,N,,,6,6:00 AM - 10:00 PM,6:00 AM - 10:00 PM,6:00 AM - 10:00 PM,6:00 AM - 10:00 PM,6:00 AM - 10:00 PM,No Information Available,No Information Available,25.0,15.0,25.0,15.0,25.0,15.0,25.0,15.0,25.0,15.0,25.0,15.0,25.0,15.0,25.0,15.0,25.0,15.0,,county_12,Annual Inspection,,Change of Location,,,,Follow-up,Initial Application,Investigation,,,,,Renewal Application,KID013,KID013A,KID013B,,SSRS,,
804,1,Licensed,Y,N,N,Y,N,Y,N,,Y,20,7:45 AM - 5:00 PM,7:45 AM - 5:00 PM,7:45 AM - 5:00 PM,7:45 AM - 5:00 PM,7:45 AM - 5:00 PM,No Information Available,No Information Available,,,,,,,32.0,,32.0,,32.0,,,,,,,,,county_12,,,,,,Change of Space/Change in Capacity,,Initial Application,Investigation,,,,Post-Preliminary Inspection,Renewal Application,,KID013A,KID013B,,SSRS,,
1865,1,Licensed,Y,N,Y,Y,N,Y,N,,N,233,6:30 AM - 6:00 PM,6:30 AM - 6:00 PM,6:30 AM - 6:00 PM,6:30 AM - 6:00 PM,6:30 AM - 6:00 PM,No Information Available,No Information Available,,,,,,,25.0,20.0,25.0,20.0,25.0,20.0,25.0,20.0,25.0,20.0,,,,county_73,,,Change of Location,,,Change of Space/Change in Capacity,,Initial Application,Investigation,,,,Post-Preliminary Inspection,Renewal Application,,KID013A,KID013B,,SSRS,,
1611,1,Licensed,N,Y,N,Y,N,,N,,N,33,other,other,other,other,No Information Available,No Information Available,No Information Available,,,,,,,,,,,,,,,,,,,,county_12,,,,,Change of Service,Change of Space/Change in Capacity,,Initial Application,,,,,Post-Preliminary Inspection,Renewal Application,,KID013A,KID013B,DMS,SSRS,,
498,1,Licensed,N,N,Y,Y,N,,N,,N,22,other,other,other,other,No Information Available,No Information Available,No Information Available,,,,,,,,,,,,,,,,,,,,county_12,,,,,,Change of Space/Change in Capacity,Follow-up,Initial Application,,,,,Post-Preliminary Inspection,Renewal Application,,KID013A,KID013B,,SSRS,,
1805,1,Licensed,Y,Y,Y,Y,Y,Y,Y,,N,80,7:00 AM - 6:00 PM,7:00 AM - 6:00 PM,7:00 AM - 6:00 PM,7:00 AM - 6:00 PM,7:00 AM - 6:00 PM,No Information Available,No Information Available,40.0,20.0,38.0,19.0,38.0,19.0,38.0,19.0,37.0,18.5,37.0,18.5,32.0,16.0,32.0,16.0,32.0,16.0,,county_12,,,,,Change of Service,,,Initial Application,Investigation,,Monitoring (DPOC),,Post-Preliminary Inspection,Renewal Application,,,KID013B,,SSRS,,
1715,1,Certified,N,N,N,N,N,Y,N,,,6,9:00 AM - 4:00 PM,9:00 AM - 4:00 PM,9:00 AM - 4:00 PM,9:00 AM - 4:00 PM,9:00 AM - 4:00 PM,No Information Available,No Information Available,,,,,33.75,,33.75,,33.75,,,,,,,,,,,county_63,Annual Inspection,,,,,,,Initial Application,,,,,,,,,KID013B,,SSRS,,
1663,4,Licensed,Y,Y,N,Y,Y,Y,N,N,Y,97,7:30 AM - 3:30 PM,7:30 AM - 3:30 PM,7:30 AM - 3:30 PM,7:30 AM - 3:30 PM,7:30 AM - 3:30 PM,No Information Available,No Information Available,34.0,,34.0,,34.0,,32.0,,32.0,,32.0,,,,,,,,,county_4,,,,,Change of Service,,,,Investigation,,,,,Renewal Application,KID013,KID013A,KID013B,,SSRS,,
1890,3,Licensed,N,Y,Y,Y,Y,Y,N,N,Y,35,6:00 AM - 5:30 PM,6:00 AM - 5:30 PM,6:00 AM - 5:30 PM,6:00 AM - 5:30 PM,6:00 AM - 5:30 PM,No Information Available,No Information Available,29.0,27.0,28.0,26.0,28.0,26.0,28.0,26.0,28.0,26.0,28.0,26.0,28.0,26.0,27.0,25.0,,,,county_4,,,,,,,,,Investigation,,,,,Renewal Application,KID013,KID013A,KID013B,,SSRS,,
1625,4,Licensed,N,Y,Y,Y,N,Y,N,N,Y,149,other,other,other,other,other,No Information Available,No Information Available,,,29.0,27.0,29.0,27.0,28.0,26.0,28.0,26.0,27.0,24.0,27.0,24.0,27.0,24.0,27.0,24.0,,county_4,,,,,,,Follow-up,,Investigation,,,,,Renewal Application,KID013,KID013A,KID013B,DMS,SSRS,,
518,3,Licensed,N,Y,N,Y,Y,Y,N,,Y,40,7:00 AM - 4:30 PM,7:00 AM - 4:30 PM,7:00 AM - 4:30 PM,7:00 AM - 4:30 PM,7:00 AM - 4:30 PM,No Information Available,No Information Available,30.0,,30.0,,30.0,,30.0,,30.0,,,,,,,,,,,county_70,,,,,,,,Initial Application,,,,,Post-Preliminary Inspection,Renewal Application,,KID013A,KID013B,,SSRS,,
521,1,Certified,N,N,N,N,N,Y,N,,,6,7:30 AM - 5:00 PM,7:30 AM - 5:00 PM,7:30 AM - 5:00 PM,7:30 AM - 5:00 PM,7:30 AM - 5:00 PM,No Information Available,No Information Available,30.25,,29.25,,29.25,,29.25,,29.25,,29.25,,29.25,,29.25,,,,,county_4,Annual Inspection,,,,,,,Initial Application,,,,,,Renewal Application,,KID013A,KID013B,,SSRS,,
937,5,Licensed,Y,N,N,Y,N,Y,N,N,Y,40,8:00 AM - 3:00 PM,8:00 AM - 3:00 PM,8:00 AM - 3:00 PM,8:00 AM - 3:00 PM,8:00 AM - 3:00 PM,No Information Available,No Information Available,29.0,27.0,29.0,27.0,29.0,27.0,28.0,26.0,28.0,26.0,28.0,26.0,,,,,,,,county_48,,,,,,Change of Space/Change in Capacity,Follow-up,,Investigation,,,,,Renewal Application,KID013,KID013A,KID013B,,SSRS,,
0,1,Licensed,N,Y,Y,Y,Y,Y,N,N,N,11,6:00 AM - 5:00 PM,6:00 AM - 5:00 PM,6:00 AM - 5:00 PM,6:00 AM - 5:00 PM,6:00 AM - 5:00 PM,No Information Available,No Information Available,27.0,20.0,25.0,18.0,25.0,18.0,25.0,18.0,25.0,18.0,25.0,18.0,25.0,18.0,25.0,18.0,25.0,18.0,,county_48,,,,,,,Follow-up,,Investigation,,,,,Renewal Application,KID013,KID013A,KID013B,DMS,SSRS,,
1330,4,Licensed,N,Y,Y,Y,Y,Y,N,N,Y,64,7:00 AM - 4:00 PM,7:00 AM - 4:00 PM,7:00 AM - 4:00 PM,7:00 AM - 4:00 PM,7:00 AM - 4:00 PM,No Information Available,No Information Available,24.0,24.0,24.0,24.0,24.0,24.0,22.0,22.0,22.0,22.0,22.0,22.0,,8.0,,8.0,,8.0,,county_48,,,,,,Change of Space/Change in Capacity,,,Investigation,,Monitoring (DPOC),,,Renewal Application,KID013,KID013A,KID013B,DMS,SSRS,,
989,3,Licensed,N,Y,Y,Y,Y,Y,N,N,Y,126,other,other,other,other,other,No Information Available,No Information Available,30.0,28.0,30.0,28.0,30.0,28.0,29.0,27.0,29.0,27.0,29.0,27.0,28.0,25.0,28.0,25.0,28.0,25.0,,county_48,,,,,Change of Service,,Follow-up,,Investigation,,,,,Renewal Application,KID013,KID013A,KID013B,,SSRS,,
1565,1,Licensed,N,Y,N,Y,N,Y,N,,N,77,7:00 AM - 4:00 PM,7:00 AM - 4:00 PM,7:00 AM - 4:00 PM,7:00 AM - 4:00 PM,7:00 AM - 4:00 PM,No Information Available,No Information Available,,,22.5,12.5,22.5,12.5,22.5,12.5,22.5,12.5,,,,,,,,,,county_48,,,,,,Change of Space/Change in Capacity,Follow-up,,Investigation,,,,,Renewal Application,KID013,KID013A,KID013B,,SSRS,,
280,4,Licensed,Y,Y,N,Y,Y,N,N,N,Y,220,7:30 AM - 4:30 PM,7:30 AM - 4:30 PM,7:30 AM - 4:30 PM,7:30 AM - 4:30 PM,7:30 AM - 4:30 PM,No Information Available,No Information Available,,,,,,,,,,,,,,,,,,,,county_70,Annual Inspection,,,,,Change of Space/Change in Capacity,Follow-up,,Investigation,,,,,Renewal Application,KID013,KID013A,KID013B,,SSRS,,
1746,1,Licensed,N,Y,Y,Y,Y,Y,N,,Y,117,5:30 AM - 6:30 PM,5:30 AM - 6:30 PM,5:30 AM - 6:30 PM,other,5:30 AM - 6:30 PM,No Information Available,No Information Available,27.0,,27.0,,25.0,,23.0,,23.0,,20.0,,20.0,,20.0,,,,,county_70,,,Change of Location,,,,Follow-up,Initial Application,Investigation,Monitoring,Monitoring (DPOC),,Post-Preliminary Inspection,Renewal Application,KID013,KID013A,KID013B,,SSRS,,
441,1,Licensed,N,Y,Y,Y,Y,Y,N,,Y,43,6:45 AM - 5:30 PM,6:45 AM - 5:30 PM,6:45 AM - 5:30 PM,6:45 AM - 5:30 PM,6:45 AM - 5:30 PM,No Information Available,No Information Available,40.0,,40.0,,40.0,,36.0,,36.0,,36.0,,30.0,,30.0,,,,,county_70,,,Change of Location,,Change of Service,Change of Space/Change in Capacity,Follow-up,Initial Application,Investigation,,Monitoring (DPOC),,Post-Preliminary Inspection,Renewal Application,KID013,KID013A,KID013B,,SSRS,,
279,3,Licensed,Y,N,Y,N,N,Y,N,N,Y,99,6:30 AM - 6:00 PM,6:30 AM - 6:00 PM,6:30 AM - 6:00 PM,6:30 AM - 6:00 PM,6:30 AM - 6:00 PM,No Information Available,No Information Available,,,,,,,,,20.0,15.0,20.0,15.0,20.0,15.0,20.0,15.0,20.0,15.0,,county_9,,,,,Change of Service,Change of Space/Change in Capacity,Follow-up,,,,,,,Renewal Application,KID013,KID013A,KID013B,DMS,SSRS,,
74,5,Licensed,Y,Y,N,Y,Y,Y,N,Y,Y,38,7:00 AM - 4:30 PM,7:00 AM - 4:30 PM,7:00 AM - 4:30 PM,7:00 AM - 4:30 PM,7:00 AM - 4:30 PM,No Information Available,No Information Available,29.0,27.0,29.0,27.0,29.0,27.0,28.0,26.0,28.0,26.0,28.0,26.0,,,,,,,,county_9,,,,,,Change of Space/Change in Capacity,,,Investigation,,,,,Renewal Application,KID013,KID013A,KID013B,,SSRS,,
1203,1,Licensed,N,Y,N,Y,Y,Y,N,N,Y,75,6:00 AM - 5:30 PM,6:00 AM - 5:30 PM,6:00 AM - 5:30 PM,6:00 AM - 5:30 PM,6:00 AM - 5:30 PM,No Information Available,No Information Available,29.0,,26.0,,26.0,,26.0,,26.0,,26.0,,,,,,,,,county_9,,,,,,,,,Investigation,,,,,Renewal Application,KID013,KID013A,KID013B,DMS,SSRS,,
682,4,Licensed,N,Y,Y,Y,Y,Y,N,N,Y,79,6:00 AM - 6:00 PM,6:00 AM - 6:00 PM,6:00 AM - 6:00 PM,6:00 AM - 6:00 PM,6:00 AM - 6:00 PM,No Information Available,No Information Available,31.0,,31.0,,31.0,,30.0,,30.0,,30.0,,29.0,25.0,29.0,25.0,29.0,25.0,,county_9,,,,,,,Follow-up,,Investigation,,,,,Renewal Application,KID013,KID013A,KID013B,,SSRS,,
542,1,Licensed,N,Y,N,Y,N,Y,N,,N,12,7:00 AM - 4:30 PM,7:00 AM - 4:30 PM,7:00 AM - 4:30 PM,7:00 AM - 4:30 PM,7:00 AM - 4:30 PM,No Information Available,No Information Available,,,,,29.0,,29.0,,29.0,,,,,,,,,,,county_9,,,Change of Location,,,,,,,,,,,Renewal Application,KID013,KID013A,KID013B,,SSRS,,
1602,4,Licensed,N,N,Y,Y,N,Y,N,,Y,150,7:00 AM - 5:15 PM,7:00 AM - 5:15 PM,7:00 AM - 5:15 PM,7:00 AM - 5:15 PM,7:00 AM - 5:15 PM,No Information Available,No Information Available,,,,,,,15.55,,15.55,,,,,15.0,,15.0,,,,county_9,,,,,Change of Service,Change of Space/Change in Capacity,Follow-up,Initial Application,,,,,Post-Preliminary Inspection,Renewal Application,KID013,KID013A,KID013B,DMS,SSRS,,
156,5,Licensed,Y,Y,N,Y,Y,Y,N,Y,Y,20,7:00 AM - 4:00 PM,7:00 AM - 4:00 PM,7:00 AM - 4:00 PM,7:00 AM - 4:00 PM,7:00 AM - 4:00 PM,No Information Available,No Information Available,29.0,27.0,29.0,27.0,29.0,27.0,28.0,26.0,28.0,26.0,28.0,26.0,,,,,,,,county_9,,,,,Change of Service,,,Initial Application,Investigation,,,,Post-Preliminary Inspection,Renewal Application,KID013,KID013A,KID013B,,SSRS,,
612,1,Licensed,N,N,N,Y,N,,N,,N,10,7:00 AM - 5:00 PM,7:00 AM - 5:00 PM,7:00 AM - 5:00 PM,7:00 AM - 5:00 PM,7:00 AM - 5:00 PM,No Information Available,No Information Available,,,,,,,,,,,,,,,,,,,,county_9,,,,,,,,Initial Application,,,,,Post-Preliminary Inspection,Renewal Application,,KID013A,KID013B,DMS,SSRS,,
167,1,Licensed,N,Y,Y,Y,N,Y,N,,N,47,5:30 AM - 5:30 PM,5:30 AM - 5:30 PM,5:30 AM - 5:30 PM,5:30 AM - 5:30 PM,5:30 AM - 5:30 PM,No Information Available,No Information Available,,,,,30.0,28.0,28.0,26.0,28.0,26.0,27.0,24.0,27.0,24.0,27.0,24.0,,,,county_9,,,,,,,Follow-up,Initial Application,,,,,Post-Preliminary Inspection,Renewal Application,,,KID013B,,SSRS,,
1297,4,Licensed,N,Y,N,Y,Y,Y,N,N,Y,335,7:30 AM - 3:30 PM,7:30 AM - 3:30 PM,7:30 AM - 3:30 PM,7:30 AM - 3:30 PM,7:30 AM - 3:30 PM,No Information Available,No Information Available,34.0,,34.0,,34.0,,32.0,,32.0,,32.0,,,,,,,,,county_36,,,,,Change of Service,,Follow-up,,Investigation,,Monitoring (DPOC),,,Renewal Application,KID013,KID013A,KID013B,,SSRS,,
1398,3,Licensed,N,Y,N,Y,Y,Y,N,N,Y,49,7:30 AM - 5:30 PM,7:30 AM - 5:30 PM,7:30 AM - 5:30 PM,7:30 AM - 5:30 PM,7:30 AM - 5:30 PM,No Information Available,No Information Available,34.0,31.0,34.0,31.0,34.0,31.0,32.0,29.0,32.0,29.0,32.0,29.0,,,,,,,,county_36,,,Change of Location,,,,,,Investigation,,Monitoring (DPOC),,,Renewal Application,KID013,KID013A,KID013B,DMS,SSRS,,
1793,5,Licensed,N,Y,N,Y,Y,Y,N,Y,Y,122,7:30 AM - 4:00 PM,7:30 AM - 4:00 PM,7:30 AM - 4:00 PM,7:30 AM - 4:00 PM,7:30 AM - 4:00 PM,No Information Available,No Information Available,40.0,25.0,40.0,25.0,40.0,25.0,30.0,22.0,30.0,22.0,30.0,22.0,,,,,,,,county_36,,,,,,Change of Space/Change in Capacity,Follow-up,,Investigation,,Monitoring (DPOC),,,Renewal Application,KID013,KID013A,KID013B,DMS,SSRS,,
42,1,Licensed,Y,N,Y,N,N,Y,N,N,Y,177,other,other,other,other,other,No Information Available,No Information Available,,,,,,,,,,,33.0,10.3,33.0,10.3,33.0,10.3,33.0,10.3,,county_36,,,,,,Change of Space/Change in Capacity,,,Investigation,,,,,Renewal Application,KID013,KID013A,KID013B,,SSRS,,
1753,1,Licensed,Y,N,Y,N,N,Y,N,N,Y,150,2:30 PM - 5:30 PM,2:30 PM - 5:30 PM,2:30 PM - 5:30 PM,2:30 PM - 5:30 PM,2:30 PM - 5:30 PM,No Information Available,No Information Available,,,,,,,,,,,33.0,10.3,33.0,10.3,33.0,10.3,33.0,10.3,,county_36,,,,,,,,,Investigation,,,,,Renewal Application,KID013,KID013A,KID013B,,SSRS,,
581,1,Licensed,N,Y,Y,Y,N,Y,N,Y,Y,99,7:00 AM - 5:30 PM,7:00 AM - 5:30 PM,7:00 AM - 5:30 PM,7:00 AM - 5:30 PM,7:00 AM - 5:30 PM,No Information Available,No Information Available,,,,,36.0,26.0,35.0,35.0,35.0,35.0,35.0,35.0,,12.0,,12.0,,,,county_36,,,,,,Change of Space/Change in Capacity,,,Investigation,,,,,Renewal Application,KID013,KID013A,KID013B,,SSRS,,
1884,1,Licensed,Y,N,Y,N,N,Y,N,N,Y,200,6:30 AM - 6:00 PM,6:30 AM - 6:00 PM,6:30 AM - 6:00 PM,6:30 AM - 6:00 PM,6:30 AM - 6:00 PM,No Information Available,No Information Available,,,,,,,,,,,33.0,10.3,33.0,10.3,33.0,10.3,33.0,10.3,,county_36,,Change of Hours,Change of Location,,,Change of Space/Change in Capacity,,,Investigation,,,,,Renewal Application,KID013,KID013A,KID013B,,SSRS,,
984,1,Licensed,Y,N,Y,N,N,Y,N,N,Y,150,6:30 AM - 6:00 PM,6:30 AM - 6:00 PM,6:30 AM - 6:00 PM,6:30 AM - 6:00 PM,6:30 AM - 6:00 PM,No Information Available,No Information Available,,,,,,,,,,,33.0,10.3,33.0,10.3,33.0,10.3,33.0,10.3,,county_36,,,,,Change of Service,Change of Space/Change in Capacity,,,Investigation,,,,,Renewal Application,KID013,KID013A,KID013B,,SSRS,,
1559,1,Licensed,Y,N,Y,N,N,Y,N,N,Y,175,6:30 AM - 6:00 PM,6:30 AM - 6:00 PM,6:30 AM - 6:00 PM,6:30 AM - 6:00 PM,6:30 AM - 6:00 PM,No Information Available,No Information Available,,,,,,,,,,,33.0,10.3,33.0,10.3,33.0,10.3,33.0,10.3,,county_36,,Change of Hours,,,,Change of Space/Change in Capacity,,,Investigation,,,,,Renewal Application,KID013,KID013A,KID013B,,SSRS,,
1436,5,Licensed,N,N,Y,Y,N,Y,Y,,Y,161,7:30 AM - 5:30 PM,7:30 AM - 5:30 PM,7:30 AM - 5:30 PM,7:30 AM - 5:30 PM,7:30 AM - 5:30 PM,No Information Available,No Information Available,,,,,,,45.58,30.0,45.58,30.0,45.58,30.0,45.58,15.0,45.58,15.0,,,,county_36,,,,,Change of Service,Change of Space/Change in Capacity,Follow-up,,Investigation,,Monitoring (DPOC),,,Renewal Application,KID013,KID013A,KID013B,,SSRS,,
997,3,Licensed,N,Y,Y,Y,Y,Y,N,N,Y,136,6:30 AM - 6:00 PM,6:30 AM - 6:00 PM,6:30 AM - 6:00 PM,6:30 AM - 6:00 PM,6:30 AM - 6:00 PM,No Information Available,No Information Available,62.8,,54.0,,50.6,,48.0,,48.0,,48.0,,,,,,,,,county_36,,,,,,,Follow-up,,Investigation,,,,,Renewal Application,KID013,KID013A,KID013B,,SSRS,,
1220,2,Licensed,N,Y,Y,Y,Y,Y,N,N,N,102,7:30 AM - 5:30 PM,7:30 AM - 5:30 PM,7:30 AM - 5:30 PM,7:30 AM - 5:30 PM,7:30 AM - 5:30 PM,No Information Available,No Information Available,38.75,25.75,37.75,31.0,37.25,29.5,35.0,25.75,35.0,25.75,35.0,25.75,35.0,25.75,35.0,25.75,,,,county_36,,,,,,,,,Investigation,,,,,Renewal Application,KID013,KID013A,KID013B,,SSRS,,
102,1,Licensed,Y,N,Y,N,N,Y,N,N,Y,100,6:30 AM - 6:00 PM,6:30 AM - 6:00 PM,6:30 AM - 6:00 PM,6:30 AM - 6:00 PM,6:30 AM - 6:00 PM,No Information Available,No Information Available,,,,,,,,,,,33.0,10.3,33.0,10.3,33.0,10.3,33.0,10.3,,county_36,,,,,,,,,Investigation,,,,,Renewal Application,KID013,KID013A,KID013B,,SSRS,,
173,2,Licensed,N,Y,Y,Y,Y,Y,N,N,Y,40,6:00 AM - 5:30 PM,6:00 AM - 5:30 PM,6:00 AM - 5:30 PM,6:00 AM - 5:30 PM,6:00 AM - 5:30 PM,No Information Available,No Information Available,29.0,27.0,28.0,26.0,27.0,25.0,26.0,24.0,26.0,24.0,26.0,24.0,23.0,21.0,23.0,21.0,,,,county_4,,,,,,,Follow-up,,Investigation,,,,,Renewal Application,KID013,KID013A,KID013B,,SSRS,,
1760,1,Licensed,Y,N,Y,N,N,Y,N,N,Y,99,6:30 AM - 6:00 PM,6:30 AM - 6:00 PM,6:30 AM - 6:00 PM,6:30 AM - 6:00 PM,6:30 AM - 6:00 PM,No Information Available,No Information Available,,,,,,,,,,,33.0,10.3,33.0,10.3,33.0,10.3,33.0,10.3,,county_36,,Change of Hours,,,,,,,Investigation,,,,,Renewal Application,KID013,KID013A,KID013B,DMS,SSRS,,
1882,1,Licensed,N,Y,N,Y,Y,Y,N,N,Y,88,7:30 AM - 4:30 PM,7:30 AM - 4:30 PM,7:30 AM - 4:30 PM,7:30 AM - 4:30 PM,7:30 AM - 4:30 PM,No Information Available,No Information Available,65.79,,59.94,,59.94,,57.02,,57.02,,57.02,,,,,,,,,county_36,,Change of Hours,,,Change of Service,Change of Space/Change in Capacity,Follow-up,,Investigation,,,,,Renewal Application,KID013,KID013A,KID013B,DMS,SSRS,,
146,5,Licensed,N,Y,Y,Y,Y,Y,N,N,Y,100,6:45 AM - 5:30 PM,6:45 AM - 5:30 PM,6:45 AM - 5:30 PM,6:45 AM - 5:30 PM,6:45 AM - 5:30 PM,No Information Available,No Information Available,34.0,31.0,34.0,31.0,34.0,31.0,32.0,29.0,32.0,29.0,32.0,29.0,,,,,,,,county_36,,,,,,,Follow-up,,Investigation,,,,,Renewal Application,KID013,KID013A,KID013B,,SSRS,,
1617,1,Licensed,Y,Y,Y,Y,Y,Y,N,,Y,49,5:30 AM - 6:30 PM,5:30 AM - 6:30 PM,5:30 AM - 6:30 PM,5:30 AM - 6:30 PM,5:30 AM - 6:30 PM,No Information Available,No Information Available,,,,,,,30.0,29.0,30.0,29.0,30.0,29.0,25.0,20.0,25.0,20.0,25.0,20.0,,county_36,,,,,Change of Service,Change of Space/Change in Capacity,Follow-up,Initial Application,Investigation,,,,,Renewal Application,KID013,KID013A,KID013B,,SSRS,,
672,1,Licensed,Y,N,Y,N,N,Y,N,,Y,305,6:30 AM - 6:00 PM,6:30 AM - 6:00 PM,6:30 AM - 6:00 PM,6:30 AM - 6:00 PM,6:30 AM - 6:00 PM,No Information Available,No Information Available,,,,,,,,,,,33.0,10.3,33.0,10.3,33.0,10.3,33.0,10.3,,county_36,,Change of Hours,,,,,,Initial Application,Investigation,,,,,Renewal Application,KID013,KID013A,KID013B,,SSRS,,
1305,1,Licensed,N,Y,Y,Y,Y,Y,N,,Y,87,7:00 AM - 5:00 PM,7:00 AM - 5:00 PM,7:00 AM - 5:00 PM,7:00 AM - 5:00 PM,7:00 AM - 5:00 PM,No Information Available,No Information Available,38.0,35.0,38.0,35.0,37.0,34.0,36.0,33.0,36.0,33.0,36.0,33.0,29.0,29.0,29.0,29.0,29.0,29.0,,county_36,,,,,,,Follow-up,Initial Application,Investigation,,,,,Renewal Application,KID013,KID013A,KID013B,DMS,SSRS,,
765,1,Licensed,N,Y,Y,Y,Y,Y,N,,Y,92,6:30 AM - 5:30 PM,6:30 AM - 5:30 PM,6:30 AM - 5:30 PM,6:30 AM - 5:30 PM,6:30 AM - 5:30 PM,No Information Available,No Information Available,44.0,,44.0,,38.0,,38.0,,38.0,,38.0,,38.0,,38.0,,38.0,,,county_36,,,Change of Location,,,Change of Space/Change in Capacity,Follow-up,Initial Application,Investigation,,,,Post-Preliminary Inspection,Renewal Application,KID013,KID013A,KID013B,,SSRS,,
408,3,Licensed,N,Y,Y,Y,Y,Y,N,,Y,119,6:30 AM - 5:30 PM,6:30 AM - 5:30 PM,6:30 AM - 5:30 PM,6:30 AM - 5:30 PM,6:30 AM - 5:30 PM,No Information Available,No Information Available,42.0,,42.0,,40.0,,40.0,29.0,40.0,29.0,40.0,29.0,40.0,29.0,40.0,29.0,,,,county_36,,,,Change of Ownership,,Change of Space/Change in Capacity,Follow-up,Initial Application,Investigation,,,,Post-Preliminary Inspection,Renewal Application,KID013,KID013A,KID013B,,SSRS,,
1561,5,Licensed,Y,N,Y,N,N,Y,N,,Y,85,3:00 PM - 5:30 PM,3:00 PM - 5:30 PM,3:00 PM - 5:30 PM,3:00 PM - 5:30 PM,3:00 PM - 5:30 PM,No Information Available,No Information Available,,,,,,,18.0,15.0,18.0,15.0,18.0,15.0,17.0,15.0,17.0,15.0,,,,county_36,,,,,Change of Service,Change of Space/Change in Capacity,Follow-up,Initial Application,,,,,Post-Preliminary Inspection,Renewal Application,KID013,KID013A,KID013B,,SSRS,,
1422,1,Licensed,Y,N,Y,N,N,Y,N,,Y,275,7:00 AM - 6:00 PM,7:00 AM - 6:00 PM,7:00 AM - 6:00 PM,7:00 AM - 6:00 PM,7:00 AM - 6:00 PM,No Information Available,No Information Available,,,,,,,,,,,33.0,10.3,33.0,10.3,33.0,10.3,33.0,10.3,,county_36,,,,,,Change of Space/Change in Capacity,,Initial Application,Investigation,,,,Post-Preliminary Inspection,Renewal Application,KID013,KID013A,KID013B,,SSRS,,
80,1,Licensed,N,Y,Y,Y,Y,Y,N,,N,99,7:00 AM - 5:15 PM,7:00 AM - 5:15 PM,7:00 AM - 5:15 PM,7:00 AM - 5:15 PM,7:00 AM - 5:15 PM,No Information Available,No Information Available,42.0,42.0,42.0,42.0,34.0,34.0,34.0,34.0,34.0,34.0,32.0,32.0,32.0,32.0,32.0,32.0,,,,county_36,,,,,,,,Initial Application,Investigation,,Monitoring (DPOC),,Post-Preliminary Inspection,Renewal Application,,KID013A,KID013B,DMS,SSRS,,
58,1,Licensed,N,N,N,Y,N,,N,,N,371,7:00 AM - 5:30 PM,7:00 AM - 5:30 PM,7:00 AM - 5:30 PM,7:00 AM - 5:30 PM,7:00 AM - 5:30 PM,No Information Available,No Information Available,,,,,,,,,,,,,,,,,,,,county_36,,,,,,Change of Space/Change in Capacity,,Initial Application,Investigation,,,,Post-Preliminary Inspection,Renewal Application,,KID013A,KID013B,,SSRS,,
1061,1,Licensed,N,Y,N,Y,Y,,N,,N,40,6:30 AM - 5:30 PM,6:30 AM - 5:30 PM,6:30 AM - 5:30 PM,6:30 AM - 5:30 PM,6:30 AM - 5:30 PM,No Information Available,No Information Available,,,,,,,,,,,,,,,,,,,,county_36,,,Change of Location,,,,Follow-up,Initial Application,,,,,Post-Preliminary Inspection,Renewal Application,,KID013A,KID013B,DMS,SSRS,,
431,1,Licensed,N,Y,Y,Y,Y,Y,N,,N,104,7:00 AM - 6:00 PM,7:00 AM - 6:00 PM,7:00 AM - 6:00 PM,7:00 AM - 6:00 PM,7:00 AM - 6:00 PM,No Information Available,No Information Available,36.0,,36.0,,36.0,,36.0,,36.0,,36.0,,,,,,,,,county_36,,,,,,Change of Space/Change in Capacity,,Initial Application,Investigation,,,,Post-Preliminary Inspection,Renewal Application,,KID013A,KID013B,DMS,SSRS,,
1068,1,Licensed,N,Y,N,Y,Y,Y,N,,N,37,6:30 AM - 5:30 PM,6:30 AM - 5:30 PM,6:30 AM - 5:30 PM,6:30 AM - 5:30 PM,6:30 AM - 5:30 PM,No Information Available,No Information Available,52.0,,49.0,,49.0,,46.0,,46.0,,46.0,,46.0,,46.0,,,,,county_36,,,,,,Change of Space/Change in Capacity,Follow-up,Initial Application,Investigation,,,,Post-Preliminary Inspection,Renewal Application,,KID013A,KID013B,,SSRS,,
402,1,Licensed,N,Y,Y,Y,Y,Y,N,,Y,48,6:00 AM - 6:00 PM,6:00 AM - 6:00 PM,6:00 AM - 6:00 PM,6:00 AM - 6:00 PM,6:00 AM - 6:00 PM,No Information Available,No Information Available,40.0,,40.0,,40.0,,36.0,,36.0,,36.0,29.0,36.0,29.0,36.0,29.0,,,,county_36,,,,,,,,Initial Application,Investigation,,,,Post-Preliminary Inspection,Renewal Application,,KID013A,KID013B,,SSRS,,
1103,1,Licensed,N,Y,N,Y,Y,Y,N,,Y,130,6:30 AM - 5:30 PM,6:30 AM - 5:30 PM,6:30 AM - 5:30 PM,6:30 AM - 5:30 PM,6:30 AM - 5:30 PM,No Information Available,No Information Available,45.0,,37.0,29.0,37.0,29.0,37.0,29.0,37.0,29.0,37.0,29.0,,,,,,,,county_36,,,,,,,,Initial Application,Investigation,,,,Post-Preliminary Inspection,Renewal Application,,KID013A,KID013B,DMS,SSRS,,
939,1,Licensed,N,Y,Y,Y,Y,Y,N,,N,33,6:30 AM - 5:30 PM,6:30 AM - 5:30 PM,6:30 AM - 5:30 PM,6:30 AM - 5:30 PM,6:30 AM - 5:30 PM,No Information Available,No Information Available,44.0,,44.0,,38.0,,38.0,,38.0,,38.0,,38.0,,38.0,,,,,county_36,,,,,,Change of Space/Change in Capacity,,Initial Application,,,,,Post-Preliminary Inspection,Renewal Application,,KID013A,KID013B,,SSRS,,
888,1,Licensed,N,Y,Y,Y,Y,Y,N,,N,94,6:00 AM - 6:00 PM,6:00 AM - 6:00 PM,6:00 AM - 6:00 PM,6:00 AM - 6:00 PM,6:00 AM - 6:00 PM,No Information Available,No Information Available,40.0,40.0,40.0,40.0,40.0,40.0,36.0,29.0,36.0,29.0,36.0,29.0,36.0,29.0,36.0,29.0,,,,county_36,,,,,,,,Initial Application,Investigation,,,,Post-Preliminary Inspection,Renewal Application,,KID013A,KID013B,,SSRS,,
350,1,Licensed,N,Y,Y,Y,Y,Y,N,,N,120,5:30 AM - 6:30 PM,5:30 AM - 6:30 PM,5:30 AM - 6:30 PM,5:30 AM - 6:30 PM,5:30 AM - 6:30 PM,No Information Available,No Information Available,39.0,45.0,39.0,45.0,39.0,45.0,39.0,45.0,39.0,45.0,39.0,45.0,39.0,45.0,39.0,45.0,,,,county_36,,,,,,,Follow-up,Initial Application,Investigation,,,,Post-Preliminary Inspection,Renewal Application,,KID013A,KID013B,DMS,SSRS,,
1846,1,Licensed,N,Y,Y,Y,Y,Y,N,,Y,123,6:00 AM - 6:00 PM,6:00 AM - 6:00 PM,6:00 AM - 6:00 PM,6:00 AM - 6:00 PM,6:00 AM - 6:00 PM,No Information Available,No Information Available,46.0,,42.0,,40.0,,38.0,,36.0,,36.0,,,,,,,,,county_36,,,,,Change of Service,,Follow-up,Initial Application,Investigation,,,,Post-Preliminary Inspection,Renewal Application,,KID013A,KID013B,DMS,SSRS,,
676,1,Licensed,N,Y,Y,Y,Y,Y,N,,N,290,6:00 AM - 6:00 PM,6:00 AM - 6:00 PM,6:00 AM - 6:00 PM,6:00 AM - 6:00 PM,6:00 AM - 6:00 PM,No Information Available,No Information Available,46.0,,42.0,,40.0,,38.0,,36.0,,36.0,,,,,,,,,county_36,,,,,Change of Service,,Follow-up,Initial Application,Investigation,,,,Post-Preliminary Inspection,Renewal Application,,KID013A,KID013B,DMS,SSRS,,
1693,1,Licensed,N,Y,N,Y,Y,Y,N,,Y,121,6:00 AM - 6:00 PM,6:00 AM - 6:00 PM,6:00 AM - 6:00 PM,6:00 AM - 6:00 PM,6:00 AM - 6:00 PM,No Information Available,No Information Available,46.0,,42.0,,40.0,,38.0,,36.0,,36.0,,,,,,,,,county_36,,,,,,,Follow-up,Initial Application,Investigation,,,,Post-Preliminary Inspection,Renewal Application,,,KID013B,DMS,SSRS,,
1515,1,Licensed,Y,Y,Y,Y,Y,Y,Y,,Y,232,7:30 AM - 5:30 PM,7:30 AM - 5:30 PM,7:30 AM - 5:30 PM,7:30 AM - 5:30 PM,7:30 AM - 5:30 PM,No Information Available,No Information Available,40.0,,40.0,,38.0,,36.0,,36.0,,36.0,,32.0,,32.0,,,,,county_36,,,,Change of Ownership,Change of Service,,,,Investigation,,Monitoring (DPOC),,Post-Preliminary Inspection,Renewal Application,,,KID013B,,SSRS,,
840,1,Licensed,N,Y,Y,Y,Y,Y,N,,N,56,6:30 AM - 5:30 PM,6:30 AM - 5:30 PM,6:30 AM - 5:30 PM,6:30 AM - 5:30 PM,6:30 AM - 5:30 PM,No Information Available,No Information Available,44.0,,44.0,,44.0,,38.0,,38.0,,38.0,,35.0,25.0,35.0,25.0,,,,county_36,,,,,,,,Initial Application,,,,,Post-Preliminary Inspection,Renewal Application,,,KID013B,,SSRS,,
634,1,Licensed,N,Y,N,Y,Y,Y,N,,N,110,6:30 AM - 5:00 PM,6:30 AM - 5:00 PM,6:30 AM - 5:00 PM,6:30 AM - 5:00 PM,6:30 AM - 5:00 PM,No Information Available,No Information Available,40.0,,40.0,,35.0,,35.0,,35.0,,,,,,,,,,,county_36,,,,,,,,Initial Application,Investigation,,,,Post-Preliminary Inspection,,,,KID013B,,SSRS,,
1543,1,Certified,N,N,N,N,N,Y,N,,,6,7:00 AM - 5:00 PM,7:00 AM - 5:00 PM,7:00 AM - 5:00 PM,7:00 AM - 5:00 PM,7:00 AM - 5:00 PM,No Information Available,No Information Available,50.0,,45.0,,45.0,,45.0,,45.0,,45.0,,45.0,,,,,,,county_36,Annual Inspection,,,,,,,Initial Application,,,,,,,,,KID013B,DMS,SSRS,,
907,1,Licensed,Y,N,N,Y,N,Y,N,,N,112,other,other,other,other,No Information Available,No Information Available,No Information Available,,,,,,,50.0,,50.0,,50.0,,,,,,,,,county_36,,,,,Change of Service,,Follow-up,Initial Application,,,,,Post-Preliminary Inspection,,,,KID013B,DMS,SSRS,,
724,1,Licensed,N,Y,N,Y,Y,Y,N,,Y,35,6:00 AM - 5:00 PM,6:00 AM - 5:00 PM,6:00 AM - 5:00 PM,6:00 AM - 5:00 PM,6:00 AM - 5:00 PM,No Information Available,No Information Available,52.0,,50.0,,50.0,,48.0,,48.0,,48.0,,,,,,,,,county_36,,,,,,Change of Space/Change in Capacity,,Initial Application,,,,,Post-Preliminary Inspection,,,,KID013B,,SSRS,,
564,4,Licensed,Y,N,Y,Y,N,Y,N,N,Y,120,7:00 AM - 6:00 PM,7:00 AM - 6:00 PM,7:00 AM - 6:00 PM,7:00 AM - 6:00 PM,7:00 AM - 6:00 PM,No Information Available,No Information Available,,,,,,,27.0,17.0,27.0,17.0,27.0,17.0,27.0,11.0,27.0,11.0,27.0,11.0,,county_57,,,,,,,,,,,,,,Renewal Application,KID013,KID013A,KID013B,,SSRS,,
864,4,Licensed,Y,N,N,Y,N,N,N,,Y,35,other,other,other,other,No Information Available,No Information Available,No Information Available,,,,,,,,,,,,,,,,,,,,county_24,,,Change of Location,,,Change of Space/Change in Capacity,,,Investigation,,,,,Renewal Application,KID013,KID013A,KID013B,DMS,SSRS,,
1755,3,Licensed,N,Y,Y,Y,Y,Y,N,N,Y,144,6:30 AM - 5:00 PM,6:30 AM - 5:00 PM,6:30 AM - 5:00 PM,6:30 AM - 5:00 PM,6:30 AM - 5:00 PM,No Information Available,No Information Available,40.0,33.0,40.0,33.0,40.0,33.0,36.0,27.0,36.0,27.0,36.0,27.0,30.0,30.0,30.0,30.0,30.0,30.0,,county_24,,,,,,Change of Space/Change in Capacity,Follow-up,,Investigation,,,,,Renewal Application,KID013,KID013A,KID013B,DMS,SSRS,,
354,3,Licensed,N,Y,Y,Y,Y,Y,N,N,Y,39,other,other,other,other,other,No Information Available,other,40.0,33.0,40.0,33.0,40.0,33.0,36.0,27.0,36.0,27.0,36.0,27.0,30.0,30.0,30.0,30.0,,,,county_24,,,,,,Change of Space/Change in Capacity,Follow-up,,Investigation,,,,,Renewal Application,KID013,KID013A,KID013B,,SSRS,,
1439,3,Licensed,N,Y,Y,Y,Y,Y,N,,Y,62,other,other,other,other,other,No Information Available,No Information Available,40.0,33.0,40.0,33.0,40.0,33.0,36.0,27.0,36.0,27.0,36.0,27.0,30.0,30.0,30.0,30.0,,,,county_24,Annual Inspection,,,,,,Follow-up,Initial Application,Investigation,,Monitoring (DPOC),,,Renewal Application,KID013,KID013A,KID013B,,SSRS,,
1887,3,Licensed,N,N,Y,Y,N,Y,N,,N,80,7:00 AM - 5:30 PM,7:00 AM - 5:30 PM,7:00 AM - 5:30 PM,7:00 AM - 5:30 PM,7:00 AM - 5:30 PM,No Information Available,No Information Available,,,,,,,36.0,36.0,36.0,36.0,36.0,36.0,30.0,30.0,30.0,30.0,,,,county_24,,Change of Hours,,,Change of Service,Change of Space/Change in Capacity,,Initial Application,Investigation,,,,Post-Preliminary Inspection,Renewal Application,,KID013A,KID013B,,SSRS,,
1604,2,Licensed,N,Y,Y,Y,Y,Y,N,,Y,25,6:00 AM - 4:30 PM,6:00 AM - 4:30 PM,6:00 AM - 4:30 PM,6:00 AM - 4:30 PM,6:00 AM - 4:30 PM,No Information Available,No Information Available,30.0,30.0,30.0,30.0,28.0,28.0,28.0,28.0,26.0,26.0,24.0,24.0,22.0,22.0,22.0,22.0,22.0,22.0,,county_24,,,,,,,Follow-up,Initial Application,Investigation,,,,Post-Preliminary Inspection,Renewal Application,,KID013A,KID013B,DMS,SSRS,,
1902,1,Certified,N,N,N,N,N,Y,N,,,6,6:00 AM - 6:00 PM,6:00 AM - 6:00 PM,6:00 AM - 6:00 PM,6:00 AM - 6:00 PM,6:00 AM - 6:00 PM,No Information Available,No Information Available,,,,,,,28.0,23.0,28.0,23.0,28.0,23.0,28.0,23.0,28.0,23.0,28.0,23.0,,county_24,Annual Inspection,Change of Hours,Change of Location,,,,,Initial Application,Investigation,,,,,Renewal Application,,KID013A,KID013B,DMS,,,
1894,1,Licensed,N,Y,Y,Y,Y,Y,N,,N,67,7:00 AM - 5:30 PM,7:00 AM - 5:30 PM,7:00 AM - 5:30 PM,7:00 AM - 5:30 PM,7:00 AM - 5:30 PM,No Information Available,No Information Available,40.0,33.0,40.0,33.0,40.0,33.0,36.0,27.0,36.0,27.0,36.0,27.0,30.0,30.0,30.0,30.0,30.0,30.0,,county_24,,,,,,,,Initial Application,Investigation,,,,Post-Preliminary Inspection,,,,KID013B,DMS,SSRS,,
1771,4,Licensed,Y,Y,N,Y,Y,Y,N,Y,Y,8,7:00 AM - 4:00 PM,7:00 AM - 4:00 PM,7:00 AM - 4:00 PM,7:00 AM - 4:00 PM,7:00 AM - 4:00 PM,No Information Available,No Information Available,29.0,27.0,29.0,27.0,29.0,27.0,28.0,26.0,28.0,26.0,28.0,26.0,,,,,,,,county_56,,,,,Change of Service,Change of Space/Change in Capacity,,Initial Application,Investigation,,,,Post-Preliminary Inspection,Renewal Application,KID013,KID013A,KID013B,,SSRS,,
645,1,Licensed,N,N,N,Y,N,N,N,N,N,47,other,other,other,other,No Information Available,No Information Available,No Information Available,,,,,,,,,,,,,,,,,,,,county_71,,,,,,,,,,,,,,Renewal Application,KID013,KID013A,KID013B,,SSRS,,
495,1,Licensed,N,N,Y,N,N,Y,N,N,Y,148,other,other,other,other,other,No Information Available,No Information Available,,,,,,,,,,,20.0,10.0,20.0,10.0,20.0,10.0,,,,county_71,,,,,,Change of Space/Change in Capacity,,,Investigation,,,,,Renewal Application,KID013,KID013A,KID013B,,SSRS,,
784,3,Licensed,N,Y,N,N,Y,N,N,N,Y,16,8:00 AM - 4:00 PM,8:00 AM - 4:00 PM,8:00 AM - 4:00 PM,8:00 AM - 4:00 PM,8:00 AM - 4:00 PM,No Information Available,No Information Available,,,,,,,,,,,,,,,,,,,,county_71,,,,,,Change of Space/Change in Capacity,,,Investigation,,,,,Renewal Application,KID013,KID013A,KID013B,,SSRS,,
393,1,Licensed,Y,N,Y,N,N,Y,N,N,Y,122,7:30 AM - 5:30 PM,7:30 AM - 5:30 PM,7:30 AM - 5:30 PM,7:30 AM - 5:30 PM,7:30 AM - 5:30 PM,No Information Available,No Information Available,,,,,,,,,,,,,20.0,10.0,20.0,10.0,,,,county_71,,,Change of Location,,,Change of Space/Change in Capacity,,,Investigation,,,,,Renewal Application,KID013,KID013A,KID013B,,SSRS,,
945,3,Licensed,Y,Y,N,Y,N,Y,N,,Y,68,7:00 AM - 5:00 PM,7:00 AM - 5:00 PM,7:00 AM - 5:00 PM,7:00 AM - 5:00 PM,7:00 AM - 5:00 PM,No Information Available,No Information Available,0.01,0.01,0.01,0.01,0.01,0.01,0.01,0.01,0.01,0.01,0.01,0.01,0.01,0.01,0.01,0.01,0.01,0.01,,county_58,,,,,,,,,Investigation,,,,,Renewal Application,KID013,KID013A,KID013B,,SSRS,,
1834,3,Licensed,N,Y,Y,Y,Y,Y,N,N,Y,45,6:00 AM - 6:00 AM,6:00 AM - 6:00 AM,6:00 AM - 6:00 AM,6:00 AM - 6:00 AM,6:00 AM - 6:00 AM,No Information Available,No Information Available,28.0,27.0,28.0,27.0,28.0,27.0,27.0,26.0,27.0,26.0,27.0,26.0,27.0,26.0,27.0,26.0,27.0,26.0,,county_58,,,Change of Location,,,Change of Space/Change in Capacity,Follow-up,,Investigation,,,,,Renewal Application,KID013,KID013A,KID013B,,SSRS,,
296,2,Certified,N,N,N,N,N,Y,N,N,,6,other,other,other,other,other,No Information Available,No Information Available,27.0,,27.0,,25.0,,25.0,15.0,25.0,15.0,25.0,15.0,25.0,15.0,25.0,15.0,25.0,15.0,,county_71,Annual Inspection,,,,,,,,,,,,,Renewal Application,KID013,KID013A,KID013B,,SSRS,,
670,5,Certified,N,N,N,N,N,Y,N,N,,6,7:00 AM - 5:00 PM,7:00 AM - 5:00 PM,7:00 AM - 5:00 PM,7:00 AM - 5:00 PM,7:00 AM - 5:00 PM,No Information Available,No Information Available,32.0,26.0,30.0,26.0,30.0,26.0,30.0,25.0,30.0,25.0,30.0,25.0,30.0,25.0,25.0,20.0,25.0,20.0,,county_71,Annual Inspection,,,,,Change of Space/Change in Capacity,,Initial Application,Investigation,,,,,Renewal Application,KID013,KID013A,KID013B,,SSRS,,
1696,5,Certified,N,N,N,N,N,Y,N,N,,6,7:15 AM - 5:30 PM,7:15 AM - 5:30 PM,7:15 AM - 5:30 PM,7:15 AM - 5:30 PM,7:15 AM - 5:30 PM,No Information Available,No Information Available,25.0,25.0,25.0,25.0,25.0,25.0,22.0,22.0,22.0,22.0,22.0,22.0,22.0,15.0,22.0,15.0,,,,county_71,Annual Inspection,,,,,,,,Investigation,,,,,Renewal Application,KID013,KID013A,KID013B,,SSRS,,
511,1,Certified,N,N,N,N,N,Y,N,N,,6,other,other,other,other,other,No Information Available,No Information Available,15.0,10.0,15.0,10.0,15.0,10.0,15.0,10.0,15.0,10.0,15.0,10.0,15.0,10.0,15.0,10.0,,,,county_71,Annual Inspection,,,,,,,,,,,,,Renewal Application,KID013,KID013A,KID013B,,SSRS,,
85,3,Licensed,N,Y,Y,Y,Y,Y,N,N,Y,120,6:30 AM - 5:30 PM,6:30 AM - 5:30 PM,6:30 AM - 5:30 PM,6:30 AM - 5:30 PM,6:30 AM - 5:30 PM,No Information Available,No Information Available,28.0,,28.0,,27.0,,27.0,26.0,27.0,26.0,27.0,26.0,27.0,26.0,27.0,26.0,,,,county_71,,,,,,Change of Space/Change in Capacity,Follow-up,,Investigation,,Monitoring (DPOC),,,Renewal Application,KID013,KID013A,KID013B,,SSRS,,
1164,4,Certified,N,N,N,N,N,Y,N,N,,6,other,other,other,other,other,No Information Available,No Information Available,26.0,20.0,22.0,20.0,22.0,20.0,22.0,20.0,22.0,20.0,22.0,20.0,22.0,20.0,22.0,20.0,,,,county_70,Annual Inspection,,,,,,,,,,,,,Renewal Application,KID013,KID013A,KID013B,,SSRS,,
1128,3,Licensed,N,Y,Y,Y,Y,Y,N,,Y,49,8:00 AM - 5:00 PM,8:00 AM - 5:00 PM,8:00 AM - 5:00 PM,8:00 AM - 5:00 PM,8:00 AM - 5:00 PM,No Information Available,No Information Available,28.0,28.0,28.0,28.0,28.0,28.0,27.0,26.0,27.0,26.0,27.0,26.0,27.0,26.0,27.0,26.0,27.0,26.0,,county_71,,,,,,Change of Space/Change in Capacity,Follow-up,Initial Application,Investigation,,,,Post-Preliminary Inspection,Renewal Application,KID013,KID013A,KID013B,,SSRS,,
20,2,Licensed,N,Y,N,Y,Y,Y,N,,Y,34,7:00 AM - 6:00 PM,7:00 AM - 6:00 PM,7:00 AM - 6:00 PM,7:00 AM - 6:00 PM,7:00 AM - 6:00 PM,No Information Available,No Information Available,28.0,28.0,28.0,28.0,28.0,28.0,27.0,26.0,27.0,26.0,27.0,26.0,27.0,26.0,27.0,26.0,,,,county_70,,,Change of Location,,,,,Initial Application,Investigation,,,,Post-Preliminary Inspection,Renewal Application,KID013,KID013A,KID013B,,SSRS,,
1799,1,Licensed,N,Y,Y,Y,Y,Y,N,,Y,108,7:30 AM - 5:30 PM,7:30 AM - 5:30 PM,7:30 AM - 5:30 PM,7:30 AM - 5:30 PM,7:30 AM - 5:30 PM,No Information Available,No Information Available,28.0,7.0,26.0,6.5,25.0,6.25,24.0,6.0,24.0,6.0,24.0,6.0,,,,,,,,county_71,,,Change of Location,,,,Follow-up,Initial Application,Investigation,,,,Post-Preliminary Inspection,Renewal Application,,KID013A,KID013B,,SSRS,,
1551,1,Certified,N,N,N,N,N,Y,N,,,6,7:00 AM - 5:30 PM,7:00 AM - 5:30 PM,7:00 AM - 5:30 PM,7:00 AM - 5:30 PM,7:00 AM - 5:30 PM,No Information Available,No Information Available,26.0,26.0,26.0,26.0,26.0,26.0,26.0,26.0,26.0,26.0,26.0,26.0,26.0,26.0,26.0,26.0,26.0,26.0,,county_71,Annual Inspection,,,,,,,Initial Application,,,,,,Renewal Application,,KID013A,KID013B,DMS,,,
582,1,Licensed,N,Y,Y,Y,Y,Y,N,,N,46,6:30 AM - 5:30 PM,6:30 AM - 5:30 PM,6:30 AM - 5:30 PM,6:30 AM - 5:30 PM,6:30 AM - 5:30 PM,No Information Available,No Information Available,33.0,,33.0,,33.0,,33.0,,33.0,,33.0,,33.0,,33.0,,33.0,,,county_71,,,,,,,,Initial Application,Investigation,,,,Post-Preliminary Inspection,,,,KID013B,,SSRS,,
212,1,Licensed,N,Y,Y,Y,Y,Y,N,,N,34,other,other,other,other,other,No Information Available,No Information Available,35.0,35.0,35.0,35.0,35.0,35.0,35.0,35.0,35.0,35.0,35.0,35.0,35.0,35.0,35.0,35.0,35.0,35.0,,county_71,,Change of Hours,,,,Change of Space/Change in Capacity,,Initial Application,Investigation,,,,Post-Preliminary Inspection,,,,KID013B,,SSRS,,
1425,1,Licensed,N,Y,N,Y,Y,Y,N,,N,43,7:45 AM - 5:00 PM,7:45 AM - 5:00 PM,7:45 AM - 5:00 PM,7:45 AM - 5:00 PM,7:45 AM - 5:00 PM,No Information Available,No Information Available,30.0,,30.0,,30.0,,30.0,,30.0,,,,,,,,,,,county_71,,,,,,,,Initial Application,,,,,Post-Preliminary Inspection,,,,KID013B,,SSRS,,
83,2,Licensed,N,Y,Y,Y,Y,Y,N,,Y,70,6:00 AM - 6:00 PM,6:00 AM - 6:00 PM,6:00 AM - 6:00 PM,6:00 AM - 6:00 PM,6:00 AM - 6:00 PM,No Information Available,No Information Available,28.0,28.0,28.0,28.0,28.0,28.0,27.0,26.0,27.0,26.0,27.0,26.0,27.0,26.0,27.0,26.0,27.0,26.0,,county_70,,,Change of Location,,,Change of Space/Change in Capacity,Follow-up,Initial Application,Investigation,,,,,Renewal Application,KID013,KID013A,KID013B,,SSRS,,
1528,5,Licensed,Y,N,Y,Y,N,Y,N,N,Y,106,6:00 AM - 5:00 PM,6:00 AM - 5:00 PM,6:00 AM - 5:00 PM,6:00 AM - 5:00 PM,6:00 AM - 5:00 PM,No Information Available,No Information Available,,,,,,,30.0,20.0,30.0,20.0,30.0,12.0,30.0,12.0,30.0,12.0,,,,county_63,,,,,,,,,Investigation,,,,,Renewal Application,KID013,KID013A,KID013B,,SSRS,,
1780,2,Licensed,N,N,Y,N,N,Y,N,N,Y,223,other,other,other,other,other,No Information Available,No Information Available,,,,,,,,,,,,,30.0,12.0,30.0,12.0,,,,county_63,,,,,,Change of Space/Change in Capacity,,,,,,,,Renewal Application,KID013,KID013A,KID013B,,SSRS,,
335,1,Licensed,Y,Y,N,Y,Y,,N,,N,25,7:30 AM - 3:30 PM,7:30 AM - 3:30 PM,7:30 AM - 3:30 PM,7:30 AM - 3:30 PM,7:30 AM - 3:30 PM,No Information Available,No Information Available,,,,,,,,,,,,,,,,,,,,county_23,,,,,Change of Service,,,Initial Application,,,,,Post-Preliminary Inspection,Renewal Application,,KID013A,KID013B,,SSRS,,
677,1,Licensed,N,Y,Y,Y,Y,Y,N,,N,43,7:00 AM - 5:30 PM,7:00 AM - 5:30 PM,7:00 AM - 5:30 PM,7:00 AM - 5:30 PM,7:00 AM - 5:30 PM,No Information Available,No Information Available,40.0,33.0,40.0,33.0,40.0,33.0,36.0,27.0,36.0,27.0,36.0,27.0,30.0,30.0,30.0,30.0,30.0,30.0,,county_63,,,,,,,,Initial Application,Investigation,,,,Post-Preliminary Inspection,,,,KID013B,,SSRS,,
