provider_id,qr_rating,program_type,age_6wk_17mo,age_18_23mo,age_0_23mo,age_2yr,age_3yr,age_4yr,age_5yr_preschool,age_5_15yr,licensed_capacity,enrollment_availability,accreditation_american_montessori_society_ams,accreditation_association_montessori_international_usa_ami_usa,accreditation_association_of_independent_maryland_schools_aims,accreditation_cognia_early_learning_accreditation,accreditation_maryland_accreditation,accreditation_middle_states_association_of_colleges_and_schools_commission_on_elementary_and_secondary_schools_msa_cess,accreditation_national_association_for_family_child_care_nafcc,accreditation_national_association_for_the_education_of_young_children_naeyc,accreditation_national_early_childhood_program_accreditation_necpa,achievement_accredited_program,achievement_asthma_and_allergy_friendly,achievement_cultural_and_linguistic_competency,achievement_eco_friendly_program,achievement_family_engagement,achievement_health_and_wellness,achievement_judy_center,achievement_military_child_care_in_your_neighborhood,achievement_quality_business_practices,accreditation_other
232,4,Family Child Care,False,False,True,True,True,True,True,True,8,,,,,,,,,,,,,,,,,,,,
808,1,Family Child Care,False,False,True,True,True,True,True,True,8,,,,,,,,,,,,,,,,,,,,
5622,5,Public Prekindergarten,,,,,,,,,,,,,,,Maryland Accreditation,,,,,Accredited Program,,,,,,,,,
6300,1,Child Care Center,False,False,False,True,True,True,True,True,40,,,,,,,,,,,,,,,,,,,,
6325,5,Public Prekindergarten,,,,,,,,,,,,,,,Maryland Accreditation,,,,,Accredited Program,,,,,,,,,
4319,1,Family Child Care,False,False,True,True,True,True,True,True,8,,,,,,,,,,,,,,,,,,,,
4216,1,Family Child Care,False,False,True,True,True,True,True,True,8,,,,,,,,,,,,,,,,,,,,
6789,3,Family Child Care,False,False,True,True,True,True,True,True,8,,,,,,,,,,,,,,,,,,,,
4812,3,Child Care Center,False,False,False,True,True,True,True,True,35,,,,,,,,,,,,,,,,,,,,
3496,1,Family Child Care,False,False,True,True,True,True,True,True,6,,,,,,,,,,,,,,,,,,,,
4055,1,Family Child Care,False,False,True,True,True,True,True,True,8,,,,,,,,,,,,,,,,,,,,
6721,3,Family Child Care,False,False,True,True,True,True,True,True,8,,,,,,,,,,,,,,,,,,,,
5782,5,Public Prekindergarten,,,,,,,,,,,,,,,Maryland Accreditation,,,,,Accredited Program,,,,,,,,,
3475,5,Public Prekindergarten,,,,,,,,,,,,,,,Maryland Accreditation,,,,,Accredited Program,,,,,,,,,
6642,5,Public Prekindergarten,,,,,,,,,,,,,,,Maryland Accreditation,,,,,Accredited Program,,,,,,,,,
4566,5,Public Prekindergarten,,,,,,,,,,,,,,,Maryland Accreditation,,,,,Accredited Program,,,,,,,,,
499,1,Child Care Center,True,True,False,True,True,True,True,True,98,,,,,,,,,,,,,,,,,,,,
4513,3,Child Care Center,False,False,False,False,True,True,True,True,20,,,,,,,,,,,,,,,,,,,,
3741,3,Child Care Center,False,False,False,False,True,True,True,False,20,,,,,,,,,,,,,,,,,,,,
6072,1,Child Care Center,False,False,False,True,True,True,True,True,80,,,,,,,,,,,,,,,,,,,,
4142,4,Child Care Center,True,True,False,True,True,True,True,True,26,,,,,,,,,,,,,,,,,,,,
4581,3,Child Care Center,True,True,False,True,True,True,True,True,52,,,,,,,,,,,,,,,,,,,,
3927,3,Child Care Center,False,False,False,True,True,True,True,False,28,,,,,,,,,,,,,,,,,,,,
2798,1,Family Child Care,False,False,True,True,True,True,True,True,8,,,,,,,,,,,,,,,,,,,,
385,5,Public Prekindergarten,,,,,,,,,,,,,,,Maryland Accreditation,,,,,Accredited Program,,,,,,,,,
3613,5,Large Family Child Care,False,False,True,True,True,True,True,True,12,,,,,,,,National Association for Family Child Care (NAFCC),,,Accredited Program,,,,,,,,,
6323,5,Child Care Center,False,False,False,True,True,True,True,True,50,,,,,,Maryland Accreditation,,,,,Accredited Program,,,,,,,,,
633,3,Child Care Center,True,True,False,True,True,True,True,True,18,,,,,,,,,,,,,,,,,,,,
5929,1,Family Child Care,False,False,True,True,True,True,True,True,8,,,,,,,,,,,,,,,,,,,,
1146,1,LOC,False,False,False,True,True,True,True,True,238,,,,,,,,,,,,,,,,,,,,
4628,1,LOC,False,False,False,True,True,True,True,True,,,,,,,,,,,,,,,,,,,,,
200,5,Public Prekindergarten,,,,,,,,,,,,,,,Maryland Accreditation,,,,,Accredited Program,,,,,,,,,
5279,3,Family Child Care,False,False,True,True,True,True,True,True,8,,,,,,,,,,,,,,,,,,,,
1531,5,Public Prekindergarten,,,,,,,,,,,,,,,Maryland Accreditation,,,,,Accredited Program,,,,,,,,,
5438,1,Family Child Care,False,False,True,True,True,True,True,True,8,,,,,,,,,,,,,,,,,,,,
280,5,Large Family Child Care,False,False,True,True,True,True,True,True,12,,,,,,,,National Association for Family Child Care (NAFCC),,,Accredited Program,,,,,,,,,
3924,5,Public Prekindergarten,,,,,,,,,,,,,,,Maryland Accreditation,,,,,Accredited Program,,,,,,,,,
3968,1,Family Child Care,False,False,True,True,True,True,True,True,8,,,,,,,,,,,,,,,,,,,,
6803,1,Family Child Care,False,False,True,True,True,True,True,True,8,,,,,,,,,,,,,,,,,,,,
5337,3,Family Child Care,False,False,True,True,True,True,True,True,8,,,,,,,,,,,,,,,,,,,,
4832,5,Large Family Child Care,False,False,True,True,True,True,True,True,12,,,,,,,,National Association for Family Child Care (NAFCC),,,Accredited Program,,,,,,,,,
2122,5,Public Prekindergarten,,,,,,,,,,,,,,,Maryland Accreditation,,,,,Accredited Program,,,,,,,,,
3404,5,Large Family Child Care,False,False,True,True,True,True,True,True,12,,,,,,,,National Association for Family Child Care (NAFCC),,,Accredited Program,,,,,,,,,
3302,3,Family Child Care,False,False,True,True,True,True,True,True,8,,,,,,,,,,,,,,,,,,,,
2024,3,Family Child Care,False,False,True,True,True,True,True,True,8,,,,,,,,,,,,,,,,,,,,
5360,4,Large Family Child Care,False,False,True,True,True,True,True,True,12,,,,,,,,,,,,,,,,,Judy Center,,,
3530,3,Large Family Child Care,False,False,True,True,True,True,True,True,12,,,,,,,,,,,,,,,,,Judy Center,,,
3484,3,Family Child Care,False,False,True,True,True,True,True,True,8,,,,,,,,,,,,,,,,,,,,
1760,3,Family Child Care,False,False,True,True,True,True,True,True,8,,,,,,,,,,,,,,,,,,,,
1369,5,Family Child Care,,,,,,,,,,,,,,,,,National Association for Family Child Care (NAFCC),,,Accredited Program,,,,,,,,,
3336,5,Large Family Child Care,False,False,True,True,True,True,True,True,,,,,,,,,National Association for Family Child Care (NAFCC),,,Accredited Program,,,,,,,,,
6545,5,Public Prekindergarten,,,,,,,,,,,,,,,Maryland Accreditation,,,,,Accredited Program,,,,,,,,,
6766,5,Public Prekindergarten,,,,,,,,,,,,,,,Maryland Accreditation,,,,,Accredited Program,,,,,,,,,
6762,3,School-Age Only,False,False,False,False,True,True,True,True,60,,,,,,,,,,,,,,,,,,,,
4522,5,Child Care Center,True,True,False,True,True,True,True,True,44,,,,,,Maryland Accreditation,,,,,Accredited Program,,,,,,,Military Child Care in Your Neighborhood,,
2504,2,Child Care Center,True,True,False,True,True,True,True,False,46,,,,,,,,,,,,,,,,,,,,
3318,3,Family Child Care,,,,,,,,,,,,,,,,,,,,,,,,,,,,,
6096,2,Family Child Care,False,False,True,True,True,True,True,True,8,,,,,,,,,,,,,,,,,,,,
1186,1,Family Child Care,False,False,True,True,True,True,True,True,,,,,,,,,,,,,,,,,,,,,
1440,3,Child Care Center,True,True,False,True,True,True,True,False,58,,,,,,,,,,,,,,,,,,,,
1706,1,Family Child Care,False,False,True,True,True,True,True,True,3,,,,,,,,,,,,,,,,,,Military Child Care in Your Neighborhood,,
4184,1,Family Child Care,False,False,True,True,True,True,True,True,8,,,,,,,,,,,,,,,,,,,,
4940,1,Family Child Care,False,False,True,True,True,True,True,True,8,,,,,,,,,,,,,,,,,,,,
4063,1,Family Child Care,False,False,True,True,True,True,True,True,7,,,,,,,,,,,,,,,,,,,,
4206,1,School-Age Only,False,False,False,False,False,False,False,True,15,,,,,,,,,,,,,,,,,,,,
5140,5,Public Prekindergarten,,,,,,,,,,,,,,,Maryland Accreditation,,,,,Accredited Program,,,,,,,,,
1235,1,Child Care Center,True,True,False,True,True,False,False,False,31,,,,,,,,,,,,,,,,,,,,
5818,5,Child Care Center,False,False,False,True,True,True,True,True,150,,,,,,Maryland Accreditation,,,,,Accredited Program,,,,,,,,Quality Business Practices,
2242,2,Family Child Care,False,False,True,True,True,True,True,True,8,,,,,,,,,,,,,,,,,,,,
6822,5,Family Child Care,False,False,True,True,True,True,True,True,8,,,,,,,,National Association for Family Child Care (NAFCC),,,Accredited Program,Asthma & Allergy Friendly,Cultural and Linguistic Competency,Eco-Friendly Program,Family Engagement,Health and Wellness,Judy Center,Military Child Care in Your Neighborhood,Quality Business Practices,
486,1,Family Child Care,False,False,True,True,True,True,True,True,,,,,,,,,,,,,,,,,,,,,
3001,2,Child Care Center,False,False,False,True,True,True,True,True,78,,,,,,,,,,,,,,,,,,,,
3696,1,Child Care Center,True,True,False,True,True,True,True,False,92,,,,,,,,,,,,,,,,,,,,
3147,1,Child Care Center,True,True,False,True,True,True,True,False,136,,,,,,,,,,,,,,,,,,,,
2669,1,Family Child Care,False,False,True,True,True,True,True,True,8,,,,,,,,,,,,,,,,,,,,
6024,5,Public Prekindergarten,,,,,,,,,,,,,,,Maryland Accreditation,,,,,Accredited Program,,,,,,,,,
4582,1,School-Age Only,False,False,False,False,False,False,False,True,30,,,,,,,,,,,,,,,,,,,,
1778,1,Family Child Care,False,False,True,True,True,True,True,True,8,,,,,,,,,,,,,,,,,,,,
4263,5,Public Prekindergarten,,,,,,,,,,,,,,,Maryland Accreditation,,,,,Accredited Program,,,,,,,,,
6667,5,Public Prekindergarten,,,,,,,,,,,,,,,Maryland Accreditation,,,,,Accredited Program,,,,,,,,,
4180,3,School-Age Only,False,False,False,False,False,False,False,True,45,,,,,,,,,,,,,,,,Health and Wellness,,,,
1018,1,Family Child Care,False,False,True,True,True,True,True,True,8,,,,,,,,,,,,,,,,,,,,
3495,5,Public Prekindergarten,,,,,,,,,,,,,,,Maryland Accreditation,,,,,Accredited Program,,,,,,,,,
4815,3,School-Age Only,False,False,False,False,False,False,False,True,75,,,,,,,,,,,,,,,,Health and Wellness,,,,
6218,5,Family Child Care,False,False,True,True,True,True,True,True,8,,,,,,,,National Association for Family Child Care (NAFCC),,,Accredited Program,,,,,,,,,
1219,1,LOC,False,False,False,True,True,True,True,False,59,,,,,,,,,,,,,,,,,,,,
611,2,Family Child Care,False,False,True,True,True,True,True,False,6,,,,,,,,,,,,,,,,,,,,
2520,3,Child Care Center,False,False,False,True,True,True,True,True,,,,,,,,,,,,,,,,,,,,,
5880,3,Child Care Center,False,False,False,True,True,True,True,False,27,,,,,,,,,,,,,,,,,,,,
4250,3,School-Age Only,False,False,False,False,False,False,False,True,87,,,,,,,,,,,,,,,,Health and Wellness,,,,
6176,5,Public Prekindergarten,,,,,,,,,,,,,,,Maryland Accreditation,,,,,Accredited Program,,,,,,,,,
2747,3,School-Age Only,False,False,False,False,False,False,False,True,45,,,,,,,,,,,,,,,,Health and Wellness,,,,
3816,5,Public Prekindergarten,,,,,,,,,,,,,,,Maryland Accreditation,,,,,Accredited Program,,,,,,,,,
179,3,School-Age Only,False,False,False,False,False,False,False,True,30,,,,,,,,,,,,,,,,,,,,
492,3,School-Age Only,False,False,False,False,False,False,False,True,90,,,,,,,,,,,,,,,,Health and Wellness,,,,
3469,5,Public Prekindergarten,,,,,,,,,,,,,,,Maryland Accreditation,,,,,Accredited Program,,,,,,,,,
4707,1,Family Child Care,False,False,True,True,True,True,True,True,,,,,,,,,,,,,,,,,,,,,
4720,5,Public Prekindergarten,,,,,,,,,,,,,,,Maryland Accreditation,,,,,Accredited Program,,,,,,,,,
6152,3,Family Child Care,False,False,True,True,True,True,True,True,8,,,,,,,,,,,,,,,,Health and Wellness,,,Quality Business Practices,
6680,1,Family Child Care,False,False,True,True,True,True,True,True,8,,,,,,,,,,,,,,,,,,,,
3789,3,Family Child Care,False,False,True,True,True,True,True,True,8,,,,,,,,,,,,,,,,,,,,
2439,1,Child Care Center,True,True,False,True,True,True,True,True,100,,,,,,,,,,,,,,,,,,,,
846,1,Child Care Center,True,True,False,True,True,True,True,True,138,,,,,,,,,,,,,,,,,,,,
5825,1,Child Care Center,True,True,False,True,True,True,True,True,131,,,,,,,,,,,,,,,,,,,,
2797,1,Child Care Center,True,True,False,True,True,True,True,True,150,,,,,,Maryland Accreditation,,,,,Accredited Program,,,,,,,,,
6739,5,Child Care Center,True,True,False,True,True,True,True,True,155,,,,,,Maryland Accreditation,,,,,Accredited Program,,,,,,,,,
5567,1,Child Care Center,True,True,False,True,True,True,True,True,82,,,,,,,,,,,,,,,,,,,,
5753,1,School-Age Only,False,False,False,False,False,False,False,True,75,,,,,,,,,,,,,,,,,,,,
5645,1,Family Child Care,False,False,True,True,True,True,True,True,8,,,,,,,,,,,,,,,,,,,,
2533,5,Public Prekindergarten,,,,,,,,,,,,,,,Maryland Accreditation,,,,,Accredited Program,,,,,,,,,
1772,5,Child Care Center,True,True,False,True,True,True,True,True,205,,,,,,,,,,National Early Childhood Program Accreditation (NECPA),Accredited Program,,,,,,,,,
6566,1,Child Care Center,False,False,False,True,True,True,True,True,15,,,,,,,,,,,,,,,,,,,,
1095,3,LOC,False,False,False,True,True,True,True,False,89,,,,,,,,,,,,,,,,,,,,
4691,1,Family Child Care,False,False,True,True,True,True,True,True,8,,,,,,,,,,,,,,,,,,,,
1473,1,Child Care Center,True,True,False,True,True,True,True,True,,,,,,,,,,,,,,,,,,,,,
1588,1,Family Child Care,False,False,True,True,True,True,True,True,7,,,,,,,,,,,,,,,,,,,,
444,1,Child Care Center,False,False,False,True,True,True,True,True,88,,,,,,,,,,,,,,,,,,,,
363,5,Public Prekindergarten,,,,,,,,,,,,,,,Maryland Accreditation,,,,,Accredited Program,,,,,,,,,
5969,1,School-Age Only,False,False,False,False,False,False,False,True,75,,,,,,,,,,,,,,,,,,,,
1508,3,School-Age Only,False,False,False,False,False,False,False,True,75,,,,,,,,,,,,,,,,Health and Wellness,,,,
2951,5,Public Prekindergarten,,,,,,,,,,,,,,,Maryland Accreditation,,,,,Accredited Program,,,,,,,,,
3100,1,School-Age Only,False,False,False,False,False,False,False,True,45,,,,,,,,,,,,,,,,,,,,
372,1,Family Child Care,False,False,True,True,True,True,True,True,8,,,,,,,,,,,,,,,,,,,,
4489,1,Family Child Care,False,False,True,True,True,True,True,True,8,,,,,,,,,,,,,,,,,,,,
4347,2,Family Child Care,False,False,True,True,True,True,True,True,7,,,,,,,,,,,,,,,,,,,,
5436,1,Family Child Care,False,False,True,True,True,True,True,True,8,,,,,,,,,,,,,,,,,,,,
1379,1,Family Child Care,False,False,True,True,True,True,True,True,8,,,,,,,,,,,,,,,,,,,,
4532,1,Family Child Care,False,False,True,True,True,True,True,True,8,,,,,,,,,,,,,,,,,,,,
1278,3,School-Age Only,False,False,False,False,False,False,False,True,90,,,,,,,,,,,,,,,,Health and Wellness,,,,
4459,1,Family Child Care,False,False,True,True,True,True,True,True,8,,,,,,,,,,,,,,,,,,,,
2868,1,School-Age Only,False,False,False,False,False,False,False,True,30,,,,,,,,,,,,,,,,,,,,
2854,2,Family Child Care,False,False,True,True,True,True,True,True,8,,,,,,,,,,,,,,,,,,,,
948,1,Family Child Care,False,False,True,True,True,True,True,True,8,,,,,,,,,,,,,,,,,,,,
2546,5,Family Child Care,False,False,True,True,True,True,True,True,7,,,,,,,,,,,,,,,,,,,,
2141,1,Child Care Center,True,True,False,True,True,True,True,True,31,,,,,,,,,,,,,,,,,,,,
4875,1,Family Child Care,False,False,True,True,True,True,True,True,8,,,,,,,,,,,,,,,,,,,,
3393,1,Family Child Care,,,,,,,,,,,,,,,,,,,,,,,,,,,,,
4772,5,Public Prekindergarten,,,,,,,,,,,,,,,Maryland Accreditation,,,,,Accredited Program,,,,,,,,,
1359,4,Family Child Care,False,False,True,True,True,True,True,False,7,,,,,,,,,,,,,,,,,,,,
5805,1,Child Care Center,True,True,False,True,True,True,True,False,25,,,,,,,,,,,,,,,,,,,,
3538,5,Public Prekindergarten,,,,,,,,,,,,,,,Maryland Accreditation,,,,,Accredited Program,,,,,,,,,
1480,3,School-Age Only,False,False,False,False,False,False,False,True,60,,,,,,,,,,,,,,,,Health and Wellness,,,,
3295,1,Child Care Center,False,False,False,True,True,True,True,True,79,,,,,,,,,,,,,,,,,,,,
4303,3,Child Care Center,True,True,False,True,True,True,True,True,75,,,,,,,,,,,,,,,,,,,,
6526,1,Family Child Care,,,,,,,,,,,,,,,,,,,,,,,,,,,,,
4731,1,Family Child Care,,,,,,,,,,,,,,,,,,,,,,,,,,,,,
1846,1,LOC,False,False,False,True,True,True,True,True,137,,,,,,,,,,,,,,,,,,,,
6683,1,Family Child Care,False,False,True,True,True,True,True,True,8,,,,,,,,,,,,,,,,,,,,
2468,2,Child Care Center,False,False,False,True,True,True,True,True,83,,,,,,,,,,,,,,,,,,,,
6628,5,Public Prekindergarten,,,,,,,,,,,,,,,Maryland Accreditation,,,,,Accredited Program,,,,,,,,,
6254,3,School-Age Only,False,False,False,False,False,False,False,True,75,,,,,,,,,,,,,,,,Health and Wellness,,,,
124,2,Child Care Center,True,True,False,True,True,True,True,True,140,,,,,,,,,,,,,,,,,,,,
4597,5,Public Prekindergarten,,,,,,,,,,,,,,,Maryland Accreditation,,,,,Accredited Program,,,,,,,,,
2385,1,School-Age Only,False,False,False,False,False,False,False,True,45,,,,,,,,,,,,,,,,,,,,
191,5,Public Prekindergarten,,,,,,,,,,,,,,,Maryland Accreditation,,,,,Accredited Program,,,,,,,,,
5601,3,School-Age Only,False,False,False,False,False,False,False,True,75,,,,,,,,,,,,,,,,Health and Wellness,,,,
3815,1,Family Child Care,False,False,True,True,True,True,True,True,8,,,,,,,,,,,,,,,,,,,,
916,5,Public Prekindergarten,,,,,,,,,,,,,,,Maryland Accreditation,,,,,Accredited Program,,,,,,,,,
6124,3,School-Age Only,False,False,False,False,False,False,False,True,30,,,,,,,,,,,,,,,,Health and Wellness,,,,
5661,2,Family Child Care,False,False,True,True,True,True,True,True,8,,,,,,,,,,,,,,,,,,,,
6908,1,Child Care Center,True,True,False,True,True,True,True,True,78,,,,,,,,,,,,,,,,,,,,
3212,2,LOC,False,False,False,True,True,True,True,False,35,,,,,,,,,,,,,,,,,,,,
2224,5,Public Prekindergarten,,,,,,,,,,,,,,,Maryland Accreditation,,,,,Accredited Program,,,,,,,,,
2128,2,Family Child Care,,,,,,,,,,,,,,,,,,,,,,,,,,,,,
6442,5,Public Prekindergarten,,,,,,,,,,,,,,,Maryland Accreditation,,,,,Accredited Program,,,,,,,,,
5051,1,School-Age Only,False,False,False,False,False,False,False,True,30,,,,,,,,,,,,,,,,,,,,
5019,5,Public Prekindergarten,,,,,,,,,,,,,,,Maryland Accreditation,,,,,Accredited Program,,,,,,,,,
26,1,School-Age Only,False,False,False,False,False,False,False,True,30,,,,,,,,,,,,,,,,,,,,
2585,5,Public Prekindergarten,,,,,,,,,,,,,,,Maryland Accreditation,,,,,Accredited Program,,,,,,,,,
3942,3,School-Age Only,False,False,False,False,False,False,False,True,30,,,,,,,,,,,,,,,,Health and Wellness,,,,
5333,1,Child Care Center,True,True,False,True,True,True,True,True,59,,,,,,,,,,,,,,,,,,,,
4510,3,Child Care Center,True,True,False,True,True,True,True,True,61,,,,,,,,,,,,,,,,,,,,
3417,1,Family Child Care,False,False,True,True,True,True,True,True,8,,,,,,,,,,,,,,,,,,,,
4723,1,Family Child Care,False,False,True,True,True,True,True,True,8,,,,,,,,,,,,,,,,,,,,
2977,1,Family Child Care,False,False,True,True,True,True,True,True,4,,,,,,,,,,,,,,,,,,,,
5871,1,Family Child Care,False,False,True,True,True,True,True,True,8,,,,,,,,,,,,,,,,,,,,
6178,5,Public Prekindergarten,,,,,,,,,,,,,,,Maryland Accreditation,,,,,Accredited Program,,,,,,,,,
4845,3,School-Age Only,False,False,False,False,False,False,False,True,45,,,,,,,,,,,,,,,,Health and Wellness,,,,
3957,5,LOC,False,False,False,True,True,True,True,True,102,,,,,,Maryland Accreditation,,,,,Accredited Program,,,,,,,,,
5018,5,Public Prekindergarten,,,,,,,,,,,,,,,Maryland Accreditation,,,,,Accredited Program,,,,,,,,,
261,3,School-Age Only,False,False,False,False,False,False,False,True,50,,,,,,,,,,,,,,,,Health and Wellness,,,,
3267,5,Public Prekindergarten,,,,,,,,,,,,,,,Maryland Accreditation,,,,,Accredited Program,,,,,,,,,
6151,1,School-Age Only,False,False,False,False,False,False,False,True,30,,,,,,,,,,,,,,,,,,,,
6233,3,School-Age Only,False,False,False,False,False,True,True,True,50,,,,,,,,,,,,,,,,Health and Wellness,,,,
6806,1,Family Child Care,False,False,True,True,True,True,True,True,8,,,,,,,,,,,,,,,,,,,,
901,1,Child Care Center,True,True,False,True,True,True,True,True,101,,,,,,,,,,,,,,,,,,,,
2772,1,Family Child Care,False,False,True,True,True,True,True,True,8,,,,,,,,,,,,,,,,,,,,
6577,4,Child Care Center,True,True,False,True,True,True,True,True,156,,,,,,,,,,,,,,,,,,,,
5254,3,Child Care Center,False,False,False,True,True,True,True,True,28,,,,,,,,,,,,,,,,,,,,
255,3,Family Child Care,False,False,True,True,True,True,True,True,7,,,,,,,,,,,,,,,,,,,,
1482,5,Public Prekindergarten,,,,,,,,,,,,,,,Maryland Accreditation,,,,,Accredited Program,,,,,,,,,
3794,1,School-Age Only,False,False,False,False,False,False,False,True,45,,,,,,,,,,,,,,,,,,,,
6864,1,Family Child Care,False,False,True,True,True,True,True,True,8,,,,,,,,,,,,,,,,,,,,
2250,4,Family Child Care,False,False,True,True,True,True,True,True,7,,,,,,,,,,,,,,,,,,,,
3778,4,Family Child Care,False,False,True,True,True,True,True,True,,,,,,,,,,,,,,,,,,,,,
687,1,Family Child Care,False,False,True,True,True,True,True,True,8,,,,,,,,,,,,,,,,,,,,
3168,3,Family Child Care,False,False,True,True,True,True,True,True,7,,,,,,,,,,,,,,,,,,,,
1006,1,Family Child Care,False,False,True,True,True,True,True,True,8,,,,,,,,,,,,,,,,,,,,
3146,5,Public Prekindergarten,,,,,,,,,,,,,,,Maryland Accreditation,,,,,Accredited Program,,,,,,,,,
2366,1,Family Child Care,False,False,True,True,True,True,True,True,,,,,,,,,,,,,,,,,,,,,
964,1,Family Child Care,False,False,True,True,True,True,True,True,8,,,,,,,,,,,,,,,,,,,,
594,1,Family Child Care,False,False,True,True,True,True,True,True,7,,,,,,,,,,,,,,,,,,,,
4856,1,Child Care Center,False,True,False,True,True,True,True,True,82,,,,,,,,,,,,,,,,,,,,
3438,1,Child Care Center,False,False,False,True,True,True,True,True,60,,,,,,,,,,,,,,,,,,,,
2473,1,Child Care Center,False,False,False,True,True,True,True,True,36,,,,,,,,,,,,,,,,,,,,
5089,3,Child Care Center,False,False,False,True,True,True,True,True,83,,,,,,,,,,,,,,,,,,,Quality Business Practices,
3036,5,Family Child Care,False,False,True,True,True,True,True,True,8,,,,,,,,National Association for Family Child Care (NAFCC),,,Accredited Program,,,,,,,,,
625,1,Family Child Care,,,,,,,,,,,,,,,,,,,,,,,,,,,,,
2991,1,Family Child Care,False,False,True,True,True,True,True,True,8,,,,,,,,,,,,,,,,,,,,
5867,3,Family Child Care,False,False,False,True,True,True,True,False,6,,,,,,,,,,,,,,,,,,,,
3889,3,Family Child Care,False,False,True,True,True,True,True,True,8,,,,,,,,,,,,,,,,,,,,
5618,1,Family Child Care,False,False,True,True,True,True,True,True,8,,,,,,,,,,,,,,,,,,,,
6291,5,Child Care Center,True,True,False,True,True,True,True,False,85,,,,,,,,,National Association for the Education of Young Children (NAEYC),,Accredited Program,,,,,,,,,
4950,2,Child Care Center,True,True,False,True,True,True,True,True,155,,,,,,,,,,,,,,,,,,,,
4115,5,Child Care Center,True,True,False,True,True,True,True,True,161,,,,,,Maryland Accreditation,,,,,Accredited Program,,,,,,,,,
4921,1,Child Care Center,True,True,False,True,True,True,True,True,146,,,,,,,,,National Association for the Education of Young Children (NAEYC),,Accredited Program,,,,,,,,,
4122,5,Child Care Center,True,True,False,True,True,True,True,True,142,,,,,,,,,National Association for the Education of Young Children (NAEYC),,Accredited Program,,,,,,,,,
7082,3,Child Care Center,True,True,False,True,True,True,True,False,50,,,,,,,,,,,,,,,,,,,,
449,2,Child Care Center,True,True,False,True,True,True,True,True,30,,,,,,,,,,,,,,,,,,,,
5410,1,Family Child Care,False,False,True,True,True,True,True,True,8,,,,,,,,,,,,,,,,,,,,
4609,1,Family Child Care,False,False,True,True,True,True,True,True,8,,,,,,,,,,,,,,,,,,,,
266,2,Family Child Care,False,False,True,True,True,True,True,True,8,,,,,,,,,,,,,,,,,,,,
3108,1,School-Age Only,False,False,False,False,False,False,False,True,60,,,,,,,,,,,,,,,,,,,,
6171,1,Child Care Center,True,True,False,True,True,True,True,True,84,,,,,,,,,National Association for the Education of Young Children (NAEYC),,Accredited Program,,,,,,,,,
165,1,Child Care Center,True,True,False,True,True,True,True,True,115,,,,,,,,,National Association for the Education of Young Children (NAEYC),,Accredited Program,,,,,,,,,
905,1,Child Care Center,True,True,False,True,True,True,True,True,98,,,,,,,,,National Association for the Education of Young Children (NAEYC),,Accredited Program,,,,,,,,,
6863,3,Child Care Center,True,True,False,True,True,True,True,True,88,,,,,,,,,National Association for the Education of Young Children (NAEYC),,Accredited Program,,,,,,,,,
5596,1,Child Care Center,True,True,False,True,True,True,True,True,103,,,,,,,,,National Association for the Education of Young Children (NAEYC),,Accredited Program,,,,,,,,,
1871,3,Child Care Center,True,True,False,True,True,True,True,True,150,,,,,,,,,,,,,,,,,,,,
3727,5,Child Care Center,True,True,False,True,True,True,True,True,74,,,,,,,,,,National Early Childhood Program Accreditation (NECPA),Accredited Program,,,,,,,Military Child Care in Your Neighborhood,,
6605,4,Family Child Care,False,False,True,True,True,True,True,True,8,,,,,,,,,,,,,,,,,,,,
3501,1,School-Age Only,False,False,False,False,False,False,False,True,,,,,,,,,,,,,,,,,,,,,
4764,1,Child Care Center,False,False,False,True,True,True,True,True,63,,,,,,,,,,,,,,,,,,,,
4948,1,Child Care Center,True,True,False,True,True,True,True,True,96,,,,,,,,,,,,,,,,,,,,
4941,5,Public Prekindergarten,,,,,,,,,,,,,,,Maryland Accreditation,,,,,Accredited Program,,,,,,,,,
5610,3,School-Age Only,False,False,False,False,False,False,False,True,45,,,,,,,,,,,,,,,,Health and Wellness,,,,
4724,1,Family Child Care,False,False,True,True,True,True,True,True,8,,,,,,,,,,,,,,,,,,,,
5205,1,Family Child Care,False,False,True,True,True,True,True,True,7,,,,,,,,,,,,,,,,,,,,
5115,1,Family Child Care,False,False,True,True,True,True,True,True,8,,,,,,,,,,,,,,,,,,,,
6736,5,Family Child Care,False,False,True,True,True,True,True,True,8,,,,,,,,,,,Accredited Program,,,,,,,,,
366,1,Child Care Center,True,True,False,True,True,True,True,False,129,,,,,,,,,,,,,,,,,,,,
5201,1,Family Child Care,False,False,True,True,True,True,True,False,8,,,,,,,,,,,,,,,,,,,,
77,1,Family Child Care,False,False,True,True,True,True,True,True,8,,,,,,,,,,,,,,,,,,,,
4227,1,Family Child Care,False,False,True,True,True,True,True,True,8,,,,,,,,,,,,,,,,,,,,
4292,1,Child Care Center,False,False,False,True,True,True,True,True,89,,,,,,,,,,,,,,,,,,,,
1137,3,Family Child Care,False,False,True,True,True,True,True,True,7,,,,,,,,,,,,,,,,,,,,
593,1,Family Child Care,False,False,True,True,True,True,True,False,8,,,,,,,,,,,,,,,,,,,,
1964,5,Public Prekindergarten,,,,,,,,,,,,,,,Maryland Accreditation,,,,,Accredited Program,,,,,,,,,
6004,1,Family Child Care,False,False,True,True,True,True,True,True,8,,,,,,,,,,,,,,,,,,,,
4271,3,Family Child Care,False,False,True,True,True,True,True,True,8,,,,,,,,,,,,,,,,,,,,
6886,1,Child Care Center,False,False,False,True,True,True,True,True,44,,,,,,,,,,,,,,,,,,,,
5054,1,Child Care Center,True,True,False,True,True,True,True,False,32,,,,,,,,,,,,,,,,,,,,
6743,1,Child Care Center,True,True,False,True,True,True,True,False,24,,,,,,,,,,,,,,,,,,,,
6083,1,Child Care Center,False,True,False,True,True,True,True,True,53,,,,,,,,,,,,,,,,,,,,
2968,4,Child Care Center,True,True,False,True,True,True,True,True,55,,,,,,,,,,,,,,,,,,,,
4444,5,Public Prekindergarten,,,,,,,,,,,,,,,Maryland Accreditation,,,,,Accredited Program,,,,,,,,,
2378,3,School-Age Only,False,False,False,False,False,False,False,True,30,,,,,,,,,,,,,,,,Health and Wellness,,,,
940,1,Family Child Care,False,False,True,True,True,True,True,True,8,,,,,,,,,,,,,,,,,,,,
4733,1,Family Child Care,False,False,True,True,True,True,True,True,8,,,,,,,,,,,,,,,,,,,,
3593,1,Family Child Care,False,False,True,True,True,True,True,True,6,,,,,,,,,,,,,,,,,,,,
4563,1,Child Care Center,False,False,False,True,True,True,True,False,34,,,,,,,,,,,,,,,,,,,,
3391,1,Family Child Care,False,False,True,True,True,True,True,True,8,,,,,,,,,,,,,,,,,,,,
495,1,Family Child Care,False,False,True,True,True,True,True,True,8,,,,,,,,,,,,,,,,,,,,
678,3,Family Child Care,False,False,True,True,True,True,True,True,8,,,,,,,,,,,,,,,,,,,,
6999,4,Family Child Care,False,False,True,True,True,True,True,False,5,,,,,,,,,,,,,,,,,,,Quality Business Practices,
1128,1,Family Child Care,False,False,True,True,True,True,True,True,8,,,,,,,,,,,,,,,,,,,,
6069,5,Public Prekindergarten,,,,,,,,,,,,,,,Maryland Accreditation,,,,,Accredited Program,,,,,,,,,
6017,3,School-Age Only,False,False,False,False,False,False,False,True,30,,,,,,,,,,,,,,,,Health and Wellness,,,,
5503,1,Family Child Care,False,False,True,True,True,True,True,True,8,,,,,,,,,,,,,,,,,,,,
6137,5,Public Prekindergarten,,,,,,,,,,,,,,,Maryland Accreditation,,,,,Accredited Program,,,,,,,,,
4696,3,School-Age Only,False,False,False,False,False,False,False,True,30,,,,,,,,,,,,,,,,Health and Wellness,,,,
2156,1,Family Child Care,,,,,,,,,,,,,,,,,,,,,,,,,,,,,
156,5,Public Prekindergarten,,,,,,,,,,,,,,,Maryland Accreditation,,,,,Accredited Program,,,,,,,,,
2656,3,School-Age Only,False,False,False,False,False,False,False,True,60,,,,,,,,,,,,,,,,Health and Wellness,,,,
897,5,Public Prekindergarten,,,,,,,,,,,,,,,Maryland Accreditation,,,,,Accredited Program,,,,,,,,,
5528,3,Family Child Care,False,False,True,True,True,True,True,True,6,,,,,,,,,,,,,,,,,,,,
5128,1,Family Child Care,False,False,True,True,True,True,True,True,8,,,,,,,,,,,,,,,,,,,,
1061,1,Family Child Care,False,False,True,True,True,True,True,True,8,,,,,,,,,,,,,,,,,,,,
2663,1,Family Child Care,False,False,True,True,True,True,True,True,8,,,,,,,,,,,,,,,,,,,,
1375,1,Family Child Care,False,False,True,True,True,True,True,True,8,,,,,,,,,,,,,,,,,,,,
5755,5,Public Prekindergarten,,,,,,,,,,,,,,,Maryland Accreditation,,,,,Accredited Program,,,,,,,,,
5810,1,School-Age Only,False,False,False,False,True,True,True,True,45,,,,,,,,,,,,,,,,,,,,
3636,1,School-Age Only,False,False,False,False,True,True,True,True,30,,,,,,,,,,,,,,,,,,,,
6773,5,Child Care Center,False,False,False,True,True,True,True,True,282,,,,,Cognia Early Learning Accreditation,,,,,,Accredited Program,,,,,,,Military Child Care in Your Neighborhood,,
6228,3,Child Care Center,False,True,False,True,True,True,True,True,194,,,Association Montessori International / USA (AMI/USA),,,,,,,,Accredited Program,Asthma & Allergy Friendly,,,,,,,,
3141,1,Family Child Care,False,False,True,True,True,True,True,True,8,,,,,,,,,,,,,,,,,,,,
4053,5,Public Prekindergarten,,,,,,,,,,,,,,,Maryland Accreditation,,,,,Accredited Program,,,,,,,,,
2036,3,School-Age Only,False,False,False,False,False,False,False,True,105,,,,,,,,,,,,,,,,Health and Wellness,,,,
2935,1,Family Child Care,False,False,True,True,True,True,True,True,8,,,,,,,,,,,,,,,,,,,,
6108,2,Child Care Center,True,True,False,True,True,True,True,True,75,,,,,,,,,,,,,,,,,,,,
3481,1,Child Care Center,False,False,False,True,True,True,True,True,20,,,,,,,,,,,,,,,,,,,,
4833,1,Family Child Care,False,False,True,True,True,True,True,True,8,,,,,,,,,,,,,,,,,,,,
2796,1,Family Child Care,False,False,True,True,True,True,True,True,6,,,,,,,,,,,,,,,,,,,,
1493,5,Public Prekindergarten,,,,,,,,,,,,,,,Maryland Accreditation,,,,,Accredited Program,,,,,,,,,
1572,1,School-Age Only,False,False,False,False,False,False,False,True,30,,,,,,,,,,,,,,,,,,,,
2594,3,School-Age Only,False,False,False,False,False,False,False,True,90,,,,,,,,,,,,,,,,Health and Wellness,,,,
5895,5,Public Prekindergarten,,,,,,,,,,,,,,,Maryland Accreditation,,,,,Accredited Program,,,,,,,,,
2654,3,School-Age Only,False,False,False,False,False,False,False,True,30,,,,,,,,,,,,,,,,Health and Wellness,,,,
397,5,Public Prekindergarten,,,,,,,,,,,,,,,Maryland Accreditation,,,,,Accredited Program,,,,,,,,,
1319,1,School-Age Only,False,False,False,False,False,False,False,True,60,,,,,,,,,,,,,,,,,,,,
4179,5,Public Prekindergarten,,,,,,,,,,,,,,,Maryland Accreditation,,,,,Accredited Program,,,,,,,,,
2040,1,Family Child Care,False,False,True,True,True,True,True,True,8,,,,,,,,,,,,,,,,,,,,
5751,5,Public Prekindergarten,,,,,,,,,,,,,,,Maryland Accreditation,,,,,Accredited Program,,,,,,,,,
3707,1,School-Age Only,False,False,False,False,False,False,False,True,30,,,,,,,,,,,,,,,,,,,,
2645,1,Child Care Center,True,True,False,True,True,True,True,True,98,,,,,,,,,,,,,,,,,,,,
6270,1,LOC,False,False,False,True,True,True,True,False,57,,,,,,,,,,,,,,,,,,,,
2675,5,Public Prekindergarten,,,,,,,,,,,,,,,Maryland Accreditation,,,,,Accredited Program,,,,,,,,,
3383,3,School-Age Only,False,False,False,False,False,False,False,True,45,,,,,,,,,,,,,,,,Health and Wellness,,,,
4130,1,Child Care Center,False,False,False,True,True,True,True,True,40,,,,,,,,,,,,,,,,,,,,
5078,5,Family Child Care,False,False,True,True,True,True,True,True,8,,,,,,,,National Association for Family Child Care (NAFCC),,,Accredited Program,,,,,,,,,
2065,1,Family Child Care,False,False,True,True,True,True,True,True,8,,,,,,,,,,,,,,,,,,,,
6424,3,Family Child Care,False,False,True,True,True,True,True,True,8,,,,,,,,,,,,,,,,,,,,
6166,1,Child Care Center,True,True,False,True,True,True,True,True,73,,,,,,,,,,,,,,,,,,,,
6765,1,Child Care Center,True,True,False,True,True,True,True,False,16,,,,,,,,,,,,,,,,,,,,
2631,1,LOC,False,False,False,True,True,True,True,False,83,,,,,,,,,,,,,,,,,,,,
203,1,Family Child Care,False,False,True,True,True,True,True,True,8,,,,,,,,,,,,,,,,,,,,
1357,5,Public Prekindergarten,,,,,,,,,,,,,,,Maryland Accreditation,,,,,Accredited Program,,,,,,,,,
3818,1,School-Age Only,False,False,False,False,False,False,False,True,60,,,,,,,,,,,,,,,,,,,,
6946,1,Child Care Center,True,True,False,True,True,True,True,True,99,,,,,,,,,,,,,,,,,,,,
845,5,Public Prekindergarten,,,,,,,,,,,,,,,Maryland Accreditation,,,,,Accredited Program,,,,,,,,,
1850,1,Child Care Center,True,True,False,True,True,True,True,False,144,,,,,,,,,,,,,,,,,,,,
2440,2,Child Care Center,True,True,False,True,True,True,True,True,160,,,,,Cognia Early Learning Accreditation,,,,,,Accredited Program,,,,,,,,,
3598,3,Family Child Care,False,False,True,True,True,True,True,True,8,,,,,,,,,,,,,,,,,,,,
423,3,Child Care Center,True,True,False,True,True,True,True,True,109,,,,,,,,,,,,,,,,,,,,
693,5,Public Prekindergarten,,,,,,,,,,,,,,,Maryland Accreditation,,,,,Accredited Program,,,,,,,,,
1896,3,School-Age Only,False,False,False,False,False,False,False,True,45,,,,,,,,,,,,,,,,Health and Wellness,,,,
2158,1,Family Child Care,False,False,True,True,True,True,True,True,8,,,,,,,,,,,,,,,,,,,,
824,1,Family Child Care,False,False,True,True,True,True,True,True,8,,,,,,,,,,,,,,,,,,,,
3625,5,Family Child Care,False,False,True,True,True,True,True,True,8,,,,,,,,,,,,,,,,Health and Wellness,,Military Child Care in Your Neighborhood,Quality Business Practices,
4572,1,Family Child Care,False,False,True,True,True,True,True,True,8,,,,,,,,,,,,,,,,,,,,
260,5,Public Prekindergarten,,,,,,,,,,,,,,,Maryland Accreditation,,,,,Accredited Program,,,,,,,,,
847,5,Public Prekindergarten,,,,,,,,,,,,,,,Maryland Accreditation,,,,,Accredited Program,,,,,,,,,
5409,1,School-Age Only,False,False,False,False,False,False,False,True,45,,,,,,,,,,,,,,,,,,,,
6685,3,Child Care Center,False,False,False,True,True,True,True,True,100,,,,,,,,,,,,,,,,,,,,
6569,5,Public Prekindergarten,,,,,,,,,,,,,,,Maryland Accreditation,,,,,Accredited Program,,,,,,,,,
6413,5,Public Prekindergarten,,,,,,,,,,,,,,,Maryland Accreditation,,,,,Accredited Program,,,,,,,,,
1010,1,School-Age Only,False,False,False,False,False,False,False,True,30,,,,,,,,,,,,,,,,,,,,
4382,1,Family Child Care,False,False,True,True,True,True,True,True,7,,,,,,,,,,,,,,,,,,,,
1769,5,Public Prekindergarten,,,,,,,,,,,,,,,Maryland Accreditation,,,,,Accredited Program,,,,,,,,,
1860,1,Family Child Care,False,False,True,True,True,True,True,True,8,,,,,,,,,,,,,,,,,,,,
5276,1,Family Child Care,False,False,True,True,True,True,True,True,8,,,,,,,,,,,,,,,,,,,,
1663,5,Family Child Care,False,False,True,True,True,True,True,True,8,,,,,,,,National Association for Family Child Care (NAFCC),,,Accredited Program,,,,,,,,,
5516,1,Family Child Care,False,False,True,True,True,True,True,True,7,,,,,,,,,,,,,,,,,,,,
2983,5,Public Prekindergarten,,,,,,,,,,,,,,,Maryland Accreditation,,,,,Accredited Program,,,,,,,,,
4170,1,School-Age Only,False,False,False,False,False,False,False,True,30,,,,,,,,,,,,,,,,,,,,
5713,5,Public Prekindergarten,,,,,,,,,,,,,,,Maryland Accreditation,,,,,Accredited Program,,,,,,,,,
4368,3,School-Age Only,False,False,False,False,False,False,False,True,60,,,,,,,,,,,,,,,,Health and Wellness,,,,
5699,2,Child Care Center,True,True,False,True,True,True,True,True,101,,,,,,,,,,,,,,,,,,Military Child Care in Your Neighborhood,,
4830,5,Public Prekindergarten,,,,,,,,,,,,,,,Maryland Accreditation,,,,,Accredited Program,,,,,,,,,
2888,3,School-Age Only,False,False,False,False,False,False,False,True,75,,,,,,,,,,,,,,,,Health and Wellness,,,,
5872,2,LOC,False,False,False,True,True,True,True,True,65,,,,,,,,,,,,,,,,,,,,
6461,5,Public Prekindergarten,,,,,,,,,,,,,,,Maryland Accreditation,,,,,Accredited Program,,,,,,,,,
3347,3,School-Age Only,False,False,False,False,False,False,False,True,30,,,,,,,,,,,,,,,,Health and Wellness,,,,
5947,3,Family Child Care,False,False,True,True,True,True,True,True,8,,,,,,,,,,,,,,,,,,,,
91,1,Family Child Care,,,,,,,,,,,,,,,,,,,,,,,,,,,,,
2625,2,Family Child Care,False,False,True,True,True,True,True,True,8,,,,,,,,,,,,,,,,,,,,
5251,1,Family Child Care,False,False,True,True,True,True,True,True,6,,,,,,,,,,,,,,,,,,,,
1169,1,Family Child Care,False,False,True,True,True,True,True,True,7,,,,,,,,,,,,,,,,,,,,
6557,1,Family Child Care,False,False,True,True,True,True,True,True,7,,,,,,,,,,,,,,,,,,,,
6793,5,Public Prekindergarten,,,,,,,,,,,,,,,Maryland Accreditation,,,,,Accredited Program,,,,,,,,,
4896,1,Family Child Care,False,False,True,True,True,True,True,True,8,,,,,,,,,,,,,,,,,,,,
3774,1,Child Care Center,False,False,False,False,True,True,True,True,116,,,,,,,,,,,,,,,,,,,,
5714,3,Family Child Care,False,False,True,True,True,True,True,True,8,,,,,,,,,,,,,,,,,,,,
5245,5,Public Prekindergarten,,,,,,,,,,,,,,,Maryland Accreditation,,,,,Accredited Program,,,,,,,,,
4775,3,School-Age Only,False,False,False,False,False,False,False,True,75,,,,,,,,,,,,,,,,Health and Wellness,,,,
1401,5,Family Child Care,False,False,True,True,True,True,True,True,8,,,,,,,,National Association for Family Child Care (NAFCC),,,Accredited Program,,,,,Health and Wellness,,,,
6008,1,Child Care Center,False,False,False,True,True,True,True,False,30,,,,,,,,,,,,,,,,,,,,
6911,3,School-Age Only,False,False,False,False,False,False,False,True,75,,,,,,,,,,,,,,,,Health and Wellness,,,,
544,5,Public Prekindergarten,,,,,,,,,,,,,,,Maryland Accreditation,,,,,Accredited Program,,,,,,,,,
1182,1,LOC,False,False,False,True,True,True,True,False,59,,,,,,,,,,,,,,,,,,,,
5126,1,LOC,False,False,False,True,True,True,True,False,101,,,,,,,,,,,,,,,,,,,,
1304,3,LOC,False,False,False,True,True,True,True,True,196,,,,,,,,,,,,,,,,,,,,
3201,1,LOC,False,False,False,False,False,True,True,True,61,,,,,,,,,,,,,,,,,,,,
400,1,Child Care Center,False,False,False,False,False,True,True,True,76,,,,,,,,,,,,,,,,,,,,
6835,5,LOC,False,False,False,True,True,True,True,True,70,,,,,,,,,National Association for the Education of Young Children (NAEYC),,Accredited Program,,,,,Health and Wellness,,,,
33,1,Family Child Care,False,False,True,True,True,True,True,True,8,,,,,,,,,,,,,,,,,,,,
3877,4,Family Child Care,False,False,True,True,True,True,True,True,7,,,,,,,,,,,,,,,,,,,,
5398,2,Family Child Care,False,False,True,True,True,True,True,True,8,,,,,,,,,,,,,,,,,,,,
1417,1,Child Care Center,True,True,False,True,True,True,True,True,51,,,,,,,,,,,,,,,,,,,,
4817,1,Family Child Care,False,False,True,True,True,True,True,True,8,,,,,,,,,,,,,,,,,,,,
4283,3,Child Care Center,False,True,False,True,True,True,True,False,20,,,,,,,,,,,,,,,,,,,,
1929,5,Public Prekindergarten,,,,,,,,,,,,,,,Maryland Accreditation,,,,,Accredited Program,,,,,,,,,
1969,1,School-Age Only,False,False,False,False,False,False,False,True,45,,,,,,,,,,,,,,,,,,,,
3403,1,School-Age Only,False,False,False,False,False,True,True,True,70,,,,,,,,,,,,,,,,,,,,
810,1,School-Age Only,False,False,False,False,False,False,False,True,45,,,,,,,,,,,,,,,,,,,,
2545,1,School-Age Only,False,False,False,False,False,False,False,True,45,,,,,,,,,,,,,,,,,,,,
4128,1,School-Age Only,False,False,False,False,False,False,False,True,60,,,,,,,,,,,,,,,,,,,,
4137,2,Family Child Care,False,False,True,True,True,True,True,True,8,,,,,,,,,,,,,,,,,,,,
383,1,Family Child Care,False,False,True,True,True,True,True,True,7,,,,,,,,,,,,,,,,,,,,
3458,1,Family Child Care,False,False,True,True,True,True,True,True,8,,,,,,,,,,,,,,,,,,,,
1228,1,Family Child Care,False,False,True,True,True,True,True,True,8,,,,,,,,,,,,,,,,,,,,
4994,1,Family Child Care,False,False,True,True,True,True,True,True,8,,,,,,,,,,,,,,,,,,,,
3607,2,Large Family Child Care,False,False,True,True,True,True,True,True,10,,,,,,,,,,,,,,,,,,Military Child Care in Your Neighborhood,,
3410,1,Family Child Care,False,False,True,True,True,True,True,False,8,,,,,,,,,,,,,,,,,,,,
6225,2,Child Care Center,True,True,False,True,True,True,True,True,49,,,,,,,,,,,,,,,,,,,,
402,1,Child Care Center,,,,,,,,,,,,,,,,,,,,,,,,,,,,,
3532,5,Child Care Center,True,True,False,True,True,True,True,True,131,,,,,,Maryland Accreditation,,,,,Accredited Program,,,,,,,,,
3561,5,Child Care Center,True,True,False,True,True,True,True,True,202,,,,,,Maryland Accreditation,,,,,Accredited Program,,,,,,,,,
6164,5,Child Care Center,True,True,False,True,True,True,True,True,187,,,,,,,,,,,,,,,,,,Military Child Care in Your Neighborhood,,
1452,5,Child Care Center,True,True,False,True,True,True,True,True,179,,,,,Cognia Early Learning Accreditation,,,,,,Accredited Program,,,,,,,,,
1427,5,Child Care Center,True,True,False,True,True,True,True,True,264,,,,,,Maryland Accreditation,,,,,Accredited Program,,,,,,,,,
6734,5,Child Care Center,True,True,False,True,True,True,True,True,166,,,,,,Maryland Accreditation,,,,,Accredited Program,,,,,,,,,
4364,5,Child Care Center,True,True,False,True,True,True,True,False,157,,,,,,Maryland Accreditation,,,,,Accredited Program,,,,,,,,,
6599,1,Child Care Center,True,True,False,True,True,True,True,True,219,,,,,Cognia Early Learning Accreditation,,,,,,Accredited Program,,,,,,,,,
6032,1,Child Care Center,False,True,False,True,True,True,True,False,57,,,,,,,,,,,,,,,,,,,,
3792,1,Child Care Center,True,True,False,True,True,True,True,True,57,,,,,,,,,,,,,,,,,,,,
4023,1,Child Care Center,True,True,False,True,True,True,True,True,168,,,,,,,,,,,,,,,,,,,,
1502,3,Child Care Center,True,True,False,True,True,True,True,True,152,,,,,,,,,,National Early Childhood Program Accreditation (NECPA),Accredited Program,,,,,,,,,
2771,1,Family Child Care,False,False,True,True,True,True,True,True,8,,,,,,,,,,,,,,,,,,,,
6283,1,Family Child Care,False,False,True,True,True,True,True,True,8,,,,,,,,,,,,,,,,,,,,
4759,1,Family Child Care,False,False,True,True,True,True,True,True,8,,,,,,,,,,,,,,,,,,,,
6535,1,Family Child Care,False,False,True,True,True,True,True,True,8,,,,,,,,,,,,,,,,,,,,
2442,3,Family Child Care,False,False,True,True,True,True,True,True,8,,,,,,,,,,,,,,,,,,,,
270,5,Public Prekindergarten,,,,,,,,,,,,,,,Maryland Accreditation,,,,,Accredited Program,,,,,,,,,
527,3,School-Age Only,False,False,False,False,False,False,False,True,45,,,,,,,,,,,,,,,,Health and Wellness,,,,
6938,5,Public Prekindergarten,,,,,,,,,,,,,,,Maryland Accreditation,,,,,Accredited Program,,,,,,,,,
960,1,School-Age Only,False,False,False,False,False,False,False,True,45,,,,,,,,,,,,,,,,,,,,
4963,5,Public Prekindergarten,,,,,,,,,,,,,,,Maryland Accreditation,,,,,Accredited Program,,,,,,,,,
3237,1,Family Child Care,False,False,True,True,True,True,True,True,8,,,,,,,,,,,,,,,,,,,,
3362,5,Public Prekindergarten,,,,,,,,,,,,,,,Maryland Accreditation,,,,,Accredited Program,,,,,,,,,
531,1,Child Care Center,True,True,False,True,True,True,True,True,,,,,,,,,,,,,,,,,,,,,
2341,5,Public Prekindergarten,,,,,,,,,,,,,,,Maryland Accreditation,,,,,Accredited Program,,,,,,,,,
6078,1,School-Age Only,False,False,False,False,False,False,False,True,15,,,,,,,,,,,,,,,,,,,,
639,1,Family Child Care,False,False,True,True,True,True,True,True,8,,,,,,,,,,,,,,,,,,,,
5263,4,Child Care Center,True,True,False,True,True,True,True,True,52,,,,,,,,,,,,,Cultural and Linguistic Competency,,,Health and Wellness,,Military Child Care in Your Neighborhood,,
346,5,Public Prekindergarten,,,,,,,,,,,,,,,Maryland Accreditation,,,,,Accredited Program,,,,,,,,,
328,3,School-Age Only,False,False,False,False,False,False,False,True,60,,,,,,,,,,,,,,,,Health and Wellness,,,,
1782,5,Child Care Center,False,True,False,True,True,True,True,True,56,,,,,,Maryland Accreditation,,,,,Accredited Program,,,,,Health and Wellness,,Military Child Care in Your Neighborhood,Quality Business Practices,
5932,5,Family Child Care,False,False,True,True,True,True,True,True,8,,,,,,,,,,,Accredited Program,,,,,,,,Quality Business Practices,
3899,3,Child Care Center,False,False,False,True,True,True,True,True,40,,,,,,,,,,,,,,,,,,,,
746,1,School-Age Only,False,False,False,False,False,False,False,True,45,,,,,,,,,,,,,,,,,,,,
4427,5,Public Prekindergarten,,,,,,,,,,,,,,,Maryland Accreditation,,,,,Accredited Program,,,,,,,,,
5944,1,Family Child Care,False,False,True,True,True,True,True,True,8,,,,,,,,,,,,,,,,,,,,
971,5,Public Prekindergarten,,,,,,,,,,,,,,,Maryland Accreditation,,,,,Accredited Program,,,,,,,,,
5002,5,Child Care Center,False,False,False,True,True,True,True,True,109,,,,,,Maryland Accreditation,,,,,Accredited Program,Asthma & Allergy Friendly,,,,Health and Wellness,,,Quality Business Practices,
6457,5,Public Prekindergarten,,,,,,,,,,,,,,,Maryland Accreditation,,,,,Accredited Program,,,,,,,,,
2525,1,School-Age Only,False,False,False,False,False,False,False,True,,,,,,,,,,,,,,,,,,,,,
6383,2,Child Care Center,False,False,False,True,True,True,True,True,51,,,,,,,,,,,,,,,,,,,,
6687,3,Child Care Center,False,False,False,False,True,True,True,False,40,,,,,,,,,,,,,,,,,,,,
5171,3,Child Care Center,True,True,False,True,True,True,True,True,58,,,,,,,,,,,,,,,,,,,,
178,1,Family Child Care,False,False,True,True,True,True,True,True,8,,,,,,,,,,,,,,,,,,,,
5223,1,School-Age Only,False,False,False,False,True,True,True,True,,,,,,,,,,,,,,,,,,,,,
4694,1,School-Age Only,False,False,False,False,True,True,True,True,30,,,,,,,,,,,,,,,,,,,,
2644,1,School-Age Only,False,False,False,False,True,True,True,True,60,,,,,,,,,,,,,,,,,,,,
2194,1,School-Age Only,False,False,False,False,True,True,True,True,45,,,,,,,,,,,,,,,,,,,,
4792,1,School-Age Only,False,False,False,False,True,True,True,True,45,,,,,,,,,,,,,,,,,,,,
3380,1,School-Age Only,False,False,False,False,True,True,True,True,60,,,,,,,,,,,,,,,,,,,,
1171,1,School-Age Only,False,False,False,False,True,True,True,True,30,,,,,,,,,,,,,,,,,,,,
6630,1,School-Age Only,False,False,False,False,True,True,True,True,45,,,,,,,,,,,,,,,,,,,,
3368,1,School-Age Only,False,False,False,False,True,True,True,True,30,,,,,,,,,,,,,,,,,,,,
3030,2,School-Age Only,False,False,False,False,True,True,True,True,45,,,,,,,,,,,,,,,,,,,,
7105,1,School-Age Only,False,False,False,False,True,True,True,True,40,,,,,,,,,,,,,,,,,,,,
7036,1,School-Age Only,False,False,False,False,True,True,True,True,75,,,,,,,,,,,,,,,,,,,,
2319,1,School-Age Only,False,False,False,False,True,True,True,True,60,,,,,,,,,,,,,,,,,,,,
2196,1,Child Care Center,False,False,False,True,True,True,True,True,63,,,,,,,,,,,,,,,,,,,,
3934,3,School-Age Only,False,False,False,False,True,True,True,True,90,,,,,,,,,,,,,,,,,,,,
1088,1,Child Care Center,False,False,False,True,True,True,True,True,15,,,,,,,,,,,,,,,,,,,,
4968,3,Child Care Center,True,True,False,True,True,True,True,True,34,,,,,,,,,,,,,,,,,,,,
6705,3,School-Age Only,False,False,False,False,True,True,True,True,43,,,,,,,,,,,,,,,,,,,,
1205,1,School-Age Only,False,False,False,False,False,True,True,True,30,,,,,,,,,,,,,,,,,,,,
6905,1,School-Age Only,False,False,False,False,False,False,False,True,29,,,,,,,,,,,,,,,,,,,,
2786,2,Family Child Care,False,False,True,True,True,True,True,True,8,,,,,,,,,,,,,,,,,,,,
1244,1,Family Child Care,False,False,True,True,True,True,True,True,8,,,,,,,,,,,,,,,,,,,,
2062,1,Family Child Care,False,False,True,True,True,True,True,True,8,,,,,,,,,,,,,,,,,,,,
3800,5,Child Care Center,False,False,False,True,True,True,True,True,29,,,,,,,,,,National Early Childhood Program Accreditation (NECPA),Accredited Program,,,,,,,,,
1437,5,Family Child Care,False,False,True,True,True,True,True,True,8,,,,,,,,National Association for Family Child Care (NAFCC),,,Accredited Program,,,,,,,,,
2452,3,Child Care Center,True,True,False,True,True,True,True,True,93,,,,,,,,,,,,,,,,,,,,
577,1,Child Care Center,True,True,False,True,True,True,True,True,82,,,,,,,,,,,,,,,,,,,,
4757,2,Child Care Center,False,False,False,False,True,True,True,True,,,,,,,,,,,,,,,,,,,,,
1990,1,Child Care Center,True,True,False,True,True,True,True,True,81,,,,,,,,,,,,,,,,,,,,
1844,4,LOC,False,False,False,True,True,True,True,True,133,,,,,,,,,,,,,,,,,,,,
623,4,Family Child Care,False,False,True,True,True,True,True,True,8,,,,,,,,,,,,,,,,,,,,
2580,1,Family Child Care,False,False,True,True,True,True,True,True,8,,,,,,,,,,,,,,,,,,,,
365,1,School-Age Only,False,False,False,False,False,False,False,True,120,,,,,,,,,,,,,,,,,,,,
5305,1,Large Family Child Care,False,False,True,True,True,True,True,True,12,,,,,,,,,,,,,,,,,,,,
6262,1,Family Child Care,False,False,True,True,True,True,True,True,8,,,,,,,,,,,,,,,,,,,,
6774,2,Family Child Care,False,False,True,True,True,True,True,True,8,,,,,,,,,,,,,,,,,,,,
4344,3,Large Family Child Care,False,False,True,True,True,True,True,False,12,,,,,,,,,,,,,,,,,,Military Child Care in Your Neighborhood,,
1113,5,Family Child Care,False,False,True,True,True,True,True,True,8,,,,,,,,National Association for Family Child Care (NAFCC),,,Accredited Program,,,,,,,,,
79,1,Family Child Care,False,False,True,True,True,True,True,True,6,,,,,,,,,,,,,,,,,,,,
5954,1,Family Child Care,False,False,True,True,True,True,True,True,8,,,,,,,,,,,,,,,,,,,,
3027,3,Family Child Care,False,False,True,True,True,True,True,True,8,,,,,,,,,,,,,,,,,,,,
2438,1,Family Child Care,False,False,True,True,True,True,True,True,8,,,,,,,,,,,,,,,,,,,,
4135,1,Family Child Care,False,False,True,True,True,True,True,True,,,,,,,,,,,,,,,,,,,,,
6474,1,Family Child Care,False,False,True,True,True,True,True,True,8,,,,,,,,,,,,,,,,,,,,
6534,1,Family Child Care,False,False,True,True,True,True,True,True,8,,,,,,,,,,,,,,,,,,,,
204,1,Family Child Care,False,False,True,True,True,True,True,True,8,,,,,,,,,,,,,,,,,,,,
6033,3,Family Child Care,False,False,True,True,True,True,True,True,8,,,,,,,,,,,,,,,,,,,,
4335,2,Family Child Care,,,,,,,,,,,,,,,,,,,,,,,,,,,,,
2877,2,Child Care Center,True,True,False,True,True,True,True,True,101,,,,,,,,,,,,,,,,,,,,
1530,1,Family Child Care,False,False,True,True,True,True,True,True,8,,,,,,,,,,,,,,,,,,,,
1625,1,Family Child Care,False,False,True,True,True,True,True,True,7,,,,,,,,,,,,,,,,,,,,
5363,1,Child Care Center,True,True,False,True,True,True,True,False,18,,,,,,,,,,,,,,,,,,,,
4981,3,Family Child Care,False,False,True,True,True,True,True,True,6,,,,,,,,,,,,,,,,,,,,
3202,1,Family Child Care,False,False,True,True,True,True,True,True,7,,,,,,,,,,,,,,,,,,,,
5404,3,Family Child Care,False,False,True,True,True,True,True,False,7,,,,,,,,,,,,,,,,,,,,
6030,1,Family Child Care,False,False,True,True,True,True,True,True,7,,,,,,,,,,,,,,,,,,,,
474,1,Family Child Care,False,False,True,True,True,True,True,True,8,,,,,,,,,,,,,,,,,,,,
4012,1,Family Child Care,False,False,True,True,True,True,True,True,8,,,,,,,,,,,,,,,,,,,,
7102,1,Family Child Care,False,False,True,True,True,True,True,True,5,,,,,,,,,,,,,,,,,,,,
1632,1,Family Child Care,False,False,True,True,True,True,True,True,8,,,,,,,,,,,,,,,,,,,,
3962,1,Child Care Center,False,False,False,False,True,True,True,False,126,,,,,,,,,,,,,,,,,,,,
6674,1,Child Care Center,True,True,False,True,True,True,True,True,95,,,,,,,,,,,,,,,,,,,,
6871,2,Child Care Center,True,True,False,True,True,True,True,True,51,,,,,,,,,,,,,,,,,,,,
1366,5,Large Family Child Care,False,False,True,True,True,True,True,True,12,,,,,,,,National Association for Family Child Care (NAFCC),,,Accredited Program,,,,,,Judy Center,Military Child Care in Your Neighborhood,,
2467,4,Child Care Center,True,True,False,True,True,True,True,True,18,,,,,,,,,,,,,,,,,,,,
6926,1,Family Child Care,False,False,True,True,True,True,True,True,7,,,,,,,,,,,,,,,,,,,,
6389,2,Family Child Care,False,False,True,True,True,True,True,True,6,,,,,,,,,,,,,,,,,,,,
3381,5,Public Prekindergarten,,,,,,,,,,,,,,,Maryland Accreditation,,,,,Accredited Program,,,,,,,,,
3515,2,Family Child Care,False,False,True,True,True,True,True,True,8,,,,,,,,,,,,,,,,,,,,
1628,1,Child Care Center,True,True,False,True,True,True,True,True,91,,,,,,,,,,,,,,,,,,,,
5464,5,LOC,False,False,False,False,True,True,True,True,193,,,,,,Maryland Accreditation,,,,,Accredited Program,,,,,,,,,
121,1,Child Care Center,,,,,,,,,,,,,,,,,,,,,,,,,,,,,
4213,1,Child Care Center,True,True,False,True,True,True,True,True,61,,,,,,,,,,,,,,,,,,,,
4398,3,Child Care Center,True,True,False,True,True,True,True,True,36,,,,,,,,,,,,,,,,,,,,
3751,4,Child Care Center,True,True,False,True,True,True,True,True,51,,,,,,,,,,,,,,,,,,,,
421,3,Family Child Care,False,False,True,True,True,True,True,True,8,,,,,,,,,,,,,,,,,,,,
4386,3,Family Child Care,False,False,True,True,True,True,True,True,7,,,,,,,,,,,,,,,,,,,,
5271,2,Family Child Care,False,False,True,True,True,True,True,True,8,,,,,,,,,,,,,,,,,,,,
6820,5,Family Child Care,False,False,True,True,True,True,True,True,8,,,,,,,,National Association for Family Child Care (NAFCC),,,Accredited Program,,,,,,,,,
5869,4,Child Care Center,False,False,False,True,True,True,True,True,52,,,,,,,,,,,,,,,,,,,,
1856,4,Child Care Center,True,True,False,True,False,False,False,False,30,,,,,,,,,,,,,,,,,,,,
5091,5,Child Care Center,True,True,False,True,True,True,True,True,21,,,,,,Maryland Accreditation,,,,,Accredited Program,,,,,,,,,
5457,3,Child Care Center,True,True,False,True,True,True,True,True,57,,,,,,,,,,,,,,,,Health and Wellness,,,,
2037,3,Child Care Center,True,True,False,True,True,True,True,True,36,,,,,,,,,,,,,,,,,,,,
6147,1,Child Care Center,True,True,False,True,True,True,True,True,97,True,,,,,,,,,,,,,,,,,,,
3940,3,School-Age Only,False,False,False,False,False,False,False,True,20,,,,,,,,,,,,,,,,,,,,
6355,3,School-Age Only,False,False,False,False,False,False,False,True,30,,,,,,,,,,,,,,,,,,,,
667,3,School-Age Only,False,False,False,False,False,False,False,True,,,,,,,,,,,,,,,,,,,,,
4134,3,School-Age Only,False,False,False,False,False,False,False,True,60,,,,,,,,,,,,,,,,,,,,
285,3,School-Age Only,False,False,False,False,False,False,False,True,45,,,,,,,,,,,,,,,,,,,,
5103,3,School-Age Only,False,False,False,False,False,False,False,True,60,,,,,,,,,,,,,,,,,,,,
2121,3,School-Age Only,False,False,False,False,False,False,False,True,60,,,,,,,,,,,,,,,,,,,,
4248,3,School-Age Only,False,False,False,False,False,False,False,True,30,,,,,,,,,,,,,,,,,,,,
4667,3,School-Age Only,False,False,False,False,False,False,False,True,45,,,,,,,,,,,,,,,,,,,,
6869,3,School-Age Only,False,False,False,False,False,False,False,True,60,,,,,,,,,,,,,,,,,,,,
1282,3,School-Age Only,False,False,False,False,False,False,False,True,45,,,,,,,,,,,,,,,,,,,,
1126,3,School-Age Only,False,False,False,False,False,False,False,True,60,,,,,,,,,,,,,,,,,,,,
6408,3,School-Age Only,False,False,False,False,False,False,False,True,60,,,,,,,,,,,,,,,,,,,,
2225,3,School-Age Only,False,False,False,False,False,False,False,True,30,,,,,,,,,,,,,,,,,,,,
6046,3,School-Age Only,False,False,False,False,False,False,False,True,45,,,,,,,,,,,,,,,,,,,,
2576,3,School-Age Only,False,False,False,False,False,False,False,True,60,,,,,,,,,,,,,,,,,,,,
4762,3,School-Age Only,False,False,False,False,False,False,False,True,45,,,,,,,,,,,,,,,,,,,,
3408,3,School-Age Only,False,False,False,False,False,False,False,True,60,,,,,,,,,,,,,,,,,,,,
1765,3,School-Age Only,False,False,False,False,True,True,True,True,60,,,,,,,,,,,,,,,,,,,,
6219,3,School-Age Only,False,False,False,False,False,False,False,True,59,,,,,,,,,,,,,,,,,,,,
6927,1,School-Age Only,False,False,False,False,True,True,True,True,75,,,,,,,,,,,,,,,,,,,,
5433,3,School-Age Only,False,False,False,False,False,False,False,True,45,,,,,,,,,,,,,,,,,,,,
3136,3,School-Age Only,False,False,False,False,False,False,False,True,60,,,,,,,,,,,,,,,,,,,,
2670,3,School-Age Only,False,False,False,False,False,False,False,True,45,,,,,,,,,,,,,,,,,,,,
3666,3,School-Age Only,False,False,False,False,False,False,False,True,73,,,,,,,,,,,,,,,,,,,,
3991,3,School-Age Only,False,False,False,False,False,False,False,True,75,,,,,,,,,,,,,,,,,,,,
7066,3,School-Age Only,False,False,False,False,True,True,True,True,60,,,,,,,,,,,,,,,,,,,,
867,3,School-Age Only,False,False,False,False,False,False,False,True,60,,,,,,,,,,,,,,,,,,,,
6387,3,School-Age Only,False,False,False,False,True,True,True,True,60,,,,,,,,,,,,,,,,,,,,
851,3,School-Age Only,False,False,False,False,False,False,False,True,30,,,,,,,,,,,,,,,,,,,,
3163,3,School-Age Only,False,False,False,False,False,False,False,True,45,,,,,,,,,,,,,,,,,,,,
5861,3,School-Age Only,False,False,False,False,False,False,False,True,60,,,,,,,,,,,,,,,,,,,,
6426,3,School-Age Only,False,False,False,False,False,False,False,True,105,,,,,,,,,,,,,,,,,,,,
2666,3,School-Age Only,False,False,False,False,False,False,False,True,60,,,,,,,,,,,,,,,,,,,,
2799,3,School-Age Only,False,False,False,False,False,False,False,True,45,,,,,,,,,,,,,,,,,,,,
4127,2,Large Family Child Care,False,False,True,True,True,True,True,True,12,,,,,,,,,,,,,,,,,,,,
3673,1,Family Child Care,False,False,True,True,True,True,True,True,8,,,,,,,,,,,,,,,,,,,,
994,1,Family Child Care,False,False,True,True,True,True,True,True,8,,,,,,,,,,,,,,,,,,,,
4108,5,Child Care Center,True,True,False,True,True,True,True,False,65,,,,,,,,,,National Early Childhood Program Accreditation (NECPA),,,,,,,,,,
2911,1,Family Child Care,False,False,True,True,True,True,True,True,8,,,,,,,,,,,,,,,,,,,,
3966,5,Family Child Care,False,False,True,True,True,True,True,True,8,,,,,,,,National Association for Family Child Care (NAFCC),,,Accredited Program,,,,,,,,,
2526,1,Child Care Center,False,False,False,False,True,True,True,True,36,,,,,,,,,,,,,,,,,,,,
292,1,Child Care Center,True,True,False,True,True,True,True,True,132,,,,,,,,,,,,,,,,,,,,
1749,1,Child Care Center,True,True,False,True,True,True,True,True,147,,,,,,Maryland Accreditation,,,,,Accredited Program,,,,,,,,,
2132,1,Child Care Center,True,True,False,True,True,True,True,True,132,,,,,,Maryland Accreditation,,,,,Accredited Program,,,,,,,,,
5602,1,Child Care Center,True,True,False,True,True,True,True,True,139,,,,,,Maryland Accreditation,,,,,Accredited Program,,,,,,,,,
4699,4,Child Care Center,True,True,False,True,True,True,True,True,112,,,,,,,,,,,,,,,,,,,,
6527,1,Child Care Center,True,True,False,True,True,True,True,True,135,,,,,,,,,,,,,,,,,,,,
3984,1,Family Child Care,False,False,True,True,True,True,True,True,7,,,,,,,,,,,,,,,,,,,,
6678,1,Family Child Care,False,False,True,True,True,True,True,True,8,,,,,,,,,,,,,,,,,,,,
4321,2,Family Child Care,False,False,True,True,True,True,True,True,7,,,,,,,,,,,,,,,,,,,,
3192,5,Public Prekindergarten,,,,,,,,,,,,,,,Maryland Accreditation,,,,,Accredited Program,,,,,,,,,
6508,3,Family Child Care,False,False,True,True,True,True,True,True,8,,,,,,,,,,,,,,Eco-Friendly Program,,Health and Wellness,,,Quality Business Practices,
7018,1,Family Child Care,False,False,True,True,True,True,True,True,8,,,,,,,,,,,,,,,,,,,,
925,1,Family Child Care,False,False,True,True,True,True,True,True,8,,,,,,,,,,,,,,,,,,,,
3145,3,Family Child Care,False,False,True,True,True,True,True,True,8,,,,,,,,,,,,,,,,,,,,
6429,3,Family Child Care,False,False,True,True,True,True,True,True,8,,,,,,,,,,,,,,,,,,,,
4407,3,Child Care Center,True,True,False,True,True,True,True,True,55,,,,,,,,,,,,,,,,,,,,
6318,1,Child Care Center,True,True,False,True,True,True,True,True,20,,,,,,,,,,,,,,,,,,,,
1028,3,Child Care Center,True,True,False,True,True,True,True,True,95,,,,,,,,,,,,,,,,,,,,
4452,3,Child Care Center,True,True,False,True,True,True,True,True,162,,,,,,,,,,,,,,,,,,,,
2142,2,Family Child Care,,,,,,,,,,,,,,,,,,,,,,,,,,,,,
4877,1,Family Child Care,False,False,True,True,True,True,True,True,8,,,,,,,,,,,,,,,,,,,,
4081,1,Family Child Care,False,False,True,True,True,True,True,True,8,,,,,,,,,,,,,,,,,,,,
468,1,School-Age Only,False,False,False,False,False,False,False,True,30,,,,,,,,,,,,,,,,,,,,
3823,5,Public Prekindergarten,,,,,,,,,,,,,,,Maryland Accreditation,,,,,Accredited Program,,,,,,,,,
963,1,Family Child Care,False,False,True,True,True,True,True,True,8,,,,,,,,,,,,,,,,,,,,
5402,1,Family Child Care,False,False,True,True,True,True,True,True,7,,,,,,,,,,,,,,,,,,,,
3568,1,Family Child Care,False,False,True,True,True,True,True,True,6,,,,,,,,,,,,,,,,,,,,
2023,1,Child Care Center,False,False,False,True,True,True,True,True,60,,,,,,,,,,,,,,,,,,,,
6966,1,Child Care Center,True,True,False,True,True,True,True,True,57,,,,,,,,,,,,,,,,,,,,
3832,1,Family Child Care,False,False,True,True,True,True,True,True,8,,,,,,,,,,,,,,,,,,,,
835,3,Family Child Care,False,False,True,True,True,True,True,True,8,,,,,,,,,,,,,,,,,,,,
4965,1,Family Child Care,False,False,True,True,True,True,True,True,8,,,,,,,,,,,,,,,,,,,,
2445,1,Family Child Care,False,False,True,True,True,True,True,True,8,,,,,,,,,,,,,,,,,,,,
1536,1,Family Child Care,False,False,True,True,True,True,True,True,8,,,,,,,,,,,,,,,,,,,,
3020,1,Family Child Care,False,False,True,True,True,True,True,True,8,,,,,,,,,,,,,,,,,,,,
3840,1,Family Child Care,False,False,True,True,True,True,True,True,8,,,,,,,,,,,,,,,,,,,,
6279,3,Family Child Care,False,False,True,True,True,True,True,True,8,,,,,,,,,,,,,,,,,,,,
2502,1,Family Child Care,False,False,True,True,True,True,True,True,8,,,,,,,,,,,,,,,,,,,,
134,1,Family Child Care,False,False,True,True,True,True,True,True,8,,,,,,,,,,,,,,,,,,,,
6044,3,Family Child Care,False,False,True,True,True,True,True,True,8,,,,,,,,,,,,,,,,,,,,
2471,1,Family Child Care,False,False,True,True,True,True,True,True,8,,,,,,,,,,,,,,,,,,,,
2627,1,Family Child Care,False,False,True,True,True,True,True,True,8,,,,,,,,,,,,,,,,,,,,
4676,1,Large Family Child Care,False,False,True,True,True,True,True,True,12,,,,,,,,,,,,,,,,,,,,
4929,1,Family Child Care,False,False,True,True,True,True,True,True,,,,,,,,,,,,,,,,,,,,,
6021,2,Child Care Center,True,True,False,True,True,True,True,True,109,,,,,,,,,,,,,,,,,,,,
5202,1,Family Child Care,False,False,True,True,True,True,True,True,8,,,,,,,,,,,,,,,,,,,,
6496,4,Family Child Care,False,False,True,True,True,True,True,True,8,,,,,,,,,,,,,,,,,,,,
469,5,Family Child Care,False,False,True,True,True,True,True,True,8,,,,,,,,National Association for Family Child Care (NAFCC),,,Accredited Program,,,,,,,,,
6996,4,Family Child Care,False,False,True,True,True,True,True,True,8,,,,,,,,,,,,,,,,,,,,
2221,1,Family Child Care,False,False,True,True,True,True,True,True,8,,,,,,,,,,,,,,,,,,,,
2199,1,Family Child Care,False,False,True,True,True,True,True,True,8,,,,,,,,,,,,,,,,,,,,
3006,1,Family Child Care,False,False,True,True,True,True,True,True,7,,,,,,,,,,,,,,,,,,,,
2593,1,Family Child Care,False,False,True,True,True,True,True,True,7,,,,,,,,,,,,,,,,,,,,
4015,1,Family Child Care,False,False,True,True,True,True,True,True,8,,,,,,,,,,,,,,,,,,,,
5679,1,Family Child Care,False,False,True,True,True,True,True,True,8,,,,,,,,,,,,,,,,,,,,
1620,2,Child Care Center,True,True,False,True,True,True,True,True,174,,,,,,,,,,,,,,,,,,,,
4822,1,Family Child Care,False,False,True,True,True,True,True,True,8,,,,,,,,,,,,,,,,,,,,
6298,1,Family Child Care,False,False,True,True,True,True,True,True,,,,,,,,,,,,,,,,,,,,,
2534,5,Family Child Care,False,False,True,True,True,True,True,True,8,True,,,,,,,National Association for Family Child Care (NAFCC),,,Accredited Program,,,,,,,,Quality Business Practices,
1809,4,Child Care Center,True,True,False,True,True,True,True,False,52,,,,,,,,,,,,,,,,,,,,
580,1,Family Child Care,False,False,True,True,True,True,True,True,8,,,,,,,,,,,,,,,,,,,,
2944,1,Family Child Care,False,False,True,True,True,True,True,True,8,,,,,,,,,,,,,,,,,,,,
4432,5,Family Child Care,False,False,True,True,True,True,True,True,8,,,,,,,,National Association for Family Child Care (NAFCC),,,Accredited Program,,,,,,,,,
6495,1,Family Child Care,,,,,,,,,,,,,,,,,,,,,,,,,,,,,
6627,5,Family Child Care,False,False,True,True,True,True,True,True,8,,,,,,,,National Association for Family Child Care (NAFCC),,,Accredited Program,,Cultural and Linguistic Competency,,,,,,Quality Business Practices,
715,1,Child Care Center,True,True,False,True,True,True,True,False,75,,,,,,,,,,,,,,,,,,,,
5523,3,Child Care Center,True,True,False,True,True,True,True,True,85,,,,,,,,,,,,,,,,,,,,
1014,1,Child Care Center,False,False,False,False,True,True,True,False,70,,,,,,Maryland Accreditation,,,,,Accredited Program,,,,,,,,,
2672,1,Family Child Care,False,False,True,True,True,True,True,True,7,,,,,,,,,,,,,,,,,,,,
5933,5,Family Child Care,False,False,True,True,True,True,True,True,7,,,,,,,,National Association for Family Child Care (NAFCC),,,Accredited Program,,,,,,,Military Child Care in Your Neighborhood,Quality Business Practices,
6995,1,Family Child Care,False,False,True,True,True,True,True,True,8,,,,,,,,,,,,,,,,,,,,
4636,1,Family Child Care,False,False,True,True,True,True,True,True,7,,,,,,,,,,,,,,,,,,,,
4920,1,Family Child Care,False,False,False,True,True,True,True,True,5,,,,,,,,,,,,,,,,,,,,
1070,5,Large Family Child Care,False,False,True,True,True,True,True,True,12,,,,,,,,National Association for Family Child Care (NAFCC),,,Accredited Program,,,,,,,,,
1923,1,Child Care Center,True,True,False,True,True,True,True,False,129,,,,,,,,,,,,,,,,,,,,
5025,1,School-Age Only,False,False,False,False,False,False,False,True,45,,,,,,,,,,,,,,,,,,,,
3297,1,Child Care Center,False,False,False,True,True,True,True,False,28,,,,,,,,,,,,,,,,,,,,
3259,1,Child Care Center,True,True,False,True,True,True,True,False,65,,,,,,,,,,,,,,,,,,,,
968,1,Family Child Care,False,False,True,True,True,True,True,True,8,,,,,,,,,,,,,,,,,,,,
2848,1,Family Child Care,False,False,True,True,True,True,True,True,8,,,,,,,,,,,,,,,,,,,,
4972,1,Family Child Care,False,False,True,True,True,True,True,True,8,,,,,,,,,,,,,,,,,,,,
4834,5,Family Child Care,False,False,True,True,True,True,True,True,8,,,,,,,,National Association for Family Child Care (NAFCC),,,Accredited Program,,,,,,,,,
683,1,School-Age Only,False,False,False,False,False,False,False,True,30,,,,,,,,,,,,,,,,,,,,
523,3,Family Child Care,False,False,True,True,True,True,True,True,8,,,,,,,,,,,,,,,,,,,,
2632,1,Family Child Care,False,False,True,True,True,True,True,True,8,,,,,,,,,,,,,,,,,,,,
5104,1,Child Care Center,True,True,False,True,True,True,True,True,135,,,,,,,,,,,,,,,,,,,,
1946,5,Child Care Center,True,True,False,True,True,True,True,True,136,,,,,,,,,,National Early Childhood Program Accreditation (NECPA),Accredited Program,,,,,,,,,
2226,1,Child Care Center,True,True,False,True,True,True,True,True,29,,,,,,,,,,,,,,,,,,,,
4867,3,Family Child Care,False,False,True,True,True,True,True,True,6,,,,,,,,,,,,,,,,,,,,
2522,1,Family Child Care,False,False,True,True,True,True,True,True,8,,,,,,,,,,,,,,,,,,,,
969,1,Family Child Care,False,False,True,True,True,True,True,True,8,,,,,,,,,,,,,,,,,,,,
2231,3,Family Child Care,False,False,True,True,True,True,True,True,8,,,,,,,,,,,,,,Eco-Friendly Program,,,,,,
819,3,Family Child Care,False,False,True,True,True,True,True,True,8,,,,,,,,,,,,,,,,,,,,
3661,1,Child Care Center,True,True,False,True,True,True,True,True,29,,,,,,,,,,,,,,,,,,,,
4615,1,School-Age Only,False,False,False,False,True,True,True,True,,,,,,,,,,,,,,,,,,,,,
4899,1,Child Care Center,True,True,False,True,True,True,True,True,73,,,,,,,,,,,,,,,,,,,,
4057,1,Family Child Care,False,False,True,True,True,True,True,True,8,,,,,,,,,,,,,,,,,,,,
245,1,Family Child Care,False,False,True,True,True,True,True,True,8,,,,,,,,,,,,,,,,,,,,
1960,4,Family Child Care,False,False,True,True,True,True,True,True,8,,,,,,,,,,,,,,,,,,,,
1771,3,School-Age Only,True,True,False,True,True,True,True,True,20,,,,,,,,,,,,,,,,,,,,
4960,1,Family Child Care,False,False,True,True,True,True,True,True,8,,,,,,,,,,,,,,,,,,,,
7101,4,Family Child Care,False,False,True,True,True,True,True,True,6,,,,,,,,,,,,,,,,,,,,
1177,2,Child Care Center,True,True,False,True,True,True,True,True,49,,,,,,,,,,,,,,,,,,,,
3454,3,Child Care Center,True,True,False,True,True,True,True,True,117,,,,,,,,,,,,,,,,,,,,
3334,3,Child Care Center,True,True,False,True,True,True,True,True,92,,,,,,,,,,,,,,,,,,,,
6562,1,Family Child Care,False,False,True,True,True,True,True,True,8,,,,,,,,,,,,,,,,,,,,
1474,5,Family Child Care,False,False,False,True,True,True,True,True,8,,,,,,,,National Association for Family Child Care (NAFCC),,,Accredited Program,,,,,,,,,
4850,3,Child Care Center,True,True,False,True,True,True,True,True,153,,,,,,,,,,,,,,,,,,,,
3669,1,Child Care Center,False,False,False,True,True,True,True,True,164,,,,,,Maryland Accreditation,,,,,Accredited Program,,,,,,,,,
1655,3,Child Care Center,True,True,False,True,True,True,True,True,53,,,,,,,,,,,,,,,,,,,,
5670,3,Child Care Center,True,True,False,True,True,True,True,True,90,,,,,,,,,,,,,,,,,,,,
6531,1,Child Care Center,False,False,False,False,True,True,True,True,20,,,,,,,,,,,,,,,,,,,,
2227,1,School-Age Only,False,False,False,False,False,False,False,True,30,,,,,,,,,,,,,,,,,,,,
30,1,Child Care Center,False,True,False,True,True,True,True,True,241,,American Montessori Society (AMS),,,,,,,,,Accredited Program,,,,,,,,,
4013,1,Family Child Care,False,False,True,True,True,True,True,True,,,,,,,,,,,,,,,,,,,,,
920,1,Family Child Care,False,False,False,True,True,True,True,True,8,,,,,,,,,,,,,,,,,,,,
3975,3,Child Care Center,True,True,False,True,True,True,True,True,19,,,,,,,,,,,,,,,,,,,,
2223,1,School-Age Only,False,False,False,False,False,True,True,True,30,,,,,,,,,,,,,,,,,,,,
4475,5,Public Prekindergarten,,,,,,,,,,,,,,,,,,,,Accredited Program,,,,,,,,,
1872,2,Child Care Center,False,False,False,True,True,True,True,True,52,,,,,,,,,,,,,,,,,,,,
2162,1,Family Child Care,False,False,True,True,True,True,True,True,8,,,,,,,,,,,,,,,,,,,,
5075,1,Child Care Center,True,True,False,True,True,True,True,False,39,,,,,,,,,,,,,,,,,,,,
4380,5,Child Care Center,False,False,False,True,True,True,True,True,142,,,,,,Maryland Accreditation,,,,,Accredited Program,,,,,,,,,
4683,5,Public Prekindergarten,,,,,,,,,,,,,,,Maryland Accreditation,,,,,Accredited Program,,,,,,,,,
3102,1,Child Care Center,True,True,False,True,True,True,True,True,61,,,,,,,,,,,,,,,,,,,,
309,1,Family Child Care,False,False,True,True,True,True,True,True,8,,,,,,,,,,,,,,,,,,,,
4466,1,LOC,False,False,False,True,True,True,True,False,40,,,,,,,,,,,,,,,,,,,,
338,1,Family Child Care,False,False,True,True,True,True,True,True,8,,,,,,,,,,,,,,,,,,,,
3630,5,LOC,False,False,False,False,True,True,True,True,200,,,,,,Maryland Accreditation,,,,,Accredited Program,,,,,,,,,
2969,1,School-Age Only,False,False,False,False,False,False,False,True,81,,,,,,,,,,,,,,,,,,,,
5743,1,Family Child Care,False,False,True,True,True,True,True,True,8,,,,,,,,,,,,,,,,,,,,
2180,3,Child Care Center,True,True,False,True,True,True,True,True,98,,,,,,,,,,,,,,,,,,,,
1945,1,Family Child Care,False,False,True,True,True,True,True,True,8,,,,,,,,,,,,,,,,,,,,
3762,3,Child Care Center,False,False,False,False,True,True,True,True,29,,,,,,,,,National Association for the Education of Young Children (NAEYC),,Accredited Program,,,,,,,,,
3234,1,Family Child Care,False,False,True,True,True,True,True,False,5,,,,,,,,,,,,,,,,,,,,
1686,2,Large Family Child Care,False,False,True,True,True,True,True,True,12,,,,,,,,,,,,,,,,,,,,
5585,3,Child Care Center,False,False,False,True,True,True,True,True,15,,,,,,,,,,,,,,,,,,,,
2730,1,Family Child Care,False,False,True,True,True,True,True,True,8,,,,,,,,,,,,,,,,,,,,
6486,3,Family Child Care,False,False,True,True,True,True,True,True,8,,,,,,,,,,,,,,,,,,,,
3135,3,Family Child Care,False,False,True,True,True,True,True,False,8,,,,,,,,,,,,,,,,,,,,
2373,3,Family Child Care,False,False,True,True,True,True,True,True,8,,,,,,,,,,,,,,,,,,,,
2271,3,Family Child Care,False,False,True,True,True,True,True,True,8,,,,,,,,,,,,,,,,,,,,
6895,2,Child Care Center,False,False,False,True,True,True,True,True,,,,,,,,,,,,,,,,,,,,,
5621,3,Child Care Center,True,True,False,True,True,True,True,True,316,,,,,,,,,,,,,,,,Health and Wellness,,,,
6467,5,Family Child Care,False,False,True,True,True,True,True,True,8,,,,,,,,National Association for Family Child Care (NAFCC),,,Accredited Program,,,,,,,,,
3803,5,Public Prekindergarten,,,,,,,,,,,,,,,Maryland Accreditation,,,,,Accredited Program,,,,,,,,,
6883,1,Family Child Care,False,False,True,True,True,True,True,True,6,,,,,,,,,,,,,,,,,,,,
2372,3,Large Family Child Care,False,False,True,True,True,True,True,True,12,,,,,,,,,,,,,,,,,,,,
2166,1,Family Child Care,False,False,True,True,True,True,True,True,8,,,,,,,,,,,,,,,,,,,,
3375,1,Family Child Care,False,False,True,True,True,True,True,True,8,,,,,,,,,,,,,,,,,,,,
180,1,Family Child Care,False,False,True,True,True,True,True,True,8,,,,,,,,,,,,,,,,,,,,
4092,2,Family Child Care,False,False,True,True,True,True,True,True,8,,,,,,,,,,,,,,,,,,,,
4531,3,Child Care Center,False,False,False,True,True,True,True,False,42,,,,,,,,,,,,,,,,,,,,
6770,3,Family Child Care,False,False,True,True,True,True,True,True,8,,,,,,,,,,,,,,,,,,,,
3520,3,Family Child Care,False,False,True,True,True,True,True,True,8,,,,,,,,,,,,,,,,,,,,
5972,1,Family Child Care,False,False,True,True,True,True,True,True,8,,,,,,,,,,,,,,,,,,,,
1847,1,Family Child Care,False,False,True,True,True,True,True,True,8,,,,,,,,,,,,,,,,,,,,
5485,1,Family Child Care,False,False,True,True,True,True,True,True,8,,,,,,,,,,,,,,,,,,,,
324,1,Family Child Care,False,False,True,True,True,True,True,True,8,,,,,,,,,,,,,,,,,,,,
8,1,Family Child Care,False,False,True,True,True,True,True,True,7,,,,,,,,,,,,,,,,,,,,
3589,5,Family Child Care,False,False,True,True,True,True,True,True,8,,,,,,,,National Association for Family Child Care (NAFCC),,,Accredited Program,,,,,,,,,
1048,1,Family Child Care,False,False,True,True,True,True,True,True,8,,,,,,,,,,,,,,,,,,,,
3683,1,Family Child Care,False,False,True,True,True,True,True,True,8,,,,,,,,,,,,,,,,,,,,
3009,1,Child Care Center,True,True,False,True,True,True,True,True,103,,,,,,,,,,,,,,,,,,,,
234,1,School-Age Only,False,False,False,False,False,False,False,True,21,,,,,,,,,,,,,,,,,,,,
5815,3,Child Care Center,True,True,False,True,True,True,True,True,51,,,,,,,,,,,,,,,,,,,,
5121,1,School-Age Only,False,False,False,False,False,False,False,True,105,,,,,,,,,,,,,,,,,,,,
6572,3,Child Care Center,True,True,False,True,True,True,True,True,16,,,,,,,,,,,,,,,,,,,,
2566,1,Child Care Center,True,True,False,True,True,True,True,True,52,,,,,,,,,,,,,,,,,,,,
1617,1,Family Child Care,False,False,True,True,True,True,True,True,8,,,,,,,,,,,,,,,,,,,,
4400,3,Family Child Care,False,False,True,True,True,True,True,True,8,,,,,,,,,,,,,,,,,,,,
3196,1,Large Family Child Care,False,False,True,True,True,True,True,True,12,,,,,,Maryland Accreditation,,National Association for Family Child Care (NAFCC),,,Accredited Program,,,,,,,,,
6607,1,Large Family Child Care,False,False,True,True,True,True,True,True,12,,,,,,,,,,,,,,,,,,,,
4898,1,Family Child Care,False,False,True,True,True,True,True,True,8,,,,,,,,,,,,,,,,,,,,
2084,1,Family Child Care,,,,,,,,,,,,,,,,,,,,,,,,,,,,,
1270,3,Family Child Care,False,False,True,True,True,True,True,True,8,,,,,,,,,,,,,,,,,,,,
4518,3,Child Care Center,True,True,False,True,True,True,True,True,90,,,,,,,,,National Association for the Education of Young Children (NAEYC),,Accredited Program,,,,,,,,,
6875,1,Child Care Center,True,True,False,True,True,True,True,True,149,,,,,,,,,National Association for the Education of Young Children (NAEYC),,Accredited Program,,,,,,,,,
1000,1,Child Care Center,False,False,False,True,True,True,True,True,40,,,,,,,,,,,,,,,,,,,,
2785,1,Child Care Center,True,True,False,True,True,True,True,True,44,,,,,,,,,,,,,,,,,,,,
4430,1,Child Care Center,True,True,False,True,True,True,True,True,56,,,,,,,,,,,,,,,,,,,,
1533,1,Family Child Care,False,False,True,True,True,True,True,True,8,,,,,,,,,,,,,,,,,,,,
3763,3,Child Care Center,True,True,False,True,True,True,True,False,120,,,,,,,,,,National Early Childhood Program Accreditation (NECPA),Accredited Program,,,,,,,,,
5789,1,Child Care Center,True,True,False,True,True,True,True,False,106,,,,,,,,,,,,,,,,,,,,
4686,2,Family Child Care,False,False,True,True,True,True,True,True,8,,,,,,,,,,,,,,,,,,,,
2101,1,Family Child Care,False,False,True,True,True,True,True,True,8,True,,,,,,,,,,,,,,,,,,,
4442,1,Family Child Care,False,False,True,True,True,True,True,True,8,,,,,,,,,,,,,,,,,,,,
5310,5,Family Child Care,False,False,True,True,True,True,True,True,8,,,,,,,,,,,,,,,,Health and Wellness,,,,
2962,3,Family Child Care,False,False,True,True,True,True,True,True,8,,,,,,,,,,,,,,,,,,,,
1049,3,Family Child Care,False,False,True,True,True,True,True,True,8,,,,,,,,,,,,,,,,,,,,
1174,1,Family Child Care,False,False,True,True,True,True,True,True,8,,,,,,,,,,,,,,,,,,,,
5762,2,Child Care Center,True,True,False,True,True,True,True,True,82,,,,,,,,,,,,,,,,,,,,
1242,4,Child Care Center,True,True,False,True,True,True,True,True,102,,,,,,,,,,,,,,,,,,,,
3272,2,School-Age Only,False,False,False,False,False,False,False,True,15,,,,,,,,,,,,,,,,,,,,
4860,3,School-Age Only,False,False,False,False,True,True,True,True,60,,,,,,,,,,,,,,,,,,,,
5996,3,School-Age Only,False,False,False,False,False,False,False,True,60,,,,,,,,,,,,,,,,,,,,
4,1,School-Age Only,False,False,False,False,False,True,True,True,30,,,,,,,,,,,,,,,,,,,,
4659,1,School-Age Only,False,False,False,False,True,True,True,True,60,,,,,,,,,,,,,,,,,,,,
3641,1,School-Age Only,False,False,False,False,False,False,False,True,30,,,,,,,,,,,,,,,,,,,,
5749,5,Child Care Center,True,True,False,True,True,True,True,True,87,True,,,,,,,,,National Early Childhood Program Accreditation (NECPA),Accredited Program,,,,,,,,,
5905,3,LOC,False,False,False,False,False,True,True,True,40,,,,,,,,,,,,,,,,,,,,
4299,3,Family Child Care,False,False,True,True,True,True,True,True,8,,,,,,,,,,,,,,,,,,,,
6849,1,Family Child Care,False,False,True,True,True,True,True,True,8,,,,,,,,,,,,,,,,,,,,
5332,1,Family Child Care,False,False,True,True,True,True,True,True,8,,,,,,,,,,,,,,,,,,,,
6514,3,Family Child Care,False,False,True,True,True,True,True,True,8,,,,,,,,,,,,,,,,,,,,
617,1,Family Child Care,False,False,True,True,True,True,True,True,8,,,,,,,,,,,,,,,,,,,,
149,1,School-Age Only,,,,,,,,,,,,,,,,,,,,,,,,,,,,,
533,1,Child Care Center,,,,,,,,,,,,,,,,,,,,,,,,,,,,,
1405,3,Child Care Center,False,False,False,False,False,False,False,True,26,,,,,,,,,,,,,,,,,,,,
1206,1,Child Care Center,True,True,False,True,True,True,True,False,14,,,,,,,,,,,,,,,,,,,,
2208,3,Family Child Care,False,False,True,True,True,True,True,True,8,,,,,,,,,,,,,,,,,,,,
6410,3,Family Child Care,False,False,True,True,True,True,True,True,8,,,,,,,,,,,,,,,,,,,,
1947,1,Family Child Care,False,False,True,True,True,True,True,True,8,,,,,,,,,,,,,,,,,,,,
2248,5,Family Child Care,False,False,True,True,True,True,True,True,8,,,,,,,,National Association for Family Child Care (NAFCC),,,Accredited Program,,,Eco-Friendly Program,,,,Military Child Care in Your Neighborhood,Quality Business Practices,
414,1,Child Care Center,True,True,False,True,True,True,True,True,41,,,,,,,,,,,,,,,,,,,,
3203,4,Child Care Center,True,True,False,True,True,True,True,True,53,,,,,,,,,,,,,,,,,,,,
6530,3,Child Care Center,True,True,False,True,True,True,True,True,94,,,,,,,,,,,,,,,,,,,,
5971,3,Child Care Center,False,False,False,True,True,True,True,False,32,,,,,,,,,,,,,,,,,,,,
5028,3,Child Care Center,False,False,False,True,True,True,True,True,52,,,,,,,,,,,,,,,,,,,,
420,3,Child Care Center,False,False,False,True,True,True,True,True,40,,,,,,,,,,,,,,,,,,,,
5542,1,Child Care Center,False,False,False,True,True,True,True,True,20,,,,,,,,,,,,,,,,,,,,
5746,2,Child Care Center,False,False,False,False,False,True,True,True,20,,,,,,,,,,,,,,,,,,,,
6582,1,Child Care Center,True,True,False,True,True,True,True,True,34,,,,,,,,,,,,,,,,,,,,
6668,2,Child Care Center,True,True,False,True,True,True,True,True,37,,,,,,,,,,,,,,,,,,,,
1567,3,Child Care Center,True,True,False,True,True,True,True,True,58,,,,,,,,,,,,,,,,,,,,
2587,2,Child Care Center,True,True,False,True,True,True,True,False,50,,,,,,,,,,,,,,,,,,,,
2124,1,Child Care Center,True,True,False,True,True,True,True,False,12,,,,,,,,,,,,,,,,,,,,
3489,3,Child Care Center,True,True,False,True,True,True,True,False,99,,,,,,,,,,,,,,,,,,,,
709,1,Child Care Center,True,True,False,True,True,True,True,True,45,,,,,,,,,,,,,,,,,,,,
1432,4,Family Child Care,False,False,True,True,True,True,True,True,8,,,,,,,,,,,,,,,,,,,,
6345,1,Family Child Care,False,False,True,True,True,True,True,True,,,,,,,,,,,,,,,,,,,,,
3000,5,Large Family Child Care,False,False,True,True,True,True,True,True,12,,,,,,,,National Association for Family Child Care (NAFCC),,,Accredited Program,,,,,,,,,
2718,3,Family Child Care,False,False,True,True,True,True,True,True,8,,,,,,,,,,,,Asthma & Allergy Friendly,,,,,,,,
4816,3,Family Child Care,False,False,True,True,True,True,True,True,8,,,,,,,,,,,,,,,,,,,,
4846,1,Child Care Center,True,True,False,True,True,True,True,True,90,,,,,,,,,,,,,,,,,,,,
3618,2,Child Care Center,True,True,False,True,True,True,True,True,116,,,,,,,,,,,,,,,,,,,,
2293,1,Family Child Care,False,False,True,True,True,True,True,True,8,,,,,,,,,,,,,,,,,,,,
2773,4,Family Child Care,False,False,True,True,True,True,True,True,8,,,,,,,,,,,,,,,,,,,,
1787,3,Family Child Care,False,False,True,True,True,True,True,True,,,,,,,,,,,,,,,,,,,,,
3327,2,Family Child Care,False,False,True,True,True,True,True,True,8,,,,,,,,,,,,,,,,,,,,
6179,1,Family Child Care,False,False,True,True,True,True,True,True,8,,,,,,,,,,,,,,,,,,,,
1368,2,Family Child Care,False,False,True,True,True,True,True,True,8,,,,,,,,,,,,,,,,,,,,
2351,2,Family Child Care,False,False,True,True,True,True,True,True,8,,,,,,,,,,,,,,,,,,,,
4657,4,Child Care Center,False,False,False,True,True,True,True,True,99,,,,,,,,,,,,,,,,,,,,
4511,5,Public Prekindergarten,,,,,,,,,,,,,,,Maryland Accreditation,,,,,Accredited Program,,,,,,,,,
4988,1,Family Child Care,False,False,False,True,True,True,True,True,5,,,,,,,,,,,,,,,,,,,,
7086,4,Family Child Care,False,False,True,True,True,True,True,True,8,,,,,,,,,,,,,,,,,,,,
6953,3,Family Child Care,False,False,True,True,True,True,True,True,8,,,,,,,,,,,,,,,,,,,,
6639,1,Family Child Care,False,False,True,True,True,True,True,True,8,,,,,,,,,,,,,,,,,,,,
6421,3,Child Care Center,True,True,False,True,True,True,True,True,74,,,,,,,,,,,,,,,,,,,,
1741,3,Family Child Care,False,False,True,True,True,True,True,True,8,,,,,,,,,,,,,,,,,,,,
5176,1,Family Child Care,False,False,True,True,True,True,True,True,8,,,,,,,,,,,,,,,,,,,,
4983,5,Public Prekindergarten,,,,,,,,,,,,,,,Maryland Accreditation,,,,,Accredited Program,,,,,,,,,
2754,5,Family Child Care,,,,,,,,,,,,,,,,,National Association for Family Child Care (NAFCC),,,Accredited Program,,,,,,,,,
6722,1,Family Child Care,False,False,True,True,True,True,True,True,8,,,,,,,,,,,,,,,,,,,,
4621,3,Family Child Care,False,False,True,True,True,True,True,True,8,,,,,,,,,,,,,,,,,,,,
6371,4,Family Child Care,False,False,True,True,True,True,True,True,8,,,,,,,,,,,,,,,,,,,,
2986,1,Family Child Care,False,False,True,True,True,True,True,True,8,,,,,,,,,,,,,,,,,,,,
3986,2,Family Child Care,False,False,True,True,True,True,True,True,8,,,,,,,,,,,,,,,,,,,,
4924,1,Child Care Center,True,True,False,True,True,True,True,True,115,,,,,,,,,,,,,,,,,,,,
602,4,Public Prekindergarten,,,,,,,,,,,,,,,Maryland Accreditation,,,,,Accredited Program,,,,,,,,,
5538,1,Child Care Center,True,True,False,True,True,True,True,True,97,,,,,,,,,,,,,,,,,,,,
1449,5,Child Care Center,False,False,False,True,True,True,True,True,72,,,,,,Maryland Accreditation,,,,,Accredited Program,,,,,,,,,
2862,1,Child Care Center,False,False,False,True,True,True,True,True,63,,,,,,,,,,,,,,,,,,,,
6819,3,Family Child Care,False,False,True,True,True,True,True,True,8,,,,,,,,,,,,,,,,,,,,
1412,4,Family Child Care,False,False,True,True,True,True,True,True,7,,,,,,,,,,,,,,,,,,,,
6145,1,Family Child Care,False,False,True,True,True,True,True,True,8,,,,,,,,,,,,,,,,,,,,
2067,5,Family Child Care,False,False,True,True,True,True,True,True,,,,,,,,,National Association for Family Child Care (NAFCC),,,Accredited Program,,,Eco-Friendly Program,,,,,Quality Business Practices,
4290,2,Child Care Center,False,False,False,True,True,True,True,True,76,,,,,,,,,,,,,,,,,,,,
691,3,Child Care Center,False,False,False,True,True,True,True,True,49,,,,,,,,,,,,,,,,,,,,
4871,3,Family Child Care,False,False,False,True,True,True,True,True,8,,,,,,,,,,,,,,,,,,,,
1918,1,Child Care Center,True,True,False,True,True,True,True,True,80,,,,,,,,,,,,,,,,,,,,
1188,1,Child Care Center,False,False,False,False,True,True,True,True,22,,,,,,,,,,,,,,,,,,,,
1109,3,Child Care Center,True,True,False,True,True,True,True,True,66,,,,,,,,,,,,,,,,,,,,
2477,3,Child Care Center,True,True,False,True,True,True,True,True,121,,,,,,,,,,,,,,,,,,,,
1068,1,Child Care Center,True,True,False,True,True,True,True,False,40,,,,,,,,,,,,,,,,,,,,
1775,3,Family Child Care,False,False,True,True,True,True,True,True,7,,,,,,,,,,,,,,,,,,,,
4507,1,Family Child Care,False,False,True,True,True,True,True,True,8,,,,,,,,,,,,,,,,,,,,
339,1,Family Child Care,False,False,True,True,True,True,True,True,8,,,,,,,,National Association for Family Child Care (NAFCC),,,Accredited Program,,,,,,,,,
4434,3,Family Child Care,False,False,True,True,True,True,True,True,8,,,,,,,,,,,,,,,,,,,,
6050,1,Family Child Care,False,False,True,True,True,True,True,True,8,,,,,,,,,,,,,,,,,,,,
487,3,Family Child Care,False,False,True,True,True,True,True,True,8,,,,,,,,,,,,,,,,,,,,
4692,1,Family Child Care,False,False,True,True,True,True,True,True,8,,,,,,,,,,,,,,,,,,,,
4307,1,Family Child Care,False,False,True,True,True,True,True,True,8,,,,,,,,,,,,,,,,,,,,
6710,1,Family Child Care,False,False,True,True,True,True,True,True,8,,,,,,,,,,,,,,,,,,,,
6003,1,Child Care Center,True,True,False,True,True,True,True,True,124,,,,,,,,,,,,,,,,,,,,
6615,1,Family Child Care,False,False,True,True,True,True,True,True,8,,,,,,,,,,,,,,,,,,,,
714,3,Family Child Care,False,False,True,True,True,True,True,True,8,,,,,,,,,,,,,,,,,,,,
7073,1,Family Child Care,False,False,True,True,True,True,True,True,8,,,,,,,,,,,,,,,,,,,,
3770,1,Family Child Care,False,False,True,True,True,True,True,True,8,,,,,,,,,,,,,,,,,,,,
3015,1,Family Child Care,False,False,True,True,True,True,True,False,8,,,,,,,,,,,,,,,,,,,,
353,1,Family Child Care,False,False,True,True,True,True,True,True,8,,,,,,,,,,,,,,,,,,,,
872,1,Family Child Care,False,False,True,True,True,True,True,True,7,,,,,,,,,,,,,,,,,,,,
3005,1,LOC,False,False,False,True,True,True,True,True,100,,,,Association of Independent Maryland Schools (AIMS),,,,,,,,,,,,,,,,
1932,2,Family Child Care,False,False,True,True,True,True,True,True,8,,,,,,,,,,,,,,,,,,,,
4353,1,Large Family Child Care,False,False,True,True,True,True,True,True,,,,,,,,,National Association for Family Child Care (NAFCC),,,Accredited Program,,,,,,,,,
78,5,Public Prekindergarten,,,,,,,,,,,,,,,Maryland Accreditation,,,,,Accredited Program,,,,,,,,,
5206,4,Family Child Care,False,False,True,True,True,True,True,True,8,,,,,,,,,,,,,,,,,,Military Child Care in Your Neighborhood,,
7008,5,LOC,False,False,False,False,True,True,True,True,70,,,,,,Maryland Accreditation,,,,,Accredited Program,,,,,,,,,
1790,3,Child Care Center,False,False,False,True,True,True,True,True,,,,,,,,,,,,,,,,,,,,,
818,4,Child Care Center,True,True,False,True,True,True,True,True,40,,,,,,,,,,,,,,,,Health and Wellness,,,,
4977,3,Child Care Center,True,True,False,True,True,True,True,True,151,,,,,,,,,,,,,,,,,,,,
2657,1,Child Care Center,True,True,False,True,True,True,True,False,103,,,,,,,,,,,,,,,,,,,,
4715,1,Family Child Care,False,False,True,True,True,True,True,True,8,,,,,,,,,,,,,,,,,,,,
1958,5,Family Child Care,False,False,True,True,True,True,True,True,8,,,,,,,,National Association for Family Child Care (NAFCC),,,Accredited Program,,,,,Health and Wellness,,,Quality Business Practices,
2496,1,Child Care Center,False,False,False,True,True,True,True,False,49,,,,,,,,,,,,,,,,,,,,
272,2,Family Child Care,False,False,True,True,True,True,True,True,8,,,,,,,,,,,,,,,,,,,,
4003,1,Family Child Care,False,False,True,True,True,True,True,True,8,,,,,,,,,,,,,,,,,,,,
2433,2,Child Care Center,True,True,False,True,True,True,True,False,177,,,,,,,,,,,,,,,,,,,,
1968,1,Family Child Care,False,False,False,True,True,True,True,True,6,,,,,,,,,,,,,,,,,,,,
3159,5,Public Prekindergarten,,,,,,,,,,,,,,,Maryland Accreditation,,,,,Accredited Program,,,,,,,,,
114,4,Child Care Center,True,True,False,True,True,True,True,True,46,,,,,,,,,,,,,,,,,,,,
840,5,Family Child Care,False,False,True,True,True,True,True,True,8,,,,,,,,National Association for Family Child Care (NAFCC),,,Accredited Program,,,,,Health and Wellness,,,,
4880,1,Child Care Center,False,False,False,False,False,True,True,True,48,,,,,,,,,,,,,,,,,,,,
3724,3,Child Care Center,True,True,False,True,True,True,True,True,53,,,,,,,,,,,,,,,,,,,,
2692,3,Child Care Center,True,True,False,True,True,True,True,True,50,,,,,,,,,,,,,,,,,,,,
3995,3,Child Care Center,True,True,False,True,True,True,True,True,40,,,,,,,,,,,,,,,,,,,,
1716,3,School-Age Only,False,False,False,False,True,True,True,True,45,,,,,,,,,,,,,,,,,,,,
4711,3,School-Age Only,False,False,False,False,True,True,True,True,75,,,,,,,,,,,,,,,,,,,,
1577,3,School-Age Only,False,False,False,False,True,True,True,True,45,,,,,,,,,,,,,,,,,,,,
4760,3,School-Age Only,False,False,False,False,True,True,True,True,30,,,,,,,,,,,,,,,,,,,,
6134,3,School-Age Only,False,False,False,False,True,True,True,True,30,,,,,,,,,,,,,,,,,,,,
1103,3,School-Age Only,False,False,False,False,True,True,True,True,60,,,,,,,,,,,,,,,,,,,,
3209,3,School-Age Only,False,False,False,False,False,False,False,True,29,,,,,,,,,,,,,,,,,,,,
7012,3,School-Age Only,False,False,False,False,True,True,True,True,30,,,,,,,,,,,,,,,,,,,,
5057,3,School-Age Only,False,False,False,False,True,True,True,True,69,,,,,,,,,,,,,,,,,,,,
781,3,School-Age Only,False,False,False,False,True,True,True,True,96,,,,,,,,,,,,,,,,,,,,
6027,3,School-Age Only,False,False,False,False,True,True,True,True,75,,,,,,,,,,,,,,,,,,,,
953,3,School-Age Only,False,False,False,False,True,True,True,True,30,,,,,,,,,,,,,,,,,,,,
3507,3,School-Age Only,False,False,False,False,True,True,True,True,60,,,,,,,,,,,,,,,,,,,,
4605,3,School-Age Only,False,False,False,False,True,True,True,True,60,,,,,,,,,,,,,,,,,,,,
7050,4,Child Care Center,True,True,False,True,True,True,True,True,73,,,,,,,,,,,,,,,,,,,,
2427,3,Child Care Center,True,True,False,True,True,True,True,True,49,,,,,,,,,,,,,,,,,,,,
4734,5,Child Care Center,False,False,False,True,True,True,True,True,160,,,,,,Maryland Accreditation,,,,,Accredited Program,,,,,,,,,
6399,1,Child Care Center,False,False,False,True,True,True,True,True,41,,,,,,,,,,,,,,,,,,,,
1671,1,Child Care Center,False,False,False,True,True,True,True,True,54,,,,,,,,,,,,,,,,,,,,
2782,1,Family Child Care,False,False,True,True,True,True,True,True,8,,,,,,,,,,,,,,,,,,,,
6301,1,Child Care Center,True,True,False,True,True,True,True,True,90,,,,,,,,,,,,,,,,,,,,
4169,1,Child Care Center,True,True,False,True,True,True,True,True,53,,,,,,,,,,,,,,,,,,,,
2412,1,Family Child Care,False,False,True,True,True,True,True,True,8,,,,,,,,,,,,,,,,,,,,
2489,1,Family Child Care,,,,,,,,,,,,,,,,,,,,,,,,,,,,,
6983,1,School-Age Only,False,False,False,False,False,False,False,True,30,,,,,,,,,,,,,,,,,,,,
5197,1,School-Age Only,False,False,False,False,False,False,False,True,30,,,,,,,,,,,,,,,,,,,,
5380,3,Child Care Center,True,True,False,True,True,True,True,True,73,,,,,,,,,,,,,,,,,,,,
1243,1,Family Child Care,False,False,True,True,True,True,True,True,8,,,,,,,,,,,,,,,,,,,,
3167,5,Family Child Care,False,False,True,True,True,True,True,True,8,,,,,,,,National Association for Family Child Care (NAFCC),,,Accredited Program,,,,,,,,,
7038,1,Child Care Center,False,False,False,True,True,True,True,True,56,,,,,,,,,,,,,,,,,,,,
2734,1,Family Child Care,False,False,True,True,True,True,True,True,,,,,,,,,,,,,,,,,,,,,
2076,1,Family Child Care,False,False,True,True,True,True,True,True,8,,,,,,,,,,,,,,,,,,,,
4387,1,Child Care Center,False,False,False,True,True,True,True,True,20,,,,,,,,,,,,,,,,,,,,
5955,1,Family Child Care,False,False,True,True,True,True,True,True,7,,,,,,,,,,,,,,,,,,,,
1805,5,Family Child Care,False,False,True,True,True,True,True,True,8,,,,,,,,National Association for Family Child Care (NAFCC),,,Accredited Program,Asthma & Allergy Friendly,,,,,,,Quality Business Practices,
4378,3,Family Child Care,False,False,True,True,True,True,True,True,8,,,,,,,,,,,,,,,,,,,,
4209,1,Child Care Center,False,False,False,True,True,True,True,True,,,,,,,,,,,,,,,,,,,,,
6890,1,Family Child Care,False,False,True,True,True,True,True,True,8,,,,,,,,,,,,,,,,,,,,
4985,1,Family Child Care,False,False,True,True,True,True,True,True,8,,,,,,,,,,,,,,,,,,,,
7005,1,Family Child Care,False,False,True,True,True,True,True,True,8,,,,,,,,,,,,,,,,,,,,
5795,1,LOC,False,False,False,True,True,True,True,True,267,,,,,,,,,,,,,,,,,,,,
3855,1,Family Child Care,False,False,True,True,True,True,True,True,8,,,,,,,,,,,,,,,,,,,,
1864,1,Family Child Care,False,False,True,True,True,True,True,True,8,,,,,,,,,,,,,,,,,,,,
290,1,Family Child Care,False,False,True,True,True,True,True,True,8,,,,,,,,,,,,,,,,,,,,
1176,2,Family Child Care,False,False,True,True,True,True,True,True,8,,,,,,,,,,,,,,,,,,,,
2420,4,Family Child Care,False,False,True,True,True,True,True,True,,,,,,,,,,,,,,,,,,,,,
4663,4,Public Prekindergarten,,,,,,,,,,,,,,,Maryland Accreditation,,,,,Accredited Program,,,,,,,,,
3180,3,Family Child Care,False,False,True,True,True,True,True,True,8,,,,,,,,,,,,,,,,,,,,
1525,4,LOC,False,False,False,True,True,True,True,False,41,,,,,,,,,,,,,,,,,,,,
4810,3,Family Child Care,False,False,False,True,True,True,True,True,8,,,,,,,,,,,,,,,,,,,,
43,4,LOC,False,False,False,False,True,True,True,False,60,,,,,,,,,,,,,,,,,,,,
2719,3,Family Child Care,False,False,True,True,True,True,True,True,8,,,,,,,,,,,,,,,,,,,,
4322,1,Family Child Care,False,False,True,True,True,True,True,True,8,,,,,,,,,,,,,,,,,,,,
1139,1,Family Child Care,False,False,True,True,True,True,True,True,8,,,,,,,,,,,,,,,,,,,,
2093,3,Child Care Center,True,True,False,True,True,True,True,True,115,,,,,,,,,,,,,,,,,,,,
1795,3,Child Care Center,True,True,False,True,True,True,True,True,74,,,,,,,,,,,,,,,,,,,,
738,5,LOC,False,False,False,False,True,True,True,True,70,,,,,,Maryland Accreditation,,,,,Accredited Program,,,,,,,,,
4685,1,Child Care Center,True,True,False,True,True,True,True,True,73,,,,,,,,,,,,,,,,,,,,
4593,1,Family Child Care,False,False,True,True,True,True,True,True,7,,,,,,,,,,,,,,,,,,,,
6358,1,Family Child Care,False,False,True,True,True,True,True,True,7,,,,,,,,,,,,,,,,,,,,
6957,2,Family Child Care,False,False,True,True,True,True,True,True,8,,,,,,,,,,,,,,,,,,,,
6169,1,Family Child Care,False,False,True,True,True,True,True,True,8,,,,,,,,,,,,,,,,,,,,
1995,4,Family Child Care,False,False,True,True,True,True,True,False,7,,,,,,,,,,,,,,,,,,,,
2251,1,Family Child Care,False,False,True,True,True,True,True,True,7,,,,,,,,,,,,,,,,,,,,
169,1,Child Care Center,True,True,False,True,True,True,True,True,71,,,,,,,,,,,,,,,,,,,,
4356,3,Child Care Center,True,True,False,True,True,True,True,True,105,,,,,,,,,,,,,,,,,,,,
2919,4,Child Care Center,True,True,False,True,True,True,True,True,65,,,,,,,,,,,,,,,,,,,,
1813,1,Family Child Care,False,False,True,True,True,True,True,True,8,,,,,,,,,,,,,,,,,,,,
1714,4,Public Prekindergarten,,,,,,,,,,,,,,,Maryland Accreditation,,,,,Accredited Program,,,,,,,,,
1687,1,Family Child Care,False,False,True,True,True,True,True,True,7,,,,,,,,,,,,,,,,,,,,
6917,1,Family Child Care,False,False,True,True,True,True,True,True,8,,,,,,,,,,,,,,,,,,,,
5144,3,Family Child Care,False,False,False,True,True,True,True,True,8,,,,,,,,,,,,,,,,,,,,
6412,5,Public Prekindergarten,,,,,,,,,,,,,,,Maryland Accreditation,,,,,Accredited Program,,,,,,,,,
1608,3,Family Child Care,False,False,True,True,True,True,True,True,8,,,,,,,,,,,,,,,,,,,,
1313,4,Public Prekindergarten,,,,,,,,,,,,,,,Maryland Accreditation,,,,,Accredited Program,,,,,,,,,
6783,2,Family Child Care,False,False,True,True,True,True,True,True,8,,,,,,,,,,,,,,,,,,,,
5988,1,Family Child Care,False,False,True,True,True,True,True,True,8,,,,,,,,,,,,,,,,,,,,
4337,1,Family Child Care,False,False,True,True,True,True,True,True,8,,,,,,,,,,,,,,,,,,,,
1828,1,Family Child Care,False,False,True,True,True,True,True,True,8,,,,,,,,,,,,,,,,,,,,
2145,1,Family Child Care,False,False,True,True,True,True,True,True,8,,,,,,,,,,,,,,,,,,,,
1941,1,Large Family Child Care,False,False,True,True,True,True,True,True,10,,,,,,,,,,,,,,,,,,,,
5510,2,Family Child Care,False,False,True,True,True,True,True,True,8,,,,,,,,,,,,,,,,,,,,
3366,1,Family Child Care,False,False,True,True,True,True,True,True,8,,,,,,,,,,,,,,,,,,,,
5798,3,Family Child Care,False,False,True,True,True,True,True,True,8,,,,,,,,,,,,,,,,,,,,
2422,1,Large Family Child Care,False,False,True,True,True,True,True,False,9,,,,,,,,,,,,,,,,,,,,
282,1,Family Child Care,False,False,True,True,True,True,True,True,7,,,,,,,,,,,,,,,,,,,,
2426,1,Family Child Care,False,False,True,True,True,True,True,True,8,,,,,,,,,,,,,,,,,,,,
1210,1,Family Child Care,,,,,,,,,,,,,,,,,,,,,,,,,,,,,
4727,5,Family Child Care,False,False,True,True,True,True,True,True,7,,,,,,,,National Association for Family Child Care (NAFCC),,,Accredited Program,Asthma & Allergy Friendly,Cultural and Linguistic Competency,Eco-Friendly Program,Family Engagement,Health and Wellness,,Military Child Care in Your Neighborhood,Quality Business Practices,
2455,3,Family Child Care,False,False,True,True,True,True,True,True,8,,,,,,,,,,,,,,,,,,,,
3436,1,Family Child Care,False,False,True,True,True,True,True,True,8,,,,,,,,,,,,,,,,,,,,
3148,1,Family Child Care,False,False,True,True,True,True,True,True,8,,,,,,,,,,,,,,,,,,,,
5772,1,Family Child Care,False,False,True,True,True,True,True,True,8,,,,,,,,,,,,,,,,,,,,
771,1,Child Care Center,,,,,,,,,,,,,,,,,,,,,,,,,,,,,
5855,3,Child Care Center,True,True,False,True,True,True,True,True,15,,,,,,,,,,,,,,,,,,,,
3257,3,Child Care Center,False,False,False,True,True,True,True,True,84,,,,,,,,,,,,,,,,,,,,
4231,4,Child Care Center,True,True,False,True,True,True,True,True,75,,,,,,,,,,,,,,,,,,,,
2623,1,Child Care Center,True,True,False,True,True,True,True,False,40,,,,,,,,,,,,,,,,,,,,
3184,1,Child Care Center,False,False,False,False,True,True,True,True,57,,,,,,,,,,,,,,,,,,,,
2756,1,Child Care Center,True,True,False,True,True,True,True,True,108,,,,,,,,,National Association for the Education of Young Children (NAEYC),,Accredited Program,,,,,,,,,
6929,1,LOC,False,False,False,False,True,True,True,False,40,,,,,,,,,,,,,,,,,,,,
380,1,Child Care Center,False,False,False,False,False,True,True,True,50,,,,,,,,,,,,,,,,,,,,
5768,2,Child Care Center,True,True,False,True,True,True,True,True,71,,,,,,,,,,,,,,,,,,,,
2703,1,Family Child Care,False,False,True,True,True,True,True,True,8,,,,,,,,,,,,,,,,,,,,
1641,1,Family Child Care,False,False,True,True,True,True,True,True,8,,,,,,,,,,,,,,,,,,,,
5497,1,Child Care Center,True,True,False,True,True,True,True,True,117,,,,,,,,,,,,,,,,,,,,
4625,1,Child Care Center,True,True,False,True,True,True,True,True,38,,,,,,,,,,,,,,,,,,,,
2218,3,School-Age Only,False,False,False,False,False,False,False,True,60,,,,,,,,,,,,,,,,,,,,
5843,1,Family Child Care,False,False,True,True,True,True,True,True,8,,,,,,,,,,,,,,,,,,,,
951,3,Family Child Care,False,False,True,True,True,True,True,True,7,,,,,,,,,,,,,,,,,,,,
6747,5,Family Child Care,False,False,True,True,True,True,True,True,8,,,,,,,,National Association for Family Child Care (NAFCC),,,,,,,,,,,,
1992,1,School-Age Only,False,False,False,False,False,False,False,True,30,,,,,,,,,,,,,,,,,,,,
2721,1,School-Age Only,False,False,False,False,False,False,False,True,30,,,,,,,,,,,,,,,,,,,,
4208,3,School-Age Only,False,False,False,False,False,False,False,True,30,,,,,,,,,,,,,,,,,,,,
4559,3,School-Age Only,False,False,False,False,False,False,False,True,30,,,,,,,,,,,,,,,,,,,,
1300,3,School-Age Only,False,False,False,False,False,False,False,True,30,,,,,,,,,,,,,,,,,,,,
5076,4,School-Age Only,False,False,False,False,False,False,False,True,30,,,,,,,,,,,,,,,,,,,,
379,1,School-Age Only,False,False,False,False,False,False,False,True,30,,,,,,,,,,,,,,,,,,,,
1381,2,School-Age Only,False,False,False,False,False,False,False,True,15,,,,,,,,,,,,,,,,,,,,
3604,1,School-Age Only,False,False,False,False,False,False,False,True,45,,,,,,,,,,,,,,,,,,,,
6249,5,Child Care Center,False,False,False,True,True,True,True,True,75,,,,,,Maryland Accreditation,,,,,Accredited Program,,,,,,,,,
3658,1,Family Child Care,False,False,True,True,True,True,True,True,8,,,,,,,,,,,,,,,,,,,,
4835,1,Family Child Care,False,False,True,True,True,True,True,True,7,,,,,,,,,,,,,,,,,,,,
5548,3,Family Child Care,False,False,True,True,True,True,True,True,8,,,,,,,,,,,,,,,,,,,,
5137,1,Child Care Center,,,,,,,,,,,,,,,,,,,,,,,,,,,,,
1204,3,Family Child Care,False,False,True,True,True,True,True,True,8,,,,,,,,,,,,,,,,,,,,
2435,1,Family Child Care,False,False,True,True,True,True,True,True,8,,,,,,,,,,,,,,,,,,,,
4467,1,Family Child Care,False,False,True,True,True,True,True,True,8,,,,,,,,,,,,,,,,,,,,
2851,1,Family Child Care,False,False,True,True,True,True,True,True,8,,,,,,,,,,,,,,,,,,,,
2864,2,Family Child Care,False,False,True,True,True,True,True,True,8,,,,,,,,,,,,,,,,,,,,
4195,5,Family Child Care,False,False,True,True,True,True,True,True,8,,,,,,,,National Association for Family Child Care (NAFCC),,,Accredited Program,,,,,,,,,
4979,1,Family Child Care,False,False,True,True,True,True,True,True,8,,,,,,,,,,,,,,,,,,,,
3124,1,Family Child Care,False,False,True,True,True,True,True,True,8,,,,,,,,,,,,,,,,,,,,
1629,1,Family Child Care,False,False,True,True,True,True,True,True,8,,,,,,,,,,,,,,,,,,,,
2952,5,Family Child Care,False,False,True,True,True,True,True,True,8,,,,,,,,National Association for Family Child Care (NAFCC),,,Accredited Program,,,,,,,,,
2387,1,Family Child Care,False,False,True,True,True,True,True,False,8,,,,,,,,,,,,,,,,,,,,
4072,5,Child Care Center,False,False,False,True,True,True,True,True,112,,,,,,,,,,National Early Childhood Program Accreditation (NECPA),Accredited Program,,,,,,,,,
212,1,School-Age Only,False,False,False,False,False,False,False,True,30,,,,,,,,,,,,,,,,,,,,
789,1,Child Care Center,False,False,False,True,True,True,True,True,20,,,,,,,,,,,,,,,,,,,,
1912,2,Child Care Center,False,False,False,True,True,True,True,True,31,,,,,,,,,,,,,,,,,,,,
4126,1,Child Care Center,True,True,False,True,True,True,True,True,156,,,,,,Maryland Accreditation,,,,,Accredited Program,,,,,,,,,
5119,5,Child Care Center,True,True,False,True,True,True,True,True,208,,,,,,Maryland Accreditation,,,,,Accredited Program,,,,,,,,,
4672,5,Child Care Center,True,True,False,True,True,True,True,True,296,,,,,,,,,National Association for the Education of Young Children (NAEYC),,Accredited Program,,,,,,,,,
2641,5,Child Care Center,True,True,False,True,True,True,True,True,115,,,,,,,,,National Association for the Education of Young Children (NAEYC),,,,,,,,,,,
4412,5,Child Care Center,True,True,False,True,True,True,True,True,241,,,,,,Maryland Accreditation,,,,,Accredited Program,,,,,,,,,
2058,5,Child Care Center,True,True,False,True,True,True,True,True,137,,,,,,Maryland Accreditation,,,,,Accredited Program,,,,,,,,,
6934,3,Child Care Center,True,True,False,True,True,True,True,True,98,,,,,,,,,,,,,,,,,,,,
4651,3,Child Care Center,True,True,False,True,True,True,True,True,63,,,,,,,,,,,,,,,,,,,,
6828,1,Child Care Center,True,True,False,True,True,True,True,True,126,,,,,,,,,,,,,,,,,,,,
664,2,Child Care Center,True,True,False,True,True,True,True,False,20,,,,,,,,,,,,,,,,,,,,
1395,1,Child Care Center,False,False,False,True,True,True,True,True,78,,,,,,,,,,,,,,,,,,,,
1643,3,Child Care Center,False,False,False,True,True,True,True,True,58,,,,,,,,,,,,,,,,,,,,
478,4,Child Care Center,False,False,False,True,True,True,True,True,52,,,,,,,,,,,,,,,,,,,,
4935,1,School-Age Only,False,False,False,False,False,False,False,True,60,,,,,,,,,,,,,,,,,,,,
1237,2,Child Care Center,True,True,False,True,True,True,True,False,35,,,,,,,,,,,,,,,,,,,,
6538,5,Child Care Center,True,True,False,True,True,True,True,False,170,,,,,,,,,,National Early Childhood Program Accreditation (NECPA),Accredited Program,,,,,,,Military Child Care in Your Neighborhood,,
2498,1,Family Child Care,False,False,True,True,True,True,True,True,8,,,,,,,,,,,,,,,,,,,,
7067,1,Family Child Care,False,False,True,True,True,True,True,True,8,,,,,,,,,,,,,,,,,,,,
6660,3,Family Child Care,False,False,True,True,True,True,True,True,8,,,,,,,,,,,,,,,,,,,,
3363,1,Family Child Care,False,False,True,True,True,True,True,True,8,,,,,,,,,,,,,,,,,,,,
6227,1,Family Child Care,False,False,True,True,True,True,True,True,7,,,,,,,,,,,,,,,,,,,,
3369,1,Family Child Care,False,False,True,True,True,True,True,True,8,,,,,,,,,,,,,,,,,,,,
3291,5,Family Child Care,False,False,True,True,True,True,True,True,8,,,,,,,,National Association for Family Child Care (NAFCC),,,Accredited Program,,,,,,,,,
6071,3,Family Child Care,False,False,True,True,True,True,True,True,8,,,,,,,,,,,,,,,,,,,,
2589,5,Family Child Care,False,False,True,True,True,True,True,True,8,,,,,,,,National Association for Family Child Care (NAFCC),,,Accredited Program,,,,,,,Military Child Care in Your Neighborhood,,
371,1,Child Care Center,True,True,False,True,True,True,True,False,82,,,,,,,,,,,,,,,,,,,,
4166,1,Family Child Care,False,False,True,True,True,True,True,True,8,,,,,,,,,,,,,,,,,,,,
2633,1,Family Child Care,False,False,True,True,True,True,True,True,8,,,,,,,,,,,,,,,,,,,,
6133,1,Family Child Care,False,False,True,True,True,True,True,True,8,,,,,,,,,,,,,,,,,,,,
2727,1,Family Child Care,False,False,True,True,True,True,True,True,8,,,,,,,,,,,,,,,,,,,,
6693,1,Family Child Care,False,False,True,True,True,True,True,True,8,,,,,,,,,,,,,,,,,,,,
4334,2,Family Child Care,False,False,True,True,True,True,True,True,8,,,,,,,,,,,,,,,,,,,,
5576,1,Family Child Care,False,False,True,True,True,True,True,False,7,,,,,,,,,,,,,,,,,,,,
409,3,Child Care Center,True,True,False,True,True,True,True,True,75,,,,,,,,,,,,,,,,,,,,
2931,1,Child Care Center,True,True,False,True,True,True,True,True,33,,,,,,,,,,,,,,,,Health and Wellness,,,,
1138,5,Family Child Care,False,False,True,True,True,True,True,True,8,,,,,,,,National Association for Family Child Care (NAFCC),,,Accredited Program,,,,,,,,,
1057,5,Child Care Center,False,True,False,True,True,True,True,True,100,,,,,,,,,National Association for the Education of Young Children (NAEYC),,Accredited Program,,,,,,,,,
6407,1,Family Child Care,False,False,True,True,True,True,True,True,7,,,,,,,,,,,,,,,,,,,,
6795,1,Family Child Care,False,False,True,True,True,True,True,True,8,,,,,,,,,,,,,,,,,,,,
3452,3,Family Child Care,False,False,True,True,True,True,True,True,8,,,,,,,,,,,,,,,,,,,,
6861,1,Family Child Care,False,False,True,True,True,True,True,True,8,,,,,,,,,,,,,,,,,,,,
6807,3,Family Child Care,False,False,True,True,True,True,True,True,8,,,,,,,,,,,,,,,,,,,,
2658,3,Family Child Care,False,False,True,True,True,True,True,True,8,,,,,,,,,,,,,,,,,,,,
2161,3,Child Care Center,False,False,False,True,True,True,True,True,81,,,,,,,,,,,,,,,,,,,,
1200,3,Large Family Child Care,False,False,True,True,True,True,True,True,12,,,,,,,,,,,,,,,,,,,,
3260,1,School-Age Only,False,False,False,False,False,False,False,True,30,,,,,,,,,,,,,,,,,,,,
3498,1,Child Care Center,True,True,False,True,True,True,True,True,20,,,,,,,,,,,,,,,,,,,,
511,2,Family Child Care,False,False,True,True,True,True,True,True,8,,,,,,,,,,,,,,,,,,,,
5745,1,Child Care Center,False,False,False,True,True,True,True,True,54,,,,,,,,,,,,,,,,,,,,
2972,1,Family Child Care,False,False,True,True,True,True,True,True,8,,,,,,,,,,,,,,,,,,,,
6878,1,Family Child Care,False,False,True,True,True,True,True,True,8,,,,,,,,,,,,,,,,,,,,
190,5,Large Family Child Care,False,False,True,True,True,True,True,True,11,,,,,,,,National Association for Family Child Care (NAFCC),,,Accredited Program,,,,,,,,,
6316,1,Child Care Center,True,True,False,True,True,True,True,True,119,,,,,,,,,,,,,,,,,,,,
3644,1,Family Child Care,False,False,True,True,True,True,True,True,8,,,,,,,,,,,,,,,,,,,,
754,1,Family Child Care,False,False,True,True,True,True,True,True,7,,,,,,,,,,,,,,,,,,,,
5816,3,Family Child Care,False,False,True,True,True,True,True,True,8,,,,,,,,,,,,,,,,,,,,
1939,1,Family Child Care,False,False,True,True,True,True,True,True,8,,,,,,,,,,,,,,,,,,,,
6041,3,Family Child Care,False,False,True,True,True,True,True,True,8,,,,,,,,,,,,,,,,,,,,
6369,5,Family Child Care,False,False,True,True,True,True,True,True,8,,,,,,,,National Association for Family Child Care (NAFCC),,,Accredited Program,,,,,,,,,
222,3,Family Child Care,False,False,True,True,True,True,True,True,8,,,,,,,,,,,,,,,,,,,,
5183,1,Child Care Center,False,False,False,True,True,True,True,True,64,,,,,,,,,,,,,,,,,,,,
5839,1,Family Child Care,False,False,True,True,True,True,True,True,8,,,,,,,,,,,,,,,,,,,,
647,1,Family Child Care,False,False,True,True,True,True,True,False,8,,,,,,,,,,,,,,,,,,,,
6235,2,Child Care Center,True,True,False,True,True,True,True,True,57,,,,,,,,,,,,,,,,,,,,
3949,5,Child Care Center,True,True,False,True,True,True,True,True,226,,,,,,Maryland Accreditation,,,,,Accredited Program,,,,,,,,,
6497,1,Child Care Center,False,False,False,True,True,True,True,True,40,,,,,,,,,,,,,,,,,,,,
4478,5,Public Prekindergarten,,,,,,,,,,,,,,,Maryland Accreditation,,,,,Accredited Program,,,,,,,,,
1104,4,Child Care Center,True,True,False,True,True,True,True,True,118,,,,,,,,,,,,,,,,,,,,
6920,2,Child Care Center,False,True,False,True,True,True,True,False,72,,,,,,,,,,,,,,,,Health and Wellness,,,Quality Business Practices,
4183,1,Child Care Center,False,False,False,True,True,True,True,True,50,,,,,,,,,,,,,,,,,,,,
1729,1,School-Age Only,False,False,False,False,False,False,False,True,60,,,,,,,,,,,,,,,,,,,,
918,1,School-Age Only,False,False,False,False,False,False,False,True,60,,,,,,,,,,,,,,,,,,,,
1919,1,Child Care Center,False,False,False,True,True,True,True,False,33,,,,,,,,,,,,,,,,,,,,
2636,4,Child Care Center,False,False,False,False,True,True,True,False,40,,,,,,,,,,,,,,,,,,,,
1127,3,Child Care Center,False,False,False,True,True,True,True,True,60,,,,,,,,,,,,,,,,,,,,
572,3,Child Care Center,False,False,False,True,True,True,True,True,64,,,,,,,,,,National Early Childhood Program Accreditation (NECPA),Accredited Program,,,,,,,,,
510,1,Family Child Care,False,False,True,True,True,True,True,True,8,,,,,,,,,,,,,,,,,,,,
3378,4,Child Care Center,False,False,False,False,True,True,True,True,77,,,,,,,,,,,,,,,,,,,,
6960,4,Child Care Center,False,False,False,True,True,True,True,False,,,,,,,,,,,,,,,,,,,,,
1703,5,Child Care Center,True,True,False,True,True,True,True,False,,,,,,,Maryland Accreditation,,,,,Accredited Program,,,,,,,,,
6381,1,Child Care Center,False,False,False,True,True,True,True,False,29,,,,,,,,,,,,,,,,,,,,
3412,4,Child Care Center,False,False,False,True,True,True,True,False,37,,,,,,,,,,,,,,,,,,,,
2340,1,Child Care Center,True,True,False,True,True,True,True,False,71,,,,,,,,,,,,,,,,,,,,
2527,1,School-Age Only,False,False,False,False,False,False,False,True,45,,,,,,,,,,,,,,,,,,,,
1885,3,Family Child Care,False,False,True,True,True,True,True,True,8,,,,,,,,,,,,,,,,,,,,
5292,1,Family Child Care,,,,,,,,,,,,,,,,,,,,,,,,,,,,,
188,3,Family Child Care,False,False,True,True,True,True,True,True,,,,,,,,,,,,,,,,,,,Military Child Care in Your Neighborhood,,
4401,1,Family Child Care,False,False,True,True,True,True,True,True,8,,,,,,,,,,,,,,,,,,,,
6761,3,Child Care Center,True,True,False,True,True,True,True,True,72,,,,,,,,,,,,,,,,,,,,
2192,4,Child Care Center,True,True,False,True,True,True,True,True,53,,,,,,,,,,,,,,,,,,,,
4259,4,Child Care Center,False,False,False,True,True,True,True,True,29,,,,,,,,,,,,,,,,,,,,
1807,5,Child Care Center,False,False,False,False,True,True,True,False,40,,,,,,Maryland Accreditation,,,,,Accredited Program,,Cultural and Linguistic Competency,,,Health and Wellness,,,Quality Business Practices,
561,2,Child Care Center,True,True,False,True,True,True,True,True,40,,,,,,,,,,,,,,,,,,,,
3686,2,Child Care Center,True,True,False,True,True,True,True,False,29,,,,,,,,,,,,,,,,,,,,
3467,5,Child Care Center,,,,,,,,,,,,,,,,,,,,,,,,,,,,,
3486,3,Child Care Center,False,False,False,True,True,True,True,True,78,,,,,,,,,,,,,,,,,,,,
3933,1,Family Child Care,False,False,True,True,True,True,True,True,8,,,,,,,,,,,,,,,,,,,,
2953,3,Child Care Center,True,True,False,True,True,True,True,True,53,,,,,,,,,,,,,,,,,,,,
2414,1,Child Care Center,True,True,False,True,True,True,True,False,10,,,,,,,,,,,,,,,,,,,,
1444,4,Child Care Center,True,True,False,True,True,True,True,True,28,,,,,,,,,,,,,,,,,,,,
490,1,Family Child Care,False,False,True,True,True,True,True,True,8,,,,,,,,,,,,,,,,,,,,
1215,2,Family Child Care,False,False,True,True,True,True,True,True,8,,,,,,,,,,,,,,,,,,,,
1917,1,School-Age Only,False,False,False,False,False,True,True,True,80,,,,,,,,,,,,,,,,,,,,
3914,1,School-Age Only,False,False,False,False,False,True,True,True,80,,,,,,,,,,,,,,,,,,,,
923,1,School-Age Only,False,False,False,False,False,True,True,True,80,,,,,,,,,,,,,,,,,,,,
6517,1,School-Age Only,False,False,False,False,False,True,True,True,40,,,,,,,,,,,,,,,,,,,,
323,5,Child Care Center,True,True,False,True,True,True,True,True,20,,,,,,Maryland Accreditation,,,,,Accredited Program,,,,,,,,,
1213,1,Family Child Care,False,False,True,True,True,True,True,True,8,,,,,,,,,,,,,,,,,,,,
3926,1,Family Child Care,False,False,False,True,True,True,True,False,7,,,,,,,,,,,,,,,,,,,,
4199,1,Family Child Care,False,False,True,True,True,True,True,True,7,,,,,,,,,,,,,,,,,,,,
1571,1,Family Child Care,False,False,True,True,True,True,True,True,8,,,,,,,,,,,,,,,,,,,,
551,2,Family Child Care,False,False,True,True,True,True,True,True,8,,,,,,,,,,,,,,,,,,,,
2080,1,Family Child Care,False,False,True,True,True,True,True,True,8,,,,,,,,,,,,,,,,,,,,
320,1,Family Child Care,False,False,True,True,True,True,True,True,,,,,,,,,,,,,,,,,,,,,
4579,3,Family Child Care,False,False,True,True,True,True,True,True,6,,,,,,,,,,,,,,,,,,,,
6392,1,Child Care Center,False,False,False,True,True,True,True,True,18,,,,,,,,,,,,,,,,,,,,
5007,2,Large Family Child Care,False,False,True,True,True,True,True,True,12,,,,,,,,,,,,,,,,,,,,
3938,1,Family Child Care,False,False,True,True,True,True,True,True,8,,,,,,,,,,,,,,,,,,,,
2683,1,Family Child Care,False,False,True,True,True,True,True,True,8,,,,,,,,,,,,,,,,,,,,
3930,1,Family Child Care,False,False,True,True,True,True,True,True,8,,,,,,,,,,,,,,,,,,,,
1754,3,Family Child Care,False,False,True,True,True,True,True,True,8,,,,,,,,,,,,,,,,,,,,
6542,1,LOC,False,False,False,False,True,True,True,True,90,,,,,,,,,,,,,,,,,,,,
609,5,Public Prekindergarten,,,,,,,,,,,,,,,Maryland Accreditation,,,,,Accredited Program,,,,,,,,,
1704,5,Public Prekindergarten,,,,,,,,,,,,,,,Maryland Accreditation,,,,,Accredited Program,,,,,,,,,
7062,3,Family Child Care,False,False,True,True,True,True,True,True,8,,,,,,,,,,,,,,,,,,,,
2547,1,Family Child Care,False,False,True,True,True,True,True,True,8,,,,,,,,,,,,,,,,,,,,
40,4,Family Child Care,False,False,True,True,True,True,True,True,7,,,,,,,,,,,,,,,,,,,,
5168,3,Family Child Care,False,False,True,True,True,True,True,True,6,,,,,,,,,,,,,,,,,,,,
4389,1,Family Child Care,False,False,True,True,True,True,True,True,8,,,,,,,,,,,,,,,,,,,,
5073,1,Family Child Care,False,False,True,True,True,True,True,True,8,,,,,,,,,,,,,,,,,,,,
4506,3,Child Care Center,True,True,False,True,True,True,True,True,30,,,,,,,,,,,,,,,,,,,,
1840,1,School-Age Only,False,False,False,False,False,False,False,True,85,,,,,,,,,,,,,,,,,,,,
1554,1,School-Age Only,False,False,False,False,False,True,True,True,30,,,,,,,,,,,,,,,,,,,,
703,4,Public Prekindergarten,,,,,,,,,,,,,,,Maryland Accreditation,,,,,Accredited Program,,,,,,,,,
5435,3,Family Child Care,False,False,True,True,True,True,True,True,8,,,,,,,,,,,,,,,,,,,,
6913,1,Child Care Center,True,True,False,True,True,True,True,True,49,,,,,,,,,,,,,,,,,,,,
4268,1,Family Child Care,False,False,True,True,True,True,True,True,8,,,,,,,,,,,,,,,,,,,,
1909,1,Family Child Care,False,False,True,True,True,True,True,True,8,,,,,,,,,,,,,,,,,,,,
407,1,Family Child Care,False,False,True,True,True,True,True,True,8,,,,,,,,,,,,,,,,,,,,
2419,1,Family Child Care,False,False,True,True,True,True,True,True,8,,,,,,,,,,,,,,,,,,,,
4912,3,Family Child Care,False,False,True,True,True,True,True,True,8,,,,,,,,,,,,,,,,,,,,
6302,1,Family Child Care,False,False,True,True,True,True,True,True,8,,,,,,,,,,,,,,,,,,,,
605,5,Public Prekindergarten,,,,,,,,,,,,,,,Maryland Accreditation,,,,,Accredited Program,,,,,,,,,
910,2,Child Care Center,False,False,False,True,True,True,True,True,20,,,,,,,,,,,,,,,,,,,,
4288,1,Child Care Center,False,False,False,True,True,True,True,True,20,,,,,,,,,,,,,,,,,,,,
1147,3,Child Care Center,False,False,False,True,True,True,True,True,29,,,,,,,,,,,,,,,,,,,,
4022,4,Child Care Center,True,True,False,True,True,True,True,False,63,,,,,,,,,,,,,,,,,,,,
2243,4,LOC,False,False,False,False,True,True,True,True,360,,,,,,,,,,,,,,,,,,,,
300,1,Child Care Center,False,False,False,True,True,True,True,False,,,,,,,,,,,,,,,,,,,,,
1644,2,Child Care Center,True,True,False,True,True,False,False,False,62,,,,,,,,,,,,,,,,,,,,
2902,4,Family Child Care,False,False,True,True,True,True,True,False,8,,,,,,,,,,,,,,,,,,,,
1584,3,Child Care Center,True,True,False,True,True,True,True,True,124,,,,,,,,,,,,,,,,,,,,
4790,1,Family Child Care,False,False,True,True,True,True,True,True,8,,,,,,,,,,,,,,,,,,,,
3537,1,School-Age Only,False,False,False,False,False,True,True,True,60,,,,,,,,,,,,,,,,,,,,
4200,2,Family Child Care,False,False,True,True,True,True,True,True,8,,,,,,,,,,,,,,,,,,,,
413,3,Child Care Center,True,True,False,True,True,True,True,True,13,,,,,,,,,,,,,,,,,,,,
2054,1,Child Care Center,True,True,False,True,True,True,True,True,149,,,,,,,,,,,,,,,,,,,,
5027,3,Child Care Center,False,False,False,True,True,True,True,True,30,,,,,,,,,,,,,,,,,,,,
4839,4,Child Care Center,True,True,False,True,True,True,True,True,35,,,,,,,,,,,,,,,,,,,,
6195,1,Family Child Care,False,False,True,True,True,True,True,True,6,,,,,,,,,,,,,,,,,,,,
991,1,Child Care Center,True,True,False,True,True,True,True,True,16,,,,,,,,,,,,,,,,,,,,
1023,3,Family Child Care,False,False,True,True,True,True,True,True,7,,,,,,,,,,,,,,,,,,,,
5801,3,Family Child Care,False,False,True,True,True,True,True,True,8,,,,,,,,,,,,,,,,,,,Quality Business Practices,
428,1,LOC,False,False,False,False,True,True,True,True,121,,,,,,,,,,,,,,,,,,,,
7047,2,Family Child Care,False,False,True,True,True,True,True,True,8,,,,,,,,,,,,,,,,,,,,
3875,1,Family Child Care,False,False,True,True,True,True,True,True,8,,,,,,,,,,,,,,,,,,,,
2555,3,Family Child Care,False,False,True,True,True,True,True,True,8,,,,,,,,,,,,,,,,,,,,
2417,1,Family Child Care,False,False,True,True,True,True,True,True,8,,,,,,,,,,,,,,,,,,,,
649,2,Family Child Care,False,False,True,True,True,True,True,True,5,,,,,,,,,,,,,,,,,,,,
565,1,Child Care Center,True,True,False,True,True,True,True,False,18,,,,,,,,,,,,,,,,,,,,
6234,1,Family Child Care,False,False,True,True,True,True,True,True,8,,,,,,,,,,,,,,,,,,,,
6010,1,Family Child Care,False,False,True,True,True,True,True,False,8,,,,,,,,,,,,,,,,,,,,
251,3,Child Care Center,False,False,False,False,True,True,True,False,20,,,,,,,,,,,,,,,,,,,,
3046,3,Child Care Center,False,False,False,False,True,True,True,True,36,,,,,,,,,,,,,,,,,,,,
4612,3,Child Care Center,False,False,False,False,True,True,True,False,60,,,,,,,,,,,,,,,,,,,,
6516,3,Child Care Center,False,False,False,False,True,True,True,False,20,,,,,,,,,,,,,,,,,,,,
1015,3,Child Care Center,False,False,False,False,True,True,True,False,40,,,,,,,,,,,,,,,,,,,,
3278,3,Child Care Center,False,False,False,False,True,True,True,True,34,,,,,,,,,,,,,,,,,,,,
221,3,Child Care Center,False,False,False,False,True,True,True,True,38,,,,,,,,,,,,,,,,,,,,
1284,3,Child Care Center,False,False,False,False,True,True,True,True,57,,,,,,,,,,,,,,,,,,,,
6549,3,Child Care Center,False,False,False,True,True,True,True,False,60,,,,,,,,,,,,,,,,,,,,
1820,3,Child Care Center,False,False,False,False,True,True,True,False,30,,,,,,,,,,,,,,,,,,,,
4204,1,Family Child Care,False,False,True,True,True,True,True,True,8,,,,,,,,,,,,,,,,,,,,
5094,2,Child Care Center,False,False,False,True,True,True,True,True,76,,,,,,,,,,,,,,,,,,,,
3783,1,Child Care Center,True,True,False,True,True,True,True,True,152,,,,,,,,,,,,,,,,,,,,
2312,5,Family Child Care,False,False,True,True,True,True,True,True,8,,,,,,,,,,,,,,,,Health and Wellness,,,Quality Business Practices,
6431,2,Large Family Child Care,False,False,True,True,True,True,True,True,12,,,,,,,,,,,,,,,,,,,,
6307,1,Family Child Care,False,False,True,True,True,True,True,False,7,,,,,,,,,,,,,,,,,,,,
1202,5,Family Child Care,False,False,True,True,True,True,True,True,8,,,,,,,,National Association for Family Child Care (NAFCC),,,Accredited Program,,,,,,,,,
1214,1,Family Child Care,False,False,True,True,True,True,True,True,8,,,,,,,,,,,,,,,,,,,,
860,1,Family Child Care,False,False,True,True,True,True,True,True,8,,,,,,,,,,,,,,,,,,,,
5531,5,Family Child Care,False,False,True,True,True,True,True,True,7,,,,,,,,National Association for Family Child Care (NAFCC),,,Accredited Program,,,,,,,,Quality Business Practices,
2359,1,Family Child Care,False,False,True,True,True,True,True,True,8,,,,,,,,,,,,,,,,,,,,
6237,1,Family Child Care,False,False,True,True,True,True,True,True,6,,,,,,,,,,,,,,,,,,,,
3395,3,Family Child Care,False,False,True,True,True,True,True,True,8,,,,,,,,,,,,,,,,,,,,
2234,4,Child Care Center,True,True,False,True,True,True,True,True,123,,,,,,,,,,,,,,,,,,,,
6528,3,Family Child Care,,,,,,,,,,,,,,,,,,,,,,,,,,,,,
5736,3,Family Child Care,False,False,False,True,True,True,True,True,4,,,,,,,,,,,,,,,,,,,,
87,2,Child Care Center,True,True,False,True,True,True,True,True,12,,,,,,,,,,,,,,,,,,,,
2819,1,Child Care Center,True,True,False,True,True,True,True,True,31,,,,,,,,,,,,,,,,,,,,
1906,1,Family Child Care,False,False,True,True,True,True,True,True,7,,,,,,,,,,,,,,,,,,,,
2021,3,Child Care Center,True,True,False,True,True,True,True,True,14,,,,,,,,,,,,,,,,,,,,
5290,1,Child Care Center,False,False,False,True,True,True,True,True,29,,,,,,,,,,,,,,,,,,,,
5904,1,Child Care Center,True,True,False,True,True,True,True,False,,,,,,,,,,,,,,,,,,,,,
4190,1,Child Care Center,False,False,False,True,True,True,True,True,,,,,,,,,,,,,,,,,,,,,
2651,1,Family Child Care,False,False,True,True,True,True,True,True,,,,,,,,,,,,,,,,,,,,,
6330,1,Family Child Care,False,False,True,True,True,True,True,True,8,,,,,,,,,,,,,,,,,,,,
315,1,Family Child Care,False,False,True,True,True,True,True,True,8,,,,,,,,,,,,,,,,,,,,
19,4,Public Prekindergarten,,,,,,,,,,,,,,,Maryland Accreditation,,,,,Accredited Program,,,,,,,,,
3884,1,Child Care Center,False,False,False,True,True,True,True,True,32,,,,,,,,,,,,,,,,,,,,
1160,1,Child Care Center,True,True,False,True,True,False,False,False,44,,,,,,,,,,,,,,,,,,,,
5868,1,Child Care Center,True,True,False,True,True,True,True,True,38,,,,,,,,,,,,,,,,,,,,
1755,3,Child Care Center,False,False,False,True,True,True,True,True,,,,,,,,,,,,,,,,,,,,,
21,3,Child Care Center,True,True,False,True,True,True,True,True,20,,,,,,,,,,,,,,,,,,,,
1562,4,Public Prekindergarten,,,,,,,,,,,,,,,Maryland Accreditation,,,,,Accredited Program,,,,,,,,,
4028,3,Family Child Care,False,False,True,True,True,True,True,True,8,,,,,,,,,,,,,,,,,,,,
581,3,Family Child Care,False,False,True,True,True,True,True,True,,,,,,,,,,,,,,,,,,,,,
4253,5,Public Prekindergarten,,,,,,,,,,,,,,,Maryland Accreditation,,,,,Accredited Program,,,,,,,,,
3616,1,Family Child Care,False,False,True,True,True,True,True,True,8,,,,,,,,,,,,,,,,,,,,
6798,1,Family Child Care,False,False,True,True,True,True,True,True,,,,,,,,,,,,,,,,,,,,,
5943,1,Family Child Care,False,False,True,True,True,True,True,True,8,,,,,,,,,,,,,,,,,,,,
2990,3,Family Child Care,False,False,True,True,True,True,True,True,8,,,,,,,,,,,,,,,,,,,,
3346,5,Family Child Care,False,False,True,True,True,True,True,True,8,,,,,,,,National Association for Family Child Care (NAFCC),,,Accredited Program,Asthma & Allergy Friendly,,,,,,Military Child Care in Your Neighborhood,Quality Business Practices,
1824,1,Family Child Care,False,False,True,True,True,True,True,True,,,,,,,,,,,,,,,,,,,,,
1436,3,Family Child Care,False,False,True,True,True,True,True,True,8,,,,,,,,,,,,,,,,,,,,
1662,3,Family Child Care,False,False,True,True,True,True,True,True,8,,,,,,,,,,,,,,,,,,,,
3511,1,Family Child Care,False,False,True,True,True,True,True,True,8,,,,,,,,,,,,,,,,,,,,
3713,3,Child Care Center,False,False,False,True,True,True,True,True,62,,,,,,,,,,,,,,,,,,,,
2382,3,Family Child Care,False,False,True,True,True,True,True,True,8,,,,,,,,,,,,,,,,,,,,
3057,1,Family Child Care,False,False,True,True,True,True,True,True,8,,,,,,,,,,,,,,,,,,,,
6831,1,Family Child Care,False,False,True,True,True,True,True,True,8,,,,,,,,,,,,,,,,,,,,
5778,1,Family Child Care,False,False,True,True,True,True,True,True,8,,,,,,,,,,,,,,,,,,,,
5469,3,Child Care Center,False,False,False,False,True,True,True,True,47,,,,,,,,,,,,,,,,,,,,
2125,3,Child Care Center,False,False,False,False,True,True,True,False,54,,,,,,,,,,,,,,,,,,,,
2827,5,Child Care Center,False,False,False,False,True,True,True,False,120,,,,,,Maryland Accreditation,,,,,Accredited Program,,,,,,,,,
5443,5,Child Care Center,False,False,False,False,True,True,True,False,68,,,,,,Maryland Accreditation,,,,,Accredited Program,,,,,,,,,
4329,2,Child Care Center,False,False,False,False,True,True,True,True,52,,,,,,,,,,,,,,,,,,,,
6821,3,Family Child Care,False,False,True,True,True,True,True,True,8,,,,,,,,,,,,,,,,,,,,
5886,1,Family Child Care,False,False,True,True,True,True,True,True,8,,,,,,,,,,,,,,,,,,,,
3928,1,Family Child Care,False,False,True,True,True,True,True,True,8,,,,,,,,,,,,,,,,,,,,
5150,1,Family Child Care,False,False,True,True,True,True,True,True,8,,,,,,,,,,,,,,,,,,,,
1553,1,Family Child Care,False,False,True,True,True,True,True,True,8,,,,,,,,,,,,,,,,,,,,
3435,1,Family Child Care,False,False,True,True,True,True,True,True,8,,,,,,,,,,,,,,,,,,,,
4555,1,Family Child Care,False,False,True,True,True,True,True,True,6,,,,,,,,,,,,,,,,,,,,
2684,4,Family Child Care,False,False,True,True,True,True,True,True,8,,,,,,,,,,,,,,,,,,,,
3418,1,Family Child Care,False,False,True,True,True,True,True,False,6,,,,,,,,,,,,,,,,,,,,
2759,4,Public Prekindergarten,,,,,,,,,,,,,,,Maryland Accreditation,,,,,Accredited Program,,,,,,,,,
6141,1,Child Care Center,True,True,False,True,True,True,True,True,87,,,,,,,,,,,,,,,,,,,,
6113,3,Family Child Care,False,False,True,True,True,True,True,True,7,,,,,,,,,,,,,,,,,,,,
6470,3,Family Child Care,False,False,True,True,True,True,True,True,8,,,,,,,,,,,,,,,,,,,,
5737,3,Family Child Care,False,False,True,True,True,True,True,True,8,,,,,,,,,,,,,,,,,,,,
5990,3,Family Child Care,False,False,True,True,True,True,True,True,7,,,,,,,,,,,,,,,,,,,,
1438,1,Family Child Care,False,False,True,True,True,True,True,True,8,,,,,,,,,,,,,,,,,,,,
7057,3,Family Child Care,False,False,True,True,True,True,True,True,8,,,,,,,,,,,,,,,,,,,,
6688,3,Family Child Care,False,False,True,True,True,True,True,True,8,,,,,,,,,,,,,,,,,,,,
1604,1,Family Child Care,False,False,True,True,True,True,True,True,8,,,,,,,,,,,,,,,,,,,,
6056,4,Public Prekindergarten,,,,,,,,,,,,,,,Maryland Accreditation,,,,,Accredited Program,,,,,,,,,
1062,5,Child Care Center,True,True,False,True,True,True,True,False,71,,,,,,Maryland Accreditation,,,,,Accredited Program,,,,,,,,,
1940,1,Child Care Center,True,True,False,True,True,False,False,False,31,,,,,,,,,,,,,,,,,,,,
472,1,Child Care Center,True,True,False,True,True,True,True,True,57,,,,,,,,,,,,,,,,,,,,
1303,1,Family Child Care,False,False,True,True,True,True,True,True,8,,,,,,,,,,,,,,,,,,,,
2702,1,Child Care Center,False,False,False,True,True,True,True,True,13,,,,,,,,,,,,,,,,,,,,
2680,3,Family Child Care,False,False,True,True,True,True,True,False,8,,,,,,,,,,,,,,,,,,,,
6362,3,Family Child Care,False,False,True,True,True,True,True,True,7,,,,,,,,,,,,,,,,,,,,
5347,3,Large Family Child Care,False,False,True,True,True,True,True,True,12,,,,,,,,,,,,,,,,,,,,
2044,3,Family Child Care,False,False,True,True,True,True,True,True,8,,,,,,,,,,,,,,,,,,,,
6969,1,School-Age Only,False,False,False,False,False,False,False,True,30,,,,,,,,,,,,,,,,,,,,
4814,1,Family Child Care,False,False,True,True,True,True,True,True,8,True,,,,,,,,,,,,,,,,,,,
6664,1,Family Child Care,False,False,True,True,True,True,True,True,8,,,,,,,,,,,,,,,,,,,,
2726,1,Child Care Center,False,False,False,True,True,True,True,True,25,,,,,,,,,,,,,,,,,,,,
3151,1,Family Child Care,False,False,True,True,True,True,True,True,7,,,,,,,,,,,,,,,,,,,,
2060,1,Child Care Center,False,False,False,True,True,True,True,True,100,,,,,,,,,,,,,,,,,,,,
1943,1,Family Child Care,False,False,True,True,True,True,True,True,8,,,,,,,,,,,,,,,,,,,,
3591,1,Family Child Care,False,False,True,True,True,True,True,True,8,,,,,,,,,,,,,,,,,,,,
1696,2,Family Child Care,False,False,True,True,True,True,True,True,6,,,,,,,,,,,,,,,,,,,,
6019,3,Family Child Care,False,False,True,True,True,True,True,True,8,,,,,,,,,,,,,,,,,,,,
4021,1,Family Child Care,False,False,True,True,True,True,True,True,8,,,,,,,,,,,,,,,,,,,,
679,1,Child Care Center,False,False,False,False,True,True,True,True,33,,,,,,,,,,,,,,,,,,,,
1402,1,Child Care Center,True,True,False,True,True,True,True,True,26,,,,,,,,,,,,,,,,,,,,
5325,3,Family Child Care,False,False,True,True,True,True,True,True,8,,,,,,,,,,,,,,,,,,,,
3766,1,School-Age Only,False,False,False,False,False,False,False,True,10,,,,,,,,,,,,,,,,,,,,
3416,1,Family Child Care,False,False,True,True,True,True,True,True,8,,,,,,,,,,,,,,,,,,,,
6559,1,Family Child Care,False,False,True,True,True,True,True,True,8,,,,,,,,,,,,,,,,,,,,
4887,3,Family Child Care,False,False,True,True,True,True,True,True,8,,,,,,,,,,,,,,,,,,,,
3922,1,Family Child Care,False,False,False,True,True,True,True,True,7,,,,,,,,,,,,,,,,,,,,
4391,3,School-Age Only,False,False,False,False,False,True,True,True,114,,,,,,,,,,,,,,,,,,,,
6703,3,School-Age Only,False,False,False,False,False,True,True,True,110,,,,,,,,,,,,,,,,,,,,
1721,2,School-Age Only,False,False,False,False,True,True,True,True,113,,,,,,,,,,,,,,,,,,,,
4410,1,School-Age Only,,,,,,,,,,,,,,,,,,,,,,,,,,,,,
377,3,School-Age Only,,,,,,,,,,,,,,,,,,,,,,,,,,,,,
4340,1,School-Age Only,False,False,False,False,False,False,False,True,45,,,,,,,,,,,,,,,,,,,,
1321,3,School-Age Only,,,,,,,,,,,,,,,,,,,,,,,,,,,,,
2287,1,Child Care Center,False,False,False,True,True,True,True,True,40,,,,,,,,,,,,,,,,,,,,
2415,1,School-Age Only,False,False,False,False,False,True,True,True,115,,,,,,,,,,,,,,,,,,,,
850,1,School-Age Only,False,False,False,False,False,True,True,True,45,,,,,,,,,,,,,,,,,,,,
3814,2,School-Age Only,False,False,False,False,False,True,True,True,30,,,,,,,,,,,,,,,,,,,,
4313,3,School-Age Only,False,False,False,False,False,True,True,True,119,,,,,,,,,,,,,,,,,,,,
4443,3,School-Age Only,False,False,False,False,False,True,True,True,150,,,,,,,,,,,,,,,,,,,,
4577,3,Child Care Center,False,False,False,True,True,True,True,True,25,,,,,,,,,,,,,,,,,,,,
3704,1,Child Care Center,False,False,False,True,True,True,True,True,,,,,,,,,,,,,,,,,,,,,
459,1,Family Child Care,False,False,True,True,True,True,True,True,8,,,,,,,,,,,,,,,,,,,,
1635,1,Child Care Center,False,False,False,True,True,True,True,True,15,,,,,,,,,,,,,,,,,,,,
3643,1,Family Child Care,False,False,True,True,True,True,True,True,7,,,,,,,,,,,,,,,,,,,,
5897,4,Public Prekindergarten,,,,,,,,,,,,,,,Maryland Accreditation,,,,,Accredited Program,,,,,,,,,
4462,2,Family Child Care,False,False,True,True,True,True,True,True,8,,,,,,,,,,,,,,,,,,,,
1983,4,Child Care Center,True,False,False,False,False,False,False,False,2,,,,,,,,,,,,,,,,,,,,
2963,1,Family Child Care,False,False,False,True,True,True,True,True,8,,,,,,,,,,,,,,,,,,,,
3573,3,Child Care Center,False,False,False,True,True,True,True,True,10,,,,,,,,,,,,,,,,,,,,
5147,2,Child Care Center,True,True,False,True,True,True,True,True,60,,,,,,,,,,,,,,,,,,,,
1226,4,Child Care Center,False,False,False,True,True,True,True,True,40,,,,,,,,,,,,,,,,,,,,
4437,1,Family Child Care,False,False,True,True,True,True,True,True,8,,,,,,,,,,,,,,,,,,,,
935,1,Family Child Care,False,False,True,True,True,True,True,True,8,,,,,,,,,,,,,,,,,,,,
1863,2,Family Child Care,False,False,True,True,True,True,True,True,8,,,,,,,,,,,,,,,,,,,,
4738,1,Family Child Care,False,False,True,True,True,True,True,True,8,,,,,,,,,,,,,,,,,,,,
2928,4,Public Prekindergarten,,,,,,,,,,,,,,,,,,,,,,,,,,,,,
1376,3,Family Child Care,False,False,True,True,True,True,True,True,7,,,,,,,,,,,,,,,,,,,,
3913,1,Family Child Care,False,False,True,True,True,True,True,True,8,,,,,,,,,,,,,,,,,,,,
3204,1,Family Child Care,False,False,True,True,True,True,True,True,8,,,,,,,,,,,,,,,,,,,,
4788,5,Public Prekindergarten,,,,,,,,,,,,,,,Maryland Accreditation,,,,,Accredited Program,,,,,,,,,
753,1,Child Care Center,False,False,False,True,True,True,True,True,104,,,,,,,,,,,,,,,,,,,,
5029,2,LOC,False,False,False,True,True,True,True,True,104,,,,,,,,,,,,,,,,,,,,
6968,5,Public Prekindergarten,,,,,,,,,,,,,,,Maryland Accreditation,,,,,Accredited Program,,,,,,,,,
2444,1,LOC,False,False,False,True,True,True,True,True,49,,,,,,,,,,,,,,,,,,,,
4934,3,Family Child Care,False,False,False,True,True,True,True,False,8,,,,,,,,,,,,,,,,,,,,
5848,1,Family Child Care,False,False,True,True,True,True,True,True,8,,,,,,,,,,,,,,,,,,,,
5682,1,Family Child Care,False,False,True,True,True,True,True,True,8,,,,,,,,,,,,,,,,,,,,
5604,5,Public Prekindergarten,,,,,,,,,,,,,,,Maryland Accreditation,,,,,Accredited Program,,,,,,,,,
1117,1,Child Care Center,True,True,False,True,True,True,True,True,19,,,,,,,,,,,,,,,,,,,,
1867,5,Child Care Center,True,True,False,True,True,True,True,False,113,,,,,,Maryland Accreditation,,,,,Accredited Program,,,,,,,,,
1108,1,Family Child Care,False,False,True,True,True,True,True,True,8,,,,,,,,,,,,,,,,,,,,
3819,1,Family Child Care,,,,,,,,,,,,,,,,,,,,,,,,,,,,,
175,1,Child Care Center,True,True,False,True,True,True,True,False,,,,,,,,,,,,,,,,,,,,,
3796,3,Child Care Center,,,,,,,,,,,,,,,,,,,,,,,,,,,,,
4056,3,Child Care Center,False,False,False,True,True,True,True,True,57,,,,,,,,,,,,,,,,,,,,
2488,3,Child Care Center,True,True,False,True,True,True,True,False,26,,,,,,,,,,,,,,,,,,,,
1144,4,Child Care Center,,,,,,,,,,,,,,,,,,,,,,,,,,,,,
6112,1,Child Care Center,True,True,False,True,True,True,True,True,26,,,,,,,,,,,,,,,,,,,,
4284,1,Child Care Center,False,False,False,True,True,True,True,True,58,,,,,,,,,,,,,,,,,,,,
5023,1,Child Care Center,True,True,False,True,True,True,True,True,24,,,,,,,,,,,,,,,,,,,,
1337,1,School-Age Only,False,False,False,False,False,False,False,True,14,,,,,,,,,,,,,,,,,,,,
6313,1,Child Care Center,False,False,False,True,True,True,True,True,26,,,,,,,,,,,,,,,,,,,,
5819,1,Large Family Child Care,False,False,True,True,True,True,True,True,12,,,,,,,,,,,,,,,,,,,,
5776,4,Child Care Center,True,True,False,True,True,True,True,True,205,,,,,,,,,,,,,,,,,,,,
4187,3,Child Care Center,True,True,False,True,True,True,True,True,46,,,,,,,,,,,,,,,,,,,,
6448,4,Family Child Care,False,False,True,True,True,True,True,True,8,,,,,,,,,,,,,,,,,,,,
4962,2,Family Child Care,False,False,True,True,True,True,True,True,7,,,,,,,,,,,,,,,,,,,,
3195,1,Family Child Care,False,False,True,True,True,True,True,True,7,,,,,,,,,,,,,,,,,,,,
6248,2,Family Child Care,False,False,True,True,True,True,True,True,8,,,,,,,,,,,,,,,,,,,,
5343,3,Family Child Care,False,False,True,True,True,True,True,True,7,,,,,,,,,,,,,,,,,,,,
5748,3,Large Family Child Care,False,False,True,True,True,True,True,False,12,,,,,,,,,,,,,,,,,,,,
5823,2,Family Child Care,False,False,True,True,True,True,True,True,6,,,,,,,,,,,,,,,,,,,,
3929,3,Family Child Care,False,False,True,True,True,True,True,True,8,,,,,,,,,,,,Asthma & Allergy Friendly,,,,,,,Quality Business Practices,
3974,2,Family Child Care,False,False,True,True,True,True,True,True,8,,,,,,,,,,,,,,,,,,,,
914,3,Family Child Care,False,False,True,True,True,True,True,True,8,,,,,,,,,,,,,,,,,,,,
514,3,Family Child Care,False,False,True,True,True,True,True,True,8,,,,,,,,,,,,,,,,,,,,
1084,3,Family Child Care,False,False,True,True,True,True,True,True,8,,,,,,,,,,,,,,,,,,,,
410,2,Family Child Care,False,False,True,True,True,True,True,True,6,,,,,,,,,,,,,,,,,,,,
3420,3,Family Child Care,False,False,True,True,True,True,True,True,8,,,,,,,,,,,,,,,,,,,,
2717,2,Family Child Care,False,False,True,True,True,True,True,False,7,,,,,,,,,,,,,,,,,,,,
3413,4,Public Prekindergarten,,,,,,,,,,,,,,,,,,,,,,,,,,,,,
4894,1,Child Care Center,False,False,False,True,True,True,True,True,30,,,,,,,,,National Association for the Education of Young Children (NAEYC),,Accredited Program,,,,,,,,,
2232,1,Family Child Care,False,False,False,True,True,True,True,True,4,,,,,,,,,,,,,,,,,,,,
4196,3,Family Child Care,False,False,True,True,True,True,True,True,6,,,,,,,,,,,,,,,,,,,,
5629,1,Family Child Care,False,False,True,True,True,True,True,True,8,,,,,,,,,,,,,,,,,,,,
6958,1,Family Child Care,False,False,True,True,True,True,True,True,8,,,,,,,,,,,,,,,,,,,,
3543,3,Child Care Center,False,False,False,True,True,True,True,False,8,,,,,,,,,,,,,,,,,,,,
2201,3,Child Care Center,True,True,False,True,True,True,True,True,16,,,,,,,,,,,,,,,,,,,,
5143,1,Family Child Care,False,False,True,True,True,True,True,True,8,,,,,,,,,,,,,,,,,,,,
6899,4,Large Family Child Care,False,False,True,True,True,True,True,True,11,,,,,,,,,,,,,,,,,,,,
6155,1,Family Child Care,False,False,True,True,True,True,True,True,6,,,,,,,,,,,,,,,,,,,,
2884,1,Family Child Care,False,False,True,True,True,True,True,True,7,,,,,,,,,,,,,,,,,,,,
44,3,Family Child Care,False,False,True,True,True,True,True,True,8,,,,,,,,,,,,,,,,,,,,
4633,1,Family Child Care,False,False,True,True,True,True,True,True,8,,,,,,,,,,,,,,,,,,,,
5304,1,Family Child Care,False,False,True,True,True,True,True,True,8,,,,,,,,,,,,,,,,,,,,
4010,1,Family Child Care,,,,,,,,,,,,,,,,,,,,,,,,,,,,,
4947,3,Family Child Care,False,False,True,True,True,True,True,True,8,,,,,,,,,,,,Asthma & Allergy Friendly,,,,,,,Quality Business Practices,
669,3,Family Child Care,False,False,True,True,True,True,True,True,8,,,,,,,,,,,,,,,,,,,,
6445,1,Child Care Center,True,True,False,True,True,True,True,True,97,,,,,,,,,,,,,,,,,,,,
5116,1,Child Care Center,True,True,False,True,True,True,True,True,54,,,,,,,,,,,,,,,,,,,,
5059,3,Child Care Center,True,True,False,True,True,True,True,True,22,,,,,,,,,,,,,,,,,,,,
6400,3,Child Care Center,True,True,False,True,True,True,True,True,42,,,,,,,,,,,,,,,,,,,,
1093,1,Child Care Center,False,False,False,True,True,True,True,True,20,,,,,,,,,,,,,,,,,,,,
349,4,Child Care Center,True,True,False,True,True,True,True,True,57,,,,,,,,,,,,,,,,,,,,
5807,3,Child Care Center,True,True,False,True,True,True,True,True,,,,,,,,,,,,,,,,,,,,,
2562,3,School-Age Only,False,False,False,False,False,True,True,True,60,,,,,,,,,,,,,,,,,,,,
5951,3,Child Care Center,True,True,False,True,True,True,True,True,19,,,,,,,,,,,,,,,,,,,,
2572,3,Large Family Child Care,False,False,True,True,True,True,True,False,12,,,,,,,,,,,,,,,,,,,,
6256,3,Family Child Care,False,False,False,False,False,False,False,True,5,,,,,,,,,,,,,,,,,,,,
6583,1,Family Child Care,False,False,True,True,True,True,True,True,8,,,,,,,,,,,,,,,,,,,,
2700,3,Family Child Care,False,False,True,True,True,True,True,True,8,,,,,,,,,,,,,,,,,,,,
6948,5,Family Child Care,False,False,True,True,True,True,True,False,8,True,,,,,,,National Association for Family Child Care (NAFCC),,,Accredited Program,Asthma & Allergy Friendly,,Eco-Friendly Program,,,,Military Child Care in Your Neighborhood,,
1806,1,Family Child Care,False,False,True,True,True,True,True,True,8,,,,,,,,,,,,,,,,,,,,
1476,1,Family Child Care,False,False,True,True,True,True,True,True,8,,,,,,,,,,,,,,,,,,,,
4784,2,Family Child Care,False,False,True,True,True,True,True,True,8,,,,,,,,,,,,,,,,,,,,
2885,4,Child Care Center,True,True,False,True,True,True,True,False,15,,,,,,,,,,,,,,,,,,,,
1429,2,Child Care Center,False,False,False,True,True,True,True,False,10,,,,,,,,,,,,,,,,,,,,
1009,3,Child Care Center,True,True,False,True,True,True,True,True,,,,,,,,,,,,,,,,,,,,,
2774,1,Child Care Center,False,False,False,True,True,True,True,True,20,,,,,,,,,,,,,,,,,,,,
6621,4,Child Care Center,True,True,False,True,True,True,True,True,38,,,,,,,,,,,,,,,,,,,,
5098,4,Child Care Center,False,False,False,True,True,True,True,True,,,,,,,,,,,,,,,,,,,,,
2750,3,Family Child Care,False,False,True,True,True,True,True,True,8,,,,,,,,,,,,,,,,,,,Quality Business Practices,
4372,3,Family Child Care,False,False,True,True,True,True,True,True,8,,,,,,,,,,,,,,,,,,,,
6826,1,Child Care Center,True,True,False,True,True,True,True,True,53,,,,,,,,,,,,,,,,,,,,
1305,1,Child Care Center,True,True,False,True,True,True,True,False,,,,,,,,,,,,,,,,,,,,,
7059,2,Family Child Care,False,False,True,True,True,True,True,True,8,,,,,,,,,,,,,,,,,,,,
6728,4,Child Care Center,True,True,False,True,True,True,True,True,28,,,,,,,,,,,,,,,,,,,,
108,1,Family Child Care,False,False,True,True,True,True,True,True,8,,,,,,,,,,,,,,,,,,,,
3433,5,Family Child Care,False,False,True,True,True,True,True,True,8,,,,,,,,National Association for Family Child Care (NAFCC),,,Accredited Program,,,,,,,,Quality Business Practices,
3421,1,Family Child Care,False,False,True,True,True,True,True,True,8,,,,,,,,,,,,,,,,,,,,
3518,3,Family Child Care,False,False,True,True,True,True,True,True,7,True,,,,,,,,,,,,,,,,,,,
6447,3,Family Child Care,False,False,True,True,True,True,True,True,8,,,,,,,,,,,,,,,,,,,,
3088,1,Family Child Care,False,False,True,True,True,True,True,True,5,,,,,,,,,,,,,,,,,,,,
2045,3,Family Child Care,False,False,True,True,True,True,True,True,7,,,,,,,,,,,,Asthma & Allergy Friendly,,,,,,,,
1915,1,Family Child Care,False,False,True,True,True,True,True,True,8,,,,,,,,,,,,,,,,,,,,
5635,3,Family Child Care,False,False,True,True,True,True,True,True,8,,,,,,,,,,,,,,,,,,,,
6271,1,Child Care Center,True,True,False,True,True,True,True,True,51,,,,,,,,,,,,,,,,,,,,
5546,1,Child Care Center,False,False,False,True,True,True,True,True,20,,,,,,,,,,,,,,,,,,,,
54,4,Child Care Center,True,True,False,True,True,True,True,True,62,,,,,,,,,,,,,,,,,,,,
4497,3,Child Care Center,True,True,False,True,True,True,True,False,95,,,,,,,,,,,,,,,,,,,,
31,1,Child Care Center,True,True,False,True,True,True,True,True,15,,,,,,,,,,,,,,,,,,,,
5965,1,Child Care Center,True,True,False,True,True,True,True,True,23,,,,,,,,,,,,,,,,,,,,
5571,4,Large Family Child Care,False,False,True,True,True,True,True,True,12,,,,,,,,,,,,,,Eco-Friendly Program,,,Judy Center,Military Child Care in Your Neighborhood,,
4716,5,Public Prekindergarten,,,,,,,,,,,,,,,Maryland Accreditation,,,,,Accredited Program,,,,,,,,,
5199,1,Child Care Center,False,False,False,True,True,True,True,True,20,,,,,,,,,,,,,,,,,,,,
2369,3,Child Care Center,True,True,False,True,True,True,True,True,57,,,,,,Maryland Accreditation,,,,,Accredited Program,,,,,,,,,
6906,2,Family Child Care,False,False,True,True,True,True,True,False,6,,,,,,,,,,,,,,,,,,,,
592,3,Family Child Care,False,False,True,True,True,True,True,True,8,,,,,,,,,,,,,,,,,,,,
3939,1,Family Child Care,False,False,True,True,True,True,True,True,8,,,,,,,,,,,,,,,,,,,,
6879,1,Family Child Care,False,False,True,True,True,True,True,True,8,,,,,,,,,,,,,,,,,,,,
181,5,Child Care Center,True,True,False,True,True,True,True,True,28,,,,,,Maryland Accreditation,,,,,Accredited Program,,,,,,,,,
4617,1,Family Child Care,False,False,True,True,True,True,True,True,8,,,,,,,,,,,,,,,,,,,,
6597,3,Large Family Child Care,False,False,True,True,True,True,True,True,11,,,,,,,,,,,,,,,,,,,,
863,1,Family Child Care,False,False,True,True,True,True,True,True,8,,,,,,,,,,,,,,,,,,,,
1179,1,Family Child Care,False,False,True,True,True,True,True,True,,,,,,,,,,,,,,,,,,,,,
6813,3,Child Care Center,False,False,False,True,True,True,True,True,,,,,,,,,,,,,,,,,,,,,
1497,3,Child Care Center,True,True,False,True,True,True,True,True,40,,,,,,,,,,,,,,,,,,,,
2017,3,Child Care Center,True,True,False,True,True,True,True,True,73,,,,,,,,,,,,,,,,,,,,
3665,3,Child Care Center,True,True,False,True,True,True,True,True,59,,,,,,,,,,,,,,,,,,,,
796,3,Child Care Center,True,True,False,True,True,True,True,True,29,,,,,,,,,,,,,,,,,,,,
877,1,Child Care Center,False,False,False,True,True,True,True,True,18,,,,,,,,,,,,,,,,,,,,
2834,1,Child Care Center,True,True,False,True,True,True,True,True,33,,,,,,,,,,,,,,,,,,,,
1503,1,Child Care Center,True,True,False,True,True,True,True,True,149,,,,Association of Independent Maryland Schools (AIMS),,,,,,,Accredited Program,,,,,,,,,
3298,2,Child Care Center,False,False,False,True,True,True,True,True,10,,,,,,,,,,,,,,,,,,,,
6285,1,Child Care Center,False,False,False,True,True,True,True,True,22,,,,,,,,,,,,,,,,,,,,
1504,1,Family Child Care,False,False,True,True,True,True,True,True,8,,,,,,,,,,,,,,,,,,,,
5725,3,Child Care Center,True,True,False,True,True,True,True,True,28,True,,,,,,,,,,,,,,,,,,,
122,4,Family Child Care,False,False,True,True,True,True,True,True,8,,,,,,,,,,,,,,,,,,,,
4295,1,Family Child Care,False,False,False,True,True,True,True,True,8,,,,,,,,,,,,,,,,,,,,
4282,1,Family Child Care,False,False,True,True,True,True,True,True,,,,,,,,,,,,,,,,,,,,,
2010,5,Large Family Child Care,False,False,True,True,True,True,True,True,12,,,,,,,,National Association for Family Child Care (NAFCC),,,Accredited Program,,,,,,,,,
1485,3,Family Child Care,False,False,True,True,True,True,True,True,6,,,,,,,,,,,,,,,,,,,Quality Business Practices,
5086,1,School-Age Only,False,False,False,False,False,False,False,True,30,,,,,,,,,,,,,,,,,,,,
5044,1,School-Age Only,False,False,False,False,False,False,False,True,90,,,,,,,,,,,,,,,,,,,,
1831,1,School-Age Only,False,False,False,False,False,False,False,True,60,,,,,,,,,,,,,,,,,,,,
6792,1,School-Age Only,False,False,False,False,False,False,False,True,30,,,,,,,,,,,,,,,,,,,,
3978,1,School-Age Only,False,False,False,False,False,False,False,True,30,,,,,,,,,,,,,,,,,,,,
6768,1,Family Child Care,False,False,True,True,True,True,True,False,7,,,,,,,,,,,,,,,,,,,,
2573,1,Family Child Care,False,False,True,True,True,True,True,True,,,,,,,,,,,,,,,,,,,,,
2100,1,Family Child Care,False,False,True,True,True,True,True,True,8,,,,,,,,,,,,,,,,,,,,
1392,1,Family Child Care,,,,,,,,,,,,,,,,,,,,,,,,,,,,,
3860,2,Family Child Care,False,False,True,True,True,True,True,True,8,,,,,,,,,,,,,,,,,,,,
5887,1,Family Child Care,False,False,True,True,True,True,True,True,7,,,,,,,,,,,,,,,,,,,,
6331,1,Family Child Care,False,False,True,True,True,True,True,True,8,,,,,,,,,,,,,,,,,,,,
2616,3,Family Child Care,False,False,True,True,True,True,True,True,6,,,,,,,,,,,,,,,,,,,,
4185,1,Family Child Care,False,False,True,True,True,True,True,True,6,,,,,,,,,,,,,,,,,,,,
3010,4,Family Child Care,False,False,True,True,True,True,True,True,,,,,,,,,,,,,,,,,,,,,
334,4,Public Prekindergarten,,,,,,,,,,,,,,,Maryland Accreditation,,,,,Accredited Program,,,,,,,,,
3385,1,Family Child Care,False,False,True,True,True,True,True,True,8,,,,,,,,,,,,,,,,,,,,
6015,1,Family Child Care,False,False,True,True,True,True,True,True,8,,,,,,,,,,,,,,,,,,,,
2348,1,Child Care Center,False,False,False,False,True,True,True,True,47,,,,,,,,,,,,,,,,,,,,
2109,1,School-Age Only,False,False,False,False,False,False,False,True,45,,,,,,,,,,,,,,,,,,,,
6344,2,Family Child Care,False,False,True,True,True,True,True,True,8,,,,,,,,,,,,,,,,,,,,
5259,1,Family Child Care,False,False,True,True,True,True,True,False,8,,,,,,,,,,,,,,,,,,,,
176,4,Large Family Child Care,,,,,,,,,,,,,,,,,,,,,,,,,,,,,
1285,5,Child Care Center,True,True,False,True,True,True,True,True,83,,,,,,,,,,National Early Childhood Program Accreditation (NECPA),Accredited Program,,,,,,,,,
403,1,Family Child Care,False,False,True,True,True,True,True,True,8,,,,,,,,,,,,,,,,,,,,
5945,1,Family Child Care,False,False,True,True,True,True,True,True,8,,,,,,,,,,,,,,,,,,,,
1446,2,Family Child Care,False,False,True,True,True,True,True,True,8,,,,,,,,,,,,,,,,,,,,
705,1,Family Child Care,False,False,True,True,True,True,True,True,,,,,,,,,,,,,,,,,,,,,
3353,1,Family Child Care,False,False,True,True,True,True,True,True,8,,,,,,,,,,,,,,,,,,,,
5005,1,Family Child Care,False,False,True,True,True,True,True,True,7,,,,,,,,,,,,,,,,,,,,
4769,1,Family Child Care,False,False,True,True,True,True,True,True,,,,,,,,,,,,,,,,,,,,,
4333,5,Public Prekindergarten,,,,,,,,,,,,,,,Maryland Accreditation,,,,,Accredited Program,,,,,,,,,
6893,4,Child Care Center,True,True,False,True,True,True,True,True,57,,,,,,,,,,,,,,,,,,,,
6289,2,Child Care Center,True,True,False,True,True,True,True,True,26,,,,,,,,,,,,,,,,,,,,
2875,1,Child Care Center,True,True,False,True,True,True,True,True,50,,,,,,,,,,,,,,,,,,,,
6659,4,Child Care Center,True,True,False,True,True,True,True,True,,,,,,,,,,,,,,,,,,,,,
5706,4,Child Care Center,True,True,False,True,True,True,True,True,78,,,,,,,,,,,,,,,,,,,,
1998,2,Family Child Care,False,False,False,True,True,True,True,True,8,,,,,,,,,,,,,,,,,,,,
3620,1,Family Child Care,False,False,True,True,True,True,True,True,8,,,,,,,,,,,,,,,,,,,,
3925,1,Family Child Care,False,False,True,True,True,True,True,True,8,,,,,,,,,,,,,,,,,,,,
5421,1,Family Child Care,False,False,True,True,True,True,True,True,8,,,,,,,,,,,,,,,,,,,,
3842,1,Child Care Center,False,True,False,True,True,True,True,False,130,,,,,,,,,,,,,,,,,,,,
4975,1,Child Care Center,False,False,False,True,True,True,True,True,20,,,,,,,,,,,,,,,,,,,,
6465,3,Family Child Care,False,False,True,True,True,True,True,True,8,,,,,,,,,,,,,,,,,,,,
1901,1,Family Child Care,False,False,True,True,True,True,True,True,,,,,,,,,,,,,,,,,,,,,
962,1,Family Child Care,False,False,True,True,True,True,True,True,8,,,,,,,,,,,,,,,,,,,,
2540,3,Family Child Care,False,False,True,True,True,True,True,True,8,,,,,,,,,,,,,,,,,,,,
4533,3,Family Child Care,False,False,True,True,True,True,True,True,8,,,,,,,,,,,,,,,,,,,,
6039,4,Child Care Center,True,True,False,True,True,True,True,True,137,,,,,,,,,,,,,,,,,,,,
2642,4,Child Care Center,True,True,False,True,True,True,True,True,30,,,,,,,,,,,,,,,,,,,,
2053,3,Family Child Care,False,False,True,True,True,True,True,True,8,,,,,,,,,,,,,,,,,,,,
949,3,Child Care Center,True,True,False,True,True,True,True,True,15,,,,,,,,,,,,,,,,,,,,
2233,3,Family Child Care,False,False,True,True,True,True,True,True,8,,,,,,,,,,,,,,,,,,,,
6655,1,Child Care Center,True,True,False,True,True,False,False,False,28,,,,,,,,,,,,,,,,,,,,
2899,3,Family Child Care,False,False,True,True,True,True,True,True,8,,,,,,,,,,,,,,,,,,,,
1973,3,Large Family Child Care,False,False,True,True,True,True,True,True,12,,,,,,,,,,,,,,,,,,,Quality Business Practices,
3490,1,Family Child Care,False,False,False,True,True,True,True,True,8,,,,,,,,,,,,,,,,,,,,
6320,3,Child Care Center,False,True,False,True,True,True,True,True,123,,,,,,,,,,,,,,,,,,,,
3072,1,Family Child Care,False,False,True,True,True,True,True,True,8,,,,,,,,,,,,,,,,,,,,
6738,1,Family Child Care,False,False,True,True,True,True,True,True,8,,,,,,,,,,,,,,,,,,,,
6897,1,Family Child Care,False,False,True,True,True,True,True,True,8,,,,,,,,,,,,,,,,,,,,
2499,4,Family Child Care,False,False,False,True,True,True,True,True,8,,,,,,,,,,,,,,,,,,,,
5985,3,Large Family Child Care,False,False,True,True,True,True,True,True,12,,,,,,,,,,,,,,,,,,,,
3253,1,Child Care Center,False,False,False,False,True,True,True,True,19,,,,,,,,,,,,,,,,,,,,
4061,1,Child Care Center,False,False,False,True,True,True,True,False,15,,,,,,,,,,,,,,,,,,,,
2187,3,Family Child Care,False,False,True,True,True,True,True,True,6,,,,,,,,,,,,,,,,,,,,
1239,1,Child Care Center,False,False,False,True,True,True,True,True,20,,,,,,,,,,,,,,,,,,,,
4718,1,Family Child Care,False,False,True,True,True,True,True,True,8,,,,,,,,,,,,,,,,,,,,
460,2,Family Child Care,False,False,True,True,True,True,True,True,8,,,,,,,,,,,,,,,,,,,,
2353,1,Family Child Care,False,False,True,True,True,True,True,True,6,,,,,,,,,,,,,,,,,,,,
3214,1,Family Child Care,False,False,True,True,True,True,True,True,8,,,,,,,,,,,,,,,,,,,,
3126,1,Family Child Care,False,False,True,True,True,True,True,True,8,,,,,,,,,,,,,,,,,,,,
4405,1,Family Child Care,False,False,True,True,True,True,True,True,4,,,,,,,,,,,,,,,,,,,,
4096,5,Family Child Care,False,False,True,True,True,True,True,True,8,,,,,,,,National Association for Family Child Care (NAFCC),,,Accredited Program,,,,,,,Military Child Care in Your Neighborhood,Quality Business Practices,
4064,5,Family Child Care,False,False,True,True,True,True,True,True,8,,,,,,,,National Association for Family Child Care (NAFCC),,,Accredited Program,,,,,,,,,
1096,2,Family Child Care,False,False,True,True,True,True,True,True,8,,,,,,,,,,,,,,,,,,,,
6984,3,Family Child Care,False,False,True,True,True,True,True,True,7,,,,,,,,,,,,,,,,,,,,
3560,1,Family Child Care,False,False,True,True,True,True,True,True,5,,,,,,,,,,,,,,,,,,,,
3876,1,Family Child Care,False,False,True,True,True,True,True,True,8,,,,,,,,,,,,,,,,,,,,
859,1,Family Child Care,False,False,True,True,True,True,True,True,8,,,,,,,,,,,,,,,,,,,,
6815,1,Family Child Care,False,False,True,True,True,True,True,True,8,,,,,,,,,,,,,,,,,,,,
1004,1,Large Family Child Care,,,,,,,,,10,,,,,,,,,,,,,,,,,,,,
4585,5,Family Child Care,False,False,True,True,True,True,True,True,7,,,,,,,,National Association for Family Child Care (NAFCC),,,Accredited Program,,,,,,,,,
302,1,Family Child Care,False,False,True,True,True,True,True,True,,,,,,,,,,,,,,,,,,,,,
1837,5,LOC,False,False,False,False,True,True,True,True,63,,,,,Cognia Early Learning Accreditation,,,,,,Accredited Program,,,,,,,,,
1106,2,LOC,False,False,False,True,True,True,True,True,61,,,,,,,,,,,,,,,,,,,,
6491,2,Child Care Center,True,True,False,True,False,False,False,False,36,,,,,,,,,,,,,,,,,,,,
2897,1,Family Child Care,False,False,True,True,True,True,True,True,8,,,,,,,,,,,,,,,,,,,,
3946,2,Child Care Center,True,True,False,True,True,True,True,True,22,,,,,,,,,,,,,,,,,,,,
369,1,LOC,False,False,False,False,False,True,True,True,90,,,,,,,,,,,,,,,,,,,,
3115,2,Child Care Center,True,True,False,True,True,True,True,True,19,,,,,,,,,,,,,,,,,,,,
5942,3,Family Child Care,False,False,True,True,True,True,True,True,8,,,,,,,,,,,,,,,,,,,,
6997,1,Family Child Care,False,False,True,True,True,True,True,True,8,,,,,,,,,,,,,,,,,,,,
3932,2,Family Child Care,False,False,True,True,True,True,True,True,5,,,,,,,,,,,,,,,,,,,,
352,3,Family Child Care,False,False,True,True,True,True,True,True,7,,,,,,,,,,,,,,,,,,,,
2685,1,Family Child Care,False,False,True,True,True,True,True,True,8,,,,,,,,,,,,,,,,,,,,
2628,1,Family Child Care,False,False,True,True,True,True,True,True,8,,,,,,,,,,,,,,,,,,,,
2183,1,Family Child Care,False,False,True,True,True,True,True,True,8,,,,,,,,,,,,,,,,,,,,
3519,1,Family Child Care,False,False,True,True,True,True,True,True,7,,,,,,,,,,,,,,,,,,,,
1823,1,Family Child Care,False,False,False,True,True,True,True,False,6,,,,,,,,,,,,,,,,,,,,
992,1,Family Child Care,False,False,True,True,True,True,True,True,8,,,,,,,,,,,,,,,,,,,,
170,1,Family Child Care,False,False,True,True,True,True,True,True,8,,,,,,,,,,,,,,,,,,,,
1784,5,Family Child Care,False,False,True,True,True,True,True,True,8,,,,,,,,National Association for Family Child Care (NAFCC),,,Accredited Program,Asthma & Allergy Friendly,Cultural and Linguistic Competency,Eco-Friendly Program,Family Engagement,Health and Wellness,,Military Child Care in Your Neighborhood,Quality Business Practices,
1731,1,Family Child Care,False,False,True,True,True,True,True,True,8,,,,,,,,,,,,,,,,,,,,
1005,1,Family Child Care,False,False,True,True,True,True,True,True,7,,,,,,,,,,,,,,,,,,,,
6490,3,Family Child Care,False,False,True,True,True,True,True,True,8,,,,,,,,,,,,,,,,,,,,
5493,1,Family Child Care,False,False,True,True,True,True,True,True,8,,,,,,,,,,,,,,,,,,,Quality Business Practices,
3745,1,Family Child Care,False,False,True,True,True,True,True,True,8,,,,,,,,,,,,,,,,,,,,
3271,1,Child Care Center,False,False,False,True,True,True,True,False,15,,,,,,,,,,,,,,,,,,,,
1151,1,Family Child Care,False,False,True,True,True,True,True,True,8,,,,,,,,,,,,,,,,,,,,
6814,2,Family Child Care,False,False,True,True,True,True,True,True,8,,,,,,,,,,,,,,,,,,,,
785,1,Family Child Care,False,False,True,True,True,True,True,True,8,,,,,,,,,,,,,,,,,,,,
5101,1,Family Child Care,False,False,True,True,True,True,True,True,8,,,,,,,,,,,,,,,,,,,,
4774,1,Family Child Care,False,False,True,True,True,True,True,True,7,,,,,,,,,,,,,,,,,,,,
988,5,Child Care Center,True,True,False,True,True,True,True,True,128,,,,,,,,,,National Early Childhood Program Accreditation (NECPA),Accredited Program,,,,,,,,,
6985,1,Family Child Care,False,False,True,True,True,True,True,True,8,,,,,,,,,,,,,,,,,,,,
4155,1,Family Child Care,False,False,True,True,True,True,True,True,7,,,,,,,,,,,,,,,,,,,,
4308,1,Family Child Care,False,False,True,True,True,True,True,False,8,,,,,,,,,,,,,,,,,,,,
4214,3,Family Child Care,False,False,True,True,True,True,True,True,8,,,,,,,,,,,,,,,,,,,,
2677,4,Family Child Care,False,False,True,True,True,True,True,True,8,,,,,,,,,,,,Asthma & Allergy Friendly,,,,,,,Quality Business Practices,
5581,3,Child Care Center,True,True,False,True,True,True,True,True,56,,,,,,,,,,,,,,,,,,,,
4966,4,Child Care Center,,,,,,,,,,,,,,,,,,,,,,,,,,,,,
5371,1,School-Age Only,False,False,False,False,False,True,True,True,100,,,,,,,,,,,,,,,,,,,,
696,5,Family Child Care,False,False,True,True,True,True,True,True,8,,,,,,Maryland Accreditation,,,,,,,,,,,Judy Center,,,
5159,3,Family Child Care,False,False,True,True,True,True,True,True,8,,,,,,,,,,,,,,,,,,,,
1145,3,Child Care Center,True,True,False,True,True,False,False,True,50,,,,,,,,,,,,,,,,,,,,
1927,1,Child Care Center,True,True,False,True,True,True,True,True,13,,,,,,,,,,,,,,,,,,,,
1027,1,Child Care Center,True,True,False,True,True,True,True,True,20,,,,,,,,,,,,,,,,,,,,
6064,1,Child Care Center,True,True,False,True,True,False,False,False,24,,,,,,,,,,,,,,,,,,,,
4630,1,Child Care Center,True,True,False,True,True,False,False,False,28,,,,,,,,,,,,,,,,,,,,
554,5,Child Care Center,False,False,False,False,True,True,True,False,85,,,,,,,,,,,Accredited Program,,,,,,,,,
6126,5,Child Care Center,False,False,False,False,True,True,True,False,40,,,,,,Maryland Accreditation,,,,,Accredited Program,,,,,,,,,
4087,1,Child Care Center,False,False,False,False,True,True,True,True,114,,,,,,,,,,,,,,,,,,,,
1684,5,Child Care Center,False,False,False,False,True,True,True,True,94,,,,,,Maryland Accreditation,,,,,Accredited Program,,,,,,,,,
4065,5,Child Care Center,False,False,False,False,True,True,True,True,58,,,,,,Maryland Accreditation,,,,,Accredited Program,,,,,,,,,
5283,1,Child Care Center,True,True,False,True,True,True,True,False,25,,,,,,,,,,,,,,,,,,,,
80,1,Child Care Center,True,True,False,True,True,False,False,False,14,,,,,,,,,,,,,,,,,,,,
1609,5,Child Care Center,False,False,False,False,True,True,True,False,94,,,,,,Maryland Accreditation,,,,,Accredited Program,,,,,,,,,
1203,5,LOC,False,False,False,True,True,True,True,True,109,,,,,Cognia Early Learning Accreditation,,,,,,Accredited Program,,,,,,,,,
5788,2,Family Child Care,False,False,True,True,True,True,True,True,8,,,,,,,,,,,,,,,,,,,,
5198,1,Family Child Care,False,False,True,True,True,True,True,True,7,,,,,,,,,,,,,,,,,,,,
5040,1,Family Child Care,False,False,True,True,True,True,True,True,8,,,,,,,,,,,,,,,,,,,,
688,4,Child Care Center,False,False,False,True,True,True,True,True,32,,,,,,,,,,,,,,,,,,,,
6287,3,Child Care Center,,,,,,,,,,,,,,,,,,,,,,,,,,,,,
4933,3,Family Child Care,False,False,True,True,True,True,True,True,8,,,,,,,,,,,,,,,,,,,,
6119,3,Family Child Care,False,False,True,True,True,True,True,True,8,,,,,,,,,,,,,,,,,,,,
5047,1,Family Child Care,False,False,True,True,True,True,True,True,8,,,,,,,,,,,,,,,,,,,,
128,1,Family Child Care,False,False,True,True,True,True,True,True,8,,,,,,,,,,,,,,,,,,,,
2665,1,Family Child Care,False,False,True,True,True,True,True,True,8,,,,,,,,,,,,,,,,,,,,
3019,2,Family Child Care,False,False,True,True,True,True,True,True,8,,,,,,,,,,,,,,,,,,,,
2984,1,Family Child Care,False,False,True,True,True,True,True,True,6,,,,,,,,,,,,,,,,,,,,
6990,3,Family Child Care,False,False,True,True,True,True,True,True,8,,,,,,,,,,,,,,,,,,,,
3506,1,Family Child Care,False,False,True,True,True,True,True,True,5,,,,,,,,,,,,,,,,,,,,
5266,5,Family Child Care,False,False,True,True,True,True,True,True,8,,,,,,,,National Association for Family Child Care (NAFCC),,,Accredited Program,,,,,,,,,
6775,1,Family Child Care,False,False,True,True,True,True,True,True,8,,,,,,,,,,,,,,,,,,,,
6437,2,Family Child Care,False,False,True,True,True,True,True,True,,,,,,,,,,,,,,,,,,,,,
6570,1,Family Child Care,False,False,True,True,True,True,True,True,6,,,,,,,,,,,,,,,,,,,,
6909,1,Family Child Care,False,False,True,True,True,True,True,True,8,,,,,,,,,,,,,,,,,,,,
5625,1,Family Child Care,False,False,True,True,True,True,True,True,8,,,,,,,,,,,,,,,,,,,,
6677,2,Family Child Care,False,False,True,True,True,True,True,True,6,,,,,,,,,,,,,,,,,,,,
6959,2,Family Child Care,False,False,True,True,True,True,True,True,8,,,,,,,,,,,,,,,,,,,,
4641,5,Large Family Child Care,False,False,True,True,True,True,True,False,12,,,,,,,,National Association for Family Child Care (NAFCC),,,Accredited Program,Asthma & Allergy Friendly,,Eco-Friendly Program,Family Engagement,Health and Wellness,Judy Center,Military Child Care in Your Neighborhood,Quality Business Practices,
1857,3,Family Child Care,False,False,True,True,True,True,True,False,8,,,,,,,,,,,,,,,,,,,,
1951,1,Family Child Care,False,False,True,True,True,True,True,True,8,,,,,,,,,,,,,,,,,,,,
286,1,Family Child Care,False,False,True,True,True,True,True,True,8,,,,,,,,,,,,,,,,,,,,
3687,1,Family Child Care,False,False,True,True,True,True,True,False,8,,,,,,,,,,,,,,,,,,,,
943,1,Family Child Care,False,False,True,True,True,True,True,True,8,,,,,,,,,,,,,,,,,,,,
2046,4,Family Child Care,False,False,True,True,True,True,True,True,8,,,,,,,,,,,,,,,,,,,,
3299,3,Family Child Care,False,False,True,True,True,True,True,True,8,,,,,,,,,,,,,,,,,,,,
4375,5,Public Prekindergarten,,,,,,,,,,,,,,,Maryland Accreditation,,,,,Accredited Program,,,,,,,,,
2901,1,Child Care Center,True,True,False,True,True,True,True,True,22,,,,,,,,,,,,,,,,,,,,
1389,4,Child Care Center,False,False,False,True,True,True,True,True,14,,,,,,,,,,,,,,,,,,,,
5628,4,Child Care Center,False,False,False,True,True,True,True,True,89,,,,,,,,,,,,,,,,,,,,
5160,1,Child Care Center,False,False,False,True,True,True,True,True,66,,,,,,,,,,,,,,,,,,,,
6153,1,Child Care Center,True,True,False,True,True,True,True,True,36,,,,,,,,,,,,,,,,,,,,
4552,1,Family Child Care,False,False,True,True,True,True,True,True,8,,,,,,,,,,,,,,,,,,,,
1195,1,Family Child Care,False,False,True,True,True,True,True,True,8,,,,,,,,,,,,,,,,,,,,
5291,1,Family Child Care,False,False,True,True,True,True,True,True,8,,,,,,,,,,,,,,,,,,,,
2311,1,Family Child Care,False,False,True,True,True,True,True,True,8,,,,,,,,,,,,,,,,,,,,
5475,1,Family Child Care,False,False,True,True,True,True,True,True,8,,,,,,,,,,,,,,,,,,,,
3780,3,Family Child Care,False,False,True,True,True,True,True,True,7,,,,,,,,,,,,,,,,,,,,
4468,1,Family Child Care,False,False,True,True,True,True,True,True,,,,,,,,,,,,,,,,,,,,Quality Business Practices,
4112,3,Family Child Care,False,False,False,True,True,True,True,True,8,,,,,,,,,,,,,,,,,,,,
3550,2,Family Child Care,False,False,True,True,True,True,True,True,8,,,,,,,,,,,,,,,,,,,,
5590,1,Family Child Care,False,False,True,True,True,True,True,True,8,,,,,,,,,,,,,,,,,,,,
2030,4,Large Family Child Care,False,False,True,True,True,True,True,True,12,,,,,,,,,,,,,,,,,,,,
4157,1,Family Child Care,False,False,True,True,True,True,True,True,8,,,,,,,,,,,,,,,,,,,,
6713,3,Child Care Center,False,False,False,True,True,True,True,True,60,,,,,,,,,,,,,,,,,,,,
6712,1,Family Child Care,False,False,True,True,True,True,True,True,8,,,,,,,,,,,,,,,,,,,,
2153,1,Family Child Care,False,False,True,True,True,True,True,False,8,,,,,,,,,,,,,,,,,,,,
2339,5,Child Care Center,False,True,False,True,True,True,True,True,65,,,,,,Maryland Accreditation,,,,,Accredited Program,,,,,,,,,
1796,2,Child Care Center,True,True,False,True,True,True,True,True,16,,,,,,,,,,,,,,,,,,,,
2582,3,Family Child Care,False,False,True,True,True,True,True,True,8,,,,,,,,,,,,,,,,,,,,
3341,1,Family Child Care,False,False,True,True,True,True,True,True,8,,,,,,,,,,,,,,,,,,,,
2365,2,Family Child Care,False,False,True,True,True,True,True,True,8,,,,,,,,,,,,,,,,,,,,
3830,5,Public Prekindergarten,,,,,,,,,,,,,,,Maryland Accreditation,,,,,Accredited Program,,,,,,,,,
1568,3,Family Child Care,False,False,True,True,True,True,True,True,,,,,,,,,,,,,Asthma & Allergy Friendly,,,,,,,,
3132,1,Family Child Care,False,False,True,True,True,True,True,True,8,,,,,,,,,,,,,,,,,,,,
804,1,Family Child Care,False,False,True,True,True,True,True,True,8,,,,,,,,,,,,,,,,,,,,
6898,5,Child Care Center,False,False,False,False,True,True,True,False,175,,,,,,Maryland Accreditation,,,,,Accredited Program,,,,,,,,,
4556,1,School-Age Only,False,False,False,False,False,False,False,True,120,,,,,,,,,,,,,,,,,,,,
5307,1,Family Child Care,False,False,True,True,True,True,True,True,8,,,,,,,,,,,,,,,,,,,,
1377,3,Family Child Care,False,False,True,True,True,True,True,True,8,,,,,,,,,,,,,,,,,,,,
2826,2,Family Child Care,False,False,True,True,True,True,True,True,8,,,,,,,,,,,,,,,,,,,,
6689,2,Family Child Care,False,False,True,True,True,True,True,True,8,,,,,,,,,,,,,,,,,,,,
6989,3,Family Child Care,False,False,True,True,True,True,True,True,8,,,,,,,,,,,,,,,,,,,,
5744,1,Family Child Care,False,False,True,True,True,True,True,True,8,,,,,,,,,,,,,,,,,,,,
5012,3,Family Child Care,False,False,True,True,True,True,True,True,8,,,,,,,,,,,,Asthma & Allergy Friendly,,,,,,,,
5841,1,Family Child Care,False,False,True,True,True,True,True,True,8,,,,,,,,,,,,,,,,,,,,
3256,4,Child Care Center,True,True,False,True,True,True,True,True,49,,,,,,,,,,,,,,,,,,,,
1835,2,Family Child Care,False,False,True,True,True,True,True,True,8,,,,,,,,,,,,,,,,,,,,
774,3,Family Child Care,False,False,True,True,True,True,True,True,8,,,,,,,,,,,,,,,,,,,,
6463,2,Family Child Care,False,False,True,True,True,True,True,True,,,,,,,,,,,,,,,,,,,,,
3758,1,Family Child Care,False,False,True,True,True,True,True,True,8,,,,,,,,,,,,,,,,,,,,
3702,5,Large Family Child Care,False,False,True,True,True,True,True,True,12,,,,,,,,National Association for Family Child Care (NAFCC),,,Accredited Program,,,,,,,,,
6629,3,Child Care Center,True,True,False,True,True,True,True,True,20,,,,,,,,,,,,,,,,Health and Wellness,,,Quality Business Practices,
1543,2,Child Care Center,True,True,False,True,True,False,False,False,18,,,,,,,,,,,,,,,,,,,,
5432,1,School-Age Only,False,False,False,False,False,False,False,True,15,,,,,,,,,,,,,,,,,,,,
2261,5,Public Prekindergarten,,,,,,,,,,,,,,,Maryland Accreditation,,,,,Accredited Program,,,,,,,,,
3309,1,Child Care Center,False,False,False,True,True,True,True,True,30,,,,,,,,,,,,,,,,,,,,
2041,3,Child Care Center,False,False,False,False,True,True,True,False,20,,,,,,,,,,,,,,,,,,,,
6963,3,Child Care Center,False,False,False,False,True,True,True,True,80,,,,,,,,,,,,,,,,,,,,
4595,3,Child Care Center,False,False,False,False,True,True,True,False,40,,,,,,,,,,,,,,,,,,,,
3479,3,Child Care Center,False,False,False,False,True,True,True,True,80,,,,,,,,,,,,,,,,,,,,
6278,1,Child Care Center,False,False,False,True,True,True,True,False,,,,,,,,,,,,,,,,,,,,,
5220,3,Child Care Center,False,False,False,False,True,True,True,True,36,,,,,,,,,,,,,,,,,,,,
2619,3,Family Child Care,False,False,True,True,True,True,True,True,8,,,,,,,,,,,,,,,,,,,,
6843,1,Family Child Care,False,False,True,True,True,True,True,True,8,,,,,,,,,,,,,,,,,,,,
447,1,Family Child Care,False,False,True,True,True,True,True,True,8,,,,,,,,,,,,,,,,,,,,
2346,1,Family Child Care,False,False,True,True,True,True,True,True,8,,,,,,,,,,,,,,,,,,,,
6532,3,Family Child Care,False,False,True,True,True,True,True,True,8,,,,,,,,,,,,,,,,,,,,
3574,1,Family Child Care,False,False,True,True,True,True,True,True,3,,,,,,,,,,,,,,,,,,,,
3541,1,Family Child Care,False,False,True,True,True,True,True,True,4,,,,,,,,,,,,,,,,,,,,
1638,3,Family Child Care,False,False,True,True,True,True,True,True,8,,,,,,,,,,,,,,,,,,,,
1866,3,Child Care Center,False,False,False,True,True,True,True,False,10,,,,,,,,,,,,,,,,,,,,
5386,3,Child Care Center,True,True,False,False,False,False,False,False,5,,,,,,,,,,,,,,,,,,,,
6974,4,Child Care Center,True,True,False,True,True,True,True,False,,,,,,,,,,,,,,,,,,,,,
1660,1,School-Age Only,False,False,False,False,False,False,False,True,55,,,,,,,,,,,,,,,,,,,,
3671,1,Family Child Care,False,False,True,True,True,True,True,True,8,,,,,,,,,,,,,,,,,,,,
6115,1,Family Child Care,False,False,True,True,True,True,True,True,8,,,,,,,,,,,,,,,,,,,,
4186,3,Family Child Care,False,False,True,True,True,True,True,True,8,,,,,,,,,,,,,,,,,,,,
6612,2,Family Child Care,False,False,True,True,True,True,True,True,8,,,,,,,,,,,,,,,,,,,,
6114,5,Public Prekindergarten,,,,,,,,,,,,,,,Maryland Accreditation,,,,,Accredited Program,,,,,,,,,
3376,3,School-Age Only,False,False,False,False,False,True,True,True,45,,,,,,,,,,,,,,,,,,,,
783,1,School-Age Only,False,False,False,False,False,False,False,True,30,,,,,,,,,,,,,,,,,,,,
4083,5,Child Care Center,True,True,False,True,True,True,True,True,60,,,,,,Maryland Accreditation,,,,,Accredited Program,,Cultural and Linguistic Competency,,,Health and Wellness,,,Quality Business Practices,
6648,5,Child Care Center,True,True,False,True,True,True,True,True,44,,,,,,Maryland Accreditation,,,,,,,,,,Health and Wellness,,,Quality Business Practices,
524,5,Public Prekindergarten,,,,,,,,,,,,,,,Maryland Accreditation,,,,,Accredited Program,,,,,,,,,
5863,2,LOC,False,False,False,False,True,True,True,True,35,,,,,,,,,,,,,,,,,,,,
1930,2,Child Care Center,True,True,False,True,True,True,True,True,46,,,,,,,,,,,,,,,,,,,,
2483,1,Family Child Care,False,False,True,True,True,True,True,True,8,,,,,,,,,,,,,,,,,,,,
915,5,Child Care Center,False,False,False,False,True,True,True,False,32,,,,,,Maryland Accreditation,,,,,Accredited Program,,,,,,,,,
3868,1,Family Child Care,False,False,True,True,True,True,True,True,8,,,,,,,,,,,,,,,,,,,,
682,3,Child Care Center,True,True,False,True,True,True,True,True,85,,,,,,Maryland Accreditation,,,,,Accredited Program,,,,,,,,,
6206,3,Child Care Center,True,True,False,True,True,True,True,True,72,,,,,,Maryland Accreditation,,,,,Accredited Program,,,,,,,,,
359,1,Family Child Care,False,False,True,True,True,True,True,True,4,,,,,,,,,,,,,,,,,,,,
5734,1,Child Care Center,False,False,False,True,True,True,True,True,45,,,,,,,,,,,,,,,,,,,,
5315,2,Child Care Center,False,False,False,True,True,True,True,True,59,,,,,,,,,,,,,,,,,,,,
2400,1,Large Family Child Care,False,False,True,True,True,True,True,True,12,,,,,,,,,,,,,,,,,,,,
98,1,Child Care Center,True,True,False,True,True,True,True,True,103,,,,,,,,,,,,,,,,,,,,
5361,1,Family Child Care,False,False,True,True,True,True,True,True,6,,,,,,,,,,,,,,,,,,,,
4996,3,Family Child Care,False,False,True,True,True,True,True,True,8,,,,,,,,,,,,,,,,,,,,
304,1,Family Child Care,False,False,True,True,True,True,True,True,8,,,,,,,,,,,,,,,,Health and Wellness,,,Quality Business Practices,
6276,4,Child Care Center,True,True,False,True,True,True,True,True,93,,,,,,,,,,,,,,,,Health and Wellness,,,Quality Business Practices,
7087,1,Family Child Care,False,False,True,True,True,True,True,True,8,,,,,,,,,,,,,,,,,,,,
6363,3,Large Family Child Care,False,False,True,True,True,True,True,True,,,,,,,,,,,,,,,,,,,,,
1267,3,Family Child Care,False,False,True,True,True,True,True,True,8,,,,,,,,,,,,,,,,,,,,
849,1,Family Child Care,False,False,True,True,True,True,True,True,8,,,,,,,,,,,,,,,,,,,,
532,1,Family Child Care,False,False,True,True,True,True,True,True,,,,,,,,,,,,,,,,,,,,,
4736,1,Family Child Care,False,False,True,True,True,True,True,True,8,,,,,,,,,,,,,,,,,,,,
1902,3,Child Care Center,True,True,False,True,True,True,True,True,40,,,,,,,,,,,,,,,,,,,,
6551,5,Child Care Center,True,True,False,True,True,True,True,True,75,,,,,,Maryland Accreditation,,,,,Accredited Program,,,,,,,,,
4104,1,Family Child Care,False,False,True,True,True,True,True,False,8,True,,,,,,,,,,,,,,,,,,,
6646,1,Family Child Care,False,False,True,True,True,True,True,True,8,,,,,,,,,,,,,,,,Health and Wellness,,,,
2056,3,School-Age Only,False,False,False,False,False,True,True,True,45,,,,,,,,,,,,,,,,,,,,
1262,1,Child Care Center,True,True,False,True,True,True,True,True,94,,,,,,,,,,,,,,,,,,,,
5463,3,School-Age Only,False,False,False,False,False,True,True,True,30,,,,,,,,,,,,,,,,,,,,
4504,3,Family Child Care,False,False,True,True,True,True,True,True,8,,,,,,,,,,,,,,,,Health and Wellness,,,,
5394,1,Child Care Center,True,True,False,True,True,True,True,True,27,,,,,,,,,,,,,,,,,,,,
2916,1,Family Child Care,False,False,True,True,True,True,True,True,8,,,,,,,,,,,,,,,,,,,,
5623,5,Child Care Center,False,False,False,False,True,True,True,True,50,,,,,,Maryland Accreditation,,,,,Accredited Program,,,,,,,,,
4194,2,Child Care Center,True,True,False,True,True,True,True,False,42,,,,,,,,,,,,,,,,,,,,
4426,1,Family Child Care,False,False,True,True,True,True,True,True,8,,,,,,,,,,,,,,,,,,,,
698,3,School-Age Only,False,False,False,False,False,True,True,True,60,,,,,,,,,,,,,,,,,,,,
5260,5,Public Prekindergarten,,,,,,,,,,,,,,,Maryland Accreditation,,,,,Accredited Program,,,,,,,,,
1017,1,Family Child Care,False,False,True,True,True,True,True,True,8,,,,,,,,,,,,,,,,,,,,
1472,3,School-Age Only,False,False,False,False,False,True,True,True,60,,,,,,,,,,,,,,,,,,,,
473,5,Child Care Center,True,True,False,True,True,True,True,True,94,,,,,,,,,,,,,,,,Health and Wellness,,,Quality Business Practices,other
1132,5,Child Care Center,False,False,False,False,False,True,True,True,99,,,,,,,,,,,Accredited Program,,,,,Health and Wellness,,,Quality Business Practices,
5545,1,Family Child Care,False,False,True,True,True,True,True,True,8,,,,,,,,,,,,,,,,,,,,
6165,1,Child Care Center,False,False,False,True,True,True,True,False,40,,,,,,,,,,,,,,,,,,,,
2837,1,Family Child Care,False,False,True,True,True,True,True,True,8,,,,,,,,,,,,,,,,,,,,
228,1,Large Family Child Care,False,False,True,True,True,True,True,True,12,,,,,,,,,,,,,,,,,,,,
3955,1,Child Care Center,True,True,False,True,True,True,True,True,80,,,,,,,,,,,,,,,,,,,,
5698,1,Child Care Center,False,False,False,False,True,True,True,True,53,,,,,,,,,,,,,,,,,,,,
2615,5,Child Care Center,True,True,False,True,True,True,True,True,86,,,,,,Maryland Accreditation,,,,,Accredited Program,,,,,,,,,
3472,5,Public Prekindergarten,,,,,,,,,,,,,,,Maryland Accreditation,,,,,Accredited Program,,,,,,,,,
6332,3,School-Age Only,False,False,False,False,False,True,True,True,45,,,,,,,,,,,,,,,,,,,,
4138,1,Family Child Care,False,False,True,True,True,True,True,True,8,,,,,,,,,,,,,,,,,,,,
2930,1,Family Child Care,False,False,True,True,True,True,True,True,8,,,,,,,,,,,,,,,,,,,,
1217,1,Family Child Care,False,False,True,True,True,True,True,True,8,,,,,,,,,,,,,,,,,,,,
1988,1,Child Care Center,False,False,False,True,True,True,True,True,57,,,,,,,,,,,,,,,,,,,,
4747,2,Child Care Center,False,False,False,False,True,True,True,True,25,,,,,,,,,,,,,,,,,,,,
3954,1,Child Care Center,True,True,False,True,True,True,True,True,53,,,,,,,,,,,,,,,,,,,,
3587,1,Family Child Care,False,False,True,True,True,True,True,True,8,,,,,,,,,,,,,,,,,,,,
5728,1,Family Child Care,False,False,True,True,True,True,True,True,8,,,,,,,,,,,,,,,,,,,,
2022,3,School-Age Only,False,False,False,False,False,True,True,True,45,,,,,,,,,,,,,,,,,,,,
4801,1,School-Age Only,False,False,False,False,False,False,False,True,,,,,,,,,,,,,,,,,,,,,
4594,5,Family Child Care,False,False,True,True,True,True,True,True,8,,,,,,,,National Association for Family Child Care (NAFCC),,,Accredited Program,,,,,,,,,
2893,5,Large Family Child Care,False,False,True,True,True,True,True,True,12,,,,,,,,National Association for Family Child Care (NAFCC),,,Accredited Program,,,,,,,,,
1236,3,Family Child Care,False,False,True,True,True,True,True,True,8,,,,,,,,,,,,,,,,,,,,
1378,3,Family Child Care,False,False,True,True,True,True,True,True,8,,,,,,,,,,,,,,,,,,,,
5780,1,Family Child Care,False,False,True,True,True,True,True,True,8,,,,,,,,,,,,,,,,,,,,
1826,1,Family Child Care,False,False,True,True,True,True,True,True,8,,,,,,,,,,,,,,,,,,,,
7049,1,Family Child Care,False,False,True,True,True,True,True,True,8,,,,,,,,,,,,,,,,,,,,
3715,1,Child Care Center,False,False,False,True,True,True,True,True,140,,,,,,,,,,,,,,,,,,,,
3243,5,Public Prekindergarten,,,,,,,,,,,,,,,Maryland Accreditation,,,,,Accredited Program,,,,,,,,,
1220,1,Family Child Care,False,False,True,True,True,True,True,True,8,,,,,,,,,,,,,,,,,,,,
5797,1,Family Child Care,False,False,True,True,True,True,True,True,7,,,,,,,,,,,,,,,,,,,,
2160,5,Public Prekindergarten,,,,,,,,,,,,,,,,,,,,,,,,,,,,,
2453,1,Family Child Care,False,False,True,True,True,True,True,True,8,,,,,,,,,,,,,,,,,,,,
3782,3,Child Care Center,False,False,False,True,True,True,True,True,40,,,,,,,,,,,,,,,,,,,,
6746,5,Public Prekindergarten,,,,,,,,,,,,,,,Maryland Accreditation,,,,,Accredited Program,,,,,,,,,
5288,5,Family Child Care,False,False,True,True,True,True,True,True,8,,,,,,,,National Association for Family Child Care (NAFCC),,,,,,,,,,,,
4399,1,Family Child Care,False,False,True,True,True,True,True,True,8,,,,,,,,,,,,,,,,,,,Quality Business Practices,
5366,1,Family Child Care,False,False,True,True,True,True,True,True,8,,,,,,,,,,,,,,,,,,,,
6220,1,Family Child Care,False,False,True,True,True,True,True,True,8,,,,,,,,,,,,,,,,Health and Wellness,,Military Child Care in Your Neighborhood,,
2450,3,Family Child Care,False,False,True,True,True,True,True,True,8,,,,,,,,,,,,,,,,,,,,
3880,1,Family Child Care,False,False,True,True,True,True,True,True,7,,,,,,,,,,,,,,,,,,,,
6539,1,Family Child Care,False,False,True,True,True,True,True,True,8,,,,,,,,,,,,,,,,,,,,
4326,3,Family Child Care,False,False,True,True,True,True,True,True,8,,,,,,,,,,,,,,,,,,,,
6353,3,Child Care Center,False,False,False,False,True,True,True,True,,,,,,,,,,,,,,,,,,,,,
2980,3,Child Care Center,False,False,False,True,True,True,True,False,51,,,,,,,,,,,,,,,,,,,,
5351,3,Family Child Care,False,False,True,True,True,True,True,True,7,,,,,,,,,,,,,,,,,,,,
827,5,Public Prekindergarten,,,,,,,,,,,,,,,Maryland Accreditation,,,,,Accredited Program,,,,,,,,,
6805,1,Child Care Center,False,False,False,True,True,True,True,True,45,,,,,,,,,,,,,,,,,,,,
5521,3,Large Family Child Care,False,False,True,True,True,True,True,True,12,,,,,,,,,,,,,,,,,,,,
120,5,Public Prekindergarten,,,,,,,,,,,,,,,,,,,,Accredited Program,,,,,,,,,
3681,1,Family Child Care,False,False,True,True,True,True,True,True,8,,,,,,,,,,,,,,,,,,,,
2697,3,Family Child Care,False,False,True,True,True,True,True,True,8,,,,,,,,,,,,,,,,,,,,
5770,1,Family Child Care,False,False,True,True,True,True,True,True,8,,,,,,,,,,,,,,,,,,,,
2974,1,Family Child Care,,,,,,,,,,,,,,,,,,,,,,,,,,,,,
2653,2,Family Child Care,False,False,True,True,True,True,True,True,7,,,,,,,,,,,,,,,,,,,,
6229,3,School-Age Only,False,False,False,False,False,True,True,True,30,,,,,,,,,,,,,,,,,,,,
4164,3,School-Age Only,False,False,False,False,True,True,True,True,30,,,,,,,,,,,,,,,,,,,,
5592,3,School-Age Only,False,False,False,False,True,True,True,True,75,,,,,,,,,,,,,,,,,,,,
2066,3,School-Age Only,False,False,False,False,False,True,True,True,60,,,,,,,,,,,,,,,,,,,,
828,3,School-Age Only,False,False,False,False,False,True,True,True,60,,,,,,,,,,,,,,,,,,,,
3228,3,School-Age Only,False,False,False,False,False,True,True,True,30,,,,,,,,,,,,,,,,,,,,
4624,3,School-Age Only,False,False,False,False,False,True,True,True,45,,,,,,,,,,,,,,,,,,,,
5467,3,School-Age Only,False,False,False,False,True,True,True,True,30,,,,,,,,,,,,,,,,,,,,
2239,3,School-Age Only,False,False,False,False,False,True,True,True,67,,,,,,,,,,,,,,,,,,,,
5502,3,School-Age Only,False,False,False,False,False,True,True,True,75,,,,,,,,,,,,,,,,,,,,
1886,3,School-Age Only,False,False,False,False,False,True,True,True,57,,,,,,,,,,,,,,,,,,,,
4052,3,School-Age Only,False,False,False,False,False,True,True,True,60,,,,,,,,,,,,,,,,,,,,
1985,3,School-Age Only,False,False,False,False,True,True,True,True,60,,,,,,,,,,,,,,,,,,,,
3536,5,Child Care Center,False,True,False,True,False,False,False,False,8,,,,,,Maryland Accreditation,,,,,Accredited Program,,,,,,,,,
201,5,Child Care Center,True,True,False,True,True,True,True,False,75,,,,,,Maryland Accreditation,,,,,Accredited Program,,,,,,,,,
3307,3,Child Care Center,False,False,False,False,True,True,True,False,20,,,,,,,,,,,,,,,,,,,,
99,4,Child Care Center,True,True,False,True,True,True,True,True,133,,,,,,,,,,,,,,,,,,,,
2465,3,Child Care Center,True,True,False,True,True,True,True,True,86,,,,,,,,,,,,,,,,,,,,
4486,1,Family Child Care,False,False,True,True,True,True,True,True,8,,,,,,,,,,,,,,,,,,,,
1040,1,Family Child Care,False,False,False,True,True,True,True,True,7,,,,,,,,,,,,,,,,,,,,
6714,1,Child Care Center,True,True,False,True,True,True,True,False,31,,,,,,,,,,,,,,,,,,,,
4795,5,Child Care Center,True,True,False,True,True,True,True,True,113,,,,,,Maryland Accreditation,,,,,Accredited Program,Asthma & Allergy Friendly,,,,,,,,
4078,3,Family Child Care,False,False,True,True,True,True,True,True,8,,,,,,,,,,,,,,,,,,,,
5240,4,Family Child Care,False,False,True,True,True,True,True,True,7,,,,,,,,,,,,,,,,,,,,
1728,3,Family Child Care,False,False,True,True,True,True,True,True,6,,,,,,,,,,,,,,,,,,,,
5813,1,Child Care Center,True,True,False,True,True,True,True,True,57,,,,,,,,,,,,,,,,,,,,
2812,5,Child Care Center,True,True,False,True,True,True,True,True,76,,,,,,Maryland Accreditation,,,,,Accredited Program,,,,,,,,,
2026,3,School-Age Only,False,False,False,False,True,True,True,True,75,,,,,,,,,,,,,,,,,,,,
772,3,School-Age Only,False,False,False,False,True,True,True,True,60,,,,,,,,,,,,,,,,,,,,
5335,3,School-Age Only,False,False,False,False,True,True,True,True,45,,,,,,,,,,,,,,,,,,,,
2966,1,Child Care Center,True,True,False,True,True,True,True,False,38,,,,,,,,,,,,,,,,,,,,
3235,5,Public Prekindergarten,,,,,,,,,,,,,,,Maryland Accreditation,,,,,Accredited Program,,,,,,,,,
4848,5,Child Care Center,True,True,False,True,True,True,True,True,141,,,,,,Maryland Accreditation,,,,,Accredited Program,,,,,,,,,
450,1,Child Care Center,True,True,False,True,True,True,True,True,131,,,,,,Maryland Accreditation,,,,,Accredited Program,,,,,,,,,
6581,5,Child Care Center,True,True,False,True,True,True,True,True,135,,,,,,Maryland Accreditation,,,,,,,,,,,,,,
2612,5,Child Care Center,True,True,False,True,True,True,True,True,159,,,,,,Maryland Accreditation,,,,,Accredited Program,,,,,,,,,
5914,1,Child Care Center,True,True,False,True,True,True,True,True,131,,,,,,Maryland Accreditation,,,,,Accredited Program,,,,,,,,,
3554,4,Child Care Center,True,True,False,True,True,True,True,True,100,,,,,,,,,,,,Asthma & Allergy Friendly,Cultural and Linguistic Competency,Eco-Friendly Program,Family Engagement,Health and Wellness,,,Quality Business Practices,
3799,1,Family Child Care,False,False,True,True,True,True,True,True,8,,,,,,,,,,,,,,,,,,,,
4526,5,Public Prekindergarten,,,,,,,,,,,,,,,Maryland Accreditation,,,,,Accredited Program,,,,,,,,,
3562,2,Child Care Center,False,False,False,True,True,True,True,True,80,,,,,,,,,,,,,,,,,,,,
5639,1,Child Care Center,False,False,False,True,True,True,True,True,39,,,,,,,,,,,,,,,,,,,,
6242,1,Family Child Care,False,False,True,True,True,True,True,True,8,,,,,,,,,,,,,,,,,,,,
3453,5,Public Prekindergarten,,,,,,,,,,,,,,,Maryland Accreditation,,,,,Accredited Program,,,,,,,,,
6519,5,Public Prekindergarten,,,,,,,,,,,,,,,Maryland Accreditation,,,,,Accredited Program,,,,,,,,,
5338,5,Public Prekindergarten,,,,,,,,,,,,,,,Maryland Accreditation,,,,,Accredited Program,,,,,,,,,
6756,3,Family Child Care,False,False,True,True,True,True,True,True,8,,,,,,,,,,,,,,,,,,,,
2068,3,Child Care Center,True,True,False,True,True,True,True,True,55,,,,,,,,,,,,,,,,,,,,
1293,5,Public Prekindergarten,,,,,,,,,,,,,,,Maryland Accreditation,,,,,Accredited Program,,,,,,,,,
6432,1,Child Care Center,False,False,False,True,True,True,True,True,52,,,,,,,,,,,,,,,,,,,,
4670,5,Public Prekindergarten,,,,,,,,,,,,,,,Maryland Accreditation,,,,,Accredited Program,,,,,,,,,
4007,1,Child Care Center,False,False,False,True,True,True,True,True,60,,,,,,,,,,,,,,,,,,,,
873,3,Child Care Center,False,False,False,True,True,True,True,True,40,,,,,,,,,,,,,,,,,,,,
1064,3,Child Care Center,True,True,False,True,True,True,True,True,78,,,,,,,,,,,,,,,,,,,,
2302,1,Family Child Care,False,False,True,True,True,True,True,True,8,,,,,,,,,,,,,,,,,,,,
6867,1,Family Child Care,False,False,True,True,True,True,True,True,7,,,,,,,,,,,,,,,,,,,,
2154,1,Family Child Care,False,False,True,True,True,True,True,True,8,,,,,,,,,,,,,,,,,,,,
6329,1,School-Age Only,False,False,False,False,False,False,False,True,60,,,,,,,,,,,,,,,,,,,,
5230,1,School-Age Only,False,False,False,False,False,False,False,True,60,,,,,,,,,,,,,,,,,,,,
6754,1,Family Child Care,False,False,True,True,True,True,True,True,8,,,,,,,,,,,,,,,,,,,,
1001,5,Child Care Center,True,True,False,True,True,True,True,True,94,,,,,,,,,National Association for the Education of Young Children (NAEYC),,Accredited Program,,,,,,,,,
1879,1,Child Care Center,False,False,False,True,True,True,True,True,11,,,,,,,,,,,,,,,,,,,,
1843,5,Public Prekindergarten,,,,,,,,,,,,,,,Maryland Accreditation,,,,,Accredited Program,,,,,,,,,
5196,1,Child Care Center,True,True,False,True,True,True,True,True,59,,,,,,,,,,,,,,,,,,,,
4997,3,Child Care Center,True,True,False,True,True,True,True,True,97,,,,,,,,,,,,,,,,,,,,
1042,1,Child Care Center,False,False,False,True,True,True,True,True,109,,,,,,,,,,,,,,,,,,,,
1264,5,Child Care Center,True,True,False,True,True,True,True,True,196,,,,,,Maryland Accreditation,,,,,Accredited Program,Asthma & Allergy Friendly,Cultural and Linguistic Competency,,,Health and Wellness,Judy Center,,,
5846,5,Child Care Center,False,False,False,True,True,True,True,False,50,,,,,,,,,,,Accredited Program,,,,,,Judy Center,,,
5208,5,Public Prekindergarten,,,,,,,,,,,,,,,Maryland Accreditation,,,,,Accredited Program,,,,,,,,,
6177,2,Family Child Care,False,False,True,True,True,True,True,True,8,,,,,,,,,,,,,,,,,,,,
1354,5,Public Prekindergarten,,,,,,,,,,,,,,,Maryland Accreditation,,,,,Accredited Program,,,,,,,,,
2584,4,Family Child Care,False,False,True,True,True,True,True,True,8,,,,,,,,,,,,,,,,,,,,
1230,1,Family Child Care,False,False,True,True,True,True,True,True,8,,,,,,,,,,,,,,,,,,,,
1651,5,Child Care Center,False,True,False,True,True,True,True,True,86,,,,,,Maryland Accreditation,,,,,,,,,,Health and Wellness,,Military Child Care in Your Neighborhood,,
370,5,Child Care Center,True,True,False,True,True,True,True,True,111,,,,,,Maryland Accreditation,,,,,Accredited Program,,,,,,,,,
4606,4,Family Child Care,False,False,True,True,True,True,True,True,7,,,,,,,,,,,,,,,,,,,,
4266,5,Public Prekindergarten,,,,,,,,,,,,,,,Maryland Accreditation,,,,,Accredited Program,,,,,,,,,
5397,2,Family Child Care,False,False,True,True,True,True,True,True,8,,,,,,,,,,,,,,,,,,,,
2472,5,Public Prekindergarten,,,,,,,,,,,,,,,Maryland Accreditation,,,,,Accredited Program,,,,,,,,,
5907,1,Child Care Center,True,True,False,True,True,True,True,True,97,,,,,,,,,,,,,,,,,,,,
913,1,Family Child Care,False,False,True,True,True,True,True,True,8,,,,,,,,,,,,,,,,,,,,
1292,1,Child Care Center,True,True,False,True,True,True,True,True,58,,,,,,,,,,,,,,,,,,,,
1611,5,Public Prekindergarten,,,,,,,,,,,,,,,Maryland Accreditation,,,,,Accredited Program,,,,,,,,,
2552,5,Public Prekindergarten,,,,,,,,,,,,,,,Maryland Accreditation,,,,,Accredited Program,,,,,,,,,
1966,5,Public Prekindergarten,,,,,,,,,,,,,,,Maryland Accreditation,,,,,Accredited Program,,,,,,,,,
3483,5,Public Prekindergarten,,,,,,,,,,,,,,,Maryland Accreditation,,,,,Accredited Program,,,,,,,,,
4789,5,Child Care Center,False,False,False,True,True,True,True,False,70,,,,,,Maryland Accreditation,,,,,Accredited Program,,,,,,,,,
2934,3,Child Care Center,False,False,False,False,True,True,True,False,74,,,,,,,,,,,,,,,,,,,,
3717,1,Child Care Center,False,True,False,True,True,True,True,True,80,,,,,,,,,,,,,,,,,,,,
430,1,Child Care Center,False,False,False,True,True,True,True,False,20,,,,,,,,,,,,,,,,,,,,
1312,1,Child Care Center,False,False,False,False,False,True,True,True,30,,,,,,,,,,,,,,,,,,,,
4752,5,Public Prekindergarten,,,,,,,,,,,,,,,Maryland Accreditation,,,,,Accredited Program,,,,,,,,,
4393,3,Family Child Care,,,,,,,,,,,,,,,,,,,,,,,,,,,,,
3480,4,Large Family Child Care,False,False,True,True,True,True,True,False,12,,,,,,,,,,,,,,,,,,Military Child Care in Your Neighborhood,,
5970,5,Child Care Center,True,True,False,True,True,True,True,True,195,,,,,,Maryland Accreditation,,,,,Accredited Program,,,,,,,,,
1793,1,Child Care Center,False,False,False,True,True,True,True,True,124,,,,Association of Independent Maryland Schools (AIMS),,,,,,,Accredited Program,,,,,,,,,
41,3,Child Care Center,True,True,False,True,True,True,True,False,146,,,,,,,,,,National Early Childhood Program Accreditation (NECPA),Accredited Program,,,,,,,,,
595,4,Large Family Child Care,False,False,True,True,True,True,True,False,12,,,,,,,,,,,,,,,,,,,,
1776,1,Family Child Care,False,False,True,True,True,True,True,True,8,,,,,,,,,,,,,,,,,,,,
5376,1,Child Care Center,True,True,False,True,True,True,True,True,143,,,,,,,,,,,,,,,,,,,,
3812,3,Child Care Center,True,True,False,True,True,True,True,True,64,,,,,,,,,,,,,,,,,,,,
2210,3,Family Child Care,False,False,True,True,True,True,True,True,8,,,,,,,,,,,,,,,,,,,,
4710,5,Public Prekindergarten,,,,,,,,,,,,,,,Maryland Accreditation,,,,,Accredited Program,,,,,,,,,
3432,5,Public Prekindergarten,,,,,,,,,,,,,,,Maryland Accreditation,,,,,Accredited Program,,,,,,,,,
1193,5,Public Prekindergarten,,,,,,,,,,,,,,,Maryland Accreditation,,,,,Accredited Program,,,,,,,,,
1386,1,School-Age Only,False,False,False,False,False,True,True,True,30,,,,,,,,,,,,,,,,,,,,
3731,1,School-Age Only,False,False,False,False,False,True,True,True,45,,,,,,,,,,,,,,,,,,,,
5624,5,Child Care Center,False,False,False,True,True,True,True,True,72,,,,,,Maryland Accreditation,,,,,Accredited Program,,,,,,,,,
2279,1,School-Age Only,False,False,False,False,False,True,True,True,30,,,,,,,,,,,,,,,,,,,,
7021,1,School-Age Only,False,False,False,False,False,True,True,True,30,,,,,,,,,,,,,,,,,,,,
2171,4,Family Child Care,False,False,True,True,True,True,True,True,7,,,,,,,,,,,,,,,,,,,,
7091,4,Public Prekindergarten,,,,,,,,,,,,,,,Maryland Accreditation,,,,,Accredited Program,,,,,,,,,
6161,1,Family Child Care,False,False,True,True,True,True,True,True,6,,,,,,,,,,,,,,,,,,,,
1201,4,Public Prekindergarten,,,,,,,,,,,,,,,Maryland Accreditation,,,,,Accredited Program,,,,,,,,,
314,4,Public Prekindergarten,,,,,,,,,,,,,,,Maryland Accreditation,,,,,Accredited Program,,,,,,,,,
384,5,Family Child Care,False,False,True,True,True,True,True,True,8,,,,,,,,National Association for Family Child Care (NAFCC),,,,Asthma & Allergy Friendly,,,,Health and Wellness,,,Quality Business Practices,
1114,5,Child Care Center,True,True,False,True,True,True,True,True,67,,,,,,Maryland Accreditation,,,,,Accredited Program,,,,,,,,,
1742,1,Child Care Center,True,True,False,True,True,True,True,False,35,,,,,,,,,,,,,,,,,,,,
5641,1,Family Child Care,False,False,True,True,True,True,True,True,8,,,,,,,,,,,,,,,,,,,,
6356,5,Family Child Care,False,False,True,True,True,True,True,True,8,,,,,,,,,,,,,,,,,,,,
858,3,Large Family Child Care,False,False,True,True,True,True,True,True,12,,,,,,,,,,,,,,,,,,,,
1633,3,LOC,False,False,False,False,False,False,False,True,,,,,,,,Middle States Association of Colleges and Schools Commission on Elementary and Secondary Schools (MSA-CESS),,,,,,,,,,,,,
6760,1,Child Care Center,True,True,False,True,True,True,True,True,61,,,,,,,,,,,,,,,,,,,,
4884,3,Family Child Care,,,,,,,,,,,,,,,,,,,,,,,,,,,,,
3139,1,Child Care Center,True,True,False,True,True,True,True,True,43,,,,,,,,,,,,,,,,,,,,
1576,2,Child Care Center,False,False,False,True,True,True,True,True,84,,,,,,,,,,,,,,,,,,,,
5063,3,Child Care Center,True,True,False,True,True,True,True,True,60,,,,,,,,,,,,,,,,,,,,
2762,3,Family Child Care,False,False,True,True,True,True,True,True,8,,,,,,,,,,,,,,,,,,,,
6241,3,Family Child Care,False,False,True,True,True,True,True,True,8,,,,,,,,,,,,,,,,,,,,
4558,4,Child Care Center,False,False,False,False,True,True,True,True,50,,,,,,,,,,,,,,,,,,,,
3905,3,Child Care Center,True,True,False,True,True,True,True,True,93,,,,,,,,,,,,,,,,,,Military Child Care in Your Neighborhood,,
5518,1,Family Child Care,False,False,True,True,True,True,True,True,8,,,,,,,,,,,,,,,,,,,,
4433,1,Child Care Center,True,True,False,True,True,True,True,True,75,,,,,,,,,,,,,,,,,,,,
3113,3,Child Care Center,True,True,False,True,True,True,True,True,82,,,,,,,,,,,,,,,,,,,,
63,3,Child Care Center,True,True,False,True,True,True,True,True,132,,,,,,,,,,,,,,,,,,,,
1413,1,Family Child Care,False,False,True,True,True,True,True,True,8,,,,,,,,,,,,,,,,,,,,
704,5,Child Care Center,False,False,False,False,True,True,True,True,105,,,,,,,Middle States Association of Colleges and Schools Commission on Elementary and Secondary Schools (MSA-CESS),,,,Accredited Program,,,,,,,,,
2501,3,Child Care Center,False,False,False,False,True,True,True,True,34,,,,,,,,,,,,,,,,,,,,
3960,3,Child Care Center,True,True,False,True,True,True,True,True,50,,,,,,,,,,,,,,,,,,,,
162,3,Child Care Center,True,True,False,True,True,True,True,True,,,,,,,,,,,,,,,,,,,,,
4149,2,Family Child Care,False,False,True,True,True,True,True,True,8,,,,,,,,,,,,,,,,,,,,
929,2,Child Care Center,True,True,False,True,True,True,True,True,140,,,,,,,,,,,,,,,,,,,,
6618,3,Child Care Center,True,True,False,True,True,True,True,True,112,,,,,,,,,,,,,,,,,,,,
3670,3,Family Child Care,False,False,True,True,True,True,True,True,8,,,,,,,,,,,,,,,,,,,,
3306,5,Family Child Care,False,False,True,True,True,True,True,True,8,,,,,,,,National Association for Family Child Care (NAFCC),,,Accredited Program,,,,,,,,,
5440,3,Child Care Center,True,True,False,True,True,True,True,True,46,,,,,,,,,,,,,,,,,,,,
5498,4,Family Child Care,False,False,True,True,True,True,True,True,8,,,,,,,,,,,,,,,,,,,,
4260,2,Family Child Care,False,False,True,True,True,True,True,True,8,,,,,,,,,,,,,,,,,,,,
241,1,Family Child Care,False,False,True,True,True,True,True,True,8,,,,,,,,,,,,,,,,,,,,
6700,1,Family Child Care,False,False,True,True,True,True,True,True,8,,,,,,,,,,,,,,,,,,,,
2149,3,School-Age Only,False,False,False,False,False,False,False,True,,,,,,,,,,,,,,,,,,,,,
6168,1,School-Age Only,False,False,False,False,False,False,False,True,30,,,,,,,,,,,,,,,,,,,,
6002,3,School-Age Only,False,False,False,False,False,False,False,True,20,,,,,,,,,,,,,,,,,,,,
4049,1,Child Care Center,True,True,False,True,True,True,True,True,83,,,,,,,,,,,,,,,,,,,,
2849,3,Child Care Center,True,True,False,True,True,True,True,True,64,True,,,,,,,,,,,,,,,,,,,
4346,5,Child Care Center,False,False,False,False,True,True,True,True,32,,,,,,Maryland Accreditation,,,,,Accredited Program,,,,,,,,,
1168,1,Family Child Care,False,False,True,True,True,True,True,True,7,,,,,,,,,,,,,,,,,,,,
6420,1,Family Child Care,False,False,True,True,True,True,True,True,8,,,,,,,,,,,,,,,,,,,,
3431,4,Family Child Care,False,False,True,True,True,True,True,True,,,,,,,,,,,,,,,,,,,,,
7016,1,School-Age Only,False,False,False,False,False,False,False,True,30,,,,,,,,,,,,,,,,,,,,
5630,1,School-Age Only,False,False,False,False,False,False,False,True,,,,,,,,,,,,,,,,,,,,,
6464,1,School-Age Only,False,False,False,False,False,False,False,True,30,,,,,,,,,,,,,,,,,,,,
6082,1,School-Age Only,False,False,False,False,False,False,False,True,30,,,,,,,,,,,,,,,,,,,,
4547,1,School-Age Only,False,False,False,False,False,False,False,True,30,,,,,,,,,,,,,,,,,,,,
4739,1,School-Age Only,False,False,False,False,False,False,False,True,30,,,,,,,,,,,,,,,,,,,,
3659,1,School-Age Only,False,False,False,False,False,False,False,True,30,,,,,,,,,,,,,,,,,,,,
4589,1,School-Age Only,False,False,False,False,False,False,False,True,30,,,,,,,,,,,,,,,,,,,,
3013,1,Child Care Center,False,False,False,False,False,False,False,True,24,,,,,,,,,,,,,,,,,,,,
3392,3,Child Care Center,True,True,False,True,True,True,True,True,84,,,,,,,,,,,,,,,,,,,,
2404,1,Family Child Care,False,False,True,True,True,True,True,True,8,,,,,,,,,,,,,,,,,,,,
374,1,Child Care Center,True,True,False,True,True,True,True,True,65,,,,,,,,,,,,,,,,,,,,
896,3,Family Child Care,False,False,True,True,True,True,True,True,6,,,,,,,,,,,,,,,,,,,,
1552,4,Child Care Center,True,True,False,True,True,True,True,True,90,,,,,,,,,,,,,,,,,,,,
5710,1,Child Care Center,True,True,False,True,True,True,True,True,59,,,,,,,,,,,,,,,,,,,,
4160,4,Family Child Care,False,False,True,True,True,True,True,True,8,,,,,,,,,,,,,,,,,,,,
811,5,Public Prekindergarten,,,,,,,,,,,,,,,Maryland Accreditation,,,,,Accredited Program,,,,,,,,,
4500,3,Family Child Care,False,False,True,True,True,True,True,True,8,,,,,,,,,,,,,,,,,,,,
3110,1,Child Care Center,False,False,False,True,True,True,True,True,40,,,,,,,,,,,,,,,,,,,,
6215,1,Family Child Care,False,False,True,True,True,True,True,True,8,,,,,,,,,,,,,,,,,,,,
4249,2,Family Child Care,False,False,True,True,True,True,True,True,6,,,,,,,,,,,,,,,,,,,,
1261,5,Public Prekindergarten,,,,,,,,,,,,,,,Maryland Accreditation,,,,,Accredited Program,,,,,,,,,
2280,5,Public Prekindergarten,,,,,,,,,,,,,,,Maryland Accreditation,,,,,Accredited Program,,,,,,,,,
4602,5,Child Care Center,False,False,False,True,True,True,True,False,80,,,,,,Maryland Accreditation,,,,,Accredited Program,,,,,Health and Wellness,,Military Child Care in Your Neighborhood,Quality Business Practices,
1610,2,Child Care Center,False,False,False,True,True,True,True,False,28,,,,,,,,,,,,,,,,,,,,
2806,1,Family Child Care,False,False,True,True,True,True,True,True,8,,,,,,,,,,,,,,,,,,,,
3679,1,Family Child Care,False,False,True,True,True,True,True,True,8,,,,,,,,,,,,,,,,,,,,
5169,1,Family Child Care,False,False,True,True,True,True,True,True,7,,,,,,,,,,,,,,,,,,,,
3065,4,Child Care Center,True,True,False,True,True,True,True,True,45,,,,,,,,,,,,,,,,,,,,
3716,5,Public Prekindergarten,,,,,,,,,,,,,,,Maryland Accreditation,,,,,Accredited Program,,,,,,,,,
6403,1,Family Child Care,False,False,True,True,True,True,True,True,8,,,,,,,,,,,,,,,,,,,,
6263,1,Family Child Care,False,False,True,True,True,True,True,True,8,,,,,,,,,,,,,,,,,,,,
6941,1,Family Child Care,False,False,True,True,True,True,True,True,6,,,,,,,,,,,,,,,,,,,,
7030,2,Family Child Care,False,False,True,False,False,False,False,False,7,,,,,,,,,,,,,,,,,,,,
1534,2,Child Care Center,True,True,False,True,True,True,True,True,50,,,,,,,,,,,,,,,,,,,,
5074,2,School-Age Only,False,False,False,False,False,False,False,True,75,,,,,,,,,,,,,,,,,,,,
2739,2,School-Age Only,False,False,False,False,True,True,True,True,20,,,,,,,,,,,,,,,,,,,,
1792,2,School-Age Only,False,False,False,False,False,False,False,True,60,,,,,,,,,,,,,,,,,,,,
3920,2,School-Age Only,False,False,False,False,False,True,True,True,90,,,,,,,,,,,,,,,,,,,,
2823,2,Child Care Center,False,False,False,False,False,True,True,False,16,,,,,,,,,,,,,,,,,,,,
3729,2,School-Age Only,False,False,False,False,False,True,True,True,75,,,,,,,,,,,,,,,,,,,,
1922,1,School-Age Only,False,False,False,False,False,True,True,True,60,,,,,,,,,,,,,,,,,,,,
6923,1,School-Age Only,False,False,False,False,False,True,True,True,30,,,,,,,,,,,,,,,,,,,,
1143,2,School-Age Only,False,False,False,False,False,True,True,True,60,,,,,,,,,,,,,,,,,,,,
197,2,School-Age Only,False,False,False,False,False,True,True,True,90,,,,,,,,,,,,,,,,,,,,
3963,1,School-Age Only,False,False,False,False,False,True,True,True,30,,,,,,,,,,,,,,,,,,,,
485,2,School-Age Only,False,False,False,False,False,True,True,True,30,,,,,,,,,,,,,,,,,,,,
6138,1,School-Age Only,False,False,False,False,False,True,True,True,45,,,,,,,,,,,,,,,,,,,,
629,2,School-Age Only,False,False,False,False,False,True,True,True,30,,,,,,,,,,,,,,,,,,,,
5036,2,School-Age Only,False,False,False,False,False,True,True,True,75,,,,,,,,,,,,,,,,,,,,
1834,2,School-Age Only,False,False,False,False,False,True,True,True,75,,,,,,,,,,,,,,,,,,,,
5617,2,School-Age Only,False,False,False,False,False,True,True,True,30,,,,,,,,,,,,,,,,,,,,
757,2,School-Age Only,False,False,False,False,False,True,True,True,75,,,,,,,,,,,,,,,,,,,,
569,1,School-Age Only,False,False,False,False,False,False,False,True,45,,,,,,,,,,,,,,,,,,,,
5156,2,School-Age Only,False,False,False,False,False,True,True,True,75,,,,,,,,,,,,,,,,,,,,
6423,2,School-Age Only,False,False,False,False,False,True,True,True,30,,,,,,,,,,,,,,,,,,,,
981,2,School-Age Only,False,False,False,False,False,False,False,True,30,,,,,,,,,,,,,,,,,,,,
4133,2,School-Age Only,False,False,False,False,False,True,True,True,90,,,,,,,,,,,,,,,,,,,,
5677,1,School-Age Only,False,False,False,False,False,True,True,True,60,,,,,,,,,,,,,,,,,,,,
2746,2,School-Age Only,False,False,False,False,False,False,False,True,75,,,,,,,,,,,,,,,,,,,,
6209,5,Family Child Care,,,,,,,,,,,,,,,,,National Association for Family Child Care (NAFCC),,,Accredited Program,Asthma & Allergy Friendly,,,,Health and Wellness,,,Quality Business Practices,
1730,1,Family Child Care,False,False,True,True,True,True,True,True,8,,,,,,,,,,,,,,,,,,,,
3841,1,Child Care Center,True,True,False,True,True,True,True,True,156,,,,,,,,,,,,,,,,,,,,
5693,1,Child Care Center,True,True,False,True,True,True,True,True,121,,,,,,,,,,,,,,,,,,Military Child Care in Your Neighborhood,,
2408,3,Child Care Center,True,True,False,True,True,True,True,True,79,,,,,,,,,,,,,,,,,,,,
6446,3,Child Care Center,True,True,False,True,True,True,True,True,124,,,,,,,,,,National Early Childhood Program Accreditation (NECPA),Accredited Program,,,,,,,,,
5312,3,Family Child Care,False,False,True,True,True,True,True,True,8,,,,,,,,,,,,,,,,,,,,
1996,1,Family Child Care,False,False,True,True,True,True,True,True,8,,,,,,,,,,,,,,,,,,,,
3449,2,Child Care Center,,,,,,,,,,,,,,,,,,,,,,,,,,,,,
5415,3,Child Care Center,True,True,False,True,True,True,True,True,33,,,,,,,,,,,,,,,,,,,,
614,3,Family Child Care,False,False,True,True,True,True,True,True,8,,,,,,,,,,,,,,,,,,,,
4146,1,Family Child Care,False,False,True,True,True,True,True,True,7,,,,,,,,,,,,,,,,,,,,
4578,4,Public Prekindergarten,,,,,,,,,,,,,,,,,,,,,,,,,,,,,
3844,1,Family Child Care,False,False,True,True,True,True,True,True,8,,,,,,,,,,,,,,,,,,,,
4125,1,Family Child Care,False,False,True,True,True,True,True,True,8,,,,,,,,,,,,,,,,,,,,
6107,1,Family Child Care,False,False,True,True,True,True,True,True,8,,,,,,,,,,,,,,,,,,,,
5956,1,Family Child Care,False,False,True,True,True,True,True,True,7,,,,,,,,,,,,,,,,,,,,
3821,1,Family Child Care,False,False,True,True,True,True,True,True,8,,,,,,,,,,,,,,,,,,,,
1575,1,Child Care Center,False,False,False,False,True,True,True,True,20,,,,,,,,,,,,,,,,,,,,
2650,5,Public Prekindergarten,,,,,,,,,,,,,,,Maryland Accreditation,,,,,Accredited Program,,,,,,,,,
6224,5,Public Prekindergarten,,,,,,,,,,,,,,,Maryland Accreditation,,,,,Accredited Program,,,,,,,,,
3373,5,Public Prekindergarten,,,,,,,,,,,,,,,Maryland Accreditation,,,,,Accredited Program,,,,,,,,,
3521,5,Public Prekindergarten,,,,,,,,,,,,,,,Maryland Accreditation,,,,,Accredited Program,,,,,,,,,
1713,4,Child Care Center,True,True,False,True,True,True,True,True,,,,,,,,,,,,,,,,,,,,,
7041,5,Public Prekindergarten,,,,,,,,,,,,,,,Maryland Accreditation,,,,,Accredited Program,,,,,,,,,
5685,4,Public Prekindergarten,,,,,,,,,,,,,,,,,,,,,,,,,,,,,
736,1,Family Child Care,False,False,True,True,True,True,True,True,8,,,,,,,,,,,,,,,,,,,,
3610,4,Public Prekindergarten,,,,,,,,,,,,,,,Maryland Accreditation,,,,,Accredited Program,,,,,,,,,
1340,4,Child Care Center,True,True,False,True,True,True,True,True,62,,,,,,,,,,,,,,,,,,,,
183,3,Family Child Care,False,False,True,True,True,True,True,False,6,,,,,,,,,,,,,,,,,,,,
5455,4,Family Child Care,False,False,True,True,True,True,True,True,7,,,,,,,,,,,,,,,,,,,,
4379,2,Family Child Care,False,False,True,True,True,True,True,True,8,,,,,,,,,,,,,,,,,,,,
5935,1,Child Care Center,True,True,False,True,True,True,True,True,31,,,,,,,,,,,,,,,,,,,,
2254,5,Public Prekindergarten,,,,,,,,,,,,,,,Maryland Accreditation,,,,,Accredited Program,,,,,,,,,
555,3,Child Care Center,False,False,False,True,True,True,True,True,110,,,,,,,,,,,,,,,,,,,,
1921,2,Child Care Center,False,False,False,True,True,True,True,True,115,,,,,,,Middle States Association of Colleges and Schools Commission on Elementary and Secondary Schools (MSA-CESS),,,,Accredited Program,,,,,,,,,
1654,1,Family Child Care,False,False,True,True,True,True,True,True,5,,,,,,,,,,,,,,,,,,,,
3273,1,Child Care Center,True,True,False,True,True,True,True,True,125,,,,,,,,,,,,,,,,,,,,
1849,3,Family Child Care,False,False,True,True,True,True,True,True,7,,,,,,,,,,,,,,,,,,,,
1342,5,Public Prekindergarten,,,,,,,,,,,,,,,Maryland Accreditation,,,,,Accredited Program,,,,,,,,,
348,4,Child Care Center,True,True,False,True,True,True,True,True,92,,,,,,,,,,,,,,,,,,,,
5572,5,Public Prekindergarten,,,,,,,,,,,,,,,Maryland Accreditation,,,,,Accredited Program,,,,,,,,,
6042,5,Public Prekindergarten,,,,,,,,,,,,,,,Maryland Accreditation,,,,,Accredited Program,,,,,,,,,
1854,1,Child Care Center,False,False,False,False,True,True,True,False,40,,,,,,,,,,,,,,,,,,,,
5973,2,Family Child Care,False,False,True,True,True,True,True,True,8,,,,,,,,,,,,,,,,,,,,
1021,4,Family Child Care,False,False,True,True,True,True,True,True,6,,,,,,,,,,,,,,,,,,,,
1399,3,Child Care Center,True,True,False,True,True,True,True,True,45,,,,,,,,,,,,,,,,,,,,
2536,4,Child Care Center,True,True,False,True,True,True,True,True,70,,,,,,Maryland Accreditation,,,,,Accredited Program,,,,,,,,,
2108,3,Child Care Center,True,True,False,True,True,True,True,True,52,,,,,,,,,,,,,,,,,,,,
5177,4,Family Child Care,False,False,True,True,True,True,True,True,8,,,,,,,,,,,,,,,,,,,,
2643,1,Family Child Care,False,False,True,True,True,True,True,True,8,,,,,,,,,,,,,,,,,,,,
5287,1,Family Child Care,False,False,True,True,True,True,True,True,7,,,,,,,,,,,,,,,,,,,,
6939,3,Family Child Care,False,False,True,True,True,True,True,True,8,,,,,,,,,,,,,,,,,,,,
1893,1,Family Child Care,False,False,True,True,True,True,True,True,6,,,,,,,,,,,,,,,,,,,,
1569,1,Family Child Care,False,False,True,True,True,True,True,True,8,,,,,,,,,,,,,,,,,,,,
5280,1,Family Child Care,False,False,True,True,True,True,True,True,7,,,,,,,,,,,,,,,,,,,,
4953,3,Family Child Care,False,False,True,True,True,True,True,True,7,,,,,,,,,,,,,,,,,,,,
1448,2,Family Child Care,False,False,True,True,True,True,True,True,8,,,,,,,,,,,,,,,,,,,,
484,3,Child Care Center,True,True,False,True,True,True,True,True,110,,,,,,,,,National Association for the Education of Young Children (NAEYC),,Accredited Program,,,,,,,,,
3109,3,Child Care Center,True,True,False,True,True,True,True,True,78,,,,,,,,,,,,,,,,,,,,
5922,3,Child Care Center,True,True,False,True,True,True,True,True,116,,,,,,,,,,National Early Childhood Program Accreditation (NECPA),Accredited Program,,,,,,,,,
1024,1,Family Child Care,False,False,True,True,True,True,True,True,8,,,,,,,,,,,,,,,,,,,,
1020,5,Family Child Care,False,False,True,True,True,True,True,True,8,,,,,,,,National Association for Family Child Care (NAFCC),,,Accredited Program,,,,,,,,,
3058,1,Family Child Care,False,False,True,True,True,True,True,True,8,,,,,,,,,,,,,,,,,,,,
1740,1,Family Child Care,False,False,True,True,True,True,True,True,7,,,,,,,,,,,,,,,,,,,,
5322,1,Child Care Center,False,False,False,True,True,True,True,True,20,,,,,,,,,,,,,,,,,,,,
4687,1,Family Child Care,False,False,True,True,True,True,True,True,8,,,,,,,,,,,,,,,,,,,,
4714,1,Family Child Care,False,False,True,True,True,True,True,True,7,,,,,,,,,,,,,,,,,,,,
763,1,Family Child Care,False,False,True,True,True,True,True,True,8,,,,,,,,,,,,,,,,,,,,
1172,1,Child Care Center,True,True,False,True,True,True,True,True,94,,,,,,,,,,,,,,,,,,,,
1936,2,Family Child Care,False,False,True,True,True,True,True,True,8,,,,,,,,,,,,,,,,,,,,
4756,1,Family Child Care,False,False,True,True,True,True,True,True,8,,,,,,,,,,,,,,,,,,,,
5256,5,Public Prekindergarten,,,,,,,,,,,,,,,Maryland Accreditation,,,,,Accredited Program,,,,,,,,,
5512,1,Family Child Care,False,False,True,True,True,True,True,True,6,,,,,,,,,,,,,,,,,,,,
3831,4,Family Child Care,False,False,True,True,True,True,True,False,6,,,,,,,,,,,,,,,,,,,,
2749,5,Public Prekindergarten,,,,,,,,,,,,,,,Maryland Accreditation,,,,,Accredited Program,,,,,,,,,
5151,5,Public Prekindergarten,,,,,,,,,,,,,,,Maryland Accreditation,,,,,Accredited Program,,,,,,,,,
1046,1,Family Child Care,False,False,True,True,True,True,True,False,8,,,,,,,,,,,,,,,,,,,,
3548,3,Family Child Care,False,False,False,True,True,True,True,True,8,,,,,,,,,,,,,,,,,,,,
5826,2,Family Child Care,False,False,True,True,True,True,True,True,6,,,,,,,,,,,,,,,,,,,,
5586,1,Family Child Care,False,False,True,True,True,True,True,True,6,,,,,,,,,,,,,,,,,,,,
4493,5,Public Prekindergarten,,,,,,,,,,,,,,,Maryland Accreditation,,,,,Accredited Program,,,,,,,,,
2519,1,Child Care Center,,,,,,,,,,,,,,,,,,,,,,,,,,,,,
2706,1,Family Child Care,False,False,True,True,True,True,True,True,8,,,,,,,,,,,,,,,,,,,,
1551,1,Family Child Care,False,False,True,True,True,True,True,True,8,,,,,,,,,,,,,,,,,,,,
3473,1,Family Child Care,False,False,True,True,True,True,True,True,8,,,,,,,,,,,,,,,,,,,,
642,2,Child Care Center,False,False,False,True,True,True,True,False,40,,,,,,,,,,,,,,,,,,,,
952,3,Family Child Care,False,False,True,True,True,True,True,True,8,,,,,,,,,,,,,,,,,,,,
3500,1,Family Child Care,False,False,True,True,True,True,True,True,6,,,,,,,,,,,,,,,,Health and Wellness,,,,
3714,1,Child Care Center,False,False,False,True,True,True,True,True,27,,,,,,,,,,,,,,,,,,,,
6308,1,Family Child Care,False,False,True,True,True,True,True,True,8,,,,,,,,,,,,,,,,,,,,
6340,1,Family Child Care,False,False,True,True,True,True,True,True,8,,,,,,,,,,,,,,,,,,,,
2923,4,Child Care Center,False,False,False,True,True,True,True,True,65,,,,,,,,,,,,,,,,,,,,
7055,3,Child Care Center,True,True,False,True,True,True,True,True,76,,,,,,,,,,,,,,,,,,,,
2720,1,Child Care Center,True,True,False,True,True,True,True,True,73,,,,,,,,,,,,,,,,,,,,
6930,5,Family Child Care,False,False,True,True,True,True,True,True,8,,,,,,,,National Association for Family Child Care (NAFCC),,,Accredited Program,,,,,,,,,
1757,1,Family Child Care,False,False,True,True,True,True,True,True,8,,,,,,,,,,,,,,,,,,,,
4323,1,Family Child Care,False,False,True,True,True,True,True,True,8,,,,,,,,,,,,,,,,,,,,
1346,1,Family Child Care,False,False,True,True,True,True,True,True,8,,,,,,,,,,,,,,,,,,,,
1888,2,Family Child Care,False,False,True,True,True,True,True,True,8,,,,,,,,,,,,,,,,,,,,
237,1,Child Care Center,False,False,False,False,True,True,True,True,40,,,,,,,,,,,,,,,,,,,,
4717,1,Child Care Center,False,False,False,False,False,True,True,False,20,,,,,,,,,,,,,,,,,,,,
982,1,Family Child Care,False,False,True,True,True,True,True,True,8,,,,,,,,,,,,,,,,,,,,
3755,3,Family Child Care,False,False,True,True,True,True,True,True,8,,,,,,,,,,,,,,,,,,,,
5390,1,Family Child Care,False,False,True,True,True,True,True,True,7,,,,,,,,,,,,,,,,,,,,
4638,3,Family Child Care,False,False,True,True,True,True,True,True,6,,,,,,,,,,,,,,,,,,,,
3531,1,Family Child Care,False,False,True,True,True,True,True,True,8,,,,,,,,,,,,,,,,,,,,
904,5,Public Prekindergarten,,,,,,,,,,,,,,,Maryland Accreditation,,,,,Accredited Program,,,,,,,,,
6338,1,Family Child Care,False,False,True,True,True,True,True,True,7,,,,,,,,,,,,,,,,,,,,
2283,1,Family Child Care,,,,,,,,,,,,,,,,,,,,,,,,,,,,,
1198,3,Family Child Care,False,False,True,True,True,True,True,True,8,,,,,,,,,,,,,,,,,,,,
2639,1,Family Child Care,False,False,True,True,True,True,True,True,8,,,,,,,,,,,,,,,,,,,,
395,3,Family Child Care,False,False,True,True,True,True,True,True,8,,,,,,,,,,,,,,,,,,,,
88,1,Child Care Center,True,True,False,True,True,True,True,True,148,,,,,,,,,,,,,,,,,,,,
3888,1,Child Care Center,True,True,False,True,True,True,True,True,163,,,,,,,,,,,,,,,,,,,,
442,1,Family Child Care,False,False,True,True,True,True,True,True,8,,,,,,,,,,,,,,,,,,,,
4858,1,Family Child Care,False,False,True,True,True,True,True,True,8,,,,,,,,,,,,,,,,,,,,
5978,2,Family Child Care,False,False,True,True,True,True,True,True,8,,,,,,,,,,,,,,,,,,,,
5647,2,Family Child Care,False,False,True,True,True,True,True,True,7,,,,,,,,,,,,,,,,,,,,
5037,1,Family Child Care,False,False,True,True,True,True,True,True,8,,,,,,,,,,,,,,,,,,,,
1556,1,Family Child Care,False,False,True,True,True,True,True,True,8,,,,,,,,,,,,,,,,,,,,
289,2,Family Child Care,False,False,True,True,True,True,True,True,8,,,,,,,,,,,,,,,,,,,,
3261,4,Child Care Center,True,True,False,True,True,True,True,True,,,,,,,,,,,,,,,,,,,,,
5170,3,Child Care Center,True,True,False,True,True,True,True,True,86,,,,,,,,,,,,,,,,,,,,
1056,5,Public Prekindergarten,,,,,,,,,,,,,,,Maryland Accreditation,,,,,Accredited Program,,,,,,,,,
6925,4,Public Prekindergarten,,,,,,,,,,,,,,,Maryland Accreditation,,,,,Accredited Program,,,,,,,,,
2575,5,Public Prekindergarten,,,,,,,,,,,,,,,Maryland Accreditation,,,,,Accredited Program,,,,,,,,,
126,1,Child Care Center,True,True,False,True,True,True,True,True,134,,,,,,,,,,,,,,,,,,,,
2595,1,Family Child Care,False,False,True,True,True,True,True,True,8,,,,,,,,,,,,,,,,,,,,
5138,4,Child Care Center,False,False,False,True,True,True,True,True,19,,,,,,,,,,,,,,,,,,,,
2906,3,Family Child Care,False,False,True,True,True,True,True,True,7,,,,,,,,,,,,,,,,,,,,
5577,1,Family Child Care,False,False,True,True,True,True,True,True,8,,,,,,,,,,,,,,,,,,,,
2073,5,Public Prekindergarten,,,,,,,,,,,,,,,Maryland Accreditation,,,,,Accredited Program,,,,,,,,,
5372,1,Family Child Care,False,False,True,True,True,True,True,True,8,,,,,,,,,,,,,,,,,,,,
4396,1,Family Child Care,False,False,True,True,True,True,True,True,8,,,,,,,,,,,,,,,,,,,,
2326,1,Large Family Child Care,False,False,True,True,True,True,True,True,12,,,,,,,,,,,,,,,,,,,,
5859,3,Large Family Child Care,False,False,True,True,True,True,True,True,12,,,,,,,,,,,,,,,,,,,,
557,1,Child Care Center,True,True,False,True,True,False,False,False,60,,,,,,,,,,,,,,,,,,,,
4041,3,Child Care Center,False,False,False,True,True,True,True,True,49,,,,,,,,,,,,,,,,,,,,
5783,3,Family Child Care,False,False,True,True,True,True,True,True,8,,,,,,,,,,,,,,,,,,,,
924,3,Family Child Care,False,False,True,True,True,True,True,True,8,,,,,,,,,,,,,,,,,,,,
6894,5,Public Prekindergarten,,,,,,,,,,,,,,,Maryland Accreditation,,,,,Accredited Program,,,,,,,,,
6771,1,Family Child Care,False,False,True,True,True,True,True,True,5,,,,,,,,,,,,,,,,,,,,
3468,2,Family Child Care,False,False,True,True,True,True,True,True,8,,,,,,,,,,,,,,,,,,,,
3437,3,Family Child Care,False,False,True,True,True,True,True,True,7,,,,,,,,,,,,,,,,,,,,
5265,5,Family Child Care,False,False,True,True,True,True,True,True,8,,,,,,,,National Association for Family Child Care (NAFCC),,,Accredited Program,,,,,,,,,
6120,3,Child Care Center,False,True,False,True,True,True,True,True,80,,,,,,,,,,,,,,,,,,,,
2043,3,Child Care Center,True,True,False,True,True,True,True,True,10,,,,,,,,,,,,,,,,,,,,
762,4,Public Prekindergarten,,,,,,,,,,,,,,,Maryland Accreditation,,,,,Accredited Program,,,,,,,,,
7085,1,Family Child Care,False,False,True,True,True,True,True,True,8,,,,,,,,,,,,,,,,,,,,
3896,1,Large Family Child Care,False,False,True,True,True,True,True,True,12,,,,,,,,,,,,,,,,,,,,
6656,3,Large Family Child Care,False,False,False,True,True,True,True,True,12,,,,,,,,,,,,,,,,,,,,
5124,1,Family Child Care,False,False,True,True,True,True,True,True,8,,,,,,,,,,,,,,,,,,,,
1331,1,Family Child Care,False,False,True,True,True,True,True,True,8,,,,,,,,,,,,,,,,,,,,
1019,3,Child Care Center,True,True,False,True,True,True,True,True,35,,,,,,,,,,,,,,,,,,,,
3287,3,Child Care Center,True,True,False,True,True,True,True,True,46,,,,,,,,,,,,,,,,,,,,
2129,3,Family Child Care,False,False,True,True,True,True,True,True,8,,,,,,,,,,,,,,,,,,,,
5374,3,Family Child Care,False,False,True,True,True,True,True,True,8,,,,,,,,,,,,,,,,,,,,
2478,5,Public Prekindergarten,,,,,,,,,,,,,,,,,,,,,,,,,,,,,
3605,1,Family Child Care,False,False,True,True,True,True,True,True,8,,,,,,,,,,,,,,,,,,,,
2491,1,Child Care Center,True,True,False,True,True,True,True,True,66,,,,,,,,,,,,,,,,,,,,
1862,1,Child Care Center,True,True,False,True,True,True,True,True,93,,,,,,,,,,,,,,,,,,,,
3657,1,Child Care Center,,,,,,,,,,,,,,,,,,,,,,,,,,,,,
892,2,Family Child Care,False,False,True,True,True,True,True,True,8,,,,,,,,,,,,,,,,,,,,
7034,5,Public Prekindergarten,,,,,,,,,,,,,,,Maryland Accreditation,,,,,Accredited Program,,,,,,,,,
6662,3,Family Child Care,False,False,True,True,True,True,True,True,8,,,,,,,,,,,,,,,,,,,,
1439,5,Public Prekindergarten,,,,,,,,,,,,,,,Maryland Accreditation,,,,,Accredited Program,,,,,,,,,
5750,3,Family Child Care,False,False,True,True,True,True,True,True,8,,,,,,,,,,,,,,,,,,,,
4601,3,Family Child Care,False,False,True,True,True,True,True,True,8,,,,,,,,,,,,,,,,,,,,
2766,3,Child Care Center,False,False,False,True,True,True,True,True,82,,,,,,,,,,,,,,,,,,,,
1803,3,Family Child Care,False,False,True,True,True,True,True,True,8,,,,,,,,,,,,,,,,,,,,
3041,1,Family Child Care,False,False,True,True,True,True,True,True,8,,,,,,,,,,,,,,,,,,,,
5450,1,Family Child Care,False,False,True,True,True,True,True,True,8,,,,,,,,,,,,,,,,,,,,
4076,1,Family Child Care,False,False,True,True,True,True,True,True,8,,,,,,,,,,,,,,,,,,,,
4505,1,Family Child Care,False,False,True,True,True,True,True,False,6,,,,,,,,,,,,,,,,,,,,
582,1,Family Child Care,False,False,True,True,True,True,True,True,7,,,,,,,,,,,,,,,,,,,,
525,1,Family Child Care,False,False,True,True,True,True,True,True,8,,,,,,,,,,,,,,,,,,,,
5631,1,Family Child Care,False,False,True,True,True,True,True,True,5,,,,,,,,,,,,,,,,,,,,
3859,1,Family Child Care,False,False,True,True,True,True,True,True,7,,,,,,,,,,,,,,,,,,,,
7078,5,Family Child Care,False,False,True,True,True,True,True,True,8,,,,,,,,National Association for Family Child Care (NAFCC),,,Accredited Program,,,,,,,,,
5764,5,Public Prekindergarten,,,,,,,,,,,,,,,Maryland Accreditation,,,,,Accredited Program,,,,,,,,,
5330,1,School-Age Only,False,False,False,False,True,True,True,True,30,,,,,,,,,,,,,,,,,,,,
5599,3,School-Age Only,False,False,False,False,True,True,True,True,103,,,,,,,,,,,,,,,,,,,,
2559,1,Family Child Care,False,False,False,True,True,True,True,True,7,,,,,,,,,,,,,,,,,,,,
7043,2,Child Care Center,,,,,,,,,,,,,,,,,,,,,,,,,,,,,
470,1,Family Child Care,False,False,True,True,True,True,True,True,8,,,,,,,,,,,,,,,,,,,,
3935,3,Child Care Center,True,True,False,True,True,True,True,False,79,,,,,,,,,,,,,,,,Health and Wellness,,,,
4402,1,Family Child Care,False,False,True,True,True,True,True,True,8,,,,,,,,,,,,,,,,,,,,
1481,3,Family Child Care,False,False,True,True,True,True,True,True,8,,,,,,,,,,,,,,,,,,,,
2061,4,Public Prekindergarten,,,,,,,,,,,,,,,Maryland Accreditation,,,,,Accredited Program,,,,,,,,,
5313,1,School-Age Only,False,False,False,False,True,True,True,True,30,,,,,,,,,,,,,,,,,,,,
378,4,Family Child Care,False,False,True,True,True,True,True,True,8,,,,,,,,,,,,,,,,,,,,
273,4,Child Care Center,True,True,False,True,True,True,True,True,184,,,,,,Maryland Accreditation,,,,,Accredited Program,,,,,,,,,
1589,4,Child Care Center,True,True,False,True,True,True,True,True,206,,,,,,Maryland Accreditation,,,,,Accredited Program,,,,,,,,,
2592,1,Child Care Center,True,True,False,True,True,True,True,True,144,,,,,,Maryland Accreditation,,,,,Accredited Program,,,,,,,,,
1935,1,Family Child Care,False,False,True,True,True,True,True,True,6,,,,,,,,,,,,,,,,,,,,
2304,5,Child Care Center,False,False,False,True,True,True,True,True,75,,,,,,Maryland Accreditation,,,,,Accredited Program,,,,,,,,,
6014,5,Public Prekindergarten,,,,,,,,,,,,,,,Maryland Accreditation,,,,,Accredited Program,,,,,,,,,
5375,5,Public Prekindergarten,,,,,,,,,,,,,,,Maryland Accreditation,,,,,Accredited Program,,,,,,,,,
6487,1,School-Age Only,False,False,False,False,True,True,True,True,30,,,,,,,,,,,,,,,,,,,,
871,5,Child Care Center,False,False,False,True,True,True,True,False,64,,,,,,Maryland Accreditation,,,,,Accredited Program,,,,,,,,,
2695,5,Public Prekindergarten,,,,,,,,,,,,,,,Maryland Accreditation,,,,,Accredited Program,,,,,,,,,
1852,5,Public Prekindergarten,,,,,,,,,,,,,,,Maryland Accreditation,,,,,Accredited Program,,,,,,,,,
1098,2,School-Age Only,False,False,False,False,False,True,True,True,30,,,,,,,,,,,,,,,,,,,,
412,5,Child Care Center,True,True,False,True,True,True,True,True,123,,,,,,Maryland Accreditation,,,,,Accredited Program,,,,,,,,,
1498,5,Child Care Center,True,True,False,True,True,True,True,True,152,,,,,,Maryland Accreditation,,,,,Accredited Program,,,,,,,,,
1227,1,LOC,False,False,False,True,True,True,True,True,41,,,,,,,,,,,,,,,,,,,,
680,5,Public Prekindergarten,,,,,,,,,,,,,,,Maryland Accreditation,,,,,Accredited Program,,,,,,,,,
1120,2,School-Age Only,,,,,,,,,,,,,,,,,,,,,,,,,,,,,
1506,1,Family Child Care,False,False,True,True,True,True,True,True,8,,,,,,,,,,,,,,,,,,,,
2004,1,Child Care Center,True,True,False,True,True,True,True,True,38,,,,,,,,,,,,,,,,,,,,
5247,1,Child Care Center,True,True,False,True,True,True,True,True,78,,,,,,,,,,,,,,,,,,,,
2394,5,Child Care Center,False,False,False,True,True,True,True,True,88,,,,,,Maryland Accreditation,,,,,Accredited Program,,,,,Health and Wellness,,,Quality Business Practices,
5787,3,Child Care Center,,,,,,,,,,,,,,,,,,,,,,,,,,,,,
7024,3,Child Care Center,False,True,False,True,True,True,True,True,59,,,,,,,,,,,,,,,,,,,,
2294,4,Child Care Center,False,False,False,True,True,True,True,False,84,,,,,,,,,,,Accredited Program,,,,,,,,,
3559,1,Child Care Center,False,False,False,False,True,True,True,False,35,,,,,,,,,,,,,,,,,,,,
461,1,Family Child Care,False,False,True,True,True,True,True,True,7,,,,,,,,,,,,,,,,,,,,
6476,1,Family Child Care,False,False,True,True,True,True,True,True,8,,,,,,,,,,,,,,,,,,,,
3624,2,School-Age Only,False,False,False,False,False,False,False,True,45,,,,,,,,,,,,,,,,,,,,
665,1,Child Care Center,True,True,False,True,True,True,True,True,66,,,,,,,,,,,,,,,,,,,,
2828,1,Child Care Center,True,True,False,True,True,True,True,True,51,,,,,,,,,,,,,,,,,,,,
7029,5,Child Care Center,True,True,False,True,True,True,True,True,102,,,,,,Maryland Accreditation,,,,,Accredited Program,,,,,,,,,
4837,5,Child Care Center,True,True,False,True,True,True,True,True,111,,,,,,Maryland Accreditation,,,,,Accredited Program,Asthma & Allergy Friendly,,,,,,,,
6882,1,Family Child Care,False,False,True,True,True,True,True,True,8,,,,,,,,,,,,,,,,,,,,
5605,4,Family Child Care,False,False,True,True,True,True,True,True,7,,,,,,,,,,,,,,,,,,,,
4852,1,Family Child Care,False,False,True,True,True,True,True,True,8,,,,,,,,,,,,,,,,,,,,
1250,1,Family Child Care,False,False,True,True,True,True,True,True,8,,,,,,,,,,,,,,,,,,,,
3157,3,Family Child Care,False,False,True,True,True,True,True,True,8,,,,,,,,,,,,,,,,,,,,
3557,5,Public Prekindergarten,,,,,,,,,,,,,,,Maryland Accreditation,,,,,Accredited Program,,,,,,,,,
4669,1,School-Age Only,False,False,False,False,False,True,True,True,30,,,,,,,,,,,,,,,,,,,,
1494,3,Family Child Care,,,,,,,,,,,,,,,,,,,,,,,,,,,,,
5544,1,Family Child Care,False,False,True,True,True,True,True,True,8,,,,,,,,,,,,,,,,,,,,
2949,1,Family Child Care,False,False,True,True,True,True,True,True,8,,,,,,,,,,,,,,,,,,,,
463,3,Family Child Care,False,False,True,True,True,True,True,True,8,,,,,,,,,,,,,,,,,,,,
1271,1,Family Child Care,,,,,,,,,,,,,,,,,,,,,,,,,,,,,
1232,1,Family Child Care,False,False,True,True,True,True,True,True,8,,,,,,,,,,,,,,,,,,,,
4425,3,Family Child Care,False,False,True,True,True,True,True,False,6,,,,,,,,,,,,,,,,,,,,
5653,4,Public Prekindergarten,,,,,,,,,,,,,,,Maryland Accreditation,,,,,Accredited Program,,,,,,,,,
5866,3,Child Care Center,False,False,False,True,True,True,True,False,20,,,,,,,,,,,,,,,,,,,,
1499,4,Family Child Care,False,False,True,True,True,True,True,True,8,,,,,,,,,,,,,,,,,,,,
6025,5,Child Care Center,True,True,False,True,True,True,True,True,103,,,,,,Maryland Accreditation,,,,,Accredited Program,,,,,,,,,
6707,1,School-Age Only,False,False,False,False,False,False,False,True,30,,,,,,,,,,,,,,,,,,,,
4086,5,Child Care Center,False,True,False,True,True,True,True,True,128,,,,,,,,,,National Early Childhood Program Accreditation (NECPA),Accredited Program,,,,,,,,,
826,5,Child Care Center,False,False,False,True,True,True,True,False,53,,,,,,,,,National Association for the Education of Young Children (NAEYC),,Accredited Program,,,Eco-Friendly Program,,,,,,
6868,5,Public Prekindergarten,,,,,,,,,,,,,,,Maryland Accreditation,,,,,Accredited Program,,,,,,,,,
4851,5,Child Care Center,True,True,False,True,True,True,True,True,182,,,,,,Maryland Accreditation,,,,,Accredited Program,,,,,,,,,
3078,1,Family Child Care,False,False,True,True,True,True,True,True,8,,,,,,,,,,,,,,,,,,,,
6282,1,Child Care Center,True,True,False,True,True,True,True,True,92,,,,,,,,,,,,,,,,,,,,
5716,2,Family Child Care,False,False,True,True,True,True,True,True,7,,,,,,,,,,,,,,,,,,,,
1326,5,Public Prekindergarten,,,,,,,,,,,,,,,Maryland Accreditation,,,,,,,,,,,,,,
4067,1,Child Care Center,True,True,False,True,True,True,True,True,67,,,,,,,,,,,,,,,,,,,,
6653,1,Family Child Care,False,False,True,True,True,True,True,True,7,,,,,,,,,,,,,,,,,,,,
1424,2,Child Care Center,True,True,False,True,True,True,True,False,25,,,,,,,,,,,,,,,,,,,,
5616,1,Family Child Care,False,False,True,True,True,True,True,True,8,,,,,,,,,,,,,,,,,,,,
4461,2,Child Care Center,False,False,False,True,True,True,True,False,20,,,,,,,,,,,,,,,,,,,,
2130,2,School-Age Only,False,False,False,False,False,False,False,True,30,,,,,,,,,,,,,,,,,,,,
571,3,Family Child Care,False,False,True,True,True,True,True,True,8,,,,,,,,,,,,,,,,,,,,
4373,3,Large Family Child Care,False,False,True,True,True,True,True,True,10,,,,,,,,,,,,,,,,,,,,
4806,4,Family Child Care,False,False,True,True,True,True,True,False,8,,,,,,,,,,,,,,,,,,,,
7096,1,Family Child Care,False,False,True,True,True,True,True,False,8,,,,,,,,,,,,,,,,,,,,
2167,1,Family Child Care,False,False,True,True,True,True,True,True,8,True,,,,,,,,,,,,,,,,,,,
6671,3,Family Child Care,False,False,True,True,True,True,True,True,7,,,,,,,,,,,,,,,,,,,,
4928,1,Family Child Care,False,False,True,True,True,True,True,True,8,,,,,,,,,,,,,,,,,,,,
4610,2,Family Child Care,False,False,True,True,True,True,True,True,8,,,,,,,,,,,,,,,,,,,,
1563,1,Family Child Care,False,False,True,True,True,True,True,True,8,,,,,,,,,,,,,,,,,,,,
4645,1,School-Age Only,False,False,False,False,True,True,True,True,30,,,,,,,,,,,,,,,,,,,,
885,1,Family Child Care,False,False,True,True,True,True,True,True,8,,,,,,,,,,,,,,,,,,,,
6836,1,Child Care Center,True,True,False,True,True,True,True,True,147,,,,,,,,,,,,,,,,,,,,
1492,1,Child Care Center,True,True,False,True,True,True,True,True,173,,,,,,,,,National Association for the Education of Young Children (NAEYC),,Accredited Program,,,,,,,,,
4942,5,Child Care Center,True,True,False,True,True,True,True,True,148,,,,,,,,,National Association for the Education of Young Children (NAEYC),,Accredited Program,,,,,,,,,
1110,1,Family Child Care,False,False,True,True,True,True,True,True,8,,,,,,,,,,,,,,,,,,,,
6537,3,Family Child Care,False,False,True,True,True,True,True,True,8,,,,,,,,,,,,,,,,,,,,
137,4,Child Care Center,True,True,False,True,True,True,True,True,144,,,,,,,,,National Association for the Education of Young Children (NAEYC),,Accredited Program,,,,,,,,,
4623,3,Child Care Center,True,True,False,True,True,True,True,False,83,,,,,,,,,National Association for the Education of Young Children (NAEYC),,Accredited Program,,,,,,,,,
2937,3,Child Care Center,True,True,False,True,True,True,True,True,95,,,,,,,,,National Association for the Education of Young Children (NAEYC),,Accredited Program,,,,,,,,,
3320,1,Family Child Care,False,False,True,True,True,True,True,True,,,,,,,,,,,,,,,,,,,,,
4780,1,Family Child Care,False,False,True,True,True,True,True,True,8,,,,,,,,,,,,,,,,,,,,
1454,1,Child Care Center,False,False,False,True,True,True,True,True,20,,,,,,,,,,,,,,,,,,,,
6589,1,Child Care Center,True,True,False,True,True,True,True,True,117,,,,,,,,,,,,,,,,,,,,
5241,1,Child Care Center,True,True,False,True,True,True,True,True,99,,,,,,,,,,,,,,,,,,,,
646,3,Child Care Center,True,True,False,True,True,True,True,True,127,,,,,,,,,,National Early Childhood Program Accreditation (NECPA),Accredited Program,,,,,,,,,
5071,1,Family Child Care,False,False,True,True,True,True,True,True,8,,,,,,,,,,,,,,,,,,,,
1907,3,Family Child Care,False,False,True,True,True,True,True,True,8,,,,,,,,,,,,,,,,,,,,
4783,1,Family Child Care,False,False,True,True,True,True,True,True,3,,,,,,,,,,,,,,,,,,,,
1622,1,Family Child Care,False,False,True,True,True,True,True,True,8,,,,,,,,,,,,,,,,,,,,
5236,3,Family Child Care,False,False,True,True,True,True,True,True,8,,,,,,,,,,,,,,,,,,,,
4293,5,Child Care Center,True,True,False,True,True,True,True,True,113,,,,,,Maryland Accreditation,,,,,Accredited Program,,,,,,,,,
5680,3,School-Age Only,False,False,False,False,False,False,False,True,30,,,,,,,,,,,,,,,,,,,,
3998,3,Child Care Center,False,False,False,True,True,True,True,True,37,,,,,,,,,,,,,,,,,,,,
5214,3,School-Age Only,False,False,False,False,False,False,False,True,30,,,,,,,,,,,,,,,,,,,,
1272,1,Family Child Care,False,False,False,True,True,True,True,True,8,,,,,,,,,,,,,,,,,,,,
161,5,Family Child Care,,,,,,,,,,,,,,,,,National Association for Family Child Care (NAFCC),,,Accredited Program,,,,,,,,,
6951,5,Public Prekindergarten,,,,,,,,,,,,,,,Maryland Accreditation,,,,,Accredited Program,,,,,,,,,
1318,3,Large Family Child Care,False,False,False,True,True,True,True,True,12,,,,,,,,,,,,,,,,,,,,
3130,5,Public Prekindergarten,,,,,,,,,,,,,,,Maryland Accreditation,,,,,Accredited Program,,,,,,,,,
5248,5,Public Prekindergarten,,,,,,,,,,,,,,,Maryland Accreditation,,,,,,,,,,,,,,
4794,1,School-Age Only,False,False,False,False,True,True,True,True,30,,,,,,,,,,,,,,,,,,,,
2708,1,Child Care Center,False,False,False,True,True,True,True,True,50,,,,,,,,,,,,,,,,,,,,
489,2,Family Child Care,False,False,True,True,True,True,True,False,6,,,,,,,,,,,,,,,,,,,,
5923,1,Family Child Care,False,False,True,True,True,True,True,False,8,,,,,,,,,,,,,,,,,,,,
6540,1,Family Child Care,False,False,True,True,True,True,True,True,8,,,,,,,,,,,,,,,,,,,,
4913,1,Family Child Care,False,False,True,True,True,True,True,True,8,,,,,,,,,,,,,,,,,,,,
921,5,Large Family Child Care,False,False,True,True,True,True,True,False,12,,,,,,,,National Association for Family Child Care (NAFCC),,,Accredited Program,,,,,,,,,
801,3,Family Child Care,False,False,True,True,True,True,True,True,8,,,,,,,,,,,,,,,,,,,,
1422,1,Family Child Care,False,False,True,True,True,True,True,True,6,,,,,,,,,,,,,,,,,,,,
975,3,Family Child Care,False,False,True,True,True,True,True,True,8,,,,,,,,,,,,,,,,,,,,
2047,5,Family Child Care,False,False,True,True,True,True,True,True,8,,,,,,,,National Association for Family Child Care (NAFCC),,,Accredited Program,,,,,,,,,
3348,3,Family Child Care,False,False,True,True,True,True,True,True,8,,,,,,,,,,,,,,,,,,,,
2664,5,Public Prekindergarten,,,,,,,,,,,,,,,Maryland Accreditation,,,,,Accredited Program,,,,,,,,,
4587,2,School-Age Only,False,False,False,False,False,False,False,True,30,,,,,,,,,,,,,,,,,,,,
4754,1,Child Care Center,True,True,False,True,True,True,True,True,162,,,,,,,,,,,,,,,,,,,,
3697,3,Family Child Care,False,False,True,True,True,True,True,True,8,,,,,,,,,,,,,,,,,,,,
673,3,Family Child Care,False,False,True,True,True,True,True,True,8,,,,,,,,,,,,,,,,,,,,
3230,5,Public Prekindergarten,,,,,,,,,,,,,,,Maryland Accreditation,,,,,,,,,,,,,,
5514,1,School-Age Only,False,False,False,False,True,True,True,True,30,,,,,,,,,,,,,,,,,,,,
1509,5,Public Prekindergarten,,,,,,,,,,,,,,,Maryland Accreditation,,,,,Accredited Program,,,,,,,,,
1328,2,Child Care Center,False,False,False,True,True,True,True,True,30,,,,,,,,,,,,,,,,,,,,
1390,1,Family Child Care,False,False,True,True,True,True,True,True,8,,,,,,,,,,,,,,,,,,,,
4016,1,Family Child Care,,,,,,,,,,,,,,,,,,,,,,,,,,,,,
4275,1,Family Child Care,False,False,True,True,True,True,True,True,8,,,,,,,,,,,,,,,,,,,,
6649,1,Family Child Care,False,False,True,True,True,True,True,True,8,,,,,,,,,,,,,,,,,,,,
1910,5,Public Prekindergarten,,,,,,,,,,,,,,,Maryland Accreditation,,,,,Accredited Program,,,,,,,,,
5583,2,School-Age Only,False,False,False,False,False,False,False,True,30,,,,,,,,,,,,,,,,,,,,
493,3,Large Family Child Care,False,False,True,True,True,True,True,True,12,,,,,,,,,,,,,,,,,,,,
2723,5,Public Prekindergarten,,,,,,,,,,,,,,,Maryland Accreditation,,,,,Accredited Program,,,,,,,,,
4423,1,School-Age Only,False,False,False,False,True,True,True,True,60,,,,,,,,,,,,,,,,,,,,
4508,1,Family Child Care,False,False,True,True,True,True,True,True,8,,,,,,,,,,,,,,,,,,,,
5341,5,Public Prekindergarten,,,,,,,,,,,,,,,Maryland Accreditation,,,,,Accredited Program,,,,,,,,,
2493,1,School-Age Only,False,False,False,False,False,True,True,True,30,,,,,,,,,,,,,,,,,,,,
3340,5,Family Child Care,False,False,False,True,True,True,True,False,7,,,,,,,,National Association for Family Child Care (NAFCC),,,,,,,,,,,,
2967,1,Family Child Care,False,False,True,True,True,True,True,False,8,,,,,,,,,,,,,,,,,,,,
6598,5,Public Prekindergarten,,,,,,,,,,,,,,,Maryland Accreditation,,,,,Accredited Program,,,,,,,,,
32,1,School-Age Only,False,False,False,False,True,True,True,True,75,,,,,,,,,,,,,,,,,,,,
791,1,Family Child Care,False,False,True,True,True,True,True,False,6,,,,,,,,,,,,,,,,,,,,
2230,5,Public Prekindergarten,,,,,,,,,,,,,,,Maryland Accreditation,,,,,Accredited Program,,,,,,,,,
5663,1,School-Age Only,False,False,False,False,True,True,True,True,30,,,,,,,,,,,,,,,,,,,,
4678,1,Family Child Care,False,False,True,True,True,True,True,False,6,,,,,,,,,,,,,,,,,,,,
5733,3,Family Child Care,False,False,True,True,True,True,True,True,7,,,,,,,,,,,,,,,,,,,,
3076,1,Family Child Care,False,False,True,True,True,True,True,True,8,,,,,,,,,,,,,,,,,,,,
5237,2,Family Child Care,False,False,True,True,True,True,True,True,8,,,,,,,,,,,,,,,,,,,,
3396,3,Child Care Center,True,True,False,True,True,True,True,True,89,,,,,,,,,,,,,,,,,,,,
3895,3,Family Child Care,False,False,True,True,True,True,True,True,8,,,,,,,,,,,,,,,,,,,,
6706,1,Family Child Care,False,False,True,True,True,True,True,True,7,,,,,,,,,,,,,,,,,,,,
3240,3,Family Child Care,False,False,True,True,True,True,True,True,8,,,,,,,,,,,,,,,,,,,,
612,1,Family Child Care,False,False,True,True,True,True,True,True,8,,,,,,,,,,,,,,,,,,,,
1942,3,Family Child Care,False,False,True,True,True,True,True,True,7,,,,,,,,,,,,,,,,,,,,
3127,3,Family Child Care,False,False,True,True,True,True,True,True,8,,,,,,,,,,,,,,,,,,,,
6430,3,Family Child Care,False,False,True,True,True,True,True,True,8,,,,,,,,,,,,,,,,,,,,
5294,1,Family Child Care,False,False,True,True,True,True,True,True,8,,,,,,,,,,,,,,,,,,,,
4786,4,Family Child Care,False,False,True,True,True,True,True,True,8,,,,,,,,,,,,,,,,,,,,
1579,1,Family Child Care,False,False,True,True,True,True,True,True,8,,,,,,,,,,,,,,,,,,,,
1524,4,Family Child Care,False,False,True,True,True,True,True,False,8,,,,,,,,,,,,,,,,,,,,
6238,1,Family Child Care,False,False,True,True,True,True,True,True,8,,,,,,,,,,,,,,,,,,,,
5163,1,Family Child Care,False,False,True,True,True,True,True,True,8,,,,,,,,,,,,,,,,,,,,
3994,1,Family Child Care,False,False,True,True,True,True,True,True,8,,,,,,,,,,,,,,,,,,,,
4121,1,Family Child Care,False,False,True,True,True,True,True,True,5,,,,,,,,,,,,,,,,,,,,
1254,1,Child Care Center,False,False,False,True,True,True,True,False,20,,,,,,,,,,,,,,,,,,,,
668,5,Public Prekindergarten,,,,,,,,,,,,,,,Maryland Accreditation,,,,,Accredited Program,,,,,,,,,
6741,1,School-Age Only,False,False,False,False,False,True,True,True,30,,,,,,,,,,,,,,,,,,,,
3428,5,LOC,False,False,False,False,True,True,True,True,180,,,,,Cognia Early Learning Accreditation,,,,,,Accredited Program,,,,,,,,,
5894,3,Child Care Center,True,True,False,True,True,True,True,False,24,,,,,,,,,,,,,,,,,,,,
6275,1,Family Child Care,False,False,True,True,True,True,True,True,6,,,,,,,,,,,,,,,,,,,,
4863,1,Family Child Care,False,False,True,True,True,True,True,True,7,,,,,,,,,,,,,,,,,,,,
5950,2,School-Age Only,False,False,False,False,False,False,False,True,15,,,,,,,,,,,,,,,,,,,,
5874,5,Public Prekindergarten,,,,,,,,,,,,,,,Maryland Accreditation,,,,,Accredited Program,,,,,,,,,
4648,1,School-Age Only,False,False,False,False,True,True,True,True,30,,,,,,,,,,,,,,,,,,,,
1468,1,Family Child Care,False,False,True,True,True,True,True,True,8,,,,,,,,,,,,,,,,,,,,
62,1,Family Child Care,False,False,True,True,True,True,True,True,6,,,,,,,,,,,,,,,,,,,,
2892,5,Large Family Child Care,False,False,True,True,True,True,True,True,12,,,,,,,,National Association for Family Child Care (NAFCC),,,Accredited Program,,,,,,,,,
5043,4,Family Child Care,False,False,True,True,True,True,True,True,8,,,,,,,,,,,,,,,,,,,,
4666,1,Family Child Care,False,False,True,True,True,True,True,True,6,,,,,,,,,,,,,,,,,,,,
5281,2,Family Child Care,False,False,True,True,True,True,True,True,8,,,,,,,,,,,,,,,,,,,,
519,1,Family Child Care,False,False,True,True,True,True,True,True,8,,,,,,,,,,,,,,,,,,,,
6860,3,School-Age Only,False,False,False,False,False,True,True,True,30,,,,,,,,,,,,,,,,,,,,
6592,4,School-Age Only,False,False,False,False,False,False,False,True,30,,,,,,,,,,,,,,,,,,,,
6632,3,School-Age Only,False,False,False,False,False,True,True,True,30,,,,,,,,,,,,,,,,,,,,
1288,3,Child Care Center,True,True,False,True,True,True,True,True,144,,,,,,,,,,,,,,,,,,,,
5784,5,Child Care Center,True,True,False,True,True,True,True,True,110,,,,,,,,,National Association for the Education of Young Children (NAEYC),,Accredited Program,,,,,,,,,
1697,5,Child Care Center,True,True,False,True,True,True,True,True,156,,,,,Cognia Early Learning Accreditation,Maryland Accreditation,,,,,Accredited Program,,,,,,,,,
113,5,Child Care Center,True,True,False,True,True,True,True,True,129,,,,,,Maryland Accreditation,,,,,Accredited Program,,,,,,,,,
5249,5,Child Care Center,True,True,False,True,True,True,True,True,163,,,,,,Maryland Accreditation,,,,,Accredited Program,,,,,,,,,
5097,5,Child Care Center,True,True,False,True,True,True,True,True,71,,,,,,Maryland Accreditation,,,,,Accredited Program,,,,,,,,,
2305,5,Child Care Center,True,True,False,True,True,True,True,True,70,,,,,,Maryland Accreditation,,,,,Accredited Program,,,,,,,,,
81,5,Public Prekindergarten,,,,,,,,,,,,,,,Maryland Accreditation,,,,,Accredited Program,,,,,,,,,
5383,1,Family Child Care,False,False,True,True,True,True,True,True,8,,,,,,,,,,,,,,,,,,,,
1689,5,Public Prekindergarten,,,,,,,,,,,,,,,Maryland Accreditation,,,,,Accredited Program,,,,,,,,,
2123,1,School-Age Only,False,False,False,False,False,True,True,True,60,,,,,,,,,,,,,,,,,,,,
3025,5,Public Prekindergarten,,,,,,,,,,,,,,,Maryland Accreditation,,,,,Accredited Program,,,,,,,,,
2336,2,School-Age Only,False,False,False,False,False,True,True,True,40,,,,,,,,,,,,,,,,,,,,
4450,1,School-Age Only,False,False,False,False,True,True,True,True,30,,,,,,,,,,,,,,,,,,,,
4415,5,Public Prekindergarten,,,,,,,,,,,,,,,Maryland Accreditation,,,,,Accredited Program,,,,,,,,,
7017,1,Family Child Care,False,False,True,True,True,True,True,False,5,,,,,,,,,,,,,,,,,,,,
1601,1,Family Child Care,False,False,True,True,True,True,True,True,7,,,,,,,,,,,,,,,,,,,,
4627,1,Family Child Care,False,False,True,True,True,True,True,True,8,,,,,,,,,,,,,,,,,,,,
6952,5,Public Prekindergarten,,,,,,,,,,,,,,,Maryland Accreditation,,,,,Accredited Program,,,,,,,,,
2490,1,School-Age Only,False,False,False,False,True,True,True,True,30,,,,,,,,,,,,,,,,,,,,
1464,3,Family Child Care,False,False,True,True,True,True,True,False,7,,,,,,,,,,,,,,,,,,,,
1100,3,Child Care Center,True,True,False,True,True,True,True,False,140,,,,,,,,,,,,,,,,,,,,
262,5,Public Prekindergarten,,,,,,,,,,,,,,,Maryland Accreditation,,,,,Accredited Program,,,,,,,,,
89,1,School-Age Only,False,False,False,False,True,True,True,True,30,,,,,,,,,,,,,,,,,,,,
903,5,Public Prekindergarten,,,,,,,,,,,,,,,Maryland Accreditation,,,,,Accredited Program,,,,,,,,,
1626,2,School-Age Only,False,False,False,False,True,True,True,True,45,,,,,,,,,,,,,,,,,,,,
2204,5,Public Prekindergarten,,,,,,,,,,,,,,,Maryland Accreditation,,,,,Accredited Program,,,,,,,,,
5931,5,Public Prekindergarten,,,,,,,,,,,,,,,Maryland Accreditation,,,,,Accredited Program,,,,,,,,,
3032,1,Family Child Care,False,False,True,True,True,True,True,True,8,,,,,,,,,,,,,,,,,,,,
832,5,Public Prekindergarten,,,,,,,,,,,,,,,Maryland Accreditation,,,,,Accredited Program,,,,,,,,,
3085,1,Family Child Care,False,False,True,True,True,True,True,True,7,,,,,,,,,,,,,,,,,,,,
1529,1,Family Child Care,False,False,True,True,True,True,True,True,8,,,,,,,,,,,,,,,,,,,,
4706,1,Family Child Care,False,False,True,True,True,True,True,True,8,,,,,,,,,,,,,,,,,,,,
491,5,Child Care Center,False,True,False,True,True,True,True,False,8,,,,,,Maryland Accreditation,,,,,,,,,,,,,,
5158,5,Public Prekindergarten,,,,,,,,,,,,,,,Maryland Accreditation,,,,,Accredited Program,,,,,,,,,
1229,5,Public Prekindergarten,,,,,,,,,,,,,,,Maryland Accreditation,,,,,Accredited Program,,,,,,,,,
284,1,Family Child Care,False,False,False,True,True,True,True,True,7,,,,,,,,,,,,,,,,,,,,
3294,2,Child Care Center,True,True,False,True,True,True,True,True,19,,,,,,,,,,,,,,,,,,,,
3029,5,Child Care Center,,,,,,,,,,,,,,,Maryland Accreditation,,,,,Accredited Program,,,,,,Judy Center,,,
2994,5,Large Family Child Care,False,False,True,True,True,True,True,True,12,,,,,,,,National Association for Family Child Care (NAFCC),,,Accredited Program,,,,,,,,,
1343,5,Public Prekindergarten,,,,,,,,,,,,,,,Maryland Accreditation,,,,,Accredited Program,,,,,,,,,
5153,1,LOC,False,False,False,True,True,True,True,True,47,,,,,,,,,,,,,,,,,,,,
3050,5,Child Care Center,True,True,False,True,True,False,False,False,18,,,,,,Maryland Accreditation,,,,,Accredited Program,,,,,,Judy Center,,,
6704,5,Public Prekindergarten,,,,,,,,,,,,,,,Maryland Accreditation,,,,,Accredited Program,,,,,,,,,
2409,1,Child Care Center,True,True,False,True,True,True,True,True,26,,,,,,,,,,,,,,,,,,,,
2800,5,Child Care Center,False,False,False,False,True,True,True,False,20,,,,,,Maryland Accreditation,,,,,Accredited Program,,,,,,Judy Center,,,
5831,1,Family Child Care,False,False,True,True,True,True,True,True,8,,,,,,,,,,,,,,,,,,,,
3218,4,Child Care Center,True,True,False,True,True,True,True,True,57,,,,,,,,,,,,,,,,,,,,
4162,3,Large Family Child Care,False,False,True,True,True,True,True,True,12,,,,,,,,,,,,,,,,,,,,
6718,1,Family Child Care,False,False,True,True,True,True,True,True,8,,,,,,,,,,,,,,,,,,,,
1875,5,Child Care Center,True,True,False,True,True,True,True,False,,,,,,,Maryland Accreditation,,,,,Accredited Program,,,,,,,,,
2388,3,Family Child Care,False,False,True,True,True,True,True,True,8,,,,,,,,,,,,,,,,,,,,
5875,4,Family Child Care,False,False,True,True,True,True,True,True,,,,,,,,,National Association for Family Child Care (NAFCC),,,Accredited Program,,,,,,,,,
3186,1,Child Care Center,True,True,False,True,True,True,True,True,18,,,,,,,,,,,,,,,,,,,,
4217,3,Family Child Care,False,False,True,True,True,True,True,True,8,,,,,,,,,,,,,,,,,,,,
2604,1,Large Family Child Care,False,False,True,True,True,True,True,True,12,,,,,,,,,,,,,,,,,,,,
3517,5,Public Prekindergarten,,,,,,,,,,,,,,,Maryland Accreditation,,,,,Accredited Program,,,,,,,,,
2449,5,Public Prekindergarten,,,,,,,,,,,,,,,Maryland Accreditation,,,,,Accredited Program,,,,,,,,,
4656,1,School-Age Only,False,False,False,False,False,False,False,True,45,,,,,,,,,,,,,,,,,,,,
2924,1,Child Care Center,True,True,False,True,True,True,True,True,58,,,,,,,,,,,,,,,,,,,,
267,3,Family Child Care,False,False,True,True,True,True,True,True,8,,,,,,,,,,,,,,,,,,,,
4987,3,Child Care Center,True,True,False,True,True,True,True,True,47,,,,,,,,,,,,Asthma & Allergy Friendly,,,,,,,,
2197,3,Family Child Care,False,False,True,True,True,True,True,True,8,,,,,,,,,,,,,,,,,,,,
959,1,Family Child Care,False,False,True,True,True,True,True,True,8,,,,,,,,,,,,,,,,,,,,
2865,5,Public Prekindergarten,,,,,,,,,,,,,,,Maryland Accreditation,,,,,Accredited Program,,,,,,,,,
1391,1,Family Child Care,False,False,True,True,True,True,True,True,8,,,,,,,,,,,,,,,,,,,,
3487,5,Public Prekindergarten,,,,,,,,,,,,,,,Maryland Accreditation,,,,,Accredited Program,,,,,,,,,
1948,1,Child Care Center,False,False,False,True,True,True,True,True,40,,,,,,,,,,,,,,,,,,,,
3210,1,Family Child Care,False,False,True,True,True,True,True,True,7,,,,,,,,,,,,,,,,,,,,
2845,3,School-Age Only,False,False,False,False,False,False,False,True,20,,,,,,,,,,,,,,,,,,,,
1595,2,Child Care Center,,,,,,,,,,,,,,,,,,,,,Asthma & Allergy Friendly,,,Family Engagement,,,,,
2361,1,Family Child Care,False,False,True,True,True,True,True,True,8,,,,,,,,,,,,,,,,,,,,
2742,3,School-Age Only,False,False,False,False,True,True,True,True,60,,,,,,,,,,,,,,,,,,,,
2289,3,School-Age Only,False,False,False,False,True,True,True,True,45,,,,,,,,,,,,,,,,,,,,
5550,3,School-Age Only,False,False,False,False,True,True,True,True,60,,,,,,,,,,,,,,,,,,,,
1937,3,School-Age Only,False,False,False,False,True,True,True,True,45,,,,,,,,,,,,,,,,,,,,
1634,3,School-Age Only,False,False,False,False,False,False,False,True,45,,,,,,,,,,,,,,,,,,,,
6839,3,School-Age Only,False,False,False,False,True,True,True,True,30,,,,,,,,,,,,,,,,,,,,
2795,3,School-Age Only,False,False,False,False,False,False,False,True,,,,,,,,,,,,,,,,,,,,,
1891,1,Family Child Care,False,False,True,True,True,True,True,True,8,,,,,,,,,,,,,,,,,,,,
4306,5,Child Care Center,True,True,False,True,True,False,False,False,22,,,,,,Maryland Accreditation,,,,,Accredited Program,,,,,,,,,
6084,5,Child Care Center,True,True,False,True,True,True,True,True,125,,,,,,Maryland Accreditation,,,,,Accredited Program,,,,,,,,,
6244,5,Child Care Center,True,True,False,True,True,True,True,True,127,,,,,,Maryland Accreditation,,,,,Accredited Program,,,,,,,,,
6436,1,Child Care Center,True,True,False,True,True,True,True,True,135,,,,,,Maryland Accreditation,,,,,Accredited Program,,,,,,,,,
3835,5,Child Care Center,True,True,False,True,True,True,True,True,141,,,,,,Maryland Accreditation,,,,,Accredited Program,,,,,,,,,
3059,1,Child Care Center,True,True,False,True,True,True,True,True,160,,,,,,Maryland Accreditation,,,,,Accredited Program,,,,,,,,,
759,1,Family Child Care,False,False,True,True,True,True,True,True,8,,,,,,,,,,,,,,,,,,,,
3301,1,Child Care Center,True,True,False,True,True,True,True,True,32,,,,,,,,,,,,,,,,,,,,
4336,1,Child Care Center,False,False,False,True,True,True,True,True,48,,,,,,,,,,,,,,,,,,,,
3650,3,Child Care Center,False,False,False,True,True,True,True,True,61,,,,,,,,,,,,Asthma & Allergy Friendly,,,,Health and Wellness,,Military Child Care in Your Neighborhood,,
624,3,Child Care Center,True,True,False,True,True,True,True,True,101,,,,,,,,,,,,,,,,,,,,
4750,3,Child Care Center,True,True,False,True,True,True,True,True,85,,,,,,,,,,,,,,,,,,,,
6729,5,Child Care Center,True,True,False,True,True,True,True,True,123,,,,,,,,,,National Early Childhood Program Accreditation (NECPA),Accredited Program,,,,,,,,,
5274,5,Child Care Center,True,True,False,True,True,True,True,True,123,,,,,,,,,,National Early Childhood Program Accreditation (NECPA),Accredited Program,,,,,,,,,
4849,5,Child Care Center,True,True,False,True,True,True,True,True,97,,,,,,,,,,,,,,,,,,,,
2879,1,Child Care Center,True,True,False,True,True,True,True,True,41,,,,,,,,,,,,,,,,,,,,
2725,5,Public Prekindergarten,,,,,,,,,,,,,,,Maryland Accreditation,,,,,Accredited Program,,,,,,,,,
4474,5,Public Prekindergarten,,,,,,,,,,,,,,,Maryland Accreditation,,,,,Accredited Program,,,,,,,,,
3476,5,Child Care Center,False,False,False,True,True,True,True,True,111,,,,,,,,,,National Early Childhood Program Accreditation (NECPA),Accredited Program,,,,,,,,,
1705,4,Family Child Care,False,False,True,True,True,True,True,True,8,,,,,,,,,,,,,,,,,,,,
4721,1,Family Child Care,False,False,True,True,True,True,True,True,7,,,,,,,,,,,,,,,,,,,,
2391,3,Family Child Care,False,False,True,True,True,True,True,True,7,,,,,,,,,,,,,,,,,,,,
3623,3,Child Care Center,True,True,False,True,True,True,True,True,45,,,,,,,,,,,,,,,,,,,,
5735,4,Large Family Child Care,False,False,True,True,True,True,True,True,12,,,,,,,,,,,,Asthma & Allergy Friendly,,,,,,,,
215,1,Family Child Care,False,False,True,True,True,True,True,True,8,,,,,,,,,,,,,,,,,,,,
4998,3,Family Child Care,False,False,True,True,True,True,True,True,7,,,,,,,,,,,,,,,,,Judy Center,,,
3422,1,Family Child Care,False,False,True,True,True,True,True,True,8,,,,,,,,,,,,,,,,,,,,
976,1,Family Child Care,False,False,True,True,True,True,True,True,8,,,,,,,,,,,,,,,,,,,,
5575,5,Public Prekindergarten,,,,,,,,,,,,,,,Maryland Accreditation,,,,,Accredited Program,,,,,,,,,
4550,1,Family Child Care,False,False,True,True,True,True,True,True,8,,,,,,,,,,,,,,,,,,,,
6640,5,Family Child Care,False,False,True,False,False,False,False,False,8,,,,,,,,National Association for Family Child Care (NAFCC),,,Accredited Program,,,,,,,,,
5339,3,Family Child Care,False,False,True,True,True,True,True,True,8,,,,,,,,,,,,,,,,,,,,
2457,5,Public Prekindergarten,,,,,,,,,,,,,,,Maryland Accreditation,,,,,Accredited Program,,,,,,,,,
1977,5,Public Prekindergarten,,,,,,,,,,,,,,,Maryland Accreditation,,,,,Accredited Program,,,,,,,,,
6293,1,Family Child Care,False,False,True,True,True,True,True,True,8,,,,,,,,,,,,,,,,,,,,
5319,1,Family Child Care,False,False,True,True,True,True,True,True,8,,,,,,,,,,,,,,,,,,,,
4492,2,Child Care Center,False,False,False,True,True,True,True,True,90,,,,,,,,,,,,,,,,,,,,
7099,3,LOC,False,False,False,True,True,True,True,False,50,,,,,,,,,,,,,,,,,,,,
3965,3,Child Care Center,True,True,False,True,True,True,True,True,,,,,,,,,,,,,,,,,,,,,
3095,5,Public Prekindergarten,,,,,,,,,,,,,,,Maryland Accreditation,,,,,Accredited Program,,,,,,,,,
1619,5,Public Prekindergarten,,,,,,,,,,,,,,,Maryland Accreditation,,,,,Accredited Program,,,,,,,,,
3266,1,Family Child Care,False,False,True,True,True,True,True,True,8,,,,,,,,,,,,,,,,,,,,
6453,5,Public Prekindergarten,,,,,,,,,,,,,,,Maryland Accreditation,,,,,Accredited Program,,,,,,,,,
6203,1,Family Child Care,False,False,True,True,True,True,True,True,8,,,,,,,,,,,,,,,,,,,,
4995,1,Family Child Care,False,False,True,True,True,True,True,True,8,,,,,,,,,,,,,,,,,,,,
5584,1,Family Child Care,False,False,True,True,True,True,True,True,8,,,,,,,,,,,,,,,,,,,,
3233,3,Child Care Center,True,True,False,True,True,True,True,True,116,,,,,,,,,,,,,,,,,,,,
574,3,LOC,False,False,False,False,True,True,True,False,,,,,,,,,,,,,,,,,,,,,
4737,5,Public Prekindergarten,,,,,,,,,,,,,,,Maryland Accreditation,,,,,Accredited Program,,,,,,,,,
3828,5,Child Care Center,False,False,False,True,True,True,True,True,230,,,,Association of Independent Maryland Schools (AIMS),,,,,,,Accredited Program,,,,,,,,,
1101,5,Public Prekindergarten,,,,,,,,,,,,,,,Maryland Accreditation,,,,,Accredited Program,,,,,,,,,
3569,5,Child Care Center,False,False,False,True,True,True,True,False,20,,,,,,Maryland Accreditation,,,,,Accredited Program,,,,,,,,,
5804,1,Family Child Care,False,False,True,True,True,True,True,True,8,,,,,,,,,,,,,,,,,,,,
4514,1,Child Care Center,True,True,False,True,True,True,True,True,126,,,,,,,,,,,,,,,,,,,,
553,4,Child Care Center,False,False,False,True,True,True,True,True,,,,,,,,,,,,,,,,,,,,,
4889,5,Public Prekindergarten,,,,,,,,,,,,,,,Maryland Accreditation,,,,,Accredited Program,,,,,,,,,
1122,2,Family Child Care,False,False,True,True,True,True,True,True,7,,,,,,,,,,,,,,,,,,,,
1329,1,Family Child Care,False,False,True,True,True,True,True,True,8,,,,,,,,,,,,,,,,,,,,
3244,1,Family Child Care,False,False,True,True,True,True,True,True,6,,,,,,,,,,,,,,,,,,,,
552,2,Family Child Care,False,False,True,True,True,True,True,True,7,,,,,,,,,,,,,,,,,,,,
52,1,Family Child Care,False,False,True,True,True,True,True,True,8,,,,,,,,,,,,,,,,,,,,
2989,1,Family Child Care,False,False,True,True,True,True,True,True,8,,,,,,,,,,,,,,,,,,,,
1347,1,Family Child Care,False,False,True,True,True,True,True,True,8,,,,,,,,,,,,,,,,,,,,
47,1,Family Child Care,False,False,True,True,True,True,True,True,8,,,,,,,,,,,,,,,,,,,,
2710,1,Family Child Care,False,False,True,True,True,True,True,True,8,,,,,,,,,,,,,,,,,,,,
7060,3,Family Child Care,False,False,True,True,True,True,True,True,5,,,,,,,,,,,,,,,,,,,,
6365,3,Family Child Care,False,False,True,True,True,True,True,True,8,,,,,,,,,,,,,,,,,,,,
1725,5,Public Prekindergarten,,,,,,,,,,,,,,,Maryland Accreditation,,,,,Accredited Program,,,,,,,,,
1738,1,Family Child Care,False,False,True,True,True,True,True,True,8,,,,,,,,,,,,,,,,,,,,
657,1,Family Child Care,False,False,False,True,True,True,True,True,8,,,,,,,,,,,,,,,,,,,,
2434,1,Family Child Care,False,False,True,True,True,True,True,True,8,,,,,,,,,,,,,,,,,,,,
2605,1,Family Child Care,False,False,True,True,True,True,True,True,8,,,,,,,,,,,,,,,,,,,,
4075,3,Family Child Care,False,False,True,True,True,True,True,True,8,,,,,,,,,,,,,,,,,,,,
5578,1,Family Child Care,False,False,True,True,True,True,True,True,8,,,,,,,,,,,,,,,,,,,,
4598,1,Family Child Care,False,False,True,True,True,True,True,True,8,,,,,,,,,,,,,,,,,,,,
6434,5,Child Care Center,True,True,False,True,True,True,True,True,149,,,,,,,,,National Association for the Education of Young Children (NAEYC),,Accredited Program,,,Eco-Friendly Program,,Health and Wellness,,,,
1091,5,Child Care Center,True,True,False,True,True,True,True,True,129,,,,,,,,,National Association for the Education of Young Children (NAEYC),,Accredited Program,,,,,,,,,
3993,2,Child Care Center,True,True,False,True,True,True,True,False,78,,,,,,,,,,,,,,,,,,,,
5329,1,Family Child Care,False,False,True,True,True,True,True,True,8,,,,,,,,,,,,,,,,,,,,
708,1,Family Child Care,False,False,True,True,True,True,True,True,8,,,,,,,,,,,,,,,,,,,,
5696,3,Child Care Center,True,True,False,True,True,True,True,True,,,,,,,,,,National Association for the Education of Young Children (NAEYC),,Accredited Program,,,,,,,,,
6690,5,Child Care Center,True,True,False,True,True,True,True,True,86,,,,,,,,,National Association for the Education of Young Children (NAEYC),,Accredited Program,Asthma & Allergy Friendly,,,,,,,,
6947,5,Child Care Center,True,True,False,True,True,True,True,True,95,,,,,,,,,National Association for the Education of Young Children (NAEYC),,Accredited Program,,,,,,,,,
2767,1,Family Child Care,False,False,True,True,True,True,True,True,8,,,,,,,,,,,,,,,,,,,,
296,3,Family Child Care,False,False,True,True,True,True,True,True,8,,,,,,,,,,,,,,,,,,,,
3282,2,Family Child Care,False,False,True,True,True,True,True,True,7,,,,,,,,,,,,,,,,,,,,
5709,1,Family Child Care,False,False,True,True,True,True,True,True,8,,,,,,,,,,,,,,,,,,,,
2332,1,Family Child Care,False,False,True,True,True,True,True,True,8,,,,,,,,,,,,,,,,,,,,
1607,5,Family Child Care,False,False,True,True,True,True,True,True,8,True,,,,,,,National Association for Family Child Care (NAFCC),,,,Asthma & Allergy Friendly,Cultural and Linguistic Competency,,Family Engagement,Health and Wellness,,Military Child Care in Your Neighborhood,,
5096,2,Child Care Center,True,True,False,True,True,True,True,True,52,,,,,,,,,,,,,,,,,,,,
1593,1,Child Care Center,True,True,False,True,True,True,True,True,40,,,,,,,,,,,,,,,,,,,,
1578,1,Family Child Care,False,False,True,True,True,True,True,True,8,,,,,,,,,,,,,,,,,,,,
441,1,Family Child Care,False,False,True,True,True,True,True,True,8,,,,,,,,,,,,,,,,,,,,
2971,5,Public Prekindergarten,,,,,,,,,,,,,,,Maryland Accreditation,,,,,Accredited Program,,,,,,,,,
6772,1,Family Child Care,False,False,True,True,True,True,True,True,8,,,,,,,,,,,,,,,,,,,,
852,2,Family Child Care,False,False,True,True,True,True,True,True,6,,,,,,,,,,,,,,,,,,,,
1299,5,Public Prekindergarten,,,,,,,,,,,,,,,Maryland Accreditation,,,,,Accredited Program,,,,,,,,,
3621,1,Family Child Care,False,False,True,True,True,True,True,True,6,,,,,,,,,,,,,,,,,,,,
5407,1,Family Child Care,False,False,True,True,True,True,True,True,8,,,,,,,,,,,,,,,,,,,,
4608,1,Family Child Care,False,False,True,True,True,True,True,True,8,,,,,,,,,,,,,,,,,,,,
158,1,Family Child Care,False,False,True,True,True,True,True,False,8,,,,,,,,,,,,,,,,,,,,
3631,1,Family Child Care,False,False,True,True,True,True,True,True,8,,,,,,,,,,,,,,,,,,,,
6975,1,Family Child Care,False,False,True,True,True,True,True,True,8,,,,,,,,,,,,,,,,,,,,
3451,1,Family Child Care,False,False,True,True,True,True,True,True,7,,,,,,,,,,,,,,,,,,,,
5790,4,Child Care Center,False,False,False,False,True,True,True,False,40,,,,,,,,,,,,,,,,,,,,
3231,3,Child Care Center,False,False,False,False,True,True,True,True,80,,,,,,,,,,,,,,,,,,,,
6488,3,Family Child Care,False,False,True,True,True,True,True,True,8,,,,,,,,,,,,,,,,,,,,
4854,3,Family Child Care,False,False,True,True,True,True,True,True,8,,,,,,,,,,,,,,,,,,,,
2964,5,Public Prekindergarten,,,,,,,,,,,,,,,Maryland Accreditation,,,,,Accredited Program,,,,,,,,,
5946,5,Public Prekindergarten,,,,,,,,,,,,,,,Maryland Accreditation,,,,,Accredited Program,,,,,,,,,
2667,2,Family Child Care,False,False,True,True,True,True,True,True,8,,,,,,,,,,,,,,,,,,,,
1324,1,Family Child Care,False,False,True,True,True,True,True,True,8,,,,,,,,,,,,,,,,,,,,
1549,3,Child Care Center,True,True,False,True,True,True,True,True,112,,,,,,,,,,,,,,,,,,,,
5879,5,Child Care Center,True,True,False,True,True,True,True,True,166,,,,,,,,,,,Accredited Program,,,,,,,,,other
6296,5,Public Prekindergarten,,,,,,,,,,,,,,,Maryland Accreditation,,,,,Accredited Program,,,,,,,,,
3104,3,Family Child Care,False,False,True,True,True,True,True,True,8,,,,,,,,,,,,,,,,,,,,
6973,5,Family Child Care,False,False,True,True,True,True,True,True,8,,,,,,,,National Association for Family Child Care (NAFCC),,,Accredited Program,,,,,,,,,
1431,5,Family Child Care,False,False,True,True,True,True,True,True,8,,,,,,,,,,,,,,,,,,,,
3709,2,Family Child Care,False,False,True,True,True,True,True,True,8,,,,,,,,,,,,,,,,,,,,
1225,1,Family Child Care,False,False,True,True,True,True,True,True,8,,,,,,,,,,,,,,,,,,,,
4037,5,Public Prekindergarten,,,,,,,,,,,,,,,Maryland Accreditation,,,,,Accredited Program,,,,,,,,,
563,3,Family Child Care,False,False,True,True,True,True,True,True,8,,,,,,,,,,,,,,,,,,,,
5419,3,Family Child Care,False,False,True,True,True,True,True,True,8,,,,,,,,,,,,,,,,,,,,
2110,5,Public Prekindergarten,,,,,,,,,,,,,,,Maryland Accreditation,,,,,Accredited Program,,,,,,,,,
3456,2,Family Child Care,False,False,True,True,True,True,True,True,8,,,,,,,,,,,,,,,,,,,,
252,1,Child Care Center,False,False,False,True,True,True,True,True,102,,,,,,,,,,,,,,,,,,,,
3987,1,Family Child Care,False,False,True,True,True,True,True,True,8,,,,,,,,,,,,,,,,,,,,
1333,3,Family Child Care,,,,,,,,,,,,,,,,,,,,,,,,,,,,,
5968,4,Family Child Care,False,False,True,True,True,True,True,True,8,,,,,,,,,,,,,,,,,Judy Center,,,
6061,3,Family Child Care,False,False,False,True,True,True,True,True,8,,,,,,,,,,,,,,,,,,,,
621,1,Family Child Care,False,False,True,True,True,True,True,True,5,,,,,,,,,,,,,,,,,,,,
263,1,Family Child Care,False,False,True,True,True,True,True,True,8,,,,,,,,,,,,,,,,,,,,
6784,5,Family Child Care,False,False,True,True,True,True,True,True,8,,,,,,,,National Association for Family Child Care (NAFCC),,,Accredited Program,,,,,,,,,
7042,1,Family Child Care,False,False,True,True,True,True,True,True,8,,,,,,,,,,,,,,,,,,,,
735,2,Family Child Care,False,False,True,True,True,True,True,True,7,,,,,,,,,,,,,,,,,,,,
4781,1,Family Child Care,False,False,True,True,True,True,True,True,8,,,,,,,,,,,,,,,,,,,,
1466,5,LOC,False,False,False,False,True,True,True,True,99,,,,,,,,,,,Accredited Program,,,Eco-Friendly Program,,,,,,
189,3,LOC,False,False,False,True,True,True,True,True,150,,,,,,,,,,,,,,,,,,,,
6525,3,LOC,False,False,False,False,True,True,True,True,,,,,,,,,,,,,Asthma & Allergy Friendly,,,,,,,,
4236,3,Family Child Care,False,False,True,True,True,True,True,True,8,,,,,,,,,,,,,,,,,,,,
5141,1,Family Child Care,False,False,True,True,True,True,True,True,8,,,,,,,,,,,,,,,,,,,,
5123,1,Child Care Center,False,False,False,False,True,True,True,False,20,,,,,,,,,,,,,,,,,,,,
5072,5,Child Care Center,True,True,False,True,True,True,True,True,137,,,,,,Maryland Accreditation,,,,,Accredited Program,Asthma & Allergy Friendly,,,,,,Military Child Care in Your Neighborhood,,
5903,1,Family Child Care,False,False,True,True,True,True,True,True,8,,,,,,,,,,,,,,,,,,,,
6845,1,Family Child Care,False,False,True,True,True,True,True,True,8,,,,,,,,,,,,,,,,,,,,
5800,1,Family Child Care,False,False,True,True,True,True,True,True,8,,,,,,,,,,,,,,,,,,,,
3786,5,Family Child Care,False,False,True,True,True,True,True,True,8,,,,,,,,National Association for Family Child Care (NAFCC),,,Accredited Program,,,,,,,,,
1212,3,School-Age Only,False,False,False,False,False,False,False,True,30,,,,,,,,,,,,,,,,,,,,
6682,3,School-Age Only,False,False,False,False,False,False,False,True,20,,,,,,,,,,,,,,,,,,,,
1471,1,School-Age Only,False,False,False,False,False,False,False,True,30,,,,,,,,,,,,,,,,,,,,
3662,4,School-Age Only,False,False,False,False,False,True,True,True,60,,,,,,,,,,,,,,,,,,,,
3382,4,School-Age Only,False,False,False,False,False,False,False,True,30,,,,,,,,,,,,,,,,,,,,
3200,5,Child Care Center,True,True,False,True,True,True,True,True,,,,,,,Maryland Accreditation,,,National Association for the Education of Young Children (NAEYC),,Accredited Program,,,,,,,,,
4120,5,Child Care Center,True,True,False,True,True,True,True,True,169,,,,,,Maryland Accreditation,,,,,Accredited Program,,,,,Health and Wellness,,,,
5110,1,Child Care Center,True,True,False,True,True,True,True,True,155,,,,,,,,,National Association for the Education of Young Children (NAEYC),,Accredited Program,,,,,,,,,
6185,5,Child Care Center,True,True,False,True,True,True,True,True,26,,,,,,Maryland Accreditation,,,,,Accredited Program,,,,,,,,,
4377,1,School-Age Only,False,False,False,False,False,True,True,True,60,,,,,,,,,,,,,,,,,,,,
4888,4,School-Age Only,False,False,False,False,False,False,False,True,90,,,,,,,,,,,,,,,,,,,,
1178,3,Family Child Care,False,False,True,True,True,True,True,True,8,,,,,,,,,,,,,,,,,,,,
4124,1,Family Child Care,False,False,True,True,True,True,True,True,8,,,,,,,,,,,,,,,,,,,,
3052,1,Family Child Care,False,False,True,True,True,True,True,True,8,,,,,,,,,,,,,,,,,,,,
5976,1,Family Child Care,False,False,True,True,True,True,True,True,8,,,,,,,,,,,,,,,,,,,,
4872,3,LOC,False,False,False,True,True,True,True,False,67,,,,,,,,,,,,,,,,,,,,
5324,1,Family Child Care,False,False,True,True,True,True,True,True,7,,,,,,,,,,,,,,,,,,,,
3284,3,Child Care Center,False,True,False,True,True,True,True,True,126,,,,,,,,,,,,,,,,,,,,
2120,3,Family Child Care,False,False,True,True,True,True,True,True,8,,,,,,,,,,,,,,,,,,,,
5930,2,Family Child Care,False,False,True,True,True,True,True,True,8,,,,,,,,,,,,,,,,,,,,
1648,5,Public Prekindergarten,,,,,,,,,,,,,,,Maryland Accreditation,,,,,Accredited Program,,,,,,,,,
5721,1,Child Care Center,True,True,False,True,True,True,True,True,43,,,,,,,,,,,,,,,,,,,,
4310,2,School-Age Only,False,False,False,False,False,False,False,True,75,,,,,,,,,,,,,,,,,,,,
1777,2,School-Age Only,False,False,False,False,False,False,False,True,60,,,,,,,,,,,,,,,,,,,,
2843,2,School-Age Only,False,False,False,False,False,False,False,True,60,,,,,,,,,,,,,,,,,,,,
6335,2,School-Age Only,False,False,False,False,False,False,False,True,60,,,,,,,,,,,,,,,,,,,,
4866,2,School-Age Only,False,False,False,False,False,False,False,True,30,,,,,,,,,,,,,,,,,,,,
6499,2,School-Age Only,False,False,False,False,False,False,False,True,30,,,,,,,,,,,,,,,,,,,,
3549,2,School-Age Only,False,False,False,False,False,True,True,True,60,,,,,,,,,,,,,,,,,,,,
6701,2,School-Age Only,False,False,False,False,False,False,False,True,60,,,,,,,,,,,,,,,,,,,,
879,2,School-Age Only,False,False,False,False,False,False,False,True,45,,,,,,,,,,,,,,,,,,,,
5989,2,School-Age Only,False,False,False,False,False,False,False,True,30,,,,,,,,,,,,,,,,,,,,
1712,2,School-Age Only,False,False,False,False,False,False,False,True,45,,,,,,,,,,,,,,,,,,,,
2866,2,School-Age Only,False,False,False,False,False,False,False,True,60,,,,,,,,,,,,,,,,,,,,
6098,2,School-Age Only,False,False,False,False,False,False,False,True,30,,,,,,,,,,,,,,,,,,,,
7097,2,School-Age Only,False,False,False,False,False,False,False,True,75,,,,,,,,,,,,,,,,,,,,
6214,1,Family Child Care,False,False,True,True,True,True,True,True,8,,,,,,,,,,,,,,,,,,,,
4879,3,Child Care Center,True,True,False,True,True,True,True,True,89,,,,,,,,,,,,,,,,,,,,
1159,1,Family Child Care,False,False,True,True,True,True,True,True,8,,,,,,,,,,,,,,,,,,,,
5844,1,Family Child Care,False,False,True,True,True,True,True,True,8,,,,,,,,,,,,,,,,,,,,
5962,3,Family Child Care,False,False,True,True,True,True,True,True,8,,,,,,,,,,,,,,,,,,,,
2220,3,Family Child Care,,,,,,,,,,,,,,,,,,,,,,,,,,,,,
11,1,Child Care Center,True,True,False,True,True,True,True,True,70,,,,,,,,,,,,,,,,,,,,
4116,2,Child Care Center,True,True,False,True,True,True,True,True,73,,,,,,,,,,,,Asthma & Allergy Friendly,,,,,,,,
3768,4,Family Child Care,False,False,True,True,True,True,True,False,8,,,,,,,,,,,,,,,,,,,,
6328,3,Family Child Care,False,False,True,True,True,True,True,True,8,,,,,,,,,,,,,,,,,,,,
6036,1,Family Child Care,False,False,True,True,True,True,True,True,8,,,,,,,,,,,,,,,,,,,,
6904,5,Public Prekindergarten,,,,,,,,,,,,,,,Maryland Accreditation,,,,,Accredited Program,,,,,,,,,
4902,2,School-Age Only,False,False,False,False,False,False,False,True,45,,,,,,,,,,,,,,,,,,,,
288,3,Child Care Center,True,True,False,True,True,True,True,True,105,,,Association Montessori International / USA (AMI/USA),,,,,,,,Accredited Program,,,,,,,,,
4682,1,Child Care Center,True,True,False,True,True,True,True,True,78,,,,,,,,,,,,,,,,,,,,
4272,5,Child Care Center,False,False,False,True,True,True,True,True,72,,,,,,Maryland Accreditation,,,National Association for the Education of Young Children (NAEYC),,Accredited Program,,,,,,,,,
4114,1,Family Child Care,False,False,True,True,True,True,True,True,8,,,,,,,,,,,,,,,,,,,,
770,5,Public Prekindergarten,,,,,,,,,,,,,,,Maryland Accreditation,,,,,Accredited Program,,,,,,,,,
2011,1,School-Age Only,False,False,False,False,False,False,False,True,90,,,,,,,,,,,,,,,,,,,,
3597,5,Child Care Center,True,True,False,True,True,True,True,False,186,,,,,,Maryland Accreditation,,,,,Accredited Program,,,,,,,,,
5378,1,Family Child Care,False,False,True,True,True,True,True,True,7,,,,,,,,,,,,,,,,,,,,
3269,1,Child Care Center,True,True,False,True,True,True,True,False,50,,,,,,,,,,,,,,,,,,,,
987,1,Child Care Center,False,False,False,False,True,True,True,True,189,,,,,,,,,,,,,,,,,,,,
2104,1,Child Care Center,True,True,False,True,True,True,True,True,59,,,,,,,,,,,,,,,,,,,,
6123,3,Child Care Center,False,False,False,True,True,True,True,True,16,,,,,,,,,,,,,,,,,,,,
1090,1,School-Age Only,False,False,False,False,False,False,False,True,60,,,,,,,,,,,,,,,,,,,,
5203,1,Child Care Center,True,True,False,True,True,True,True,True,61,,,,,,,,,,,,,,,,,,Military Child Care in Your Neighborhood,,
1887,4,Child Care Center,True,True,False,True,True,True,True,True,131,,,,,,,,,,,,,,,,,,Military Child Care in Your Neighborhood,,
4294,3,Child Care Center,True,True,False,True,True,True,True,True,51,,,,,,,,,,,,Asthma & Allergy Friendly,,,,,,,,
1360,5,Public Prekindergarten,,,,,,,,,,,,,,,Maryland Accreditation,,,,,Accredited Program,,,,,,,,,
1289,2,School-Age Only,False,False,False,False,False,True,True,True,30,,,,,,,,,,,,,,,,,,,,
6824,1,Child Care Center,False,False,False,True,True,True,True,True,20,,,,,,,,,,,,,,,,,,,,
431,3,Child Care Center,True,True,False,True,True,True,True,True,103,,,,,,,,,,,,,,,,,,,,
5031,5,Public Prekindergarten,,,,,,,,,,,,,,,Maryland Accreditation,,,,,Accredited Program,,,,,,,,,
4276,1,School-Age Only,False,False,False,False,False,False,False,True,45,,,,,,,,,,,,,,,,,,,,
573,2,Family Child Care,False,False,True,True,True,True,True,True,6,,,,,,,,,,,,,,,,,,,,
6149,3,Child Care Center,True,True,False,True,True,True,True,True,135,,,,,,Maryland Accreditation,,,,,Accredited Program,,,,,,,,,
6102,5,Child Care Center,True,True,False,True,True,True,True,True,129,,,,,,Maryland Accreditation,,,,,Accredited Program,,,,,,,,,
1573,2,Child Care Center,True,True,False,True,True,True,True,True,141,,,,,,,,,,,,,,,,,,,,
3937,1,Child Care Center,True,True,False,True,True,True,True,True,92,,,,,,,,,,,,,,,,,,,,
2133,1,Child Care Center,True,True,False,True,True,True,True,True,87,,,,,,,,,,,,,,,,,,,,
2185,5,Public Prekindergarten,,,,,,,,,,,,,,,Maryland Accreditation,,,,,Accredited Program,,,,,,,,,
644,2,School-Age Only,False,False,False,False,False,False,False,True,45,,,,,,,,,,,,,,,,,,,,
2131,1,Family Child Care,False,False,True,True,True,True,True,True,7,,,,,,,,,,,,,,,,,,,,
5267,1,Family Child Care,False,False,True,True,True,True,True,True,5,,,,,,,,,,,,,,,,,,,,
930,1,Family Child Care,False,False,True,True,True,True,True,True,8,,,,,,,,,,,,,,,,,,,,
539,3,Child Care Center,True,True,False,True,True,True,True,True,84,,,,,,,,,,,,,,,,,,,,
1332,3,Child Care Center,False,False,False,True,True,True,True,True,56,,,,,,,,,,,,,,,,,,,,
4161,3,Child Care Center,True,True,False,True,True,True,True,True,243,,,,,,,,,,,,,,,,,,,,
123,3,Child Care Center,True,True,False,True,True,True,True,False,97,,,,,,,,,,,,,,,,,,,,
3045,1,Child Care Center,True,True,False,True,True,True,True,True,94,,,,,,,,,,,,,,,,,,,,
6189,4,Child Care Center,True,True,False,True,True,True,True,True,121,,,,,,,,,,National Early Childhood Program Accreditation (NECPA),Accredited Program,,,,,,,,,
1364,2,LOC,False,False,False,False,True,True,True,False,45,,,,,,,,,,,,,,,,,,,,
699,2,School-Age Only,False,False,False,False,False,False,False,True,30,,,,,,,,,,,,,,,,,,,,
2858,2,Child Care Center,False,False,False,True,True,True,True,False,60,,,,,,,,,,,,,,,,,,,,
2903,3,Family Child Care,False,False,True,True,True,True,True,False,8,,,,,,,,,,,,,,,,,,,,
1085,2,School-Age Only,False,False,False,False,False,False,False,True,45,,,,,,,,,,,,,,,,,,,,
4873,2,Child Care Center,True,True,False,True,True,True,True,True,80,,,,,,,,,,,Accredited Program,,,,,,,Military Child Care in Your Neighborhood,,
5211,1,Child Care Center,True,True,False,True,True,True,True,True,62,,,,,,,,,,,Accredited Program,,,,,,,,,other
2262,1,Child Care Center,True,True,False,True,True,True,True,True,53,,,,,,,,,,,,,,,,,,,,
7028,1,Child Care Center,True,True,False,True,True,True,True,True,85,,,,,,,,,,,,,,,,,,,,
1690,1,School-Age Only,False,False,False,False,False,True,True,True,190,,,,,,,,,,,,,,,,,,,,
5428,1,Child Care Center,False,False,False,True,True,True,True,True,68,,,,,,,,,,,,,,,,,,,,
5558,5,Child Care Center,True,True,False,True,True,True,True,False,87,,,,,,,,,,,Accredited Program,,,,,,,,,
1913,5,Public Prekindergarten,,,,,,,,,,,,,,,Maryland Accreditation,,,,,Accredited Program,,,,,,,,,
404,2,School-Age Only,False,False,False,False,False,False,False,True,,,,,,,,,,,,,,,,,,,,,
4256,3,Child Care Center,False,False,False,True,True,True,True,True,20,,,,,,,,,,,,,,Eco-Friendly Program,,,,,,
2852,3,Child Care Center,False,False,False,True,True,True,True,True,20,,,,,,,,,,,,,,,,,,,,
1965,4,Family Child Care,False,False,True,True,True,True,True,True,7,,,,,,,,,,,,,,,,,,,,
1811,5,Public Prekindergarten,,,,,,,,,,,,,,,Maryland Accreditation,,,,,Accredited Program,,,,,,,,,
291,1,School-Age Only,False,False,False,False,False,False,False,True,60,,,,,,,,,,,,,,,,,,,,
6967,1,Family Child Care,False,False,True,True,True,True,True,True,8,,,,,,,,,,,,,,,,,,,,
2660,5,Public Prekindergarten,,,,,,,,,,,,,,,Maryland Accreditation,,,,,Accredited Program,,,,,,,,,
115,1,School-Age Only,False,False,False,False,False,False,False,True,59,,,,,,,,,,,,,,,,,,,,
1884,3,Family Child Care,False,False,True,True,True,True,True,True,6,,,,,,,,,,,,,,,,,,,,
869,1,Family Child Care,False,False,True,True,True,True,True,True,8,,,,,,,,,,,,,,,,,,,,
3861,2,Family Child Care,False,False,True,True,True,True,True,True,8,,,,,,,,,,,,,,,,,,,,
3063,3,Family Child Care,False,False,True,True,True,True,True,True,8,,,,,,,,,,,,,,,,,,,,
3303,5,Public Prekindergarten,,,,,,,,,,,,,,,Maryland Accreditation,,,,,Accredited Program,,,,,,,,,
4269,1,School-Age Only,False,False,False,False,False,False,False,True,60,,,,,,,,,,,,,,,,,,,,
4797,2,School-Age Only,False,False,False,False,False,False,False,True,30,,,,,,,,,,,,,,,,,,,,
4937,1,Family Child Care,,,,,,,,,,,,,,,,,,,,,,,,,,,,,
4153,5,Public Prekindergarten,,,,,,,,,,,,,,,Maryland Accreditation,,,,,Accredited Program,,,,,,,,,
4281,1,School-Age Only,False,False,False,False,False,False,False,True,90,,,,,,,,,,,,,,,,,,,,
141,3,Child Care Center,False,False,False,True,True,True,True,False,136,,,,,,,,,,,Accredited Program,,,,,,,,,
4006,1,Family Child Care,False,False,True,True,True,True,True,True,8,,,,,,,,,,,,,,,,,,,,
3602,1,Family Child Care,False,False,True,True,True,True,True,False,8,,,,,,,,,,,,,,,,,,,,
1816,1,Family Child Care,False,False,True,True,True,True,True,True,8,,,,,,,,,,,,,,,,,,,,
3062,1,Family Child Care,False,False,True,True,True,True,True,True,8,,,,,,,,,,,,,,,,,,,,
965,5,LOC,False,False,False,True,True,True,True,False,,,,,,,Maryland Accreditation,,,,,Accredited Program,Asthma & Allergy Friendly,,Eco-Friendly Program,Family Engagement,Health and Wellness,,,,
6716,1,Child Care Center,True,True,False,True,True,True,True,True,70,,,,,,,,,,,,,,,,,,,,
1815,1,School-Age Only,False,False,False,False,False,False,False,True,60,,,,,,,,,,,,,,,,,,,,
6692,4,Public Prekindergarten,,,,,,,,,,,,,,,Maryland Accreditation,,,,,Accredited Program,,,,,,,,,
4926,1,School-Age Only,False,False,False,False,False,False,False,True,90,,,,,,,,,,,,,,,,,,,,
1310,3,Child Care Center,True,True,False,True,True,True,True,True,74,,,,,,,,,,,,,,,,,,,,
6730,1,Family Child Care,False,False,True,True,True,True,True,False,,,,,,,,,,,,,,,,,,,,,
1637,1,Family Child Care,False,False,True,True,True,True,True,True,8,,,,,,,,,,,,,,,,,,,,
3525,2,Child Care Center,True,True,False,True,True,True,True,True,111,,,,,,,,,,,,,,,,,,,,
3749,2,Child Care Center,False,False,False,True,True,True,True,False,66,,,,,,,,,,,,,,,,,,,,
5481,1,Child Care Center,True,True,False,True,True,True,True,True,30,,,,,,,,,,,,,,,,,,,,
1166,5,Public Prekindergarten,,,,,,,,,,,,,,,Maryland Accreditation,,,,,Accredited Program,,,,,,,,,
1516,1,School-Age Only,False,False,False,False,False,False,False,True,90,,,,,,,,,,,,,,,,,,,,
5997,3,Child Care Center,True,True,False,True,True,True,True,True,88,,,,,,,,,,,,,,,,,,Military Child Care in Your Neighborhood,,
615,1,Child Care Center,True,True,False,True,True,True,True,False,105,,,,,,,,,,,,,,,,,,,,
1133,1,Child Care Center,True,True,False,True,True,True,True,True,101,,,,,,,,,,,,,,,,,,,,
4611,5,Public Prekindergarten,,,,,,,,,,,,,,,Maryland Accreditation,,,,,Accredited Program,,,,,,,,,
2033,2,School-Age Only,False,False,False,False,False,False,False,True,30,,,,,,,,,,,,,,,,,,,,
1586,1,Family Child Care,False,False,True,True,True,True,True,True,8,,,,,,,,,,,,,,,,,,,,
2780,2,School-Age Only,False,False,False,False,False,False,False,True,30,,,,,,,,,,,,,,,,,,,,
219,1,School-Age Only,False,False,False,False,False,False,False,True,60,,,,,,,,,,,,,,,,,,,,
2687,5,Child Care Center,False,False,False,False,True,True,True,False,100,,,,,,Maryland Accreditation,,,National Association for the Education of Young Children (NAEYC),,Accredited Program,,,,,,,,,
4080,5,Child Care Center,False,False,False,False,True,True,True,False,36,,,,,,Maryland Accreditation,,,National Association for the Education of Young Children (NAEYC),,Accredited Program,,,,,,,,,
5340,5,Child Care Center,False,False,False,False,True,True,True,False,38,,,,,,Maryland Accreditation,,,National Association for the Education of Young Children (NAEYC),,Accredited Program,,,,,,,,,
575,5,Family Child Care,False,False,True,True,True,True,True,True,8,,,,,,,,National Association for Family Child Care (NAFCC),,,Accredited Program,,,,,,,Military Child Care in Your Neighborhood,,
2818,1,Child Care Center,True,True,False,True,True,True,True,False,53,,,,,,,,,,,,,,,,,,,,
3190,5,Child Care Center,False,False,False,True,True,True,True,True,30,,,,,,Maryland Accreditation,,,,,Accredited Program,,,,,,,Military Child Care in Your Neighborhood,,
3820,1,School-Age Only,False,False,False,False,False,False,False,True,75,,,,,,,,,,,,,,,,,,,,
799,2,Child Care Center,False,False,False,False,True,True,True,True,30,,,,,,,,,,,,,,,,,,,,
7089,1,Family Child Care,False,False,True,True,True,True,True,True,8,,,,,,,,,,,,,,,,,,,,
6915,3,Child Care Center,False,False,False,True,True,True,True,True,27,,,,,,,,,,,,,,,,,,,,
1043,1,School-Age Only,False,False,False,False,False,False,False,True,90,,,,,,,,,,,,,,,,,,,,
6351,2,Family Child Care,False,False,True,True,True,True,True,True,8,,,,,,,,,,,,,,,,,,,,
805,1,Family Child Care,False,False,True,True,True,True,True,True,7,,,,,,,,,,,,,,,,,,,,
5573,1,Family Child Care,False,False,True,True,True,True,True,True,8,,,,,,,,,,,,,,,,,,,,
2325,5,Public Prekindergarten,,,,,,,,,,,,,,,Maryland Accreditation,,,,,Accredited Program,,,,,,,,,
5297,2,School-Age Only,False,False,False,False,False,False,False,True,30,,,,,,,,,,,,,,,,,,,,
3710,1,Family Child Care,False,False,True,True,True,True,True,True,8,,,,,,,,,,,,,,,,,,,,
2114,1,Family Child Care,False,False,True,True,True,True,True,True,8,,,,,,,,,,,,,,,,,,,,
4085,1,Family Child Care,False,False,True,True,True,True,True,True,,,,,,,,,,,,,,,,,,,,,
5561,1,Family Child Care,False,False,True,True,True,True,True,True,8,,,,,,,,,,,,,,,,,,,,
6367,1,Family Child Care,False,False,True,True,True,True,True,True,8,,,,,,,,,,,,,,,,,,,,
2031,1,Family Child Care,False,False,False,True,True,True,True,True,8,,,,,,,,,,,,,,,,,,,,
4726,1,Family Child Care,False,False,True,True,True,True,True,True,8,,,,,,,,,,,,,,,,,,,,
5977,3,Family Child Care,False,False,True,True,True,True,True,True,8,,,,,,,,,,,,,,,,,,,,
583,3,Family Child Care,False,False,True,True,True,True,True,True,8,,,,,,,,,,,,,,,,,,,,
3725,1,Family Child Care,False,False,True,True,True,True,True,True,8,,,,,,,,,,,,,,,,,,,,
240,5,Child Care Center,True,True,False,True,True,True,True,False,110,,,,,,,,,National Association for the Education of Young Children (NAEYC),,Accredited Program,,,,,,,,,
2679,1,Child Care Center,True,True,False,True,True,True,True,True,103,,,,,,,,,National Association for the Education of Young Children (NAEYC),,Accredited Program,,,,,,,,,
2895,3,Child Care Center,True,True,False,True,True,True,True,True,136,,,,,,,,,National Association for the Education of Young Children (NAEYC),,Accredited Program,,,,,,,,,
6452,1,Child Care Center,True,True,False,True,True,True,True,True,76,,,,,,,,,,,,,,,,,,,,
5185,2,Child Care Center,True,True,False,True,True,True,True,True,94,,,,,,,,,,,,Asthma & Allergy Friendly,,,,,,,,
4002,3,Child Care Center,False,False,False,True,True,True,True,True,44,,,,,,,,,,,,,,,,,,,,
443,1,Child Care Center,False,False,False,True,True,True,True,True,20,,,,,,,,,,,,,,,,,,,,
2590,5,Family Child Care,False,False,True,True,True,True,True,True,8,,,,,,,,National Association for Family Child Care (NAFCC),,,Accredited Program,,,,,,,Military Child Care in Your Neighborhood,,
362,3,Child Care Center,True,True,False,True,True,True,True,False,61,,,,,,,,,National Association for the Education of Young Children (NAEYC),,Accredited Program,,,,,,,,,
2051,1,Child Care Center,True,True,False,True,True,True,True,True,78,,,,,,,,,National Association for the Education of Young Children (NAEYC),,Accredited Program,,,,,,,,,
522,1,Child Care Center,True,True,False,True,True,True,True,True,109,,,,,,,,,National Association for the Education of Young Children (NAEYC),,Accredited Program,,,,,,,,,
5354,3,Child Care Center,True,True,False,True,True,True,True,True,132,,,,,,,,,National Association for the Education of Young Children (NAEYC),,Accredited Program,,,,,,,,,
3175,2,Child Care Center,True,True,False,True,True,True,True,True,78,,,,,,,,,,,,,,,,,,,,
3809,1,Child Care Center,True,True,False,True,True,True,True,True,114,,,,,,,,,,,,,,,,,,,,
1352,1,Child Care Center,True,True,False,True,True,True,True,True,84,,,,,,,,,,,,,,,,,,,,
5233,5,Public Prekindergarten,,,,,,,,,,,,,,,Maryland Accreditation,,,,,Accredited Program,,,,,,,,,
6918,1,School-Age Only,False,False,False,False,False,False,False,True,60,,,,,,,,,,,,,,,,,,,,
5981,5,Family Child Care,False,False,True,True,True,True,True,True,8,,,,,,,,National Association for Family Child Care (NAFCC),,,,,,,,,,,,
5640,1,Family Child Care,False,False,True,True,True,True,True,False,7,,,,,,,,,,,,,,,,,,,,
3008,4,Family Child Care,False,False,True,True,True,True,True,True,8,,,,,,,,,,,,,,Eco-Friendly Program,,Health and Wellness,,,,
5847,1,Family Child Care,False,False,True,True,True,True,True,True,8,,,,,,,,,,,,,,,,,,,,
2070,1,School-Age Only,False,False,False,False,False,False,False,True,45,,,,,,,,,,,,,,,,,,,,
505,1,Child Care Center,False,False,False,True,True,True,True,False,45,,,,,,,,,,,,,,,,,,,,
4070,3,Child Care Center,True,True,False,True,True,True,True,True,72,,,,,,,,,,,,,,,,,,,,
587,2,Child Care Center,False,False,False,True,True,True,True,True,61,,,,,,,,,,,,,,,,,,,,
5077,2,School-Age Only,False,False,False,False,False,False,False,True,30,,,,,,,,,,,,,,,,,,,,
2982,3,Family Child Care,False,False,True,True,True,True,True,True,8,,,,,,,,,,,,,,,,,,,,
2998,2,Family Child Care,False,False,False,True,True,True,True,False,6,,,,,,,,,,,,,,,,,,,,
5876,1,Family Child Care,False,False,False,True,True,True,True,False,8,,,,,,,,,,,,,,,,,,,,
4909,1,School-Age Only,False,False,False,False,False,False,False,True,45,,,,,,,,,,,,,,,,,,,,
3409,4,Child Care Center,True,True,False,True,True,True,True,False,91,,,,,,,,,,,,,,,,,,,,
4906,1,Family Child Care,False,False,True,True,True,True,True,True,8,,,,,,,,,,,,,,,,,,,,
39,1,Family Child Care,False,False,True,True,True,True,True,True,8,,,,,,,,,,,,,,,,,,,,
3684,1,Family Child Care,False,False,True,True,True,True,True,True,7,,,,,,,,,,,,,,,,,,,,
2448,1,Family Child Care,False,False,True,True,True,True,True,True,7,,,,,,,,,,,,,,,,,,,,
4671,1,Family Child Care,False,False,True,True,True,True,True,True,8,,,,,,,,,,,,,,,,,,,,
1877,1,Family Child Care,False,False,True,True,True,True,True,True,8,,,,,,,,,,,,,,,,,,,,
220,3,Family Child Care,False,False,True,True,True,True,True,True,7,,,,,,,,,,,,,,,,,,,,
1314,5,Family Child Care,False,False,True,True,True,True,True,True,8,,,,,,,,National Association for Family Child Care (NAFCC),,,Accredited Program,,,,,,,,,
5856,1,Family Child Care,False,False,True,True,True,True,True,True,8,,,,,,,,,,,,,,,,,,,,
5405,1,Family Child Care,False,False,True,True,True,True,True,True,8,,,,,,,,,,,,,,,,,,,,
7009,1,Family Child Care,False,False,True,True,True,True,True,False,8,,,,,,,,,,,,,,,,,,,,
4084,3,Family Child Care,False,False,True,True,True,True,True,True,8,,,,,,,,,,,,,,,,,,,,
6100,3,Family Child Care,,,,,,,,,,,,,,,,,,,,,,,,,,,,,
793,5,Family Child Care,False,False,True,True,True,True,True,True,8,,,,,,,,National Association for Family Child Care (NAFCC),,,Accredited Program,,,,,,,,,
6838,1,Family Child Care,False,False,True,True,True,True,True,True,8,,,,,,,,,,,,,,,,,,,,
6529,3,Family Child Care,False,False,True,True,True,True,True,True,8,True,,,,,,,,,,,,,,,,,,,
2349,1,Family Child Care,,,,,,,,,,,,,,,,,,,,,,,,,,,,,
3849,3,Family Child Care,False,False,True,True,True,True,True,True,8,,,,,,,,,,,,,,,,,,,,
6182,5,Child Care Center,False,True,False,True,True,True,True,False,102,,,Association Montessori International / USA (AMI/USA),,,,,,,,Accredited Program,,,Eco-Friendly Program,Family Engagement,Health and Wellness,,Military Child Care in Your Neighborhood,,
1173,2,School-Age Only,False,False,False,False,False,False,False,True,45,,,,,,,,,,,,,,,,,,,,
5767,1,Family Child Care,False,False,True,True,True,True,True,True,8,,,,,,,,,,,,,,,,,,,,
4967,1,Family Child Care,False,False,True,True,True,True,True,True,8,,,,,,,,,,,,,,,,,,,,
3848,2,Family Child Care,False,False,True,True,True,True,True,True,8,,,,,,,,,,,,,,,,,,,,
4224,3,Child Care Center,True,True,False,True,True,True,True,True,81,,,,,,,,,,,,,,,,,,,,
1279,5,Public Prekindergarten,,,,,,,,,,,,,,,Maryland Accreditation,,,,,Accredited Program,,,,,,,,,
3106,2,School-Age Only,False,False,False,False,False,True,True,True,45,,,,,,,,,,,,,,,,,,,,
6502,1,Family Child Care,False,False,True,True,True,True,True,True,8,,,,,,,,,,,,,,,,,,,,
4058,3,Child Care Center,True,True,False,True,True,True,True,False,132,,,,,,,,,,,,,,,,,,,,
4449,4,Public Prekindergarten,,,,,,,,,,,,,,,Maryland Accreditation,,,,,Accredited Program,,,,,,,,,
283,1,School-Age Only,False,False,False,False,False,False,False,True,75,,,,,,,,,,,,,,,,,,,,
2841,1,Family Child Care,False,False,True,True,True,True,True,True,8,,,,,,,,,,,,,,,,,,,,
2704,1,Child Care Center,True,True,False,True,True,True,True,True,182,,,,,Cognia Early Learning Accreditation,,,,,,Accredited Program,,,,,,,,,
6588,1,Child Care Center,False,False,False,True,True,True,True,True,15,,,,,,,,,,,,,,,,,,,,
1900,1,Child Care Center,False,False,False,True,True,True,True,False,16,,,,,,,,,,,,,,,,,,,,
4637,1,Child Care Center,True,True,False,True,True,True,True,True,28,,,,,,,,,,,,,,,,,,,,
4573,1,Child Care Center,False,False,False,True,True,True,True,False,16,,,,,,,,,,,,,,,,,,,,
2918,1,Child Care Center,False,False,False,True,True,True,True,False,18,,,,,,,,,,,,,,,,,,,,
4712,1,Child Care Center,False,False,False,True,True,True,True,True,15,,,,,,,,,,,,,,,,,,,,
4588,1,Child Care Center,False,False,False,True,True,True,True,True,32,,,,,,,,,,,,,,,,,,,,
1053,1,Family Child Care,False,False,True,True,True,True,True,True,8,,,,,,,,,,,,,,,,,,,,
3582,1,Family Child Care,False,False,False,False,False,False,False,True,6,,,,,,,,,,,,,,,,,,,,
3801,5,Family Child Care,False,False,True,True,True,True,True,True,8,True,,,,,,,National Association for Family Child Care (NAFCC),,,Accredited Program,,,,,,,,,
5148,1,Family Child Care,False,False,True,True,True,True,True,True,8,,,,,,,,,,,,,,,,,,,,
1029,4,Child Care Center,False,False,False,False,True,True,True,True,206,,,,,,,,,,,,,,,,,,,,
2352,4,Public Prekindergarten,,,,,,,,,,,,,,,Maryland Accreditation,,,,,Accredited Program,,,,,,,,,
6748,1,School-Age Only,False,False,False,False,False,False,False,True,60,,,,,,,,,,,,,,,,,,,,
2909,3,Family Child Care,False,False,True,True,True,True,True,True,8,,,,,,,,,,,,,,,,,,,,
4273,3,Child Care Center,False,False,False,False,True,True,True,False,20,,,,,,,,,,,,,,,,,,,,
1458,1,Family Child Care,False,False,True,True,True,True,True,True,7,,,,,,,,,,,,,,,,,,,,
142,1,Family Child Care,False,False,False,True,True,True,True,True,8,,,,,,,,,,,,,,,,,,,,
3221,5,Large Family Child Care,False,False,False,True,True,True,True,False,12,,,,,,,,National Association for Family Child Care (NAFCC),,,Accredited Program,,,,,,,,,
1701,5,Public Prekindergarten,,,,,,,,,,,,,,,Maryland Accreditation,,,,,Accredited Program,,,,,,,,,
5934,2,School-Age Only,False,False,False,False,False,True,True,True,30,,,,,,,,,,,,,,,,,,,,
233,2,Family Child Care,False,False,True,True,True,True,True,True,7,,,,,,,,,,,,,,,,,,,,
3061,1,Family Child Care,False,False,True,True,True,True,True,True,8,,,,,,,,,,,,,,,,,,,,
651,1,Family Child Care,False,False,True,True,True,True,True,True,8,,,,,,,,,,,,,,,,,,,,
1268,1,Family Child Care,False,False,True,True,True,True,True,True,7,,,,,,,,,,,,,,,,,,,,
2441,1,Family Child Care,False,False,True,True,True,True,True,True,8,,,,,,,,,,,,,,,,,,,,
5446,1,Child Care Center,False,True,False,True,True,True,True,True,51,,,,,,,,,,,,,,,,,,,,
347,1,Family Child Care,False,False,True,True,True,True,True,True,8,True,,,,,,,,,,,,,,,,,,,
2988,1,Family Child Care,False,False,True,True,True,True,True,True,8,,,,,,,,,,,,,,,,,,,,
3120,1,Family Child Care,False,False,True,True,True,True,True,True,8,,,,,,,,,,,,,,,,,,,,
718,3,Family Child Care,False,False,True,True,True,True,True,True,8,,,,,,,,,,,,,,,,,,,,
4793,1,Family Child Care,False,False,True,True,True,True,True,True,8,,,,,,,,,,,,,,,,,,,,
7019,1,Family Child Care,False,False,True,True,True,True,True,True,8,,,,,,,,,,,,,,,,,,,,
6273,1,Family Child Care,False,False,True,True,True,True,True,True,8,,,,,,,,,,,,,,,,,,,,
4098,1,Family Child Care,False,False,False,True,True,True,True,True,8,,,,,,,,,,,,,,,,,,,,
6892,4,Family Child Care,False,False,True,True,True,True,True,True,8,,,,,,,,,,,,,,,,,,,,
2270,2,Child Care Center,,,,,,,,,,,,,,,,,,,,,,,,,,,,,
1520,1,Family Child Care,False,False,True,True,True,True,True,True,8,,,,,,,,,,,,,,,,,,,,
3158,5,Family Child Care,False,False,True,True,True,True,True,True,8,,,,,,,,National Association for Family Child Care (NAFCC),,,Accredited Program,,,,,,,,,
173,5,LOC,False,False,False,False,True,True,True,True,107,,,,,,,,,,,Accredited Program,,,,,,,,,
6970,1,School-Age Only,False,False,False,False,False,False,False,True,60,,,,,,,,,,,,,,,,,,,,
3575,5,Child Care Center,False,False,False,False,True,True,True,True,58,,,,,Cognia Early Learning Accreditation,,,,,,Accredited Program,,,,,,,,,
3208,1,LOC,False,False,False,True,True,True,True,True,56,,,,,,,,,,,,,,,,,,,,
4700,4,Child Care Center,True,True,False,True,True,True,True,True,56,,,,,,,,,,,,,,,,,,,,
821,1,Family Child Care,False,False,True,True,True,True,True,True,8,,,,,,,,,,,,,,,,,,,,
5173,4,Public Prekindergarten,,,,,,,,,,,,,,,Maryland Accreditation,,,,,Accredited Program,,,,,,,,,
1197,2,School-Age Only,False,False,False,False,False,True,True,True,30,,,,,,,,,,,,,,,,,,,,
6715,3,Family Child Care,False,False,True,True,True,True,True,True,,,,,,,,,,,,,,,,,,,,,
6829,3,Family Child Care,False,False,True,True,True,True,True,True,8,,,,,,,,,,,,,,,,,,,,
3161,5,Public Prekindergarten,,,,,,,,,,,,,,,Maryland Accreditation,,,,,Accredited Program,,,,,,,,,
4689,2,School-Age Only,False,False,False,False,False,False,False,True,45,,,,,,,,,,,,,,,,,,,,
4077,1,Family Child Care,False,False,False,True,True,True,True,True,8,,,,,,,,,,,,,,,,,,,,
6533,1,Family Child Care,False,False,True,True,True,True,True,True,8,,,,,,,,,,,,,,,,,,,,
2049,1,Family Child Care,False,False,True,True,True,True,True,True,8,,,,,,,,,,,,,,,,,,,,
1596,1,Family Child Care,False,False,True,True,True,True,True,True,8,,,,,,,,,,,,,,,,,,,,
2535,5,Public Prekindergarten,,,,,,,,,,,,,,,Maryland Accreditation,,,,,Accredited Program,,,,,,,,,
5129,2,School-Age Only,False,False,False,False,False,True,True,True,30,,,,,,,,,,,,,,,,,,,,
1447,5,Child Care Center,True,True,False,True,True,True,True,True,222,,,,,Cognia Early Learning Accreditation,Maryland Accreditation,,,,,Accredited Program,,,,,,,,,
5739,5,Child Care Center,True,True,False,True,True,True,True,True,139,,,,,,,,,National Association for the Education of Young Children (NAEYC),,Accredited Program,,,,,,,,,
780,5,Child Care Center,True,True,False,True,True,True,True,True,159,,,,,,Maryland Accreditation,,,National Association for the Education of Young Children (NAEYC),,Accredited Program,,,,,,,,,
2737,4,Child Care Center,True,True,False,True,True,True,True,True,85,,,,,,,,,,,,,,,,,,,,
1370,1,School-Age Only,False,False,False,True,True,True,True,True,20,,,,,,,,,,,,,,,,,,,,
3795,1,Child Care Center,True,True,False,True,True,True,True,True,32,,,,,,,,,,,,,,,,,,,,
4091,3,Child Care Center,True,True,False,True,True,True,True,False,120,,,,,,,,,,National Early Childhood Program Accreditation (NECPA),Accredited Program,,,,,,,Military Child Care in Your Neighborhood,,
6759,5,Child Care Center,True,True,False,True,True,True,True,False,100,,,,,,,,,,National Early Childhood Program Accreditation (NECPA),Accredited Program,Asthma & Allergy Friendly,,,,,,,,
3529,5,Child Care Center,True,True,False,True,True,True,True,False,222,,,,,,,,,,National Early Childhood Program Accreditation (NECPA),Accredited Program,,,,,,,,,
3615,2,Family Child Care,False,False,True,True,True,True,True,True,8,,,,,,,,,,,,,,,,,,,,
1157,2,School-Age Only,False,False,False,False,False,False,False,True,30,,,,,,,,,,,,,,,,,,,,
3121,1,Family Child Care,False,False,True,True,True,True,True,True,7,,,,,,,,,,,,,,,,,,,,
6269,4,Child Care Center,True,True,False,True,True,True,True,False,48,,,,,,,,,,,,,,,,,,,,
3953,5,Public Prekindergarten,,,,,,,,,,,,,,,Maryland Accreditation,,,,,Accredited Program,,,,,,,,,
5055,1,School-Age Only,False,False,False,False,False,False,False,True,45,,,,,,,,,,,,,,,,,,,,
2461,3,Family Child Care,False,False,True,True,True,True,True,True,8,,,,,,,,,,,,,,,,,,,,
6610,5,Family Child Care,False,False,True,True,True,True,True,True,8,,,,,,,,National Association for Family Child Care (NAFCC),,,Accredited Program,,,,,,,,,
1044,1,Family Child Care,False,False,True,True,True,True,True,True,8,,,,,,,,,,,,,,,,,,,,
6343,4,Public Prekindergarten,,,,,,,,,,,,,,,Maryland Accreditation,,,,,Accredited Program,,,,,,,,,
749,1,School-Age Only,False,False,False,False,False,False,False,True,90,,,,,,,,,,,,,,,,,,,,
6170,4,Child Care Center,True,True,False,True,True,True,True,True,57,,,,,,,,,,,,,Cultural and Linguistic Competency,,,,,,,
3951,4,Child Care Center,True,True,False,True,True,True,True,True,90,,,,,,,,,,,,,Cultural and Linguistic Competency,,,,,Military Child Care in Your Neighborhood,,
6811,4,Public Prekindergarten,,,,,,,,,,,,,,,Maryland Accreditation,,,,,Accredited Program,,,,,,,,,
997,2,School-Age Only,False,False,False,False,False,False,False,True,,,,,,,,,,,,,,,,,,,,,
4635,4,Public Prekindergarten,,,,,,,,,,,,,,,Maryland Accreditation,,,,,Accredited Program,,,,,,,,,
3737,1,School-Age Only,False,False,False,False,False,False,False,True,90,,,,,,,,,,,,,,,,,,,,
2571,1,School-Age Only,False,False,False,False,False,False,False,True,30,,,,,,,,,,,,,,,,,,,,
1218,2,Child Care Center,False,False,False,True,True,True,True,False,18,,,,,,,,,,,,,,,,,,,,
5660,1,Child Care Center,,,,,,,,,,,,,,,,,,,,,,,,,,,,,
6725,1,School-Age Only,False,False,False,False,False,False,False,True,60,,,,,,,,,,,,,,,,,,,,
5612,2,School-Age Only,False,False,False,False,False,False,False,True,30,,,,,,,,,,,,,,,,,,,,
5427,1,Family Child Care,False,False,True,True,True,True,True,True,8,,,,,,,,,,,,,,,,,,,,
6914,5,Child Care Center,True,True,False,True,True,True,True,True,135,,,,,,Maryland Accreditation,,,,,Accredited Program,,,,,,,,,
3450,3,Child Care Center,True,True,False,True,True,True,True,True,147,,,,,,,,,,,,,,,,,,,,
85,3,Family Child Care,False,False,True,True,True,True,True,True,8,,,,,,,,,,,,,,,,,,,,
5958,1,Family Child Care,False,False,False,True,True,True,True,False,6,,,,,,,,,,,,,,,,,,,,
3505,1,Family Child Care,False,False,True,True,True,True,True,True,8,,,,,,,,,,,,,,,,,,,,
931,2,Family Child Care,False,False,True,True,True,True,True,True,7,,,,,,,,,,,,,,,,,,,,
0,1,Family Child Care,False,False,True,True,True,True,True,True,8,,,,,,,,,,,,,,,,,,,,
5269,1,Family Child Care,False,False,True,True,True,True,True,True,8,,,,,,,,,,,,,,,,,,,,
2050,1,Large Family Child Care,False,False,True,True,True,True,True,True,12,,,,,,,,,,,,,,,,,,,,
1077,5,Public Prekindergarten,,,,,,,,,,,,,,,Maryland Accreditation,,,,,Accredited Program,,,,,,,,,
3308,5,Public Prekindergarten,,,,,,,,,,,,,,,Maryland Accreditation,,,,,Accredited Program,,,,,,,,,
3600,4,Child Care Center,True,True,False,True,True,True,True,True,32,,,,,,,,,,,,,,,,,,,,
4485,1,Child Care Center,True,True,False,True,True,True,True,True,58,,,,,,,,,,,,,,,,,,,,
3862,5,Public Prekindergarten,,,,,,,,,,,,,,,Maryland Accreditation,,,,,Accredited Program,,,,,,,,,
655,1,Family Child Care,False,False,True,True,True,True,True,True,8,,,,,,,,,,,,,,,,,,,,
2437,1,School-Age Only,False,False,False,False,False,False,False,True,15,,,,,,,,,,,,,,,,,,,,
989,5,Child Care Center,True,True,False,True,True,True,True,True,47,,,,,,Maryland Accreditation,,,,,Accredited Program,,,,,,,,,
1008,1,Child Care Center,True,True,False,True,True,True,True,True,88,,,,,,,,,,,,,,,,,,,,
6199,1,Family Child Care,False,False,True,True,True,True,True,True,8,,,,,,,,,,,,,,,,,,,,
1418,3,Child Care Center,True,True,False,True,True,True,True,True,62,,,,,,,,,,,,,,,,,,,,
1191,1,Family Child Care,False,False,True,True,True,True,True,True,8,,,,,,,,,,,,,,,,,,,,
566,1,Family Child Care,False,False,True,True,True,True,True,True,6,,,,,,,,,,,,,,,,,,,,
6181,1,Family Child Care,False,False,True,True,True,True,True,False,8,,,,,,,,,,,,,,,,,,,,
2481,5,Child Care Center,False,False,False,False,True,True,True,True,65,,,,,,Maryland Accreditation,,,,,Accredited Program,,,,,,,,,
4454,5,School-Age Only,False,False,False,False,False,False,False,True,30,,,,,,Maryland Accreditation,,,,,Accredited Program,,,,,,,,,
3790,5,School-Age Only,False,False,False,False,False,False,False,True,30,,,,,,Maryland Accreditation,,,,,Accredited Program,,,,,,,,,
4448,5,Child Care Center,False,False,False,False,True,True,True,True,60,,,,,,Maryland Accreditation,,,,,Accredited Program,,,,,,,,,
2344,5,Child Care Center,True,True,False,True,True,True,True,True,144,,,,,,Maryland Accreditation,,,,,Accredited Program,,,,,,,,,
2839,1,Child Care Center,False,False,False,True,True,True,True,True,92,,,,,,,,,,,,,,,,,,,,
5056,1,Family Child Care,False,False,True,True,True,True,True,False,7,,,,,,,,,,,,,,,,,,,,
1623,3,Family Child Care,False,False,True,True,True,True,True,True,8,,,,,,,,,,,,,,,,,,,,
5712,1,Family Child Care,False,False,True,True,True,True,True,False,8,,,,,,,,,,,,,,,,,,,,
2674,3,Family Child Care,False,False,True,True,True,True,True,True,8,,,,,,,,,,,,,,,,,,,,
1462,1,Family Child Care,False,False,True,True,True,True,True,False,8,,,,,,,,,,,,,,,,,,,,
2853,1,Large Family Child Care,False,False,True,True,True,True,True,True,12,,,,,,,,,,,,,,,,,,,,
6568,5,Child Care Center,True,True,False,True,True,True,True,True,90,,,Association Montessori International / USA (AMI/USA),,,,,,,,Accredited Program,,,,,,,,,
3083,3,Family Child Care,False,False,True,True,True,True,True,True,8,,,,,,,,,,,,,,,,,,,,
4460,1,Family Child Care,False,False,True,True,True,True,True,True,8,,,,,,,,,,,,,,,,,,,,
5683,1,Family Child Care,False,False,True,True,True,True,True,True,8,,,,,,,,,,,,,,,,,,,,
5155,5,Family Child Care,False,False,True,True,True,True,True,True,8,,,,,,,,,,,,,,,,,,,,
4642,1,Family Child Care,False,False,True,True,True,True,True,True,8,,,,,,,,,,,,,,,,,,,,
2240,5,Family Child Care,False,False,True,True,True,True,True,True,8,,,,,,,,National Association for Family Child Care (NAFCC),,,Accredited Program,,,,,,,,,
5998,2,Family Child Care,False,False,True,True,True,True,True,True,8,,,,,,,,,,,,,,,,,,,,
3894,1,Family Child Care,False,False,True,True,True,True,True,True,8,,,,,,,,,,,,,,,,,,,,
3091,1,Family Child Care,False,False,True,True,True,True,True,True,8,,,,,,,,,,,,,,,,,,,,
2676,5,Family Child Care,False,False,True,True,True,True,True,True,8,True,,,,,,,National Association for Family Child Care (NAFCC),,,Accredited Program,Asthma & Allergy Friendly,,,,,,,,
5919,5,Family Child Care,False,False,True,True,True,True,True,True,8,,,,,,,,National Association for Family Child Care (NAFCC),,,Accredited Program,,,,,,,,,
2482,1,Family Child Care,False,False,True,True,True,True,True,False,8,,,,,,,,,,,,,,,,,,,,
4932,3,Family Child Care,False,False,True,True,True,True,True,True,8,,,,,,,,,,,,,,,,,,,,
6901,1,Family Child Care,False,False,True,True,True,True,True,True,8,,,,,,,,,,,,,,,,,,,,
5720,3,Family Child Care,False,False,True,True,True,True,True,True,8,,,,,,,,,,,,,,,,,,,,
3524,3,Family Child Care,False,False,True,True,True,True,True,False,8,,,,,,,,,,,,,,,,,,,,
3904,1,Family Child Care,False,False,True,True,True,True,True,True,8,,,,,,,,,,,,,,,,,,,,
6942,3,Family Child Care,False,False,True,True,True,True,True,True,8,,,,,,,,,,,,,,,,,,,,
6776,1,Family Child Care,False,False,True,True,True,True,True,False,7,,,,,,,,,,,,,,,,,,,,
295,4,Family Child Care,False,False,True,True,True,True,True,True,8,,,,,,,,,,,,,,,,,,,,
4205,3,Family Child Care,False,False,True,True,True,True,True,False,8,,,,,,,,,,,,,,,,,,,,
4842,4,Family Child Care,False,False,True,True,True,True,True,True,7,,,,,,,,,,,,,,,,,,,,
5860,1,Family Child Care,,,,,,,,,,,,,,,,,,,,,,,,,,,,,
5595,1,Large Family Child Care,False,False,True,True,True,True,True,False,12,,,,,,,,,,,,,,,,,,,,
3653,5,Family Child Care,False,False,True,True,True,True,True,False,8,,,,,,,,National Association for Family Child Care (NAFCC),,,Accredited Program,,,,,,,,,
2530,1,Family Child Care,False,False,True,True,True,True,True,True,8,,,,,,,,,,,,,,,,,,,,
6411,1,Large Family Child Care,False,False,True,True,True,True,True,True,12,,,,,,,,,,,,,,,,,,,,
2170,1,Family Child Care,False,False,False,True,True,True,True,True,8,,,,,,,,,,,,,,,,,,,,
84,3,Family Child Care,False,False,True,True,True,True,True,True,8,,,,,,,,,,,,,,,,,,,,
998,1,Large Family Child Care,False,False,True,True,True,True,True,True,12,,,,,,,,,,,,,,,,,,,,
2464,5,Public Prekindergarten,,,,,,,,,,,,,,,Maryland Accreditation,,,,,Accredited Program,,,,,,,,,
224,4,Family Child Care,False,False,True,True,True,True,True,False,8,,,,,,,,,,,,,,,,,,,Quality Business Practices,
4791,1,Family Child Care,False,False,True,True,True,True,True,True,8,,,,,,,,,,,,,,,,,,,,
4218,5,Family Child Care,False,False,True,True,True,True,True,True,8,,,,,,,,National Association for Family Child Care (NAFCC),,,Accredited Program,,,,,,,,,
3245,3,Child Care Center,False,False,False,True,True,True,True,False,95,,,,,,,,,,,,,,,,,,,,
2140,5,Family Child Care,False,False,True,True,True,True,True,True,8,,,,,,,,National Association for Family Child Care (NAFCC),,,Accredited Program,,,,,,,,,
6006,5,Family Child Care,False,False,True,True,True,True,True,True,8,,,,,,,,National Association for Family Child Care (NAFCC),,,Accredited Program,,,,,,,,,
5614,4,Child Care Center,False,False,False,True,True,True,True,False,52,,,,,,,,,,,,,,,Family Engagement,,,,,
4538,1,Family Child Care,False,False,True,True,True,True,True,True,8,,,,,,,,,,,,,,,,,,,,
912,2,Large Family Child Care,False,False,True,True,True,True,True,False,12,,,,,,,,,,,,,,,,,,,,
2548,1,Child Care Center,False,False,False,True,True,True,True,False,32,,,,,,,,,,,,,,,,,,,,
6675,1,Family Child Care,False,False,True,True,True,True,True,True,8,,,,,,,,,,,,,,,,,,,,
4761,1,Family Child Care,False,False,True,True,True,True,True,True,7,,,,,,,,,,,,,,,,,,,,
223,2,Family Child Care,False,False,True,True,True,True,True,True,8,,,,,,,,,,,,,,,,,,,,
18,2,Family Child Care,False,False,True,True,True,True,True,False,8,,,,,,,,,,,,,,,,,,,,
6541,5,Child Care Center,False,False,False,True,True,True,True,False,52,,,,,,Maryland Accreditation,,,,,Accredited Program,,,,,,,,,
5308,1,School-Age Only,False,False,False,False,False,False,False,True,251,,,,,,,,,,,,,,,,,,,,
564,3,School-Age Only,False,False,False,False,False,False,False,True,112,,,,,,,,,,,,,,,,,,,,
1747,3,School-Age Only,False,False,False,False,False,False,False,True,60,,,,,,,,,,,,,,,,,,,,
4123,1,Child Care Center,False,False,False,False,False,True,True,True,80,,,,,,,,,,,,,,,,,,,,
6007,3,School-Age Only,False,False,False,False,False,False,False,True,45,,,,,,,,,,,,,,,,,,,,
2013,2,Child Care Center,False,False,False,False,False,True,True,True,,,,,,,,,,,,,,,,,,,,,
6489,3,School-Age Only,False,False,False,False,False,False,False,True,60,,,,,,,,,,,,,,,,,,,,
5083,3,School-Age Only,False,False,False,False,False,False,False,True,100,,,,,,,,,,,,,,,,,,,,
5015,3,School-Age Only,False,False,False,False,False,False,False,True,45,,,,,,,,,,,,,,,,,,,,
2563,1,School-Age Only,False,False,False,False,False,False,False,True,60,,,,,,,,,,,,,,,,,,,,
2320,3,School-Age Only,False,False,False,False,False,False,False,True,60,,,,,,,,,,,,,,,,,,,,
74,3,School-Age Only,False,False,False,False,False,False,False,True,30,,,,,,,,,,,,,,,,,,,,
4431,1,School-Age Only,False,False,False,False,False,False,False,True,60,,,,,,,,,,,,,,,,,,,,
3031,1,School-Age Only,False,False,False,False,False,False,False,True,60,,,,,,,,,,,,,,,,,,,,
2288,3,School-Age Only,False,False,False,False,False,False,False,True,45,,,,,,,,,,,,,,,,,,,,
5763,3,School-Age Only,False,False,False,False,False,False,False,True,75,,,,,,,,,,,,,,,,,,,,
6001,3,School-Age Only,False,False,False,False,False,False,False,True,60,,,,,,,,,,,,,,,,,,,,
745,3,School-Age Only,False,False,False,False,False,False,False,True,60,,,,,,,,,,,,,,,,,,,,
2255,3,School-Age Only,False,False,False,False,False,False,False,True,45,,,,,,,,,,,,,,,,,,,,
3674,3,School-Age Only,False,False,False,False,False,False,False,True,24,,,,,,,,,,,,,,,,,,,,
2405,1,School-Age Only,False,False,False,False,False,False,False,True,45,,,,,,,,,,,,,,,,,,,,
4905,3,School-Age Only,False,False,False,False,False,False,False,True,60,,,,,,,,,,,,,,,,,,,,
6129,3,School-Age Only,False,False,False,False,False,False,False,True,45,,,,,,,,,,,,,,,,,,,,
4938,3,School-Age Only,False,False,False,False,False,False,False,True,60,,,,,,,,,,,,,,,,,,,,
2446,3,School-Age Only,False,False,False,False,False,False,False,True,60,,,,,,,,,,,,,,,,,,,,
3314,3,School-Age Only,False,False,False,False,False,False,False,True,110,,,,,,,,,,,,,,,,,,,,
6982,3,School-Age Only,False,False,False,False,False,False,False,True,90,,,,,,,,,,,,,,,,,,,,
3440,1,School-Age Only,False,False,False,False,False,False,False,True,45,,,,,,,,,,,,,,,,,,,,
1976,1,School-Age Only,False,False,False,False,False,False,False,True,75,,,,,,,,,,,,,,,,,,,,
2757,3,School-Age Only,False,False,False,False,False,False,False,True,60,,,,,,,,,,,,,,,,,,,,
5940,3,School-Age Only,False,False,False,False,False,False,False,True,40,,,,,,,,,,,,,,,,,,,,
6333,3,School-Age Only,False,False,False,False,False,False,False,True,124,,,,,,,,,,,,,,,,,,,,
956,4,Child Care Center,True,True,False,True,True,True,True,True,,,,,,,Maryland Accreditation,,,,,Accredited Program,,,,,,,,,
6048,1,School-Age Only,False,False,False,False,False,False,False,True,64,,,,,,,,,,,,,,,,,,,,
6051,3,School-Age Only,False,False,False,False,False,False,False,True,60,,,,,,,,,,,,,,,,,,,,
4265,1,Family Child Care,False,False,True,True,True,True,True,True,7,,,,,,,,,,,,,,,,,,,,
4771,5,Public Prekindergarten,,,,,,,,,,,,,,,Maryland Accreditation,,,,,Accredited Program,,,,,,,,,
5122,3,Family Child Care,False,False,True,True,True,True,True,True,8,,,,,,,,,,,,,,,,,,,,
4215,5,Public Prekindergarten,,,,,,,,,,,,,,,Maryland Accreditation,,,,,Accredited Program,,,,,,,,,
6665,5,Public Prekindergarten,,,,,,,,,,,,,,,Maryland Accreditation,,,,,Accredited Program,,,,,,,,,
211,5,Family Child Care,False,False,True,True,True,True,True,True,8,,,,,,,,,,,Accredited Program,,,,,,,,,
2912,1,Family Child Care,False,False,True,True,True,True,True,False,8,,,,,,,,,,,,,,,,,,,,
5796,1,Family Child Care,False,False,True,True,True,True,True,True,8,,,,,,,,,,,,,,,,,,,,
5106,4,Child Care Center,True,True,False,True,True,True,True,False,130,,,,,,,,,,,,,,,,,,,,
3206,1,Child Care Center,False,False,False,True,True,True,True,True,251,,,,,,,,,,,,,,,,,,,,
710,1,Child Care Center,False,False,False,True,True,True,True,False,64,,,,,,,,,,,,,,,,,,,,
5609,1,Family Child Care,False,False,True,True,True,True,True,True,8,,,,,,,,,,,,,,,,,,,,
3101,1,Family Child Care,False,False,True,True,True,True,True,False,8,,,,,,,,,,,,,,,,,,,,
2411,3,Child Care Center,True,True,False,True,True,True,True,True,12,,,,,,,,,,,,,,,,,,,,
765,3,Family Child Care,False,False,True,True,True,True,True,True,8,,,,,,,,,,,,,,,,,,,,
2318,1,Family Child Care,False,False,True,True,True,True,True,False,8,,,,,,,,,,,,,,,,,,,,
10,4,Family Child Care,False,False,True,True,True,True,True,True,8,,,,,,,,,,,,,,,,,,,,
5484,3,Child Care Center,True,True,False,True,True,True,True,False,86,,,,,,,,,,,,,,,,,,,,
4509,3,Child Care Center,True,True,False,True,True,True,True,False,12,,,,,,,,,,,Accredited Program,,,,,,,,,
6341,1,LOC,False,False,False,True,True,True,True,False,157,,,,,,,,,,,,,,,,,,,,
3185,4,Child Care Center,True,True,False,True,True,True,True,False,29,,,,,,Maryland Accreditation,,,,,Accredited Program,,,,,,,,,
1989,3,Child Care Center,True,True,False,True,True,True,True,False,55,,,,,,Maryland Accreditation,,,,,Accredited Program,,,,,,,,,
3358,4,Child Care Center,True,True,False,True,True,True,True,True,104,,,,,,Maryland Accreditation,,,,,Accredited Program,,,,,,,,,
6808,4,Child Care Center,True,True,False,True,True,True,True,True,64,,,,,,Maryland Accreditation,,,,,Accredited Program,,,,,,,,,
4954,5,Public Prekindergarten,,,,,,,,,,,,,,,Maryland Accreditation,,,,,Accredited Program,,,,,,,,,
2229,5,Public Prekindergarten,,,,,,,,,,,,,,,Maryland Accreditation,,,,,Accredited Program,,,,,,,,,
1682,4,Child Care Center,True,True,False,True,True,True,True,True,63,,,,,,,,,,,,,,,,,,Military Child Care in Your Neighborhood,,
503,5,Public Prekindergarten,,,,,,,,,,,,,,,Maryland Accreditation,,,,,Accredited Program,,,,,,,,,
6239,1,Child Care Center,False,False,False,True,True,True,True,True,33,,,,,,,,,,,,,,,,,,,,
4456,5,Child Care Center,True,True,False,True,True,True,True,True,12,,,,,,,,,National Association for the Education of Young Children (NAEYC),,Accredited Program,,,,,,,,,
2430,1,Family Child Care,False,False,True,True,True,True,True,False,6,,,,,,,,,,,,,,,,,,,,
6830,1,Family Child Care,False,False,True,True,True,True,True,True,8,,,,,,,,,,,,,,,,,,,,
570,1,Family Child Care,False,False,True,True,True,True,True,True,8,,,,,,,,,,,,,,,,,,,,
1416,1,Family Child Care,False,False,True,True,True,True,True,True,8,,,,,,,,,,,,,,,,,,,,
5483,5,Large Family Child Care,False,False,True,True,True,True,True,True,12,,,,,,,,National Association for Family Child Care (NAFCC),,,Accredited Program,,,,,,,,,
2381,5,Public Prekindergarten,,,,,,,,,,,,,,,Maryland Accreditation,,,,,Accredited Program,,,,,,,,,
4878,2,Child Care Center,False,False,False,True,True,True,True,True,171,,,,,,,,,,,,,,,,,,,,
6987,5,Family Child Care,False,False,True,True,True,True,True,True,8,,,,,,,,National Association for Family Child Care (NAFCC),,,Accredited Program,,,,,,,,,
1931,5,Child Care Center,False,False,False,True,True,True,True,True,47,,,,,,Maryland Accreditation,,,National Association for the Education of Young Children (NAEYC),,Accredited Program,Asthma & Allergy Friendly,,,,,,,,
6121,3,Child Care Center,True,True,False,True,True,True,True,True,145,,,,,,,,,,,,,,,,,,,,
1167,1,Child Care Center,True,True,False,True,True,True,True,True,113,,,,,,,,,,,,,,,,,,,,
7013,2,Child Care Center,True,True,False,True,True,True,True,True,111,,,,,,,,,,,,,,,,,,,,
1158,5,Child Care Center,False,False,False,True,True,True,True,False,199,,,,,,Maryland Accreditation,,,,,Accredited Program,,,,,,,,,
5966,4,Child Care Center,True,True,False,True,True,True,True,True,127,,,,,,,,,,,,,,,,,,,,
530,4,Family Child Care,False,False,True,True,True,True,True,True,8,,,,,,,,,,,,,,,,,,,,
5582,2,Family Child Care,False,False,True,True,True,True,True,True,8,,,,,,,,,,,,,,,,,,,,
6565,5,Family Child Care,False,False,True,True,True,True,True,True,8,,,,,,,,National Association for Family Child Care (NAFCC),,,Accredited Program,,,,,,,,,
2090,3,Family Child Care,False,False,True,True,True,True,True,True,8,,,,,,,,,,,,,,,,,,,,
1750,1,Family Child Care,False,False,True,True,True,True,True,False,8,,,,,,,,,,,,,,,,,,,,
1124,1,Child Care Center,False,False,False,True,True,True,True,True,138,,,,,,,,,,,,,,,,,,,,
2111,2,Child Care Center,False,False,False,True,True,True,True,True,122,,,,,,,,,,,,,,,,,,,,
883,2,Child Care Center,False,False,False,True,True,True,True,True,,,,,,,,,,,,,,,,,,,,,
5488,3,Child Care Center,False,True,False,True,True,True,True,True,78,,,,,,,,,,,,,,,,,,,,
2327,3,Child Care Center,True,True,False,True,True,True,True,False,132,,,,,,,,,,,,,,,,,,,,
1558,3,Child Care Center,True,True,False,True,True,True,True,True,214,,,,,,,,,,,,,,,,,,,,
5093,3,Child Care Center,True,True,False,True,True,True,True,True,125,,,,,,,,,,,,,,,,,,,,
958,3,Child Care Center,True,True,False,True,True,True,True,True,131,,,,,,,,,,,Accredited Program,,,,,,,Military Child Care in Your Neighborhood,,
3711,3,Child Care Center,True,True,False,True,True,True,True,True,130,,,,,,,,,,National Early Childhood Program Accreditation (NECPA),Accredited Program,,,,,,,,,
6321,3,Child Care Center,True,True,False,True,True,True,True,False,126,,,,,,,,,,,,,,,,,,,,
4632,3,Child Care Center,True,True,False,True,True,True,True,True,275,,,,,,,,,,,,,,,,,,,,
6834,1,Family Child Care,False,False,True,True,True,True,True,True,8,,,,,,,,,,,,,,,,,,,,
1036,5,Large Family Child Care,False,False,True,True,True,True,True,True,12,,,,,,,,,,,,,,,,,,,,
5785,1,Large Family Child Care,,,,,,,,,12,,,,,,,,,,,,,,,,,,,,
3701,2,Child Care Center,True,True,False,True,True,True,True,False,20,,,,,,,,,,,,,,,,,,,,
1170,2,Child Care Center,True,True,False,True,True,True,True,False,81,,,,,,,,,,,,,,,,,,,,
2069,5,Child Care Center,False,False,False,True,True,True,True,True,83,,,,,,Maryland Accreditation,,,,,Accredited Program,,,,,,,,,
794,1,Family Child Care,False,False,True,True,True,True,True,True,8,,,,,,,,,,,,,,,,,,,,
7045,2,Family Child Care,False,False,True,True,True,True,True,True,8,,,,,,,,,,,,,,,,,,,,
6479,3,Family Child Care,False,False,True,True,True,True,True,True,8,,,,,,,,,,,,,,,,,,,,
747,3,Family Child Care,False,False,True,True,True,True,True,True,8,,,,,,,,,,,,,,,,,,,,
4366,5,Family Child Care,False,False,True,True,True,True,True,True,8,,,,,,,,National Association for Family Child Care (NAFCC),,,Accredited Program,Asthma & Allergy Friendly,,,,,,,,
5323,5,Public Prekindergarten,,,,,,,,,,,,,,,Maryland Accreditation,,,,,Accredited Program,,,,,,,,,
779,3,Family Child Care,False,False,False,True,True,True,True,False,7,True,,,,,,,,,,,,,,,,,,,
4228,5,Public Prekindergarten,,,,,,,,,,,,,,,Maryland Accreditation,,,,,Accredited Program,,,,,,,,,
5553,5,Child Care Center,False,False,False,True,True,True,True,True,95,,,,,,,,,,,Accredited Program,Asthma & Allergy Friendly,,,,,,Military Child Care in Your Neighborhood,,
1550,1,Child Care Center,True,True,False,True,True,True,True,False,34,,,,,,,,,,,,,,,,,,,,
4408,5,Public Prekindergarten,,,,,,,,,,,,,,,Maryland Accreditation,,,,,Accredited Program,,,,,,,,,
5756,3,Large Family Child Care,False,False,True,True,True,True,True,True,12,,,,,,,,,,,,,,,,,,,,
482,3,School-Age Only,False,False,False,False,False,False,False,True,43,,,,,,,,,,,Accredited Program,,,,,,,,,other
1135,1,Family Child Care,False,False,True,True,True,True,True,True,8,,,,,,,,,,,,,,,,,,,,
93,3,Family Child Care,False,False,True,True,True,True,True,True,8,,,,,,,,,,,,,,,,,,,,
3144,1,Family Child Care,False,False,True,True,True,True,True,False,8,,,,,,,,,,,,,,,,,,,,
6546,1,School-Age Only,False,False,False,False,False,False,False,True,60,,,,,,,,,,,,,,,,,,,,
6744,1,Child Care Center,False,False,False,True,True,True,True,False,75,,,,,,,,,,,,,,,,,,,,
5238,3,Child Care Center,False,False,False,True,True,True,True,True,25,,,,,,,,,,,,,,,,,,,,
5172,5,Child Care Center,True,True,False,True,True,True,True,True,121,,,,,,Maryland Accreditation,,,,,Accredited Program,,,,,,,,,
1737,3,Family Child Care,False,False,True,True,True,True,True,True,8,,,,,,,,,,,,,,,,,,,,
1249,3,Family Child Care,False,False,True,True,True,True,True,True,8,,,,,,,,,,,,,,,,,,,,
4668,4,Family Child Care,False,False,True,True,True,True,True,False,8,,,,,,,,,,,,,,,,,,,,
1396,1,Family Child Care,False,False,True,True,True,True,True,True,8,,,,,,,,,,,,,,,,,,,,
4722,3,Family Child Care,False,False,True,True,True,True,True,True,8,,,,,,,,,,,,,,,,,,,,
6482,2,Family Child Care,False,False,True,True,True,True,True,True,7,,,,,,,,,,,,,,,,,,,,
4662,3,Child Care Center,True,True,False,True,True,True,True,True,96,,,,,,,,,,,,,,,,,,,,
3979,3,Child Care Center,True,True,False,True,True,True,True,True,76,,,,,,,,,,,,,,,,,,,,
5486,2,Family Child Care,False,False,True,True,True,True,True,False,8,,,,,,,,,,,,,,,,,,,,
1718,1,Family Child Care,False,False,True,True,True,True,True,True,8,,,,,,,,,,,,,,,,,,,,
2894,5,Large Family Child Care,False,False,True,True,True,True,True,True,12,,,,,,,,National Association for Family Child Care (NAFCC),,,Accredited Program,,,,,,,,,
68,1,Family Child Care,False,False,True,True,True,True,True,True,7,,,,,,,,,,,,,,,,,,,,
3246,4,Family Child Care,False,False,True,True,True,True,True,True,8,,,,,,,,,,,,,,,,,,,,
3099,1,Child Care Center,True,True,False,True,True,True,True,True,12,,,,,,,,,,,,,,,,,,,,
1613,4,Public Prekindergarten,,,,,,,,,,,,,,,Maryland Accreditation,,,,,Accredited Program,,,,,,,,,
5939,5,Public Prekindergarten,,,,,,,,,,,,,,,Maryland Accreditation,,,,,Accredited Program,,,,,,,,,
6116,5,Public Prekindergarten,,,,,,,,,,,,,,,Maryland Accreditation,,,,,Accredited Program,,,,,,,,,
496,5,Child Care Center,True,True,False,True,True,True,True,True,107,,,,,,,,,National Association for the Education of Young Children (NAEYC),,Accredited Program,,,,,,,,,
967,2,Family Child Care,False,False,True,True,True,True,True,True,7,,,,,,,,,,,,,,,,,,,,
1131,1,Family Child Care,False,False,True,True,True,True,True,True,8,,,,,,,,,,,,,,,,,,,,
2119,1,Family Child Care,False,False,True,True,True,True,True,False,8,,,,,,,,,,,,,,,,,,,,
4107,1,Family Child Care,False,False,True,True,True,True,True,True,8,,,,,,,,,,,,,,,,,,,,
4210,1,Family Child Care,False,False,True,True,True,True,True,True,8,,,,,,,,,,,,,,,,,,,,
5690,1,Family Child Care,False,False,True,True,True,True,True,True,8,,,,,,,,,,,,,,,,,,,,
6231,1,Family Child Care,False,False,True,True,True,True,True,True,8,,,,,,,,,,,,,,,,,,,,
1881,5,Family Child Care,False,False,True,True,True,True,True,True,8,,,,,,,,National Association for Family Child Care (NAFCC),,,Accredited Program,,,,,,,,,
2521,3,Family Child Care,False,False,True,True,True,True,True,False,8,,,,,,,,,,,,,,,,,,,,
3304,1,Family Child Care,False,False,True,True,True,True,True,True,8,,,,,,,,,,,,,,,,,,,,
932,4,Family Child Care,False,False,True,True,True,True,True,True,8,,,,,,,,,,,,,,,,,,,,
2783,1,Family Child Care,False,False,True,True,True,True,True,True,8,,,,,,,,,,,,,,,,,,,,
4458,5,Family Child Care,False,False,True,True,True,True,True,True,8,,,,,,,,National Association for Family Child Care (NAFCC),,,Accredited Program,,,,,,,,,
5157,3,LOC,False,False,False,True,True,True,True,False,80,,,,,,,,,,,,,,,,,,,,
360,1,Family Child Care,False,False,True,True,True,True,True,False,7,,,,,,,,,,,,,,,,,,,,
477,3,Family Child Care,False,False,True,True,True,True,True,False,7,,,,,,,,,,,,,,,,,,,,
627,1,Family Child Care,False,False,True,True,True,True,True,True,7,,,,,,,,,,,,,,,,,,,,
2257,3,Family Child Care,False,False,True,True,True,True,True,True,8,,,,,,,,,,,,,,,,,,,,
6737,2,Child Care Center,True,True,False,True,True,True,True,False,85,,,,,,,,,,,,,,,,,,,,
7081,3,Family Child Care,False,False,True,True,True,True,True,True,8,,,,,,,,,,,,,,,,,,,,
3539,1,Family Child Care,False,False,True,True,True,True,True,True,8,,,,,,,,,,,,,,,,,,,,
758,3,Family Child Care,False,False,True,True,True,True,True,True,8,,,,,,,,,,,,,,,,,,,,
253,1,Family Child Care,False,False,True,True,True,True,True,True,7,,,,,,,,,,,,,,,,,,,,
768,3,Family Child Care,False,False,True,True,True,True,True,True,8,,,,,,,,National Association for Family Child Care (NAFCC),,,Accredited Program,,,,,,,,,
5489,5,Child Care Center,,,,,,,,,,,American Montessori Society (AMS),,Association of Independent Maryland Schools (AIMS),,,,,,,Accredited Program,,,,,,,,,
1408,3,Child Care Center,True,True,False,True,True,True,True,True,254,,,,,,,,,National Association for the Education of Young Children (NAEYC),,Accredited Program,,,,,,,,,
6088,3,Family Child Care,False,False,True,True,True,True,True,True,8,,,,,,,,,,,,,,,,,,,,
4367,1,Family Child Care,False,False,True,True,True,True,True,True,8,,,,,,,,,,,,,,,,,,,,
6095,5,Family Child Care,False,False,True,True,True,True,True,True,8,,,,,,,,National Association for Family Child Care (NAFCC),,,Accredited Program,,,,,,,,,
4974,4,Public Prekindergarten,,,,,,,,,,,,,,,Maryland Accreditation,,,,,Accredited Program,,,,,,,,,
550,3,Family Child Care,False,False,True,True,True,True,True,True,8,,,,,,,,,,,,,,,,,,,,
1564,1,Family Child Care,False,False,True,True,True,True,True,True,8,,,,,,,,,,,,,,,,,,,,
2168,1,Family Child Care,False,False,True,True,True,True,True,True,8,,,,,,,,,,,,,,,,,,,,
1547,1,Family Child Care,False,False,True,True,True,True,True,True,8,,,,,,,,,,,,,,,,,,,,
429,2,School-Age Only,False,False,False,False,False,False,False,True,60,,,,,,,,,,,,,,,,,,,,
700,3,Large Family Child Care,False,False,True,True,True,True,True,False,12,,,,,,,,,,,,,,,,,,,,
4639,3,Family Child Care,False,False,True,True,True,True,True,False,,,,,,,,,,,,,,,,,,,,,
5246,1,Family Child Care,False,False,True,True,True,True,True,True,8,,,,,,,,,,,,,,,,,,,,
3791,1,Family Child Care,False,False,True,True,True,True,True,True,8,,,,,,,,,,,,,,,,,,,,
3021,1,Family Child Care,False,False,True,True,True,True,True,True,8,,,,,,,,,,,,,,,,,,,,
3902,3,Large Family Child Care,False,False,True,True,True,True,True,True,12,,,,,,,,,,,,,,,,,,,,
719,3,Family Child Care,False,False,True,True,True,True,True,False,6,,,,,,,,,,,,,,,,,,,,
2821,3,Family Child Care,False,False,True,True,True,True,True,True,8,,,,,,,,,,,,,,,,,,,,
2947,2,Family Child Care,False,False,True,True,True,True,True,True,8,,,,,,,,,,,,,,,,,,,,
1013,1,LOC,False,False,False,True,True,True,True,True,115,,,,,,,,,,,,,,,,,,,,
3571,2,Child Care Center,False,False,False,True,True,True,True,True,66,,,,,,,,,,,,,,,,,,,,
1349,3,Family Child Care,False,False,True,True,True,True,True,True,8,,,,,,,,,,,,,,,,,,,,
4825,5,Child Care Center,False,False,False,True,True,True,True,True,75,,,,,,Maryland Accreditation,,,,,Accredited Program,,,,,Health and Wellness,,,,
23,3,Family Child Care,False,False,True,True,True,True,True,True,8,,,,,,,,,,,,,,,,,,,,
4117,1,Child Care Center,True,True,False,True,True,True,True,True,176,,American Montessori Society (AMS),,,,,,,,,Accredited Program,,,,,,,,,
2282,2,Child Care Center,False,False,False,True,True,True,True,True,80,,American Montessori Society (AMS),,,,,,,,,Accredited Program,,,,,,,,,
1612,3,Child Care Center,True,True,False,True,True,True,True,True,48,,,,,,,,,,,,,,,,,,,,
2820,1,Large Family Child Care,False,False,True,True,True,True,True,True,11,,,,,,,,,,,,,,,,,,,,
6560,1,Family Child Care,False,False,True,True,True,True,True,True,8,,,,,,,,,,,,,,,,,,,,
937,3,Family Child Care,False,False,True,True,True,True,True,True,8,,,,,,,,,,,,,,,,,,,,
6673,1,Child Care Center,False,False,False,True,True,True,True,False,35,,,,,,,,,,,,,,,,,,,,
861,2,Family Child Care,False,False,True,True,True,True,True,True,8,,,,,,,,,,,,,,,,,,,,
3493,1,Family Child Care,False,False,True,True,True,True,True,True,8,,,,,,,,,,,,,,,,,,,,
6130,3,Child Care Center,False,False,False,True,True,True,True,True,126,,,,,,,,,,,,,,,,,,,,
5384,1,Child Care Center,True,True,False,True,True,True,True,True,166,,,,,,,,,,,,,,,,,,,,
5593,1,Child Care Center,True,True,False,True,True,True,True,True,327,,,,,,Maryland Accreditation,,,,,Accredited Program,,,,,,,,,
1233,5,Child Care Center,True,True,False,True,True,True,True,True,102,,,,,,,,,National Association for the Education of Young Children (NAEYC),,Accredited Program,Asthma & Allergy Friendly,,,,,,,,
2568,3,Child Care Center,True,True,False,True,True,True,True,False,47,,,,,,,,,National Association for the Education of Young Children (NAEYC),,Accredited Program,,,,,,,,,
620,5,Child Care Center,False,False,False,True,True,True,True,True,144,,,,,,Maryland Accreditation,,,,,Accredited Program,,,,,,,,,
5925,3,Child Care Center,True,True,False,True,True,True,True,True,101,,,,,,,,,,,,,,,,,,,,
6159,5,Child Care Center,False,False,False,True,True,True,True,True,40,,,,,,,,,,,,,,,,,,,,
2470,3,Child Care Center,True,True,False,True,True,True,True,True,120,,,,,,,,,,,,,,,,,,,,
6090,1,Child Care Center,False,False,False,True,True,True,True,True,146,,,,,,Maryland Accreditation,,,,,Accredited Program,,,,,,,,,
6212,5,Public Prekindergarten,,,,,,,,,,,,,,,Maryland Accreditation,,,,,Accredited Program,,,,,,,,,
2945,4,Family Child Care,False,False,True,True,True,True,True,False,8,,,,,,,,,,,,,,,,,,,,
1845,3,Family Child Care,False,False,True,True,True,True,True,True,8,,,,,,,,,,,,,,,,,,,,
2228,3,Family Child Care,False,False,True,True,True,True,True,False,8,,,,,,,,,,,,,,,,,,,,
5888,3,Family Child Care,False,False,True,True,True,True,True,True,8,,,,,,,,,,,,,,,,,,,,
1298,1,Family Child Care,False,False,True,True,True,True,True,True,8,,,,,,,,,,,,,,,,,,,,
1208,3,Family Child Care,False,False,True,True,True,True,True,True,8,,,,,,,,,,,,,,,,,,,,
4197,4,Public Prekindergarten,,,,,,,,,,,,,,,Maryland Accreditation,,,,,Accredited Program,,,,,,,,,
5982,1,Child Care Center,False,False,False,True,True,True,True,False,37,,,,,,,,,,,,,,,,,,,,
340,1,Family Child Care,False,False,True,True,True,True,True,True,4,,,,,,,,,,,,,,,,,,,,
3223,2,School-Age Only,False,False,False,False,False,False,False,True,60,,,,,,,,,,,,,,,,,,,,
3288,2,School-Age Only,False,False,False,False,False,False,False,True,110,,,,,,,,,,,,,,,,,,,,
1861,2,School-Age Only,False,False,False,False,False,False,False,True,60,,,,,,,,,,,,,,,,,,,,
6374,2,School-Age Only,False,False,False,False,False,False,False,True,30,,,,,,,,,,,,,,,,,,,,
1707,2,School-Age Only,False,False,False,False,False,False,False,True,30,,,,,,,,,,,,,,,,,,,,
1479,2,School-Age Only,False,False,False,False,False,False,False,True,60,,,,,,,,,,,,,,,,,,,,
568,2,School-Age Only,False,False,False,False,False,False,False,True,60,,,,,,,,,,,,,,,,,,,,
5142,1,School-Age Only,False,False,False,False,False,False,False,True,80,,,,,,,,,,,,,,,,,,,,
891,2,School-Age Only,False,False,False,False,False,False,False,True,60,,,,,,,,,,,,,,,,,,,,
2621,1,School-Age Only,False,False,False,False,False,False,False,True,40,,,,,,,,,,,,,,,,,,,,
857,2,School-Age Only,False,False,False,False,False,False,False,True,60,,,,,,,,,,,,,,,,,,,,
6280,2,School-Age Only,False,False,False,False,False,False,False,True,60,,,,,,,,,,,,,,,,,,,,
6520,2,School-Age Only,False,False,False,False,False,False,False,True,60,,,,,,,,,,,,,,,,,,,,
3073,4,Family Child Care,False,False,True,True,True,True,True,True,8,,,,,,,,,,,,,,,,,,,,
2206,1,Family Child Care,False,False,True,True,True,True,True,True,8,,,,,,,,,,,,,,,,,,,,
1544,5,Child Care Center,False,False,False,True,True,True,True,False,58,,,,,,Maryland Accreditation,,,,,Accredited Program,,,,,,,,,
1334,1,Child Care Center,False,False,False,True,True,True,True,False,60,,,,,,,,,,,,,,,,,,,,
5478,1,Child Care Center,True,True,False,True,True,True,True,False,31,,,,,,,,,,,,,,,,,,,,
3733,1,Child Care Center,False,False,False,False,False,True,True,False,32,,,,,,,,,,,,,,,,,,,,
5752,1,Child Care Center,True,True,False,True,True,True,True,False,38,,,,,,,,,,,,,,,,,,,,
2732,1,Child Care Center,False,True,False,True,True,True,True,False,87,,,,,,,,,,,,,,,,,,,,
7032,5,Public Prekindergarten,,,,,,,,,,,,,,,Maryland Accreditation,,,,,Accredited Program,,,,,,,,,
2295,5,Public Prekindergarten,,,,,,,,,,,,,,,Maryland Accreditation,,,,,Accredited Program,,,,,,,,,
7068,2,Family Child Care,False,False,True,True,True,True,True,True,8,,,,,,,,,,,,,,,,,,,,
1076,1,Family Child Care,False,False,True,True,True,True,True,True,8,,,,,,,,,,,,,,,,,,,,
4363,1,Family Child Care,False,False,True,True,True,True,True,True,5,,,,,,,,,,,,,,,,,,,,
3856,1,Family Child Care,,,,,,,,,,,,,,,,,,,,,,,,,,,,,
2531,1,Family Child Care,False,False,True,True,True,True,True,False,8,,,,,,,,,,,,,,,,,,,,
4539,3,Family Child Care,False,False,True,True,True,True,True,True,8,,,,,,,,,,,,,,,,,,,,
6504,5,Public Prekindergarten,,,,,,,,,,,,,,,Maryland Accreditation,,,,,Accredited Program,,,,,,,,,
361,2,Family Child Care,False,False,True,True,True,True,True,True,8,,,,,,,,,,,,,,,,,,,,
4551,1,Family Child Care,False,False,True,True,True,True,True,True,7,,,,,,,,,,,,,,,,,,,,
5401,1,Family Child Care,False,False,True,True,True,True,True,True,8,,,,,,,,,,,,,,,,,,,,
5952,3,Family Child Care,False,False,True,True,True,True,True,True,8,,,,,,,,,,,,,,,,,,,,
2202,1,Child Care Center,True,True,False,True,True,True,True,True,36,,,,,,,,,,,,,,,,,,,,
466,5,Child Care Center,False,False,False,False,True,True,True,True,90,,,,,,Maryland Accreditation,,,,,Accredited Program,,,,,,,,,
2258,1,Child Care Center,True,True,False,True,True,True,True,False,44,,,,,,,,,,,,,,,,,,,,
6802,5,Child Care Center,True,True,False,True,True,True,True,True,90,,,,,,,,,National Association for the Education of Young Children (NAEYC),,Accredited Program,,,,,,,,,
311,5,Child Care Center,True,True,False,True,True,True,True,True,108,,,,,,,,,National Association for the Education of Young Children (NAEYC),,Accredited Program,,,,,,,,,
5434,4,Child Care Center,True,True,False,True,True,True,True,True,142,,,,,,,,,,,,,,,,,,,,
2807,1,School-Age Only,False,False,False,False,False,False,False,True,60,,,,,,,,,,,,,,,,,,,,
4068,1,School-Age Only,False,False,False,False,False,False,False,True,60,,,,,,,,,,,,,,,,,,,,
6694,5,Child Care Center,False,False,False,True,True,True,True,True,50,,,,,,Maryland Accreditation,,,,,Accredited Program,,,,,,,,,
942,5,Large Family Child Care,False,False,True,True,True,True,True,True,12,,,,,,,,National Association for Family Child Care (NAFCC),,,Accredited Program,,,,,,,,,
3577,5,Family Child Care,False,False,True,True,True,True,True,True,8,,,,,,,,National Association for Family Child Care (NAFCC),,,Accredited Program,,,,,,,,,
5913,3,Family Child Care,False,False,True,True,True,True,True,True,7,,,,,,,,,,,,,,,,,,,,
4847,1,Large Family Child Care,False,False,True,True,True,True,True,False,12,,,,,,,,,,,,,,,,,,,,
6087,3,Child Care Center,True,True,False,True,True,True,True,True,29,,,,,,,,,,,,,,,,,,,,
4840,2,Family Child Care,False,False,True,True,True,True,True,False,8,,,,,,,,,,,,,,,,,,,,
6368,3,Large Family Child Care,False,False,True,True,True,True,True,False,12,,,,,,,,,,,,,,,,,,,,
5161,4,Family Child Care,False,False,True,True,True,True,True,True,,,,,,,,,National Association for Family Child Care (NAFCC),,,Accredited Program,,,,,,,,,
666,1,Family Child Care,False,False,True,True,True,True,True,True,8,,,,,,,,,,,,,,,,,,,,
4673,1,Family Child Care,False,False,True,True,True,True,True,True,8,,,,,,,,,,,,,,,,,,,,
5416,5,Public Prekindergarten,,,,,,,,,,,,,,,Maryland Accreditation,,,,,Accredited Program,,,,,,,,,
6965,5,Large Family Child Care,False,False,True,True,True,True,True,True,11,,,,,,,,National Association for Family Child Care (NAFCC),,,,,,,,,,,,
2178,1,Child Care Center,False,False,False,True,True,True,True,True,47,,,,,,,,,,,,,,,,,,,,
4487,4,Family Child Care,False,False,True,True,True,True,True,True,8,,,,,,,,,,,,,,,,,,,,
2648,2,Family Child Care,False,False,True,True,True,True,True,True,8,,,,,,,,,,,,,,,,,,,,
676,1,Family Child Care,False,False,True,True,True,True,True,False,6,,,,,,,,,,,,,,,,,,,,
3726,1,Family Child Care,False,False,True,True,True,True,True,True,8,,,,,,,,,,,,,,,,,,,,
117,1,Family Child Care,False,False,True,True,True,True,True,True,7,,,,,,,,,,,,,,,,,,,,
27,1,School-Age Only,False,False,False,False,False,False,False,True,64,,,,,,,,,,,,,,,,,,,,
512,3,Child Care Center,True,True,False,True,True,True,True,False,219,,,,,,,,,,,,,,,,Health and Wellness,,,,
4051,3,Family Child Care,False,False,True,True,True,True,True,True,8,,,,,,,,,,,,,,,,,,,,
4592,1,Family Child Care,False,False,True,True,True,True,True,True,8,,,,,,,,,,,,,,,,,,,,
3887,5,Large Family Child Care,False,False,False,True,True,True,True,True,12,,,,,,,,National Association for Family Child Care (NAFCC),,,Accredited Program,,,,,,,,,
607,1,Large Family Child Care,False,False,True,True,True,True,True,False,10,,,,,,,,,,,,,,,,,,,,
3693,5,Family Child Care,False,False,True,True,True,True,True,True,8,,,,,,,,National Association for Family Child Care (NAFCC),,,Accredited Program,,,,,Health and Wellness,,,Quality Business Practices,
1570,2,Family Child Care,False,False,True,True,True,True,True,False,8,,,,,,,,,,,,,,,,,,,,
1774,5,Public Prekindergarten,,,,,,,,,,,,,,,Maryland Accreditation,,,,,Accredited Program,,,,,,,,,
6842,4,Family Child Care,False,False,True,True,True,True,True,True,8,,,,,,,,National Association for Family Child Care (NAFCC),,,Accredited Program,,,,,,,,,
3850,5,Family Child Care,False,False,True,True,True,True,True,True,8,,,,,,,,National Association for Family Child Care (NAFCC),,,Accredited Program,Asthma & Allergy Friendly,,,,,,,,
3188,1,Child Care Center,False,False,False,True,True,True,True,True,46,,,,,,,,,,,,,,,,,,,,
2310,1,Family Child Care,False,False,True,True,True,True,True,True,8,,,,,,,,,,,,,,,,,,,,
4100,3,Child Care Center,True,True,False,True,True,True,True,True,88,,,,,,,,,,,,,,,,,,,,
2524,1,School-Age Only,False,False,False,False,False,False,False,True,120,,,,,,,,,,,,,,,,,,,,
1150,1,School-Age Only,False,False,False,False,False,False,False,True,60,,,,,,,,,,,,,,,,,,,,
57,1,Family Child Care,False,False,True,True,True,True,True,True,8,,,,,,,,,,,,,,,,,,,,
6458,4,Family Child Care,False,False,True,True,True,True,True,False,8,,,,,,,,,,,,Asthma & Allergy Friendly,,,,,,,Quality Business Practices,
5842,1,Family Child Care,False,False,True,True,True,True,True,False,8,,,,,,,,,,,,,,,,,,,,
60,1,Large Family Child Care,False,False,True,True,True,True,True,True,11,,,,,,,,,,,,,,,,,,,,
3637,1,Family Child Care,False,False,True,True,True,True,True,True,6,,,,,,,,,,,,,,,,,,,,
2148,3,Family Child Care,False,False,True,True,True,True,True,False,8,,,,,,,,,,,,,,,,,,,,
2189,5,Public Prekindergarten,,,,,,,,,,,,,,,Maryland Accreditation,,,,,Accredited Program,,,,,,,,,
2801,5,Family Child Care,False,False,True,True,True,True,True,True,8,,,,,,,,National Association for Family Child Care (NAFCC),,,Accredited Program,,,,,,,,,
6561,1,Child Care Center,False,False,False,True,True,True,True,False,32,,,,,,,,,,,,,,,,,,,,
2878,5,Family Child Care,False,False,True,True,True,True,True,True,8,,,,,,,,National Association for Family Child Care (NAFCC),,,Accredited Program,,,,,,,,,
5549,4,Family Child Care,False,False,True,True,True,True,True,True,7,,,,,,,,,,,,,,,,,,,,
1031,3,Family Child Care,False,False,True,True,True,True,True,True,8,,,,,,,,,,,,,,,,,,,,
650,5,Family Child Care,False,False,True,True,True,True,True,True,8,,,,,,,,National Association for Family Child Care (NAFCC),,,Accredited Program,Asthma & Allergy Friendly,,,,,,,Quality Business Practices,
1600,5,Child Care Center,True,True,False,True,True,True,True,True,155,,,,,,,,,National Association for the Education of Young Children (NAEYC),,Accredited Program,,,,,,,Military Child Care in Your Neighborhood,,
3183,5,Child Care Center,True,True,False,True,True,True,True,True,170,,,,,,Maryland Accreditation,,,,,Accredited Program,,Cultural and Linguistic Competency,,,,,,,
3534,1,Family Child Care,False,False,True,True,True,True,True,True,7,,,,,,,,,,,,,,,,,,,,
5920,5,Child Care Center,False,False,False,True,True,True,True,False,44,,,,,,Maryland Accreditation,,,,,Accredited Program,,,,,,,,,
4895,3,School-Age Only,False,False,False,False,False,False,False,True,60,,,,,,,,,,,,,,,,,,,,
5146,2,School-Age Only,False,False,False,False,False,False,False,True,60,,,,,,,,,,,,,,,,,,,,
3585,1,Child Care Center,True,True,False,True,True,True,True,False,40,,,,,,,,,,,,,,,,,,,,
603,3,Child Care Center,False,False,False,True,True,True,True,False,15,,,,,,,,,,,,,,,,,,,,
3364,1,School-Age Only,False,False,False,False,False,False,False,True,60,,,,,,,,,,,,,,,,,,,,
364,2,School-Age Only,False,False,False,False,False,False,False,True,86,,,,,,,,,,,,,,,,,,,,
2905,3,School-Age Only,False,False,False,False,False,False,False,True,90,,,,,,,,,,,,,,,,,,,,
3118,3,School-Age Only,False,False,False,False,False,False,False,True,60,,,,,,,,,,,,,,,,,,,,
6303,1,School-Age Only,False,False,False,False,False,False,False,True,60,,,,,,,,,,,,,,,,,,,,
884,3,School-Age Only,False,False,False,False,False,False,False,True,120,,,,,,,,,,,,,,,,,,,,
1791,3,School-Age Only,False,False,False,False,False,False,False,True,120,,,,,,,,,,,,,,,,,,,,
5853,1,School-Age Only,False,False,False,False,False,False,False,True,97,,,,,,,,,,,,,,,,,,,,
690,2,School-Age Only,False,False,False,False,False,False,False,True,210,,,,,,,,,,,,,,,,,,,,
4106,1,School-Age Only,False,False,False,False,False,False,False,True,90,,,,,,,,,,,,,,,,,,,,
66,1,School-Age Only,False,False,False,False,False,False,False,True,134,,,,,,,,,,,,,,,,,,,,
1853,3,School-Age Only,False,False,False,False,False,False,False,True,80,,,,,,,,,,,,,,,,,,,,
2157,3,School-Age Only,False,False,False,False,False,False,False,True,60,,,,,,,,,,,,,,,,,,,,
3867,1,School-Age Only,False,False,False,False,False,False,False,True,91,,,,,,,,,,,,,,,,,,,,
159,3,School-Age Only,False,False,False,False,False,False,False,True,168,,,,,,,,,,,,,,,,,,,,
6956,3,School-Age Only,False,False,False,False,False,False,False,True,158,,,,,,,,,,,,,,,,,,,,
2863,3,School-Age Only,False,False,False,False,False,False,False,True,60,,,,,,,,,,,,,,,,,,,,
6202,3,School-Age Only,False,False,False,False,False,False,False,True,105,,,,,,,,,,,,,,,,,,,,
3874,3,School-Age Only,False,False,False,False,False,False,False,True,60,,,,,,,,,,,,,,,,,,,,
2557,3,School-Age Only,False,False,False,False,False,False,False,True,80,,,,,,,,,,,,,,,,,,,,
4708,3,School-Age Only,False,False,False,False,False,False,False,True,75,,,,,,,,,,,,,,,,,,,,
6357,3,School-Age Only,False,False,False,False,False,False,False,True,60,,,,,,,,,,,,,,,,,,,,
3817,3,School-Age Only,False,False,False,False,False,False,False,True,132,,,,,,,,,,,,,,,,,,,,
5053,3,School-Age Only,False,False,False,False,False,False,False,True,60,,,,,,,,,,,,,,,,,,,,
4978,1,School-Age Only,False,False,False,False,False,True,True,True,19,,,,,,,,,,,,,,,,,,,,
3173,5,School-Age Only,False,False,False,False,False,True,True,True,60,,,,,,Maryland Accreditation,,,,,Accredited Program,,,,,,,,,
865,2,Child Care Center,True,True,False,True,True,True,True,True,21,,,,,,,,,,,,,,,,,,,,
2456,5,Child Care Center,False,False,False,True,True,True,True,True,112,,,,,,Maryland Accreditation,,,,,Accredited Program,,,,,,,,,
5704,5,Child Care Center,True,True,False,True,True,True,True,True,92,,,,,,Maryland Accreditation,,,,,Accredited Program,,,,,,,,,
2495,5,School-Age Only,False,False,False,False,False,True,True,True,75,,,,,,,,,,,,,,,,,,,,
6380,2,School-Age Only,False,False,False,False,False,True,True,True,45,,,,,,,,,,,Accredited Program,,,,,,,,,
1478,1,School-Age Only,False,False,False,False,False,False,False,True,60,,,,,,,,,,,,,,,,,,,,
2997,5,School-Age Only,False,False,False,False,False,True,True,True,60,,,,,,Maryland Accreditation,,,,,Accredited Program,,,,,,,,,
589,3,School-Age Only,False,False,False,False,False,True,True,True,84,,,,,,,,,,,,,,,,,,,,
5665,1,School-Age Only,False,False,False,False,False,False,False,True,75,,,,,,Maryland Accreditation,,,,,Accredited Program,,,,,,,,,
6647,3,School-Age Only,False,False,False,False,False,False,False,True,214,,,,,,,,,,,,,,,,,,,,
299,1,School-Age Only,False,False,False,False,False,True,True,True,30,,,,,,,,,,,,,,,,,,,,
2273,5,School-Age Only,False,False,False,False,False,False,False,True,,,,,,,Maryland Accreditation,,,,,Accredited Program,,,,,,,,,
3134,3,School-Age Only,False,False,False,False,False,False,False,True,60,,,,,,,,,,,,,,,,,,,,
7054,5,School-Age Only,False,False,False,False,False,True,True,True,85,,,,,,Maryland Accreditation,,,,,Accredited Program,,,,,,,,,
4908,5,School-Age Only,False,False,False,False,False,True,True,True,60,,,,,,Maryland Accreditation,,,,,Accredited Program,,,,,,,,,
194,5,School-Age Only,False,False,False,False,False,True,True,True,113,,,,,,Maryland Accreditation,,,,,Accredited Program,,,,,,,,,
3632,5,School-Age Only,False,False,False,False,False,False,False,True,40,,,,,,Maryland Accreditation,,,,,Accredited Program,,,,,,,,,
6047,5,Child Care Center,False,False,False,True,True,True,True,False,,,,,,,Maryland Accreditation,,,,,Accredited Program,,,,,,,,,
4749,5,Child Care Center,,,,,,,,,,,,,,,,,,,,,,,,,,,,,
3053,3,Child Care Center,True,True,False,True,True,True,True,False,43,,,,,,,,,,,,,,,,,,,,
5370,5,Child Care Center,True,True,False,True,True,True,True,False,60,,,,,,Maryland Accreditation,,,,,Accredited Program,,,,,,,,,
775,5,School-Age Only,False,False,False,False,False,True,True,True,60,,,,,,Maryland Accreditation,,,,,Accredited Program,,,,,,,,,
5666,5,School-Age Only,False,False,False,False,False,False,False,True,110,,,,,,Maryland Accreditation,,,,,Accredited Program,,,,,,,,,
342,5,School-Age Only,False,False,False,False,False,True,True,True,60,,,,,,Maryland Accreditation,,,,,Accredited Program,,,,,,,,,
7044,5,School-Age Only,False,False,False,False,False,False,False,True,30,,,,,,Maryland Accreditation,,,,,Accredited Program,,,,,,,,,
3477,5,School-Age Only,False,False,False,False,False,True,True,True,100,,,,,,Maryland Accreditation,,,,,Accredited Program,,,,,,,,,
4188,5,Family Child Care,False,False,True,True,True,True,True,True,8,,,,,,,,National Association for Family Child Care (NAFCC),,,Accredited Program,,,,,,,,,
5551,3,Child Care Center,True,True,False,True,True,True,True,True,227,,,,,,,,,National Association for the Education of Young Children (NAEYC),,Accredited Program,,,,,,,,,
3098,5,Child Care Center,True,True,False,True,True,True,True,True,127,,,,,,,,,National Association for the Education of Young Children (NAEYC),,Accredited Program,,,,,,,,,
3563,5,Child Care Center,True,True,False,True,True,True,True,True,91,,,,,,,,,National Association for the Education of Young Children (NAEYC),,Accredited Program,,,,,,,,,
5114,5,Child Care Center,True,True,False,True,True,True,True,True,124,,,,,,,,,National Association for the Education of Young Children (NAEYC),,Accredited Program,Asthma & Allergy Friendly,,,,,,,,
1745,1,Child Care Center,True,True,False,True,True,True,True,True,145,,,,,,,,,National Association for the Education of Young Children (NAEYC),,Accredited Program,,,,,,,,,
4220,3,Child Care Center,True,True,False,True,True,True,True,True,12,,,,,,,,,,,,,,,,,,,,
422,4,Child Care Center,False,True,False,True,True,True,True,False,36,,,,,,,,,,,,,,,,,,,,
5711,1,Family Child Care,False,False,True,True,True,True,True,True,8,,,,,,,,,,,,,,,,,,,,
4413,2,Child Care Center,False,False,False,True,True,True,True,True,30,,,,,,,,,,,,,,,,,,,,
5175,2,Child Care Center,True,True,False,True,True,True,True,True,132,,,,,,,,,,,,,,,,,,,,
4383,1,Child Care Center,True,True,False,True,True,True,True,True,151,,,,,,,,,,,,,,,,,,,,
1646,4,Family Child Care,False,False,True,True,True,True,True,False,8,,,,,,,,,,,,,,,,,,,,
6070,5,Large Family Child Care,False,False,True,True,True,True,True,True,12,,,,,,,,,,,Accredited Program,,,,,,,,,
4980,1,Family Child Care,False,False,True,True,True,True,True,True,7,,,,,,,,,,,,,,,,,,,,
1510,2,Child Care Center,False,True,False,True,True,True,True,True,82,,,,,,,,,,,,,,,,,,,,
3112,1,Family Child Care,False,False,True,True,True,True,True,True,8,,,,,,,,,,,,,,,,Health and Wellness,,,,
3279,1,Family Child Care,False,False,True,True,True,True,True,True,6,,,,,,,,,,,,,,,,,,,,
6757,5,Child Care Center,False,False,False,True,True,True,True,True,57,,,,,,Maryland Accreditation,,,,,Accredited Program,,,,,,,,,
2247,1,Family Child Care,False,False,True,True,True,True,True,True,,,,,,,,,,,,,,,Eco-Friendly Program,,,,,,
2392,3,Family Child Care,False,False,True,True,True,True,True,True,8,,,,,,,,,,,,,,,,,,,,
713,1,Family Child Care,False,False,True,True,True,True,True,False,7,,,,,,,,,,,,,,,,,,,,
6816,5,Large Family Child Care,False,False,True,True,True,True,True,True,12,,,,,,,,National Association for Family Child Care (NAFCC),,,Accredited Program,,,,,,,,,
3570,2,Family Child Care,False,False,True,True,True,True,True,True,7,,,,,,,,,,,,,,,,,,,,
1786,3,Child Care Center,True,True,False,True,True,True,True,True,60,,,,,,,,,,,,,,,,,,,,
2976,3,Child Care Center,True,True,False,True,True,True,True,True,61,,,,,,,,,,,,,,,,,,,,
2217,2,Family Child Care,False,False,True,True,True,True,True,False,8,,,,,,,,,,,,,,,,,,,,
5406,1,Family Child Care,False,False,True,True,True,True,True,True,8,,,,,,,,,,,,,,,,,,,,
5986,3,Family Child Care,False,False,True,True,True,True,True,True,8,,,,,,,,,,,,,,,,,,,,
6342,1,Child Care Center,True,True,False,True,True,True,True,True,48,,,,,,,,,,,,,,,,,,,,
6272,1,Family Child Care,False,False,True,True,True,True,True,True,8,,,,,,,,,,,,,,,,,,,,
6891,5,Large Family Child Care,False,False,True,True,True,True,True,False,12,,,,,,,,National Association for Family Child Care (NAFCC),,,Accredited Program,,,,,,,,,
764,3,Family Child Care,False,False,True,True,True,True,True,True,8,,,,,,,,,,,,Asthma & Allergy Friendly,,,,,,,,
4246,5,Large Family Child Care,False,False,True,True,True,True,True,False,12,,,,,,,,National Association for Family Child Care (NAFCC),,,Accredited Program,Asthma & Allergy Friendly,,,,,,,,
4477,1,Family Child Care,False,False,True,True,True,True,True,True,8,,,,,,,,,,,,,,,,,,,Quality Business Practices,
435,5,Child Care Center,True,True,False,True,True,True,True,True,72,,,,,,,,,National Association for the Education of Young Children (NAEYC),,,Asthma & Allergy Friendly,,,,Health and Wellness,,,,
268,3,Child Care Center,True,True,False,True,True,True,True,True,37,,,,,,,,,,,,,,,,,,,,
2659,1,Child Care Center,False,True,False,True,True,True,True,True,30,,,,,,,,,,,,,,,,,,,,
4748,3,Child Care Center,True,True,False,True,True,True,True,False,96,,,,,,,,,,,,,,,,,,,,
391,1,Child Care Center,True,True,False,True,True,True,True,False,12,,,,,,,,,,,,,,,,,,,,
2586,1,Family Child Care,False,False,True,True,True,True,True,False,8,,,,,,,,,,,,,,,,,,,,
1280,1,Family Child Care,False,False,True,True,True,True,True,True,8,,,,,,,,,,,,,,,,,,,,
5555,3,Child Care Center,False,True,False,True,True,True,True,True,77,,,,,,,,,,,,,,,,,,,,
6896,5,Large Family Child Care,,,,,,,,,,,,,,,,,National Association for Family Child Care (NAFCC),,,,Asthma & Allergy Friendly,,,,,,,,
2629,1,Family Child Care,False,False,True,True,True,True,True,True,8,,,,,,,,,,,,,,,,,,,,
3900,4,Family Child Care,False,False,True,True,True,True,True,False,8,,,,,,,,,,,,,,,,,,,,
1944,1,Family Child Care,False,False,True,True,True,True,True,True,8,,,,,,,,,,,,,,,,,,,,
6786,5,Family Child Care,False,False,True,True,True,True,True,True,8,,,,,,,,National Association for Family Child Care (NAFCC),,,Accredited Program,,,,,,,,,
542,5,Family Child Care,False,False,True,True,True,True,True,True,8,,,,,,,,National Association for Family Child Care (NAFCC),,,Accredited Program,,,,,,,,,
5865,1,Large Family Child Care,False,False,True,True,True,True,True,True,12,,,,,,,,,,,,,,,,,,,,
3399,1,Child Care Center,False,False,False,True,True,True,True,True,12,,,,,,,,,,,,,,,,,,,,
2869,5,Public Prekindergarten,,,,,,,,,,,,,,,Maryland Accreditation,,,,,Accredited Program,,,,,,,,,
2626,1,Family Child Care,False,False,True,True,True,True,True,True,8,,,,,,,,,,,,,,,,,,,,
5070,4,Large Family Child Care,False,False,True,True,True,True,True,False,12,,,,,,,,,,,,,,,,,,,,
5910,5,Family Child Care,False,False,True,True,True,True,True,True,7,,,,,,,,,,National Early Childhood Program Accreditation (NECPA),Accredited Program,,,,,,,,,
1762,3,Family Child Care,False,False,True,True,True,True,True,True,8,,,,,,,,,,,,,,,,,,,,
6085,1,Family Child Care,False,False,True,True,True,True,True,True,8,,,,,,,,,,,,,,,,,,,,
6028,3,Family Child Care,False,False,True,True,True,True,True,True,8,,,,,,,,,,,,,,,,,,,,
5652,5,Family Child Care,False,False,True,True,True,True,True,True,8,,,,,,,,National Association for Family Child Care (NAFCC),,,,,,,,Health and Wellness,,,,
543,3,Family Child Care,False,False,True,True,True,True,True,True,8,,,,,,,,,,,,,,,,,,,,
6511,5,Family Child Care,False,False,True,True,True,True,True,True,8,,,,,,,,National Association for Family Child Care (NAFCC),,,Accredited Program,,,,,,,,,
4424,1,Family Child Care,False,False,True,True,True,True,True,True,8,,,,,,,,,,,,,,,,,,,,
4534,5,Family Child Care,False,False,True,True,True,True,True,True,8,,,,,,,,National Association for Family Child Care (NAFCC),,,Accredited Program,,,,,,,,,
2608,1,Family Child Care,False,False,True,True,True,True,True,False,6,,,,,,,,,,,,,,,,,,,,
5964,1,Family Child Care,False,False,True,True,True,True,True,True,8,,,,,,,,,,,,,,,,,,,,
5730,3,Family Child Care,False,False,True,True,True,True,True,True,8,,,,,,,,,,,,,,,,,,,,
6907,5,Family Child Care,False,False,True,True,True,True,True,True,8,,,,,,,,National Association for Family Child Care (NAFCC),,,Accredited Program,,,,,,,,,
3386,1,Family Child Care,False,False,True,True,True,True,True,True,8,,,,,,,,,,,,,,,,,,,,
4826,5,Family Child Care,False,False,True,True,True,True,True,True,8,,,,,,,,National Association for Family Child Care (NAFCC),,,Accredited Program,,,,,,,,,
2019,2,Family Child Care,False,False,True,True,True,True,True,False,8,,,,,,,,,,,,,,,,,,,,
2377,4,Family Child Care,False,False,True,True,True,True,True,True,8,,,,,,,,,,,,,,,,,,,,
356,1,Family Child Care,False,False,True,True,True,True,True,True,8,,,,,,,,,,,,,,,,,,,,
6480,1,Family Child Care,False,False,True,True,True,True,True,True,8,,,,,,,,,,,,,,,,,,,,
6856,5,Family Child Care,False,False,True,True,True,True,True,True,8,,,,,,,,National Association for Family Child Care (NAFCC),,,Accredited Program,,,,,,,,,
6184,4,Family Child Care,False,False,True,True,True,True,True,True,8,,,,,,,,,,,,,,,,,,,,
217,4,Family Child Care,False,False,True,True,True,True,True,True,8,,,,,,,,,,,,,,,,,,,,
2014,4,Large Family Child Care,False,False,True,True,True,True,True,False,12,,,,,,,,,,,,,,,,,,,,
5,1,Family Child Care,False,False,True,True,True,True,True,True,8,,,,,,,,,,,,,,,,,,,,
4088,4,Family Child Care,False,False,True,True,True,True,True,True,8,,,,,,,,,,,,,,,,,,,,
5836,2,Family Child Care,False,False,True,True,True,True,True,True,5,,,,,,,,,,,,,,,,,,,,
5500,3,Family Child Care,False,False,True,True,True,True,True,True,8,,,,,,,,,,,,,,,,,,,,
1501,1,Family Child Care,False,False,True,True,True,True,True,True,8,,,,,,,,,,,,,,,,,,,,
6221,4,Large Family Child Care,False,False,True,True,True,True,True,False,12,,,,,,,,,,,,,,,,,,,,
6733,1,Family Child Care,False,False,True,True,True,True,True,True,8,,,,,,,,,,,,,,,,,,,,
5303,5,Child Care Center,False,False,False,True,True,True,True,False,20,,,,,,Maryland Accreditation,,,,,Accredited Program,Asthma & Allergy Friendly,,,,,,,,
4418,5,Child Care Center,False,False,False,True,True,True,True,True,40,,,,,,Maryland Accreditation,,,,,Accredited Program,Asthma & Allergy Friendly,,,,,,,,
643,5,Child Care Center,False,False,False,True,True,True,True,True,40,,,,,,Maryland Accreditation,,,,,Accredited Program,Asthma & Allergy Friendly,,,,,,Military Child Care in Your Neighborhood,,
1674,5,Public Prekindergarten,,,,,,,,,,,,,,,Maryland Accreditation,,,,,Accredited Program,,,,,,,,,
5250,3,Family Child Care,False,False,True,True,True,True,True,True,8,,,,,,,,,,,,,,,,,,,,
5757,5,Child Care Center,False,False,False,True,True,True,True,True,81,,,Association Montessori International / USA (AMI/USA),,,,,,,,Accredited Program,,,,,,,,,
6217,5,Family Child Care,False,False,True,True,True,True,True,True,8,,,,,,,,National Association for Family Child Care (NAFCC),,,Accredited Program,,,,,Health and Wellness,,,,
1209,1,Family Child Care,False,False,True,True,True,True,True,True,8,,,,,,,,,,,,,,,,,,,,
4841,5,Child Care Center,False,False,False,True,True,True,True,True,50,,,,,,Maryland Accreditation,,,,,Accredited Program,,,,,,,,,
5541,3,School-Age Only,False,False,False,False,False,False,False,True,90,,,,,,,,,,,,,,,,,,,,
3836,1,Family Child Care,False,False,True,True,True,True,True,True,7,,,,,,,,,,,,,,,,,,,,
2955,1,Family Child Care,False,False,True,True,True,True,True,False,8,,,,,,,,,,,,,,,,,,,,
2513,1,LOC,False,False,False,True,True,True,True,True,195,,,,,,,,,,,,,,,,,,,,
1566,1,Family Child Care,False,False,True,True,True,True,True,True,8,,,,,,,,,,,,,,,,,,,,
3172,1,Family Child Care,False,False,True,True,True,True,True,True,6,,,,,,,,,,,,,,,,,,,,
4102,3,Family Child Care,False,False,True,True,True,True,True,True,8,,,,,,,,,,,,,,,,,,,,
1598,1,Family Child Care,False,False,True,True,True,True,True,False,8,,,,,,,,,,,,,,,,,,,,
6498,2,Family Child Care,False,False,True,True,True,True,True,False,8,,,,,,,,,,,,,,,,,,,,
3540,1,Family Child Care,False,False,True,True,True,True,True,True,,,,,,,,,,,,,,,,,,,,,
4779,1,Family Child Care,False,False,True,True,True,True,True,False,8,,,,,,,,,,,,,,,,,,,,
3425,1,Family Child Care,False,False,True,True,True,True,True,True,8,,,,,,,,,,,,,,,,,,,,
504,3,LOC,False,False,False,True,True,True,True,False,30,,,,,,,,,,,,,,,,Health and Wellness,,,,
5178,3,Family Child Care,False,False,True,True,True,True,True,False,8,,,,,,,,,,,,,,,,,,,,
6880,4,Child Care Center,True,True,False,True,True,True,True,True,12,,,,,,,,,,,,,,,,,,,,
4483,2,Family Child Care,False,False,True,True,True,True,True,True,8,,,,,,,,,,,,,,,,,,,Quality Business Practices,
1266,1,Family Child Care,False,False,True,True,True,True,True,False,8,,,,,,,,,,,,,,,,,,,,
6512,3,Family Child Care,False,False,True,True,True,True,True,True,8,,,,,,,,,,,,,,,,,,,,
4560,3,Family Child Care,False,False,True,True,True,True,True,True,8,,,,,,,,,,,,,,,,,,,,
6790,1,Child Care Center,True,True,False,True,True,True,True,True,72,,,,,,,,,,,,,,,,,,,,
2859,5,Public Prekindergarten,,,,,,,,,,,,,,,Maryland Accreditation,,,,,Accredited Program,,,,,,,,,
1400,1,Child Care Center,False,False,False,True,True,True,True,False,83,,,,,,,,,,,,,,,,,,,,
1323,1,Family Child Care,False,False,True,True,True,True,True,False,7,,,,,,,,,,,,,,,,,,,,
2981,4,Child Care Center,True,True,False,True,True,True,True,True,84,,,,,,,,,,,,,,,,,,,,
3360,4,Child Care Center,True,True,False,True,True,True,True,True,160,,,,,,,,,,,,,,,,,,,,
1097,1,Family Child Care,False,False,True,True,True,True,True,True,8,,,,,,,,,,,,,,,,,,,,
556,1,Family Child Care,False,False,True,True,True,True,True,True,7,,,,,,,,,,,,,,,,,,,,
1926,1,School-Age Only,False,False,False,False,False,False,False,True,51,,,,,,,,,,,,,,,,,,,,
926,3,Family Child Care,False,False,True,True,True,True,True,True,8,,,,,,,,,,,,,,,,,,,,
5316,3,Family Child Care,False,False,True,True,True,True,True,True,8,,,,,,,,,,,,,,,,,,,,
5320,2,Family Child Care,False,False,True,True,True,True,True,True,8,,,,,,,,,,,,,,,,,,,,
5184,5,Family Child Care,False,False,True,True,True,True,True,True,8,,,,,,,,National Association for Family Child Care (NAFCC),,,Accredited Program,,,,,,,,,
61,3,School-Age Only,False,False,False,False,False,False,False,True,121,,,,,,,,,,,,,,,,,,,,
1181,3,Child Care Center,False,False,False,True,True,True,True,False,40,,,,,,,,,,,,,,,,,,,,
3326,5,Child Care Center,False,False,False,True,True,True,True,True,80,,,,,,Maryland Accreditation,,,,,Accredited Program,,,,,,,,,
4495,5,Child Care Center,False,True,False,True,True,True,True,True,125,,,,,,Maryland Accreditation,,,,,Accredited Program,,,,,,,,,
3829,3,Child Care Center,False,False,False,True,True,True,True,True,50,,,,,,,,,,,,,,,,,,,,
3945,3,School-Age Only,False,False,False,False,False,False,False,True,60,,,,,,,,,,,,,,,,,,,,
6259,5,Child Care Center,True,True,False,True,True,True,True,True,115,,,,,,Maryland Accreditation,,,,,Accredited Program,,,,,,,,,
4345,5,Child Care Center,False,False,False,True,True,True,True,False,20,,,,,,Maryland Accreditation,,,,,Accredited Program,,,,,,,,,
59,3,Child Care Center,False,False,False,True,True,True,True,False,40,,,,,,,,,National Association for the Education of Young Children (NAEYC),,Accredited Program,,,,,,,,,
38,5,Public Prekindergarten,,,,,,,,,,,,,,,Maryland Accreditation,,,,,Accredited Program,,,,,,,,,
1451,1,Child Care Center,False,False,False,True,True,True,True,False,70,,,,,,,,,,,,,,,,,,,,
4059,2,Child Care Center,False,False,False,False,True,True,True,False,40,,,,,,,,,,,,,,,,,,,,
4481,1,LOC,False,False,False,False,True,True,True,True,120,,,,,,,,,,,,,,,,,,,,
3808,5,Child Care Center,True,True,False,True,True,True,True,True,133,,,,,,,,,National Association for the Education of Young Children (NAEYC),,Accredited Program,,,,,,,,,
227,1,Family Child Care,False,False,True,True,True,True,True,False,7,,,,,,,,,,,,,,,,,,,,
3635,1,Child Care Center,True,True,False,True,True,True,True,False,36,,,,,,,,,,,,,,,,,,,,
3982,1,Family Child Care,False,False,True,True,True,True,True,True,8,,,,,,,,,,,,,,,,,,,,
5700,3,Family Child Care,False,False,True,True,True,True,True,True,8,,,,,,,,,,,,,,,,,,,,
1415,1,Family Child Care,False,False,True,True,True,True,True,True,8,,,,,,,,,,,,,,,,,,,,
2640,3,Family Child Care,False,False,True,True,True,True,True,True,7,,,,,,,,,,,,,,,,,,,,
5834,5,Family Child Care,False,False,True,True,True,True,True,True,8,,,,,,,,National Association for Family Child Care (NAFCC),,,Accredited Program,,,,,,,,Quality Business Practices,
4312,3,Large Family Child Care,False,False,True,True,True,True,True,True,12,,,,,,,,,,,,,,,,,,,,
6764,5,Child Care Center,True,True,False,True,True,True,True,True,41,,,,,,Maryland Accreditation,,,,,Accredited Program,,,,,,,,,
4324,3,Child Care Center,True,True,False,True,True,True,True,True,75,,,,,,,,,,,,,,,,,,,,
1801,2,Child Care Center,True,True,False,True,True,True,True,True,88,,,,,,,,,,,,,,,,,,,,
3825,1,Family Child Care,False,False,True,True,True,True,True,True,8,,,,,,,,,,,,,,,,,,,,
1234,2,Family Child Care,False,False,True,True,True,True,True,False,7,,,,,,,,,,,,,,,,,,,,
4986,1,Family Child Care,False,False,False,True,True,True,True,False,8,,,,,,,,,,,,,,,,,,,,
5476,2,Family Child Care,False,False,True,True,True,True,True,True,8,,,,,,,,,,,,,,,,,,,,
1258,5,Family Child Care,False,False,True,True,True,True,True,True,8,,,,,,,,National Association for Family Child Care (NAFCC),,,Accredited Program,,,,,,,,,
5695,5,Family Child Care,False,False,True,True,True,True,True,True,,,,,,,,,National Association for Family Child Care (NAFCC),,,Accredited Program,,,,,,,,,
6650,2,Family Child Care,False,False,True,True,True,True,True,True,6,,,,,,,,,,,,,,,,,,,,
4409,5,Public Prekindergarten,,,,,,,,,,,,,,,Maryland Accreditation,,,,,Accredited Program,,,,,,,,,
213,2,Family Child Care,False,False,True,True,True,True,True,True,8,,,,,,,,,,,,,,,,,,,,
6183,1,Family Child Care,False,False,True,True,True,True,True,True,8,,,,,,,,,,,,,,,,,,,,
3639,1,Family Child Care,False,False,True,True,True,True,True,True,8,,,,,,,,,,,,,,,,,,,,
6637,1,Family Child Care,False,False,True,True,True,True,True,True,8,,,,,,,,,,,,,,,,,,,,
6851,2,Family Child Care,False,False,True,True,True,True,True,False,7,,,,,,,,,,,,,,,,,,,,
3207,1,Family Child Care,False,False,True,True,True,True,True,False,8,,,,,,,,,,,,,,,,,,,,
1653,1,Family Child Care,False,False,True,True,True,True,True,True,8,,,,,,,,,,,,,,,,,,,,
111,5,Child Care Center,True,True,False,True,True,True,True,True,152,,,,,,,,,National Association for the Education of Young Children (NAEYC),,Accredited Program,,,,,,,,,
3689,2,Family Child Care,False,False,True,True,True,True,True,False,8,,,,,,,,,,,,,,,,,,,,
1083,2,Family Child Care,False,False,True,True,True,True,True,False,7,,,,,,,,,,,,,,,,,,,,
4690,4,Family Child Care,False,False,True,True,True,True,True,True,8,,,,,,,,National Association for Family Child Care (NAFCC),,,Accredited Program,,,,,,,,,
3504,1,Child Care Center,False,False,False,True,True,True,True,True,126,,,,,,,,,,,,,,,,,,,,
5723,2,Family Child Care,False,False,True,True,True,True,True,False,7,,,,,,,,,,,,,,,,,,,,
5948,5,Large Family Child Care,False,False,True,True,True,True,True,True,11,,,,,,,,National Association for Family Child Care (NAFCC),,,Accredited Program,,,,,,,,,
1351,1,Child Care Center,True,True,False,True,True,True,True,False,12,,,,,,,,,,,,,,,,,,,,
1799,1,Family Child Care,False,False,True,True,True,True,True,True,8,,,,,,,,,,,,,,,,,,,,
4828,1,Family Child Care,False,False,True,True,True,True,True,True,8,,,,,,,,,,,,,,,,,,,,
1582,1,Family Child Care,False,False,True,True,True,True,True,False,7,,,,,,,,,,,,,,,,,,,,
6910,3,Child Care Center,False,False,False,True,True,True,True,False,122,,,,,,,,,,,,,,,,,,,,
3971,1,Family Child Care,False,False,True,True,True,True,True,True,8,,,,,,,,,,,,,,,,,,,,
6723,5,Large Family Child Care,,,,,,,,,12,,,,,,,,National Association for Family Child Care (NAFCC),,,Accredited Program,,,,,,,,,
1260,3,Child Care Center,False,True,False,True,True,True,True,True,20,,,,,,,,,,,,,,,,,,,,
5779,3,Child Care Center,True,True,False,True,True,True,True,True,113,,,,,,,,,,,,,,,,,,,,
4571,1,Child Care Center,False,False,False,True,True,True,True,True,20,,,,,,,,,,,,,,,,,,,,
6778,5,Child Care Center,True,True,False,True,True,True,True,True,64,,,,,,,,,National Association for the Education of Young Children (NAEYC),,Accredited Program,,,,,,,,,
4918,1,Child Care Center,True,True,False,True,True,True,True,True,33,,,,,,,,,,,,,,,,,,,,
4376,1,Family Child Care,False,False,True,True,True,True,True,True,7,,,,,,,,,,,,,,,,,,,,
4062,3,Child Care Center,True,True,False,True,True,True,True,True,57,,,,,,,,,,,,,,,,,,,,
3236,1,Family Child Care,False,False,True,True,True,True,True,True,8,,,,,,,,,,,,,,,,,,,,
2264,3,Child Care Center,False,False,False,True,True,True,True,True,31,,,,,,,,,,,,,,,,,,,,
853,5,Child Care Center,True,True,False,True,True,True,True,True,144,,,,,,,,,National Association for the Education of Young Children (NAEYC),,Accredited Program,,,,,,,,,
5022,5,Family Child Care,False,False,True,True,True,True,True,True,8,,,,,,,,National Association for Family Child Care (NAFCC),,,Accredited Program,,,,,,,,,
5983,1,Family Child Care,False,False,True,True,True,True,True,True,8,,,,,,,,,,,,,,,,,,,,
274,5,Family Child Care,False,False,True,True,True,True,True,True,6,,,,,,,,National Association for Family Child Care (NAFCC),,,Accredited Program,,,,,,,,,
5899,5,Large Family Child Care,False,False,True,True,True,True,True,False,12,,,,,,,,National Association for Family Child Care (NAFCC),,,Accredited Program,,,,,,,,,
4451,1,Family Child Care,False,False,True,True,True,True,True,True,7,,,,,,,,,,,,,,,,,,,,
257,1,Family Child Care,False,False,True,True,True,True,True,True,8,,,,,,,,,,,,,,,,,,,,
187,2,Family Child Care,False,False,True,True,True,True,True,True,8,,,,,,,,,,,,,,,,,,,,
3343,5,Child Care Center,True,True,False,True,True,True,True,True,67,,,,,,,,,National Association for the Education of Young Children (NAEYC),,Accredited Program,,,,,,,,,
6416,1,Child Care Center,True,True,False,True,True,True,True,True,61,,,,,,,,,,,,,,,,,,,,
2647,1,Child Care Center,False,False,False,True,True,True,True,False,,,,,,,,,,,,,,,,,,,,,
2012,5,Child Care Center,False,False,False,True,True,True,True,True,150,,,,,,,,,,,,,,,,,,,,
6608,5,Child Care Center,True,True,False,True,True,True,True,True,206,,,,,Cognia Early Learning Accreditation,,,,,,Accredited Program,,,,,,,,,
5864,1,Family Child Care,False,False,True,True,True,True,True,True,8,,,,,,,,,,,,,,,,,,,,
4237,1,Family Child Care,False,False,True,True,True,True,True,True,8,,,,,,,,,,,,,,,,,,,,
6011,5,Child Care Center,True,True,False,True,True,True,True,True,247,,,,,,Maryland Accreditation,,,,,Accredited Program,,,,,,,,,
4435,1,Family Child Care,False,False,True,True,True,True,True,True,8,,,,,,,,,,,,,,,,,,,,
3678,1,Large Family Child Care,False,False,True,True,True,True,True,False,12,,,,,,,,,,,,,,,,,,,,
475,3,Large Family Child Care,False,False,True,True,True,True,True,True,12,,,,,,,,,,,,,,,,,,,,
5210,1,Family Child Care,False,False,True,True,True,True,True,True,8,,,,,,,,,,,,,,,,,,,,
455,2,Family Child Care,False,False,True,True,True,True,True,True,8,,,,,,,,,,,,,,,,,,,,
3352,1,Family Child Care,False,False,True,True,True,True,True,True,8,,,,,,,,,,,,,,,,,,,,
3096,5,Child Care Center,False,False,False,True,True,True,True,False,29,,,,,,Maryland Accreditation,,,,,Accredited Program,,,,,,,,,
2551,1,School-Age Only,False,False,False,False,False,False,False,True,74,,,,,,Maryland Accreditation,,,,,Accredited Program,,,,,,,,,
6876,5,School-Age Only,False,False,False,False,False,False,False,True,150,,,,,,Maryland Accreditation,,,,,Accredited Program,,,,,,,,,
3351,3,School-Age Only,False,False,False,False,False,False,False,True,60,,,,,,,,,,,,,,,,,,,,
6346,5,Child Care Center,True,True,False,True,True,True,True,True,97,,,,,,Maryland Accreditation,,,,,,Asthma & Allergy Friendly,,,,Health and Wellness,,,,
4574,5,Child Care Center,False,True,False,True,True,True,True,False,29,,,,,,Maryland Accreditation,,,,,Accredited Program,,,,,,,,,
3491,4,Family Child Care,False,False,False,True,True,True,True,True,8,,,,,,,,,,,,,,,,,,,,
3103,1,Family Child Care,False,False,True,True,True,True,True,True,6,,,,,,,,,,,,,,,,,,,,
2613,1,Family Child Care,False,False,True,True,True,True,True,True,8,,,,,,,,,,,,,,,,,,,,
5675,5,Child Care Center,True,True,False,True,True,True,True,True,12,,,,,,,,National Association for Family Child Care (NAFCC),,,Accredited Program,,,,,,,,,
5786,1,Family Child Care,False,False,True,True,True,True,True,False,,,,,,,,,,,,,,,,,,,,,
2681,4,Child Care Center,True,True,False,True,True,True,True,True,102,,,,,,,,,,,,,,,,,,,,
218,3,Child Care Center,True,True,False,True,True,True,True,True,73,,,,,,,,,,,,,,,,,,,,
3664,1,Family Child Care,False,False,True,True,True,True,True,True,8,,,,,,,,,,,,,,,,,,,,
3317,2,Family Child Care,False,False,True,True,True,True,True,True,8,,,,,,,,,,,,,,,,,,,,
1517,1,Family Child Care,False,False,True,True,True,True,True,True,7,,,,,,,,,,,,,,,,,,,,
4603,4,Child Care Center,True,True,False,True,True,True,True,True,22,,,,,,,,,,,,Asthma & Allergy Friendly,,,,,,Military Child Care in Your Neighborhood,,
481,3,Large Family Child Care,False,False,True,True,True,True,True,False,12,,,,,,,,,,,,Asthma & Allergy Friendly,,,,,,,,
154,5,Child Care Center,True,True,False,True,True,True,True,True,236,,,,,,,,,,,Accredited Program,,,,,,,,,
1257,3,Child Care Center,False,False,False,True,True,True,True,True,50,,,,,,,,,,,,,,,,,,,,
2165,5,Public Prekindergarten,,,,,,,,,,,,,,,,,,,,Accredited Program,,,,,,,,,
2338,1,Family Child Care,False,False,True,True,True,True,True,True,8,,,,,,,,,,,,,,,,,,,,
6257,3,Family Child Care,False,False,True,True,True,True,True,True,8,,,,,,,,,,,,,,,,,,,,
1767,3,Family Child Care,False,False,True,True,True,True,True,True,8,,,,,,,,,,,,,,,,,,,,
5026,1,Family Child Care,False,False,True,True,True,True,True,True,8,,,,,,,,,,,,,,,,,,,,
3535,5,Public Prekindergarten,,,,,,,,,,,,,,,Maryland Accreditation,,,,,Accredited Program,,,,,,,,,
7065,3,Family Child Care,False,False,True,True,True,True,True,False,8,,,,,,,,,,,,,,,,,,,,
6377,5,Large Family Child Care,False,False,True,True,True,True,True,False,12,,,,,,,,,,,Accredited Program,,,,,,,,,
6253,1,Family Child Care,False,False,True,True,True,True,True,True,7,,,,,,,,,,,,,,,,,,,,
112,3,Large Family Child Care,False,False,True,True,True,True,True,True,12,,,,,,,,,,,,,,,,,,,,
3089,1,Family Child Care,False,False,True,True,True,True,True,True,7,,,,,,,,,,,,,,,,,,,,
2975,5,Public Prekindergarten,,,,,,,,,,,,,,,Maryland Accreditation,,,,,Accredited Program,,,,,,,,,
6208,3,Family Child Care,False,False,True,True,True,True,True,True,8,,,,,,,,,,,,,,,,,,,,
1269,5,Large Family Child Care,False,False,True,True,True,True,True,True,12,,,,,,,,National Association for Family Child Care (NAFCC),,,Accredited Program,,,,,,,,,
2889,5,Child Care Center,False,False,False,True,True,True,True,True,240,,,,,,Maryland Accreditation,,,,,Accredited Program,,,,,,,,,
6603,3,Child Care Center,False,False,False,True,True,True,True,False,110,,,,,,,,,,,,,,,,,,Military Child Care in Your Neighborhood,,
3321,1,Child Care Center,False,False,False,False,False,True,True,True,80,,,,,,,,,,,,,,,,,,,,
6600,1,Family Child Care,False,False,True,True,True,True,True,True,8,,,,,,,,,,,,,,,,,,,,
258,1,Family Child Care,False,False,True,True,True,True,True,True,8,,,,,,,,,,,,,,,,,,,,
2487,3,Family Child Care,False,False,True,True,True,True,True,True,8,,,,,,,,,,,,,,,,,,,,
3578,1,Family Child Care,False,False,True,True,True,True,True,False,,,,,,,,,,,,,,,,,,,,,
7080,1,Large Family Child Care,False,False,False,True,True,True,True,True,12,,,,,,,,,,,,,,,,,,,,
3804,2,Family Child Care,False,False,True,True,True,True,True,True,8,,,,,,,,,,,,,,,,,,,,
4719,3,Family Child Care,False,False,True,True,True,True,True,True,8,,,,,,,,,,,,,,,,,,,,
287,1,Family Child Care,False,False,True,True,True,True,True,False,8,,,,,,,,,,,,,,,,,,,,
1301,3,Child Care Center,False,True,False,True,True,True,True,True,77,,,,,,,,,,,,,,,,,,,,
1727,1,Family Child Care,False,False,True,True,True,True,True,True,8,,,,,,,,,,,,,,,,,,,,
3345,2,Family Child Care,False,False,True,True,True,True,True,True,8,,,,,,,,National Association for Family Child Care (NAFCC),,,Accredited Program,,,,,,,,,
5644,3,Family Child Care,False,False,True,True,True,True,True,False,8,,,,,,,,,,,,,,,,,,,,
6439,3,Family Child Care,,,,,,,,,,,,,,,,,,,,,,,,,,,,,
199,5,Large Family Child Care,False,False,True,True,True,True,True,True,12,,,,,,,,National Association for Family Child Care (NAFCC),,,Accredited Program,Asthma & Allergy Friendly,,,,,,,,
1627,3,Family Child Care,False,False,True,True,True,True,True,True,8,,,,,,,,,,,,,,,,,,,,
4320,5,Family Child Care,False,False,True,True,True,True,True,True,8,,,,,,,,National Association for Family Child Care (NAFCC),,,Accredited Program,,,,,,,,,
5200,3,Family Child Care,False,False,True,True,True,True,True,True,8,,,,,,,,,,,,,,,,,,,,
6874,1,Family Child Care,False,False,True,True,True,True,True,False,7,,,,,,,,,,,,,,,,,,,,
5164,1,Family Child Care,False,False,True,True,True,True,True,True,7,,,,,,,,,,,,,,,,,,,,
4903,1,Family Child Care,False,False,True,True,True,True,True,True,8,,,,,,,,,,,,,,,,,,,,
5391,1,Family Child Care,False,False,True,True,True,True,True,False,8,,,,,,,,,,,,,,,,,,,,
5224,1,Family Child Care,False,False,True,True,True,True,True,False,8,,,,,,,,,,,,,,,,,,,,
526,3,Family Child Care,False,False,True,True,True,True,True,True,8,,,,,,,,,,,,,,,,,,,,
5554,2,Family Child Care,False,False,True,True,True,True,True,False,,,,,,,,,,,,,,,,,,,,,
4818,1,Family Child Care,False,False,True,True,True,True,True,False,7,,,,,,,,,,,,,,,,,,,,
2611,1,Family Child Care,False,False,True,True,True,True,True,True,8,,,,,,,,,,,,,,,,,,,,
4665,1,Family Child Care,False,False,True,True,True,True,True,True,8,,,,,,,,,,,,,,,,,,,,
1055,3,Family Child Care,False,False,True,True,True,True,True,True,7,,,,,,,,,,,,,,,,,,,,
5536,2,Family Child Care,False,False,True,True,True,True,True,True,8,,,,,,,,,,,,,,,,,,,,
2624,1,Family Child Care,False,False,True,True,True,True,True,True,8,,,,,,,,,,,,,,,,,,,,
6475,1,Family Child Care,False,False,True,True,True,True,True,True,8,,,,,,,,,,,,,,,,,,,,
6045,4,Child Care Center,True,True,False,True,True,True,True,False,90,,,,,,,,,,,,,,,,,,,,
1708,1,Family Child Care,False,False,True,True,True,True,True,True,7,,,,,,,,,,,,,,,,,,,,
1141,1,Family Child Care,False,False,True,True,True,True,True,True,,,,,,,,,,,,,,,,,,,,,
6853,1,Child Care Center,True,True,False,True,True,True,True,False,85,,,,,,,,,National Association for the Education of Young Children (NAEYC),,Accredited Program,,,,,,,,,
4374,3,Family Child Care,False,False,True,True,True,True,True,True,8,,,,,,,,,,,,,,,,,,,,
733,1,Family Child Care,False,False,True,True,True,True,True,True,8,,,,,,,,,,,,,,,,,,,,
4033,1,Family Child Care,False,False,True,True,True,True,True,True,8,,,,,,,,,,,,,,,,,,,,
5543,1,Family Child Care,False,False,True,True,True,True,True,True,8,,,,,,,,,,,,,,,,,,,,
6311,1,Family Child Care,False,False,True,True,True,True,True,True,8,,,,,,,,,,,,,,,,,,,,
6574,1,Large Family Child Care,False,False,True,True,True,True,True,True,12,,,,,,,,,,,,,,,,,,,,
5032,1,Family Child Care,False,False,True,True,True,True,True,True,8,,,,,,,,,,,,,,,,,,,,
1358,1,Family Child Care,False,False,True,True,True,True,True,True,8,,,,,,,,,,,,,,,,,,,,
3919,1,Family Child Care,False,False,True,True,True,True,True,True,8,,,,,,,,,,,,,,,,,,,,
3961,3,School-Age Only,False,False,False,False,False,False,False,True,52,,,,,,,,,,,,,,,,,,,,
3911,1,Family Child Care,False,False,True,True,True,True,True,True,7,,,,,,,,,,,,,,,,,,,,
1246,1,Family Child Care,False,False,True,True,True,True,True,True,8,,,,,,,,,,,,,,,,,,,,
456,3,Family Child Care,False,False,True,True,True,True,True,False,8,,,,,,,,,,,,,,,,,,,,
3356,2,Family Child Care,False,False,True,True,True,True,True,False,8,,,,,,,,,,,,,,,,,,,,
4287,1,Child Care Center,False,False,False,True,True,True,True,False,61,,,,,,,,,,,,,,,,,,,,
401,3,Child Care Center,False,False,False,True,True,True,True,False,161,,,,,,,,,,,,,,,,,,,,
3133,3,Child Care Center,True,True,False,True,True,True,True,False,104,,,,,,,,,,,,,,,,,,,,
2787,3,Child Care Center,False,False,False,True,True,True,True,True,50,,,,,,,,,,,,,,,,,,,,
2873,3,Child Care Center,True,True,False,True,True,True,True,True,90,,,,,,Maryland Accreditation,,,,,Accredited Program,,,,,,,,,
5321,5,Family Child Care,False,False,True,True,True,True,True,True,8,,,,,,,,National Association for Family Child Care (NAFCC),,,Accredited Program,,,,,,,,,
4031,1,Child Care Center,True,True,False,True,True,True,True,True,26,,,,,,,,,,,,,,,,,,,,
4951,1,Family Child Care,False,False,True,True,True,True,True,False,7,,,,,,,,,,,,,,,,,,,,
3048,1,Child Care Center,True,True,False,True,True,True,True,True,88,,,,,,,,,,,,,,,,,,,,
1822,3,Child Care Center,True,True,False,True,True,True,True,True,73,,,,,,,,,,,,,,,,,,,,
1768,1,Family Child Care,False,False,True,True,True,True,True,True,8,,,,,,,,,,,,,,,,,,,,
977,4,Family Child Care,False,False,True,True,True,True,True,True,8,,,,,,,,,,,,,,,,,,,,
1039,2,School-Age Only,False,False,False,False,False,False,False,True,30,,,,,,,,,,,,,,,,,,,,
983,3,Family Child Care,False,False,True,True,True,True,True,True,8,,,,,,,,,,,,,,,,,,,,
5508,2,Family Child Care,False,False,True,True,True,True,True,True,8,,,,,,,,,,,,,,,,,,,,
2579,1,Family Child Care,False,False,True,True,True,True,True,False,6,,,,,,,,,,,,,,,,,,,,
7031,3,Child Care Center,False,False,False,True,True,True,True,False,73,,,,,,,,,,,,,,,,,,,,
2089,4,Family Child Care,False,False,True,True,True,True,True,True,8,,,,,,,,,,,,,,,,,,,,
2205,3,Family Child Care,False,False,True,True,True,True,True,True,8,,,,,,,,,,,,,,,,,,,,
4168,5,Large Family Child Care,False,False,True,True,True,True,True,True,12,,,,,,,,National Association for Family Child Care (NAFCC),,,Accredited Program,,,,,,,,,
1920,3,Large Family Child Care,False,False,True,True,True,True,True,True,,,,,,,,,,,,,,,,,,,,,
6406,1,Family Child Care,False,False,True,True,True,True,True,True,8,,,,,,,,,,,,,,,,,,,,
1542,5,Public Prekindergarten,,,,,,,,,,,,,,,Maryland Accreditation,,,,,Accredited Program,,,,,,,,,
3807,3,Child Care Center,False,False,False,True,True,True,True,True,72,,,,,,,,,,,,,,,,,,,,
1142,1,Child Care Center,False,False,False,True,True,True,True,False,54,,,,,,,,,,,,,,,,,,,,
390,1,LOC,False,False,False,False,True,True,True,True,58,,,,,,,,,,,,,,,,,,,,
4882,1,Child Care Center,False,False,False,True,True,True,True,False,54,,,,,,,,,,,,,,,,,,,,
534,1,Child Care Center,False,False,False,False,True,True,True,True,72,,,,,,,,,,,,,,,,,,,,
5580,1,LOC,False,False,False,False,False,True,True,True,80,,,,,,,,,,,,,,,,,,,,
5423,3,Child Care Center,True,True,False,True,True,True,True,True,129,,,,,,,,,,,,,,,,,,,,
4646,1,LOC,False,False,False,False,True,True,True,True,62,,,,,,,,,,,,,,,,,,,,
451,5,Child Care Center,False,False,False,False,True,True,True,False,59,,,,,,Maryland Accreditation,,,,,Accredited Program,,,,,,,Military Child Care in Your Neighborhood,,
5626,1,School-Age Only,False,False,False,False,False,True,True,True,40,,,,,,,,,,,,,,,,,,,,
1880,1,LOC,False,False,False,False,False,True,True,True,50,,,,,,,,,,,,,,,,,,,,
1276,5,Child Care Center,False,False,False,True,True,True,True,True,166,,,,,Cognia Early Learning Accreditation,,,,,,Accredited Program,,,,,,,,,
2887,1,LOC,False,False,False,False,False,True,True,True,106,,,,,,,,,,,,,,,,,,,,
4499,3,Child Care Center,True,True,False,True,True,True,True,False,80,,,,,,,,,,,,,,,,,,Military Child Care in Your Neighborhood,,
4622,5,Public Prekindergarten,,,,,,,,,,,,,,,Maryland Accreditation,,,,,Accredited Program,,,,,,,,,
4770,3,Child Care Center,True,True,False,True,True,True,True,True,41,,,,,,,,,,,,,,,,,,,,
6359,5,Public Prekindergarten,,,,,,,,,,,,,,,Maryland Accreditation,,,,,Accredited Program,,,,,,,,,
3985,1,Child Care Center,False,False,False,True,True,True,True,False,61,,,,,,,,,,,,,,,,,,,,
3264,2,Child Care Center,True,True,False,True,True,True,True,False,46,,,,,,,,,,,,,,,,,,,,
336,1,Family Child Care,False,False,True,True,True,True,True,True,8,,,,,,,,,,,,,,,,,,,,
585,5,Public Prekindergarten,,,,,,,,,,,,,,,Maryland Accreditation,,,,,Accredited Program,,,,,,,,,
1111,1,Child Care Center,True,True,False,True,True,True,True,True,,,,,,,,,,,,,,,,,,,,,
7098,1,Family Child Care,False,False,True,True,True,True,True,True,8,,,,,,,,,,,,,,,,,,,,
7058,2,Family Child Care,False,False,True,True,True,True,True,True,8,,,,,,,,,,,,,,,,,,,,
3038,1,Large Family Child Care,False,False,True,True,True,True,True,True,12,,,,,,,,,,,,,,,,,,,,
3917,1,Large Family Child Care,False,False,True,True,True,True,True,True,12,,,,,,,,,,,,,,,,,,,,
1277,1,Family Child Care,False,False,True,True,True,True,True,False,8,,,,,,,,,,,,,,,,,,,,
4359,1,Child Care Center,False,False,False,True,True,True,True,True,32,,,,,,,,,,,,,,,,,,,,
6099,5,Child Care Center,False,True,False,True,True,True,True,True,155,,,,,,Maryland Accreditation,,,,,Accredited Program,,,,,,,,,
2008,2,Child Care Center,False,False,False,True,True,True,True,False,26,,,,,,,,,,,,,,,,,,,,
833,5,Public Prekindergarten,,,,,,,,,,,,,,,Maryland Accreditation,,,,,Accredited Program,,,,,,,,,
2252,2,Family Child Care,False,False,True,True,True,True,True,True,8,,,,,,,,,,,,,,,,,,,,
4568,1,Family Child Care,False,False,True,True,True,True,True,True,4,,,,,,,,,,,,,,,,,,,,
3138,3,Large Family Child Care,False,False,True,True,True,True,True,True,12,,,,,,,,,,,,,,,,,,,,
3414,1,Large Family Child Care,False,False,True,True,True,True,True,False,12,,,,,,,,,,,,,,,,,,,,
1290,1,LOC,False,False,False,True,True,True,True,False,151,,,,,,,,,,,,,,,,,,,,
2358,1,Child Care Center,False,True,False,True,True,True,True,False,122,,,,,,,,,,,,,,,,,,,,
798,2,Child Care Center,True,True,False,True,True,True,True,True,82,,,,,,,,,,,,,,,,,,,,
2932,3,Family Child Care,False,False,True,True,True,True,True,False,8,,,,,,,,,,,,,,,,,,,,
5980,5,Family Child Care,False,False,True,True,True,True,True,True,8,,,,,,,,National Association for Family Child Care (NAFCC),,,Accredited Program,,,,,,,,,
5009,1,Large Family Child Care,False,False,True,True,True,True,True,True,12,,,,,,,,,,,,,,,,,,,,
5655,1,School-Age Only,False,False,False,False,False,False,False,True,15,,,,,,,,,,,,,,,,,,,,
6594,5,Child Care Center,True,True,False,True,True,True,True,True,173,,,,,,Maryland Accreditation,,,,,Accredited Program,Asthma & Allergy Friendly,,,,,,,,
399,1,Child Care Center,False,False,False,True,True,True,True,False,100,,,,,,,,,,,,,,,,,,,,
5286,2,Child Care Center,True,True,False,True,True,True,True,False,219,,American Montessori Society (AMS),,,,,,,,,Accredited Program,,,,,,,,,
1274,3,Child Care Center,True,True,False,True,True,True,True,True,135,,,,,,,,,,,,,,,,,,,,
2694,5,Child Care Center,True,True,False,True,True,True,True,True,121,,,,,,,,,National Association for the Education of Young Children (NAEYC),,Accredited Program,,,,,,,,,
2876,5,Child Care Center,True,True,False,True,True,True,True,True,118,,,,,,,,,,,,,,,,,,,,
2175,3,Child Care Center,True,True,False,True,True,True,True,False,162,,,,,,,,,,,,,,,,,,,,
2505,4,Child Care Center,True,True,False,True,True,True,True,True,116,,,,,,,,,,,,,,,,,,,,
938,2,Child Care Center,True,True,False,True,True,True,True,True,126,,,,,,,,,,,,,,,,,,,,
6390,5,Child Care Center,True,True,False,True,True,True,True,True,144,,,,,,Maryland Accreditation,,,,,Accredited Program,,,,,,,,,
2510,5,Child Care Center,True,True,False,True,True,True,True,True,203,,,,,,,,,National Association for the Education of Young Children (NAEYC),,Accredited Program,,,,,,,,,
1559,5,Child Care Center,True,True,False,True,True,True,True,True,249,,,,,,,Middle States Association of Colleges and Schools Commission on Elementary and Secondary Schools (MSA-CESS),,,,Accredited Program,,,,,,,,,
2784,5,Child Care Center,True,True,False,True,True,True,True,True,225,,,,,Cognia Early Learning Accreditation,,,,,,Accredited Program,,,,,,,,,
6226,3,Child Care Center,True,True,False,True,True,True,True,False,153,,,,,,Maryland Accreditation,,,,,Accredited Program,,,,,,,,,
3165,5,Child Care Center,True,True,False,True,True,True,True,False,222,,,,,,,,,,,,,,,,,,,,
6823,5,Child Care Center,True,True,False,True,True,True,True,False,222,,,,,,,,,National Association for the Education of Young Children (NAEYC),,Accredited Program,,,,,,,,,
836,5,Child Care Center,True,True,False,True,True,True,True,True,325,,,,,,,,,National Association for the Education of Young Children (NAEYC),,Accredited Program,,,,,,,,,
4643,3,Child Care Center,False,False,False,True,True,True,True,False,43,,,,Association of Independent Maryland Schools (AIMS),,,,,,,Accredited Program,,,,,,,,,
5014,1,Child Care Center,True,True,False,True,True,True,True,False,30,,,,,,,,,,,,,,,,,,,,
2475,3,Child Care Center,True,True,False,True,True,True,True,True,58,,,,,,,,,,,,,,,,,,,Quality Business Practices,
2959,5,Child Care Center,False,False,False,False,True,True,True,False,24,,,,,,,,,National Association for the Education of Young Children (NAEYC),,Accredited Program,,,,,,,,,
2794,3,Child Care Center,False,True,False,True,True,True,True,True,69,,,,,,,,,,,,,,,,,,,,
5535,3,Child Care Center,False,True,False,True,True,True,True,True,56,,,,,,,,,,,,,,,,,,,,
1599,4,Child Care Center,True,True,False,True,True,True,True,True,41,,,,,,,,,,,,,,,,,,,,
5870,1,Family Child Care,False,False,True,True,True,True,True,False,7,,,,,,,,,,,,,,,,,,,,
1196,3,Family Child Care,,,,,,,,,,,,,,,,,,,,,,,,,,,,,
6034,5,Family Child Care,False,False,True,True,True,True,True,True,8,,,,,,,,National Association for Family Child Care (NAFCC),,,Accredited Program,,,,,,,,,
1594,1,Family Child Care,False,False,True,True,True,True,True,True,8,,,,,,,,,,,,,,,,,,,,
5532,1,Family Child Care,False,False,True,True,True,True,True,True,8,,,,,,,,,,,,,,,,,,,,
5738,3,Family Child Care,False,False,True,True,True,True,True,True,8,,,,,,,,,,,,,,,,,,,,
3677,5,Child Care Center,True,True,False,True,True,True,True,False,103,,,,,,Maryland Accreditation,,,,,Accredited Program,Asthma & Allergy Friendly,,,,,,Military Child Care in Your Neighborhood,,
5425,3,Family Child Care,False,False,True,True,True,True,True,True,7,,,,,,,,,,,,,,,,,,,,
5552,3,Large Family Child Care,False,False,False,True,True,True,True,False,12,,,,,,,,,,,,,,,,,,,,
1483,4,Child Care Center,True,True,False,True,True,True,True,True,93,,,,,,,,,,,,Asthma & Allergy Friendly,,,,,,,,
936,3,Family Child Care,False,False,True,True,True,True,True,True,,,,,,,,,,,,,,,,,,,,,
6068,1,Family Child Care,False,False,True,True,True,True,True,True,8,,,,,,,,,,,,,,,,,,,,
1496,5,Public Prekindergarten,,,,,,,,,,,,,,,Maryland Accreditation,,,,,Accredited Program,,,,,,,,,
630,1,Child Care Center,True,True,False,True,True,True,True,False,77,,,,,,,,,,,,,,,,,,,,
702,5,Family Child Care,False,False,True,True,True,True,True,True,,,,,,,,,National Association for Family Child Care (NAFCC),,,Accredited Program,,,,,,,,,
6180,5,Family Child Care,False,False,True,True,True,True,True,True,8,,,,,,,,National Association for Family Child Care (NAFCC),,,Accredited Program,,,,,,,,,
2922,5,Public Prekindergarten,,,,,,,,,,,,,,,Maryland Accreditation,,,,,Accredited Program,,,,,,,,,
1991,1,Family Child Care,False,False,True,True,True,True,True,False,8,,,,,,,,,,,,,,,,,,,,
5209,4,Family Child Care,False,False,True,True,True,True,True,True,8,,,,,,,,,,,,,,,,,,,,
3564,3,Large Family Child Care,False,False,True,True,True,True,True,True,12,,,,,,,,,,,,,,,,,,,,
4317,2,Family Child Care,False,False,True,True,True,True,True,True,8,,,,,,,,,,,,,,,,,,,,
145,1,Large Family Child Care,False,False,True,True,True,True,True,True,12,,,,,,,,,,,,,,,,,,,,
3068,2,Family Child Care,False,False,True,True,True,True,True,True,8,,,,,,,,,,,,,,,,,,,,
4094,4,Family Child Care,False,False,True,True,True,True,True,True,8,,,,,,,,,,,,,,,,,,,,
3703,1,Family Child Care,False,False,True,True,True,True,True,False,7,,,,,,,,,,,,,,,,,,,,
3788,5,Public Prekindergarten,,,,,,,,,,,,,,,Maryland Accreditation,,,,,Accredited Program,,,,,,,,,
2042,3,Child Care Center,True,True,False,True,True,True,True,True,147,,,,,,,,,,,,,,,,,,,,
1905,1,Family Child Care,False,False,True,True,True,True,True,False,6,,,,,,,,,,,,,,,,,,,,
732,1,Family Child Care,False,False,True,True,True,True,True,False,8,,,,,,,,,,,,,,,,,,,,
4564,3,Family Child Care,False,False,False,True,True,True,True,True,8,,,,,,,,,,,,,,,,,,,,
622,1,Family Child Care,False,False,True,True,True,True,True,True,8,,,,,,,,,,,,,,,,,,,,
1967,1,Large Family Child Care,False,False,True,True,True,True,True,False,12,,,,,,,,,,,,,,,,,,,,
6110,1,Family Child Care,False,False,True,True,True,True,True,True,6,,,,,,,,,,,,,,,,,,,,
3744,4,Public Prekindergarten,,,,,,,,,,,,,,,Maryland Accreditation,,,,,Accredited Program,,,,,,,,,
5504,3,Child Care Center,True,True,False,True,True,True,True,True,61,,,,,,,,,,,,,,,,,,,,
264,3,Child Care Center,True,True,False,True,True,True,True,False,89,,,,,,,,,,,,,,,,,,,,
610,3,Family Child Care,False,False,True,True,True,True,True,True,8,,,,,,,,,,,,,,,,,,,,
7003,5,Public Prekindergarten,,,,,,,,,,,,,,,Maryland Accreditation,,,,,Accredited Program,,,,,,,,,
1664,1,Family Child Care,False,False,True,True,True,True,True,False,8,,,,,,,,,,,,,,,,,,,,
6638,5,Public Prekindergarten,,,,,,,,,,,,,,,Maryland Accreditation,,,,,Accredited Program,,,,,,,,,
6306,2,Family Child Care,False,False,True,True,True,True,True,True,7,,,,,,,,,,,,,,,,,,,Quality Business Practices,
2508,1,Family Child Care,False,False,True,True,True,True,True,True,8,,,,,,,,,,,,,,,,,,,,
5422,1,Family Child Care,False,False,True,True,True,True,True,True,8,,,,,,,,,,,,,,,,,,,,
2948,5,Public Prekindergarten,,,,,,,,,,,,,,,Maryland Accreditation,,,,,Accredited Program,,,,,,,,,
712,5,Child Care Center,True,True,False,True,True,True,True,True,168,,American Montessori Society (AMS),,,,,,,,,,,,,,,,,,
2803,5,Child Care Center,True,True,False,True,True,True,True,True,161,,,,,,,,,National Association for the Education of Young Children (NAEYC),,Accredited Program,,,,,,,,,
6950,5,Child Care Center,True,True,False,True,True,True,True,True,157,,,,,,Maryland Accreditation,,,,,Accredited Program,,,,,,,,,
5657,5,Public Prekindergarten,,,,,,,,,,,,,,,Maryland Accreditation,,,,,Accredited Program,,,,,,,,,
239,1,Family Child Care,False,False,True,True,True,True,True,True,,,,,,,,,,,,,,,,,,,,,
2245,1,Child Care Center,True,True,False,True,True,True,True,True,42,,,,,,,,,,,,,,,,,,,,
143,2,Family Child Care,False,False,True,True,True,True,True,True,7,,,,,,,,,,,,,,,,,,,,
6454,2,School-Age Only,False,False,False,False,False,False,False,True,127,,,,,,,,,,,,,,,,,,,,
1678,5,Child Care Center,True,True,False,True,True,True,True,True,71,,,,,,,,,National Association for the Education of Young Children (NAEYC),,Accredited Program,,,,,,,,,
547,5,Child Care Center,True,True,False,True,True,True,True,False,42,,,,,,,,,National Association for the Education of Young Children (NAEYC),,Accredited Program,,,,,,,,,
4011,1,School-Age Only,False,False,False,False,False,True,True,True,60,,,,,,,,,,,,,,,,,,,,
2460,3,School-Age Only,False,False,False,False,False,False,False,True,75,,,,,,,,,,,,,,,,,,,,
3003,1,Child Care Center,False,True,False,True,True,True,True,True,66,,,,,,,,,,,,,,,,,,,,
2731,1,Family Child Care,False,False,False,True,True,True,True,True,8,,,,,,,,,,,,,,,,,,,,
778,1,Large Family Child Care,False,False,False,True,True,True,True,True,12,,,,,,,,,,,,,,,,,,,,
4032,1,Family Child Care,False,False,True,True,True,True,True,True,8,,,,,,,,,,,,,,,,,,,,
2182,1,Family Child Care,False,False,True,True,True,True,True,True,,,,,,,,,,,,,,,,,,,,,
5600,1,Child Care Center,False,False,False,True,True,True,True,True,242,,,,,,,,,,,,,,,,,,,,
2268,3,School-Age Only,False,False,False,False,False,False,False,True,40,,,,,,,,,,,,,,,,,,,,
3916,3,Child Care Center,False,True,False,True,True,True,True,True,153,,,,,,,,,,,,,,,,,,,,
3944,1,Family Child Care,False,False,True,True,True,True,True,False,7,,,,,,,,,,,,,,,,,,,,
4584,3,LOC,False,False,False,True,True,True,True,True,116,,,,,,,,,,,,,,,,,,,,
6579,3,Family Child Care,False,False,True,True,True,True,True,True,8,,,,,,,,,,,,,,,,,,,,
4471,1,Family Child Care,False,False,True,True,True,True,True,False,7,,,,,,,,,,,,,,,,,,,,
5359,3,Family Child Care,False,False,True,True,True,True,True,True,8,,,,,,,,,,,,,,,,,,,,
562,2,Family Child Care,False,False,True,True,True,True,True,True,8,,,,,,,,,,,,,,,,,,,,
6841,1,Family Child Care,False,False,True,True,True,True,True,True,8,,,,,,,,,,,,,,,,,,,,
2298,1,Family Child Care,False,False,True,True,True,True,True,True,8,,,,,,,,,,,,,,,,,,,,
1183,2,Family Child Care,False,False,True,True,True,True,True,True,8,,,,,,,,,,,,,,,,,,,,
2744,3,Family Child Care,False,False,True,True,True,True,True,False,7,,,,,,,,,,,,,,,,,,,,
4809,1,Family Child Care,False,False,True,True,True,True,True,True,8,,,,,,,,,,,,,,,,,,,,
6586,3,Family Child Care,False,False,True,True,True,True,True,True,6,,,,,,,,,,,,,,,,,,,,
4596,1,Family Child Care,False,False,True,True,True,True,True,False,8,,,,,,,,,,,,,,,,,,,,
6395,1,Child Care Center,True,True,False,True,True,True,True,True,12,,,,,,,,,,,,,,,,,,,,
2063,1,Child Care Center,False,False,False,True,True,True,True,True,25,,,,,,,,,,,,,,,,,,,,
2701,1,Child Care Center,True,True,False,True,True,True,True,True,12,,,,,,,,,,,,,,,,,,,,
5692,4,School-Age Only,False,False,False,False,True,True,True,True,21,,,,,,,,,,,,,,,,,,,,
3292,1,School-Age Only,False,False,False,False,False,False,False,True,15,,,,,,,,,,,,,,,,,,,,
6460,1,Child Care Center,True,True,False,True,True,True,True,True,30,,,,,,,,,,,,,,,,,,,,
5252,1,Child Care Center,False,True,False,True,True,True,True,True,93,,,,,,,,,,,,,,,,,,,,
2342,3,Child Care Center,True,True,False,True,True,True,True,False,41,,,,,,,,,,,,,,,,,,,,
4821,5,Public Prekindergarten,,,,,,,,,,,,,,,Maryland Accreditation,,,,,Accredited Program,,,,,,,,,
6292,1,Family Child Care,False,False,True,True,True,True,True,True,8,,,,,,,,,,,,,,,,,,,,
3097,1,Child Care Center,True,True,False,True,True,True,True,True,9,,,,,,,,,,,,,,,,,,,,
4634,3,Family Child Care,False,False,True,True,True,True,True,True,8,,,,,,,,,,,,,,,,,,,,
898,1,Child Care Center,True,True,False,True,True,True,True,True,87,,,,,,,,,,,,,,,,,,,,
4172,3,Family Child Care,False,False,True,True,True,True,True,True,8,,,,,,,,,,,,,,,,,,,,
1078,1,Family Child Care,False,False,True,True,True,True,True,True,8,,,,,,,,,,,,,,,,,,,,
4370,3,Child Care Center,False,True,False,True,True,True,True,False,86,,,,,,,,,,,,,,,,,,,,
6322,2,Family Child Care,False,False,True,True,True,True,True,True,7,,,,,,,,,,,,,,,,,,,,
1063,3,Family Child Care,False,False,True,True,True,True,True,True,5,,,,,,,,,,,,,,,,,,,,
4212,3,Family Child Care,False,False,True,True,True,True,True,True,7,,,,,,,,,,,,,,,,,,,,
4238,3,Family Child Care,False,False,True,True,True,True,True,True,8,,,,,,,,,,,,,,,,,,,,
4247,4,Public Prekindergarten,,,,,,,,,,,,,,,Maryland Accreditation,,,,,Accredited Program,,,,,,,,,
1252,3,Family Child Care,False,False,True,True,True,True,True,True,8,,,,,,,,,,,,,,,,,,,,
4264,2,School-Age Only,False,False,False,False,False,False,False,True,53,,,,,,,,,,,,,,,,,,,,
2978,2,School-Age Only,False,False,False,False,False,True,True,True,30,,,,,,,,,,,,,,,,,,,,
1842,2,School-Age Only,False,False,False,False,False,False,False,True,30,,,,,,,,,,,,,,,,,,,,
4591,2,School-Age Only,False,False,False,False,False,True,True,True,30,,,,,,,,,,,,,,,,,,,,
4811,2,School-Age Only,False,False,False,False,False,False,False,True,30,,,,,,,,,,,,,,,,,,,,
3016,2,School-Age Only,False,False,False,False,False,False,False,True,30,,,,,,,,,,,,,,,,,,,,
5862,2,School-Age Only,False,False,False,False,False,False,False,True,,,,,,,,,,,,,,,,,,,,,
3742,2,School-Age Only,False,False,False,False,False,False,False,True,30,,,,,,,,,,,,,,,,,,,,
1073,2,School-Age Only,False,False,False,False,False,False,False,True,30,,,,,,,,,,,,,,,,,,,,
5995,2,School-Age Only,False,False,False,False,False,False,False,True,45,,,,,,,,,,,,,,,,,,,,
2384,2,School-Age Only,False,False,False,False,False,False,False,True,30,,,,,,,,,,,,,,,,,,,,
2116,2,School-Age Only,False,False,False,False,False,False,False,True,30,,,,,,,,,,,,,,,,,,,,
4327,2,School-Age Only,False,False,False,False,False,False,False,True,60,,,,,,,,,,,,,,,,,,,,
5648,2,School-Age Only,False,False,False,False,False,False,False,True,60,,,,,,,,,,,,,,,,,,,,
6691,2,School-Age Only,False,False,False,False,False,False,False,True,60,,,,,,,,,,,,,,,,,,,,
5829,2,School-Age Only,False,False,False,False,False,True,True,True,30,,,,,,,,,,,,,,,,,,,,
208,1,School-Age Only,False,False,False,False,False,False,False,True,30,,,,,,,,,,,,,,,,,,,,
5364,1,School-Age Only,False,False,False,False,False,True,True,True,30,,,,,,,,,,,,,,,,,,,,
6697,1,School-Age Only,False,False,False,False,False,False,False,True,60,,,,,,,,,,,,,,,,,,,,
1904,2,School-Age Only,False,False,False,False,False,True,True,True,30,,,,,,,,,,,,,,,,,,,,
329,1,School-Age Only,False,False,False,False,False,False,False,True,30,,,,,,,,,,,,,,,,,,,,
4298,2,School-Age Only,False,False,False,False,False,False,False,True,30,,,,,,,,,,,,,,,,,,,,
6198,1,School-Age Only,False,False,False,False,False,False,False,True,75,,,,,,,,,,,,,,,,,,,,
1545,2,School-Age Only,False,False,False,False,False,False,False,True,60,,,,,,,,,,,,,,,,,,,,
5722,2,School-Age Only,False,False,False,False,False,False,False,True,45,,,,,,,,,,,,,,,,,,,,
3463,2,School-Age Only,False,False,False,False,False,True,True,True,30,,,,,,,,,,,,,,,,,,,,
1443,2,School-Age Only,False,False,False,False,False,True,True,True,60,,,,,,,,,,,,,,,,,,,,
3948,2,School-Age Only,False,False,False,False,False,True,True,True,30,,,,,,,,,,,,,,,,,,,,
6578,2,School-Age Only,False,False,False,False,False,False,False,True,30,,,,,,,,,,,,,,,,,,,,
3128,2,School-Age Only,False,False,False,False,False,False,False,True,45,,,,,,,,,,,,,,,,,,,,
3446,2,School-Age Only,False,False,False,False,False,False,False,True,30,,,,,,,,,,,,,,,,,,,,
210,2,School-Age Only,,,,,,,,,,,,,,,,,,,,,,,,,,,,,
171,2,School-Age Only,False,False,False,False,False,False,False,True,30,,,,,,,,,,,,,,,,,,,,
3682,2,School-Age Only,False,False,False,False,False,False,False,True,30,,,,,,,,,,,,,,,,,,,,
1984,2,School-Age Only,False,False,False,False,False,False,False,True,30,,,,,,,,,,,,,,,,,,,,
1788,2,School-Age Only,False,False,False,False,False,True,True,True,30,,,,,,,,,,,,,,,,,,,,
2790,1,School-Age Only,False,False,False,False,False,False,False,True,,,,,,,,,,,,,,,,,,,,,
3274,2,School-Age Only,False,False,False,False,False,True,True,True,30,,,,,,,,,,,,,,,,,,,,
2671,2,School-Age Only,False,False,False,False,False,False,False,True,30,,,,,,,,,,,,,,,,,,,,
5926,2,School-Age Only,False,False,False,False,False,False,False,True,30,,,,,,,,,,,,,,,,,,,,
1275,1,Child Care Center,,,,,,,,,,,,,,,,,,,,,,,,,,,,,
662,2,School-Age Only,False,False,False,False,False,False,False,True,30,,,,,,,,,,,,,,,,,,,,
4753,1,Family Child Care,False,False,True,True,True,True,True,True,8,,,,,,,,,,,,,,,,,,,,
2309,3,Family Child Care,False,False,True,True,True,True,True,True,8,,,,,,,,,,,,,,,,,,,,
6378,5,Public Prekindergarten,,,,,,,,,,,,,,,Maryland Accreditation,,,,,Accredited Program,,,,,,,,,
684,1,Family Child Care,False,False,True,True,True,True,True,True,8,,,,,,,,,,,,,,,,,,,,
4730,1,Large Family Child Care,False,False,True,True,True,True,True,True,12,,,,,,,,,,,,,,,,,,,,
2811,2,Family Child Care,False,False,True,True,True,True,True,True,8,,,,,,,,,,,,,,,,,,,,
3424,1,Family Child Care,False,False,True,True,True,True,True,True,8,,,,,,,,,,,,,,,,,,,,
5806,3,Family Child Care,False,False,True,True,True,True,True,True,8,,,,,,,,,,,,,,,,,,,,
3931,1,Family Child Care,False,False,True,True,True,True,True,True,8,,,,,,,,,,,,,,,,,,,,
4348,1,Family Child Care,False,False,True,True,True,True,True,True,8,,,,,,,,,,,,,,,,,,,,
3390,4,Family Child Care,False,False,True,True,True,True,True,True,8,,,,,,,,,,,,,,,,,,,,
182,1,Family Child Care,False,False,True,True,True,True,True,True,8,,,,,,,,,,,,,,,,,,,,
4189,2,Family Child Care,False,False,True,True,True,True,True,True,7,,,,,,,,,,,,,,,,,,,,
7090,1,Large Family Child Care,False,False,True,True,True,True,True,True,12,,,,,,,,,,,,,,,,,,,,
2753,1,Family Child Care,False,False,True,True,True,True,True,True,8,,,,,,,,,,,,,,,,,,,,
293,1,Child Care Center,False,False,False,True,True,True,True,True,92,,,,,,,,,,,,,,,,,,,,
5927,1,Family Child Care,False,False,True,True,True,True,True,False,6,,,,,,,,,,,,,,,,,,,,
725,3,Child Care Center,True,True,False,True,True,True,True,True,135,,,,,,,,,,,,,,,,,,,,
148,5,Public Prekindergarten,,,,,,,,,,,,,,,Maryland Accreditation,,,,,Accredited Program,,,,,,,,,
1819,1,Child Care Center,True,True,False,True,True,True,True,False,43,,,,,,,,,,,,,,,,,,,,
4549,3,Family Child Care,False,False,True,True,True,True,True,True,8,,,,,,,,,,,,,,,,,,,,
2393,4,Child Care Center,False,False,False,True,True,True,True,True,47,,,,,,,,,,,,,,,,,,Military Child Care in Your Neighborhood,,
6160,4,Public Prekindergarten,,,,,,,,,,,,,,,Maryland Accreditation,,,,,Accredited Program,,,,,,,,,
6419,1,Large Family Child Care,False,False,False,True,True,True,True,True,11,,,,,,,,,,,,,,,,,,,,
1726,1,Family Child Care,False,False,True,True,True,True,True,True,8,,,,,,,,,,,,,,,,,,,,
6140,4,Public Prekindergarten,,,,,,,,,,,,,,,Maryland Accreditation,,,,,Accredited Program,,,,,,,,,
5403,3,Family Child Care,False,False,True,True,True,True,True,True,8,,,,,,,,,,,,,,,,,,,,
686,3,Family Child Care,False,False,True,True,True,True,True,True,8,,,,,,,,,,,,,,,,,,,,
3296,1,Family Child Care,False,False,True,True,True,True,True,True,8,,,,,,,,,,,,,,,,,,,,
670,4,Family Child Care,False,False,True,True,True,True,True,True,8,,,,,,,,,,,,,,,,,,,,
5775,5,Public Prekindergarten,,,,,,,,,,,,,,,Maryland Accreditation,,,,,Accredited Program,,,,,,,,,
6848,3,Family Child Care,False,False,True,True,True,True,True,True,8,,,,,,,,,,,,,,,,,,,,
2020,1,Family Child Care,False,False,True,True,True,True,True,True,6,,,,,,,,,,,,,,,,,,,,
174,1,Family Child Care,False,False,True,True,True,True,True,True,8,,,,,,,,,,,,,,,,,,,,
3779,1,Family Child Care,False,False,True,True,True,True,True,True,8,,,,,,,,,,,,,,,,,,,,
5109,2,Child Care Center,True,True,False,True,True,True,True,True,26,,,,,,,,,,,,,,,,,,,,
6972,1,Child Care Center,True,True,False,True,True,True,True,True,103,,,,,,,,,,,,,,,,,,,,
3290,1,School-Age Only,False,False,False,False,False,True,True,True,30,,,,,,,,,,,,,,,,,,,,
6827,4,Public Prekindergarten,,,,,,,,,,,,,,,Maryland Accreditation,,,,,Accredited Program,,,,,,,,,
6940,4,Public Prekindergarten,,,,,,,,,,,,,,,Maryland Accreditation,,,,,Accredited Program,,,,,,,,,
2553,4,Family Child Care,False,False,True,True,True,True,True,True,8,,,,,,,,,,,,,,,,,,,,
6405,1,Family Child Care,False,False,True,True,True,True,True,True,8,,,,,,,,,,,,,,,,,,,,
4141,5,Public Prekindergarten,,,,,,,,,,,,,,,Maryland Accreditation,,,,,Accredited Program,,,,,,,,,
350,5,Public Prekindergarten,,,,,,,,,,,,,,,Maryland Accreditation,,,,,Accredited Program,,,,,,,,,
3878,1,Family Child Care,False,False,True,True,True,True,True,True,7,,,,,,,,,,,,,,,,,,,,
841,5,Public Prekindergarten,,,,,,,,,,,,,,,Maryland Accreditation,,,,,Accredited Program,,,,,,,,,
3337,1,Child Care Center,False,False,False,True,True,True,True,False,20,,,,,,,,,,,,,,,,,,,,
3528,1,School-Age Only,False,False,False,False,False,False,False,True,60,,,,,,,,,,,,,,,,,,,,
5594,1,Large Family Child Care,False,False,True,True,True,True,True,True,12,,,,,,,,,,,,,,,,,,,,
2390,1,Family Child Care,False,False,True,True,True,True,True,True,8,,,,,,,,,,,,,,,,,,,,
1717,1,Family Child Care,False,False,True,True,True,True,True,True,8,,,,,,,,,,,,,,,,,,,,
2213,3,Family Child Care,False,False,True,True,True,True,True,True,8,,,,,,,,,,,,,,,,,,,,
560,3,Family Child Care,False,False,True,True,True,True,True,True,8,,,,,,,,,,,,,,,,,,,,
6833,5,Public Prekindergarten,,,,,,,,,,,,,,,Maryland Accreditation,,,,,Accredited Program,,,,,,,,,
2832,2,Child Care Center,True,True,False,True,True,True,True,False,48,,,,,,,,,,,,,,,,,,,,
1211,3,Child Care Center,True,True,False,True,True,True,True,True,56,,,,,,,,,,,,,,,,,,,,
800,3,Child Care Center,True,True,False,True,True,True,True,True,,,,,,,,,,,,,,,,,,,,,
5221,1,Family Child Care,False,False,True,True,True,True,True,False,7,,,,,,,,,,,,,,,,,,,,
2236,1,Child Care Center,False,False,False,True,True,True,True,True,35,,,,,,,,,,,,,,,,,,,,
6777,5,Public Prekindergarten,,,,,,,,,,,,,,,Maryland Accreditation,,,,,Accredited Program,,,,,,,,,
3276,1,Family Child Care,False,False,True,True,True,True,True,True,8,,,,,,,,,,,,,,,,,,,,
731,4,Family Child Care,False,False,True,True,True,True,True,True,8,,,,,,,,,,,,,,,,,,,Quality Business Practices,
5382,3,Family Child Care,False,False,True,True,True,True,True,True,8,,,,,,,,,,,,,,,,,,,,
4553,1,Family Child Care,False,False,True,True,True,True,True,False,8,,,,,,,,,,,,,,,,,,,,
3503,4,Family Child Care,False,False,True,True,True,True,True,True,8,,,,,,,,,,,,,,,,,,,,
5261,1,Family Child Care,False,False,True,True,True,True,True,True,8,,,,,,,,,,,,,,,,,,,,
3224,3,Child Care Center,True,True,False,True,True,True,True,True,12,,,,,,,,,,,,,,,,,,,,
3263,1,Child Care Center,True,True,False,True,True,True,True,True,111,,,,,,,,,,,,,,,,,,,,
3675,1,Child Care Center,True,True,False,True,True,True,True,False,6,,,,,,,,,,,,,,,,,,,,
3654,1,Family Child Care,False,False,True,True,True,True,True,True,8,,,,,,,,,,,,,,,,,,,,
7011,5,Public Prekindergarten,,,,,,,,,,,,,,,Maryland Accreditation,,,,,Accredited Program,,,,,,,,,
755,3,Family Child Care,False,False,True,True,True,True,True,True,8,,,,,,,,,,,,,,,,,,,,
144,1,Family Child Care,False,False,True,True,True,True,True,True,7,,,,,,,,,,,,,,,,,,,,
2088,2,Child Care Center,True,True,False,True,True,True,True,True,12,,,,,,,,,,,,,,,,,,,,
3622,4,Public Prekindergarten,,,,,,,,,,,,,,,Maryland Accreditation,,,,,Accredited Program,,,,,,,,,
1994,3,Family Child Care,False,False,True,True,True,True,True,True,8,,,,,,,,,,,,,,,,,,,,
2714,1,Family Child Care,False,False,True,True,True,True,True,True,8,,,,,,,,,,,,,,,,,,,,
5742,1,Family Child Care,False,False,True,True,True,True,True,True,8,,,,,,,,,,,,,,,,,,,,
4040,4,Public Prekindergarten,,,,,,,,,,,,,,,Maryland Accreditation,,,,,Accredited Program,,,,,,,,,
4562,5,Public Prekindergarten,,,,,,,,,,,,,,,Maryland Accreditation,,,,,Accredited Program,,,,,,,,,
2652,3,Family Child Care,False,False,True,True,True,True,True,True,8,,,,,,,,,,,,,,,,,,,,
6354,4,Public Prekindergarten,,,,,,,,,,,,,,,Maryland Accreditation,,,,,Accredited Program,,,,,,,,,
5812,1,Family Child Care,False,False,True,True,True,True,True,True,8,,,,,,,,,,,,,,,,,,,,
2517,2,Child Care Center,True,True,False,True,True,True,True,True,51,,,,,,,,,,,,,,,,,,,,
4961,1,Family Child Care,False,False,True,True,True,True,True,True,8,,,,,,,,,,,,,,,,,,,,
2603,5,Public Prekindergarten,,,,,,,,,,,,,,,Maryland Accreditation,,,,,Accredited Program,,,,,,,,,
2609,2,Family Child Care,False,False,True,True,True,True,True,True,8,,,,,,,,,,,,,,,,,,,,
2181,4,Family Child Care,False,False,True,True,True,True,True,True,8,,,,,,,,,,,,,,,,,,,,
4385,1,Family Child Care,False,False,True,True,True,True,True,True,,,,,,,,,,,,,,,,,,,,,
1265,3,Child Care Center,True,True,False,True,True,True,True,True,123,,,,,,,,,,,,,,,,,,,,
294,1,Child Care Center,True,True,False,True,True,True,True,True,149,,,,,,,,,,,,,,,,,,,,
3646,1,Child Care Center,True,True,False,True,True,True,True,True,126,,,,,,,,,,,,,,,,,,,,
2375,1,Family Child Care,False,False,True,True,True,True,True,True,7,,,,,,,,,,,,,,,,,,,,
4440,5,Child Care Center,False,False,False,True,True,True,True,True,124,,,,,,,,,National Association for the Education of Young Children (NAEYC),,Accredited Program,,Cultural and Linguistic Competency,Eco-Friendly Program,,Health and Wellness,,,,
1115,1,Family Child Care,False,False,True,True,True,True,True,True,8,,,,,,,,,,,,,,,,,,,,
5213,5,Family Child Care,False,False,True,True,True,True,True,True,8,,,,,,,,National Association for Family Child Care (NAFCC),,,Accredited Program,,,,,,,,,
978,1,Family Child Care,False,False,True,True,True,True,True,True,8,,,,,,,,,,,,,,,,,,,,
1515,5,Public Prekindergarten,,,,,,,,,,,,,,,Maryland Accreditation,,,,,Accredited Program,,,,,,,,,
4285,1,Family Child Care,False,False,True,True,True,True,True,True,8,,,,,,,,,,,,,,,,,,,,
2764,1,Family Child Care,False,False,True,True,True,True,True,True,8,,,,,,,,,,,,,,,,,,,,
4000,4,Public Prekindergarten,,,,,,,,,,,,,,,Maryland Accreditation,,,,,Accredited Program,,,,,,,,,
4473,1,Family Child Care,False,False,True,True,True,True,True,True,8,,,,,,,,,,,,,,,,,,,,
5262,1,Family Child Care,False,False,True,True,True,True,True,True,8,,,,,,,,,,,,,,,,,,,,
3051,3,Family Child Care,False,False,True,True,True,True,True,True,8,,,,,,,,,,,,,,,,,,,Quality Business Practices,
4923,1,Family Child Care,False,False,True,True,True,True,True,True,8,,,,,,,,,,,,,,,,,,,,
3870,2,Child Care Center,True,True,False,True,True,True,True,True,81,,,,,,,,,,,,,,,,,,,,
3614,1,Child Care Center,True,True,False,True,True,True,True,True,165,,,,,,,,,,,,,,,,,,,,
986,4,School-Age Only,False,False,False,False,False,False,False,True,65,,,,,,,,,,,,,,,,,,,,
2001,2,Child Care Center,True,True,False,True,True,True,True,True,84,,,,,,,,,,,,,,,,,,,,
3330,4,Public Prekindergarten,,,,,,,,,,,,,,,Maryland Accreditation,,,,,Accredited Program,,,,,,,,,
1711,3,Child Care Center,True,True,False,True,True,True,True,True,12,,,,,,,,,,,,,,,,,,,,
303,3,Child Care Center,True,True,False,True,True,True,True,True,92,,,,,,,,,,,,,,,,,,,,
2188,3,Family Child Care,False,False,True,True,True,True,True,True,8,,,,,,,,,,,,,,,,,,,,
4438,1,Family Child Care,False,False,True,True,True,True,True,True,8,,,,,,,,,,,,,,,,,,,,
3576,5,Family Child Care,False,False,True,True,True,True,True,True,7,,,,,,,,National Association for Family Child Care (NAFCC),,,Accredited Program,,,,,,,,,
1597,1,Family Child Care,False,False,True,True,True,True,True,True,8,,,,,,,,,,,,,,,,,,,,
3648,3,Child Care Center,True,True,False,True,True,True,True,False,23,,,,,,,,,,,,,,,,,,,,
3377,4,Public Prekindergarten,,,,,,,,,,,,,,,Maryland Accreditation,,,,,Accredited Program,,,,,,,,,
1980,4,Public Prekindergarten,,,,,,,,,,,,,,,Maryland Accreditation,,,,,Accredited Program,,,,,,,,,
95,1,School-Age Only,,,,,,,,,,,,,,,,,,,,,,,,,,,,,
3149,3,Child Care Center,False,False,False,True,True,True,True,False,36,,,,,,,,,,,,,,,,,,,,
4111,1,School-Age Only,False,False,False,False,False,False,False,True,30,,,,,,,,,,,,,,,,,,,,
1116,5,Public Prekindergarten,,,,,,,,,,,,,,,Maryland Accreditation,,,,,Accredited Program,,,,,,,,,
5264,4,Public Prekindergarten,,,,,,,,,,,,,,,Maryland Accreditation,,,,,Accredited Program,,,,,,,,,
697,5,Public Prekindergarten,,,,,,,,,,,,,,,Maryland Accreditation,,,,,Accredited Program,,,,,,,,,
4484,5,Public Prekindergarten,,,,,,,,,,,,,,,Maryland Accreditation,,,,,Accredited Program,,,,,,,,,
3691,1,Family Child Care,,,,,,,,,,,,,,,,,,,,,,,,,,,,,
5331,1,LOC,False,False,False,True,True,True,True,True,52,,,,,,,,,,,,,,,,,,,,
2507,1,School-Age Only,False,False,False,False,False,False,False,True,27,,,,,,,,,,,,,,,,,,,,
7015,1,Child Care Center,True,True,False,True,True,True,True,True,27,,,,,,,,,,,,,,,,,,,,
2173,1,Child Care Center,False,False,False,True,True,True,True,True,,,,,,,,,,,,,,,,,,,,,
1216,2,Family Child Care,False,False,True,True,True,True,True,True,8,,,,,,,,,,,,,,,,,,,,
1667,1,Family Child Care,False,False,True,True,True,True,True,False,8,,,,,,,,,,,,,,,,,,,,
2207,1,Child Care Center,True,True,False,True,True,True,True,True,53,,,,,,,,,,,,,,,,,,,,
6522,1,Family Child Care,False,False,True,True,True,True,True,True,8,,,,,,,,,,,,,,,,,,,,
761,3,Family Child Care,False,False,True,True,True,True,True,True,8,,,,,,,,,,,,,,,,,,,,
1058,3,Child Care Center,False,False,False,True,True,True,True,True,78,,,,,,,,,,,,,,,,,,,,
153,1,Family Child Care,False,False,True,True,True,True,True,True,,,,,,,,,,,,,,,,,,,,,
1830,1,Family Child Care,False,False,True,True,True,True,True,True,8,,,,,,,,,,,,,,,,,,,,
5646,3,Family Child Care,False,False,True,True,True,True,True,True,8,,,,,,,,,,,,,,,,,,,,
5058,3,Family Child Care,False,False,True,True,True,True,True,True,8,,,,,,,,,,,,,,,,,,,,
330,2,Family Child Care,False,False,True,True,True,True,True,True,8,,,,,,,,,,,,,,,,,,,,
3628,1,Family Child Care,False,False,True,True,True,True,True,True,8,,,,,,,,,,,,,,,,,,,,
5487,1,Family Child Care,False,False,True,True,True,True,True,True,8,,,,,,,,,,,,,,,,,,,,
4167,1,Family Child Care,False,False,True,True,True,True,True,True,8,,,,,,,,,,,,,,,,,,,,
6020,5,Large Family Child Care,False,False,True,True,True,True,True,True,12,,,,,,,,National Association for Family Child Care (NAFCC),,,Accredited Program,,,,,Health and Wellness,,,Quality Business Practices,
6624,3,Family Child Care,False,False,True,True,True,True,True,True,8,,,,,,,,,,,,,,,,,,,,
3312,1,Family Child Care,False,False,True,True,True,True,True,True,8,,,,,,,,,,,,,,,,,,,,
4763,3,Large Family Child Care,False,False,True,True,True,True,True,True,,,,,,,,,,,,,,,,,,,,,
558,1,Family Child Care,False,False,True,True,True,True,True,True,8,,,,,,,,,,,,,,,,,,,,
6469,1,Family Child Care,False,False,False,True,True,True,True,True,2,,,,,,,,,,,,,,,,,,,,
2588,1,School-Age Only,False,False,False,False,False,False,False,True,95,,,,,,,,,,,,,,,,,,,,
874,5,Public Prekindergarten,,,,,,,,,,,,,,,Maryland Accreditation,,,,,Accredited Program,,,,,,,,,
3754,3,Family Child Care,False,False,True,True,True,True,True,True,8,,,,,,,,,,,,,,,,,,,,
82,3,Family Child Care,False,False,True,True,True,True,True,True,7,,,,,,,,,,,,,,,,,,,,
626,3,Family Child Care,False,False,True,True,True,True,True,True,7,,,,,,,,,,,,,,,,,,,,
2313,1,Family Child Care,False,False,True,True,True,True,True,True,7,,,,,,,,,,,,,,,,,,,,
3335,2,Child Care Center,True,True,False,True,True,True,True,True,12,,,,,,,,,,,,,,,,,,,,
2492,3,Family Child Care,False,False,True,True,True,True,True,True,8,,,,,,,,,,,,,,,,,,,,
2347,4,Public Prekindergarten,,,,,,,,,,,,,,,Maryland Accreditation,,,,,Accredited Program,,,,,,,,,
5388,1,Child Care Center,False,False,False,True,True,True,True,True,35,True,,,,,,,,,,,,,,,,,,,
3676,4,Public Prekindergarten,,,,,,,,,,,,,,,Maryland Accreditation,,,,,Accredited Program,,,,,,,,,
2515,2,Family Child Care,False,False,True,True,True,True,True,False,8,,,,,,,,,,,,,,,,,,,,
1518,3,Family Child Care,False,False,True,True,True,True,True,True,8,,,,,,,,,,,,,,,,,,,,
2775,1,Family Child Care,False,False,True,True,True,True,True,True,8,,,,,,,,,,,,,,,,,,,,
5606,2,Family Child Care,False,False,True,True,True,True,True,True,8,,,,,,,,,,,,,,,,,,,,
297,4,Public Prekindergarten,,,,,,,,,,,,,,,Maryland Accreditation,,,,,Accredited Program,,,,,,,,,
1683,1,Family Child Care,False,False,True,True,True,True,True,True,8,,,,,,,,,,,,,,,,,,,,
5507,3,Child Care Center,True,True,False,True,True,True,True,True,76,,,,,,,,,,,,,,,,,,,,
3166,3,Child Care Center,True,True,False,True,True,True,True,True,118,,,,,,,,,,,,,,,,,,,,
1286,1,Child Care Center,False,False,False,True,True,True,True,True,124,,,,,,,,,,,,,,,,,,,,
2198,4,Public Prekindergarten,,,,,,,,,,,,,,,Maryland Accreditation,,,,,Accredited Program,,,,,,,,,
185,1,Family Child Care,False,False,True,True,True,True,True,True,8,,,,,,,,,,,,,,,,,,,,
4428,3,Child Care Center,True,True,False,True,True,True,True,True,112,,,,,,,,,,,,,,,,,,,,
3864,1,Family Child Care,False,False,True,True,True,True,True,True,8,,,,,,,,,,,,,,,,,,,,
6428,3,Family Child Care,False,False,True,True,True,True,True,True,8,,,,,,,,,,,,,,,,,,,,
5229,3,Family Child Care,False,False,True,True,True,True,True,True,8,,,,,,,,,,,,,,,,,,,,
6337,1,Family Child Care,False,False,True,True,True,True,True,True,,,,,,,,,,,,,,,,,,,,,
2776,4,Family Child Care,False,False,True,True,True,True,True,True,8,,,,,,,,,,,,,,,,,,,,
5821,1,Child Care Center,,,,,,,,,,,,,,,,,,,,,,,,,,,,,
7095,2,Child Care Center,True,True,False,True,True,True,True,True,85,,,,,,,,,,,,,,,,,,,,
2029,1,Family Child Care,False,False,True,True,True,True,True,True,7,,,,,,,,,,,,,,,,,,,,
1972,1,Family Child Care,False,False,True,True,True,True,True,True,8,,,,,,,,,,,,,,,,,,,,
831,2,Family Child Care,False,False,True,True,True,True,True,True,8,,,,,,,,,,,,,,,,,,,,
3784,3,Family Child Care,False,False,True,True,True,True,True,True,8,,,,,,,,,,,,,,,,,,,,
4315,1,Family Child Care,False,False,True,True,True,True,True,True,8,,,,,,,,,,,,,,,,,,,,
3084,2,Child Care Center,False,False,False,True,True,True,True,True,20,,,,,,,,,,,,,,,,,,,,
2316,3,Family Child Care,False,False,True,True,True,True,True,True,8,,,,,,,,,,,,,,,,,,,,
4331,3,Family Child Care,False,False,True,True,True,True,True,True,8,,,,,,,,,,,,,,,,,,,,
3901,1,Family Child Care,False,False,True,True,True,True,True,True,8,,,,,,,,,,,,,,,,,,,,
711,3,Family Child Care,False,False,True,True,True,True,True,True,8,,,,,,,,,,,,,,,,,,,,
5111,1,Family Child Care,False,False,False,True,True,True,True,True,8,,,,,,,,,,,,,,,,,,,,
2113,2,Family Child Care,False,False,True,True,True,True,True,True,8,,,,,,,,,,,,,,,,,,,,
4823,4,LOC,False,False,False,True,True,True,True,True,96,,,,,,,,,,,,,,,,,,,,
67,1,LOC,False,False,False,False,True,True,True,True,78,,,,,,,,,,,,,,,,,,,,
6192,1,Child Care Center,True,True,False,True,True,True,True,True,39,,,,,,,,,,,,,,,,,,,,
5579,2,Child Care Center,True,True,False,True,True,True,True,True,95,,,,,,,,,,,,,,,,,,,,
1527,1,Child Care Center,False,False,False,True,True,True,True,True,100,,,,,,,,,,,,,,,,,,,,
2904,5,Public Prekindergarten,,,,,,,,,,,,,,,Maryland Accreditation,,,,,Accredited Program,,,,,,,,,
5491,3,Family Child Care,False,False,True,True,True,True,True,True,8,,,,,,,,,,,,,,,,,,,,
5480,2,Child Care Center,True,True,False,True,True,True,True,True,36,,,,,,,,,,,,,,,,,,,,
972,1,Family Child Care,False,False,True,True,True,True,True,True,8,,,,,,,,,,,,,,,,,,,,
318,4,Public Prekindergarten,,,,,,,,,,,,,,,Maryland Accreditation,,,,,Accredited Program,,,,,,,,,
2900,5,Public Prekindergarten,,,,,,,,,,,,,,,Maryland Accreditation,,,,,Accredited Program,,,,,,,,,
5560,1,School-Age Only,False,False,False,False,False,False,False,True,60,,,,,,,,,,,,,,,,,,,,
5353,4,Public Prekindergarten,,,,,,,,,,,,,,,Maryland Accreditation,,,,,Accredited Program,,,,,,,,,
1963,5,Public Prekindergarten,,,,,,,,,,,,,,,Maryland Accreditation,,,,,Accredited Program,,,,,,,,,
5090,4,Family Child Care,False,False,True,True,True,True,True,True,8,,,,,,,,,,,,,,,,,,,,
6294,4,Public Prekindergarten,,,,,,,,,,,,,,,Maryland Accreditation,,,,,Accredited Program,,,,,,,,,
2016,5,Public Prekindergarten,,,,,,,,,,,,,,,Maryland Accreditation,,,,,Accredited Program,,,,,,,,,
6131,1,Family Child Care,False,False,True,True,True,True,True,True,8,,,,,,,,,,,,,,,,,,,,
5295,1,Child Care Center,False,False,False,True,True,True,True,True,29,,,,,,,,,,,,,,,,,,,,
419,5,Child Care Center,True,True,False,True,True,True,True,True,28,,,,,,,,,,National Early Childhood Program Accreditation (NECPA),Accredited Program,,,,,,,,,
4490,4,Child Care Center,True,True,False,True,True,True,True,True,,,,,,,,,,,,,,,,,,,,,
312,2,Family Child Care,False,False,True,True,True,True,True,True,8,,,,,,,,,,,,,,,,,,,,
734,5,Public Prekindergarten,,,,,,,,,,,,,,,Maryland Accreditation,,,,,Accredited Program,,,,,,,,,
4457,1,Child Care Center,False,False,False,True,True,True,True,True,55,,,,,,,,,,,,,,,,,,,,
820,1,Family Child Care,False,False,True,True,True,True,True,True,8,,,,,,,,,,,,,,,,,,,,
3215,1,School-Age Only,False,False,False,False,False,False,False,True,33,,,,,,,,,,,,,,,,,,,,
515,5,Public Prekindergarten,,,,,,,,,,,,,,,Maryland Accreditation,,,,,Accredited Program,,,,,,,,,
5627,4,Public Prekindergarten,,,,,,,,,,,,,,,Maryland Accreditation,,,,,Accredited Program,,,,,,,,,
4297,3,Family Child Care,False,False,True,True,True,True,True,True,8,,,,,,,,,,,,,,,,,,,,
4536,3,Family Child Care,False,False,True,True,True,True,True,True,8,True,,,,,,,,,,,,,,,,,,,
864,1,Family Child Care,False,False,True,True,True,True,True,True,8,,,,,,,,,,,,,,,,,,,,
5479,2,Child Care Center,False,False,False,True,True,True,True,True,129,,,,,,,,,,,,,Cultural and Linguistic Competency,,,Health and Wellness,,,Quality Business Practices,
2222,3,Child Care Center,False,False,False,True,True,True,True,True,12,,,,,,,,,,,,,,,,,,,,
2927,3,Child Care Center,True,True,False,False,False,False,False,False,12,,,,,,,,,,,,,,,,,,,,
1764,3,Family Child Care,False,False,True,True,True,True,True,True,8,,,,,,,,,,,,,,,,,,,,
439,3,Child Care Center,False,False,False,True,True,True,True,True,75,,,,,,,,,,,,,,,,,,,,
675,5,Child Care Center,False,False,False,True,True,True,True,True,60,,,,,,,,,National Association for the Education of Young Children (NAEYC),,Accredited Program,,,,,Health and Wellness,,,Quality Business Practices,
1876,4,Public Prekindergarten,,,,,,,,,,,,,,,Maryland Accreditation,,,,,Accredited Program,,,,,,,,,
5858,1,Child Care Center,True,True,False,True,True,True,True,True,44,,,,,,,,,,,,,,,,,,,,
3551,1,Child Care Center,True,True,False,True,True,True,True,False,122,,,,,,,,,National Association for the Education of Young Children (NAEYC),,Accredited Program,,,,,,,,,
4093,1,Child Care Center,True,True,False,True,True,True,True,False,32,,,,,,,,,,,,,,,,,,,,
3384,5,Public Prekindergarten,,,,,,,,,,,,,,,Maryland Accreditation,,,,,Accredited Program,,,,,,,,,
3996,4,Child Care Center,True,True,False,True,True,True,True,False,24,,,,,,,,,,,,,,,,Health and Wellness,,,,
6731,1,Child Care Center,True,True,False,True,True,True,True,True,34,,,,,,,,,,,,,,,,,,,,
6676,1,Family Child Care,False,False,True,True,True,True,True,True,8,,,,,,,,,,,,,,,,,,,,
6626,1,Child Care Center,True,True,False,True,True,True,True,True,79,,,,,,,,,National Association for the Education of Young Children (NAEYC),,,,,,,,,,,
75,1,Child Care Center,False,True,False,True,True,True,True,True,31,,,,,,,,,,,,,,,,,,,,
6433,1,Family Child Care,False,False,True,True,True,True,True,True,8,,,,,,,,,,,,,,,,,,,,
184,1,Family Child Care,False,False,True,True,True,True,True,True,8,,,,,,,,,,,,,,,,,,,,
2027,5,Child Care Center,True,True,False,True,True,True,True,False,50,,,,,,Maryland Accreditation,,,,,Accredited Program,,,,,,,,Quality Business Practices,
2844,5,Public Prekindergarten,,,,,,,,,,,,,,,Maryland Accreditation,,,,,Accredited Program,,,,,,,,,
6651,1,School-Age Only,False,False,False,False,False,True,True,True,30,,,,,,,,,,,,,,,,,,,,
878,5,Public Prekindergarten,,,,,,,,,,,,,,,Maryland Accreditation,,,,,Accredited Program,,,,,,,,,
5411,1,Family Child Care,False,False,True,True,True,True,True,True,7,,,,,,,,,,,,,,,,,,,,
333,3,Child Care Center,True,True,False,True,True,True,True,True,108,,,,,,,,,,,,,,,,,,,,
3460,3,Child Care Center,False,False,False,True,True,True,True,True,58,,,,,,,,,,,,,,,,,,,,
6142,1,Large Family Child Care,False,False,True,True,True,True,True,True,12,,,,,,,,,,,,,,,,,,,,
3513,4,Public Prekindergarten,,,,,,,,,,,,,,,Maryland Accreditation,,,,,Accredited Program,,,,,,,,,
4240,1,LOC,False,False,False,True,True,True,True,True,115,,,,,,,,,,,,,,,,,,,,
6991,2,Child Care Center,False,False,False,True,True,True,True,True,71,,,,,,,,,,,,,,,,,,,,
1928,1,Child Care Center,True,True,False,True,True,True,True,False,25,,,,,,,,,,,,,,,,,,,,
467,1,School-Age Only,False,False,False,False,False,False,False,True,12,,,,,,,,,,,,,,,,,,,,
656,5,Public Prekindergarten,,,,,,,,,,,,,,,Maryland Accreditation,,,,,Accredited Program,,,,,,,,,
4516,1,Child Care Center,False,False,False,True,True,True,True,True,90,,,,,,,,,,,,,,,,,,,,
5499,4,Child Care Center,False,True,False,True,True,True,True,True,164,,,,,,,,,,,,,,,,,,,,
2139,1,Family Child Care,False,False,True,True,True,True,True,True,8,,,,,,,,,,,,,,,,,,,,
305,1,Family Child Care,False,False,True,True,True,True,True,True,6,,,,,,,,,,,,,,,,,,,,
902,3,Family Child Care,False,False,True,True,True,True,True,True,7,,,,,,,,,,,,,,,,,,,,
7076,5,Public Prekindergarten,,,,,,,,,,,,,,,Maryland Accreditation,,,,,Accredited Program,,,,,,,,,
7092,1,School-Age Only,False,False,False,False,True,True,True,True,25,,,,,,,,,,,,,,,,,,,,
1585,1,Family Child Care,False,False,True,True,True,True,True,True,8,,,,,,,,,,,,,,,,,,,,
3064,3,School-Age Only,False,False,False,False,False,True,True,True,30,,,,,,,,,,,,,,,,,,,,
1297,3,School-Age Only,False,False,False,False,False,True,True,True,45,,,,,,,,,,,,,,,,,,,,
1355,3,School-Age Only,False,False,False,False,False,False,False,True,90,,,,,,,,,,,,,,,,,,,,
944,3,Child Care Center,True,True,False,True,True,True,True,True,60,,,,,,,,,,,,,,,,,,,,
3035,1,Family Child Care,False,False,True,True,True,True,True,True,8,,,,,,,,,,,,,,,,,,,,
5381,3,Family Child Care,False,False,True,True,True,True,True,True,8,,,,,,,,,,,,,,,,,,,,
4245,1,Family Child Care,False,False,True,True,True,True,True,True,8,,,,,,,,,,,,,,,,,,,,
2091,1,Child Care Center,True,True,False,True,True,True,True,True,35,,,,,,,,,,,,,,,,,,,,
2929,1,Child Care Center,True,True,False,True,True,True,True,True,6,,,,,,,,,,,,,,,,,,,,
2299,1,Family Child Care,False,False,True,True,True,True,True,True,8,,,,,,,,,,,,,,,,,,,,
5449,5,Public Prekindergarten,,,,,,,,,,,,,,,Maryland Accreditation,,,,,Accredited Program,,,,,,,,,
2081,1,Family Child Care,False,False,True,True,True,True,True,True,8,,,,,,,,,,,,,,,,,,,,
2296,1,Family Child Care,False,False,True,True,True,True,True,True,8,,,,,,,,,,,,,,,,,,,,
3967,1,Family Child Care,False,False,True,True,True,True,True,True,,,,,,,,,,,,,,,,,,,,,
5127,5,Public Prekindergarten,,,,,,,,,,,,,,,Maryland Accreditation,,,,,Accredited Program,,,,,,,,,
6992,5,Public Prekindergarten,,,,,,,,,,,,,,,Maryland Accreditation,,,,,Accredited Program,,,,,,,,,
3388,5,Public Prekindergarten,,,,,,,,,,,,,,,Maryland Accreditation,,,,,Accredited Program,,,,,,,,,
631,4,Family Child Care,False,False,True,True,True,True,True,True,8,,,,,,,,,,,,,,,,,,,,
16,4,Family Child Care,False,False,True,True,True,True,True,True,8,,,,,,,,,,,,Asthma & Allergy Friendly,,,,,,,,
1681,1,Family Child Care,False,False,True,True,True,True,True,True,8,,,,,,,,,,,,,,,,,,,,
2570,5,Child Care Center,True,True,False,True,True,True,True,True,114,,,,,,,,,,,,,,,,,,,,
908,3,Family Child Care,False,False,True,True,True,True,True,True,8,,,,,,,,,,,,,,,,,,,,
1827,1,Family Child Care,False,False,True,True,True,True,True,True,,,,,,,,,,,,,,,,,,,,,
4943,1,Family Child Care,False,False,True,True,True,True,True,True,8,,,,,,,,,,,,,,,,,,,,
6943,2,Family Child Care,False,False,False,True,True,True,True,True,8,,,,,,,,,,,,,,,,,,,,
591,1,Family Child Care,False,False,True,True,True,True,True,True,8,,,,,,,,,,,,,,,,,,,,
5067,1,Family Child Care,False,False,True,True,True,True,True,True,8,,,,,,,,,,,,,,,,,,,,
1223,1,Family Child Care,False,False,True,True,True,True,True,True,8,,,,,,,,,,,,,,,,,,,,
5424,1,Family Child Care,False,False,True,True,True,True,True,True,8,,,,,,,,,,,,,,,,,,,,
3485,1,School-Age Only,False,False,False,False,False,False,False,True,87,,,,,,,,,,,,,,,,,,,,
4417,4,Public Prekindergarten,,,,,,,,,,,,,,,Maryland Accreditation,,,,,Accredited Program,,,,,,,,,
3853,1,Large Family Child Care,False,False,True,True,True,True,True,True,12,,,,,,,,,,,,,,,,,,,,
2072,2,Family Child Care,False,False,True,True,True,True,True,True,7,,,,,,,,,,,,,,,,,,,,
743,3,Family Child Care,False,False,True,True,True,True,True,True,8,,,,,,,,,,,,,,,,,,,,
3222,4,Public Prekindergarten,,,,,,,,,,,,,,,Maryland Accreditation,,,,,Accredited Program,,,,,,,,,
5691,1,Child Care Center,True,True,False,True,True,True,True,True,53,,,,,,,,,,,,,,,,,,,,
6518,3,Family Child Care,False,False,True,True,True,True,True,True,8,,,,,,,,,,,,,,,,,,,,
1121,5,Family Child Care,False,False,True,True,True,True,True,True,8,,,,,,,,National Association for Family Child Care (NAFCC),,,Accredited Program,,,,,,Judy Center,Military Child Care in Your Neighborhood,,
4097,3,Family Child Care,False,False,True,True,True,True,True,True,8,,,,,,,,,,,,,,,,,,,,
3680,2,Large Family Child Care,False,False,True,True,True,True,True,True,12,,,,,,,,,,,,,,,,,,,,
167,1,Family Child Care,False,False,True,True,True,True,True,True,8,,,,,,,,,,,,,,,,,,,,
130,1,Family Child Care,False,False,True,True,True,True,True,True,,,,,,,,,,,,,,,,,,,,,
3898,2,Family Child Care,False,False,True,True,True,True,True,True,8,,,,,,,,,,,,,,,,,,,,
5496,3,Child Care Center,True,True,False,True,True,True,True,True,12,,,,,,,,,,,,,,,,,,,,
3761,1,School-Age Only,False,False,False,False,False,False,False,True,60,,,,,,,,,,,,,,,,,,,,
3107,1,School-Age Only,False,False,False,False,False,False,False,True,30,,,,,,,,,,,,,,,,,,,,
4548,1,School-Age Only,False,False,False,False,False,False,False,True,30,,,,,,,,,,,,,,,,,,,,
5132,1,School-Age Only,False,False,False,False,False,False,False,True,30,,,,,,,,,,,,,,,,,,,,
6132,1,School-Age Only,False,False,False,False,False,False,False,True,75,,,,,,,,,,,,,,,,,,,,
17,1,School-Age Only,False,False,False,False,False,False,False,True,60,,,,,,,,,,,,,,,,,,,,
2095,1,School-Age Only,False,False,False,False,False,False,False,True,30,,,,,,,,,,,,,,,,,,,,
4655,1,School-Age Only,False,False,False,False,False,False,False,True,30,,,,,,,,,,,,,,,,,,,,
5928,1,School-Age Only,False,False,False,False,False,False,False,True,45,,,,,,,,,,,,,,,,,,,,
2698,2,School-Age Only,False,False,False,False,False,False,False,True,75,,,,,,,,,,,,,,,,,,,,
2810,1,School-Age Only,False,False,False,False,False,False,False,True,45,,,,,,,,,,,,,,,,,,,,
56,1,School-Age Only,False,False,False,False,False,False,False,True,40,,,,,,,,,,,,,,,,,,,,
6350,1,School-Age Only,False,False,False,False,False,False,False,True,45,,,,,,,,,,,,,,,,,,,,
4394,1,School-Age Only,False,False,False,False,False,False,False,True,30,,,,,,,,,,,,,,,,,,,,
4018,1,School-Age Only,,,,,,,,,,,,,,,,,,,,,,,,,,,,,
1519,1,School-Age Only,False,False,False,False,False,False,False,True,60,,,,,,,,,,,,,,,,,,,,
776,1,School-Age Only,False,False,False,False,False,False,False,True,90,,,,,,,,,,,,,,,,,,,,
4999,1,School-Age Only,False,False,False,False,False,False,False,True,45,,,,,,,,,,,,,,,,,,,,
2007,1,Family Child Care,,,,,,,,,,,,,,,,,,,,,,,,,,,,,
6870,2,Family Child Care,False,False,True,True,True,True,True,True,8,,,,,,,,,,,,,,,,,,,,
1961,3,Family Child Care,False,False,True,True,True,True,True,True,8,,,,,,,,,,,,,,,,,,,,
2678,1,Large Family Child Care,False,False,False,True,True,True,True,True,12,,,,,,,,,,,,,,,,,,,,
3313,5,Large Family Child Care,False,False,False,True,True,True,True,True,12,,,,,,,,National Association for Family Child Care (NAFCC),,,Accredited Program,,,,,,,,,
559,1,Family Child Care,False,False,True,True,True,True,True,False,8,True,,,,,,,,,,,,,,,,,,,
6076,1,Family Child Care,False,False,True,True,True,True,True,True,,,,,,,,,,,,,,,,,,,,,
6222,3,Family Child Care,False,False,True,True,True,True,True,True,8,,,,,,,,,,,,,,,,,,Military Child Care in Your Neighborhood,,
5108,5,Public Prekindergarten,,,,,,,,,,,,,,,Maryland Accreditation,,,,,Accredited Program,,,,,,,,,
3668,5,Public Prekindergarten,,,,,,,,,,,,,,,Maryland Accreditation,,,,,Accredited Program,,,,,,,,,
1461,1,Child Care Center,False,False,False,False,True,True,True,True,,,,,,,,,,,,,,,,,,,,,
2830,1,Family Child Care,False,False,True,True,True,True,True,True,8,,,,,,,,,,,,,,,,,,,,
1956,3,Family Child Care,False,False,True,True,True,True,True,True,8,,,,,,,,,,,,,,,,,,,,
6924,1,Child Care Center,False,False,False,True,True,True,True,True,40,,,,,,,,,,,,,,,,,,,,
4201,2,Child Care Center,True,True,False,True,True,True,True,True,,,,,,,,,,,,,,,,,,,,,
7069,1,Child Care Center,True,True,False,True,True,True,True,False,105,,,,,,,,,,,,,,,,,,,,
4907,3,Child Care Center,False,False,False,True,True,True,True,True,186,,,,,,,,,,,,,,,,,,,,
4735,1,Family Child Care,False,False,True,True,True,True,True,True,8,,,,,,,,,,,,,,,,,,,,
6440,1,School-Age Only,False,False,False,False,False,False,False,True,56,,,,,,,,,,,,,,,,,,,,
2345,1,Child Care Center,True,True,False,True,True,True,True,True,84,,,,,,,,,,,,,,,,,,,,
619,3,Child Care Center,False,False,False,True,True,True,True,True,30,,,,,,,,,,,,,,,,,,,,
307,2,Family Child Care,False,False,True,True,True,True,True,True,7,,,,,,,,,,,,,,,,,,,,
4629,1,Family Child Care,False,False,True,True,True,True,True,True,7,,,,,,,,,,,,,,,,,,,,
3255,1,Family Child Care,False,False,True,True,True,True,True,True,8,,,,,,,,,,,,,,,,,,,,
2565,3,Family Child Care,False,False,True,True,True,True,True,True,8,,,,,,,,,,,,,,,,,,,,
2212,3,Child Care Center,False,False,False,True,True,True,True,True,18,,,,,,,,,,,,,,,,,,,,
760,1,Child Care Center,True,True,False,True,True,True,True,True,86,,,,,,,,,,,,,,,,,,,,
2763,3,Child Care Center,True,True,False,True,True,True,True,True,88,,,,,,,,,National Association for the Education of Young Children (NAEYC),,Accredited Program,,,,,,,,,
6236,5,Child Care Center,False,False,False,True,True,True,True,True,94,,,,,,,,,National Association for the Education of Young Children (NAEYC),,Accredited Program,,,,,,,,,
3890,1,Child Care Center,True,True,False,True,True,True,True,True,101,,,,,,,,,,,,,,,,,,,,
12,3,Child Care Center,True,True,False,True,True,True,True,True,102,,,,,,,,,National Association for the Education of Young Children (NAEYC),,Accredited Program,,,,,,,,,
5881,3,Child Care Center,True,True,False,True,True,True,True,True,91,,,,,,,,,National Association for the Education of Young Children (NAEYC),,Accredited Program,,,,,,,,,
695,5,Public Prekindergarten,,,,,,,,,,,,,,,Maryland Accreditation,,,,,Accredited Program,,,,,,,,,
6903,3,School-Age Only,False,False,False,False,False,False,False,True,42,,,,,,,,,,,,,,,,,,,,
6281,3,Child Care Center,True,True,False,True,True,True,True,True,157,,,,,,,,,,,,,,,,,,,,
4886,3,Child Care Center,False,False,False,False,False,True,True,True,12,,,,,,,,,,,,,,,,,,,,
6080,3,Family Child Care,False,False,True,True,True,True,True,True,6,,,,,,,,,,,,,,,,,,,,
6396,1,Family Child Care,False,False,True,True,True,True,True,True,8,,,,,,,,,,,,,,,,,,,,
4464,3,Family Child Care,False,False,True,True,True,True,True,True,8,,,,,,,,,,,,,,,,,,,Quality Business Practices,
3544,2,Family Child Care,False,False,True,True,True,True,True,True,8,,,,,,,,,,,,,,,,,,,,
2815,1,Family Child Care,False,False,True,True,True,True,True,True,8,,,,,,,,,,,,,,,,,,,,
2370,1,School-Age Only,False,False,False,False,False,True,True,True,81,,,,,,,,,,,,,,,,,,,,
5309,4,Public Prekindergarten,,,,,,,,,,,,,,,Maryland Accreditation,,,,,Accredited Program,,,,,,,,,
4175,3,Family Child Care,False,False,True,True,True,True,True,True,8,,,,,,,,,,,,,,,,,,,,
6075,1,Family Child Care,False,False,True,True,True,True,True,True,8,,,,,,,,,,,,,,,,,,,,
3465,4,Public Prekindergarten,,,,,,,,,,,,,,,Maryland Accreditation,,,,,Accredited Program,,,,,,,,,
5154,1,School-Age Only,False,False,False,False,False,False,False,True,54,,,,,,,,,,,,,,,,,,,,
1365,4,Public Prekindergarten,,,,,,,,,,,,,,,Maryland Accreditation,,,,,Accredited Program,,,,,,,,,
3401,3,Child Care Center,True,True,False,True,True,True,True,True,124,,,,,,,,,,National Early Childhood Program Accreditation (NECPA),Accredited Program,,,,,,,,,
1420,3,Child Care Center,False,False,False,False,True,True,True,True,45,,,,,,,,,,,,,,,,,,,,
2891,1,Child Care Center,True,True,False,True,True,True,True,True,83,,,,,,,,,,,,,,,,,,,,
250,1,Family Child Care,False,False,True,True,True,True,True,True,8,,,,,,,,,,,,,,,,,,,,
2195,4,Family Child Care,False,False,True,True,True,True,True,True,,,,,,,,,,,,,,,,,,,,,
4590,2,Family Child Care,False,False,True,True,True,True,True,True,6,,,,,,,,,,,,,,,,,,,,
4174,1,Family Child Care,False,False,True,True,True,True,True,True,8,,,,,,,,,,,,,,,,,,,,
822,1,Family Child Care,False,False,True,True,True,True,True,True,8,,,,,,,,,,,,,,,,,,,,
5192,5,Public Prekindergarten,,,,,,,,,,,,,,,Maryland Accreditation,,,,,Accredited Program,,,,,,,,,
5131,3,Family Child Care,False,False,True,True,True,True,True,True,8,,,,,,,,,,,,,,,,,,,,
586,2,Large Family Child Care,False,False,True,True,True,True,True,True,12,,,,,,,,,,,,,,,,,,,,
1720,1,Family Child Care,False,False,True,True,True,True,True,True,8,,,,,,,,,,,,,,,,,,,,
1406,2,Child Care Center,True,True,False,True,True,True,True,True,68,,,,,,,,,,,,,,,,,,,,
5758,2,Child Care Center,True,True,False,True,True,True,True,True,,,,,,,,,,,,,,,,,,,,,
6382,2,Child Care Center,True,True,False,True,True,True,True,True,60,,,,,,,,,,,,,,,,,,,,
5820,3,School-Age Only,False,False,False,False,False,False,False,True,27,,,,,,,,,,,,,,,,,,,,
2569,1,Large Family Child Care,,,,,,,,,12,,,,,,,,,,,,,,,,,,,,
5715,1,Family Child Care,False,False,True,True,True,True,True,True,8,,,,,,,,,,,,,,,,,,,,
3656,4,Public Prekindergarten,,,,,,,,,,,,,,,Maryland Accreditation,,,,,Accredited Program,,,,,,,,,
5447,1,Family Child Care,False,False,True,True,True,True,True,True,6,,,,,,,,,,,,,,,,,,,,
6873,1,Child Care Center,False,False,False,True,True,True,True,True,15,,,,,,,,,,,,,,,,,,,,
3502,1,Family Child Care,False,False,True,True,True,True,True,True,8,,,,,,,,,,,,,,,,,,,,
480,1,Family Child Care,False,False,True,True,True,True,True,True,8,,,,,,,,,,,,,,,,,,,,
3082,4,Family Child Care,False,False,True,True,True,True,True,True,8,,,,,,,,,,,,,,,,,,,,
5346,2,Family Child Care,False,False,True,True,True,True,True,True,8,,,,,,,,,,,,,,,,,,,,
4479,1,Family Child Care,False,False,True,True,True,True,True,True,8,,,,,,,,,,,,,,,,,,,,
5642,2,Family Child Care,False,False,True,True,True,True,True,True,7,,,,,,,,,,,,,,,,,,,,
1162,2,Family Child Care,False,False,True,True,True,True,True,True,8,,,,,,,,,,,,,,,,,,,,
1817,1,Family Child Care,False,False,True,True,True,True,True,True,8,,,,,,,,,,,,,,,,,,,,
4304,1,Family Child Care,False,False,True,True,True,True,True,True,6,,,,,,,,,,,,,,,,,,,,
6031,1,Family Child Care,False,False,True,True,True,True,True,True,7,,,,,,,,,,,,,,,,,,,,
1759,1,Child Care Center,True,True,False,True,True,True,True,True,49,,,,,,,,,,,,,,,,,,,,
6699,1,Child Care Center,True,True,False,True,True,True,True,True,20,,,,,,,,,,,,,,,,,,,,
1797,4,Child Care Center,False,True,False,True,True,True,True,True,69,,,,,,,,,,,,,,,,,,,,
1180,1,Family Child Care,False,False,True,True,True,True,True,True,7,,,,,,,,,,,,,,,,,,,,
899,5,Public Prekindergarten,,,,,,,,,,,,,,,Maryland Accreditation,,,,,Accredited Program,,,,,,,,,
1016,1,Family Child Care,False,False,True,True,True,True,True,True,8,,,,,,,,,,,,,,,,,,,,
773,2,Family Child Care,False,False,True,True,True,True,True,True,8,,,,,,,,,,,,,,,,,,,,
3162,3,Family Child Care,False,False,True,True,True,True,True,True,8,,,,,,,,,,,,,,,,,,,,
829,3,Child Care Center,False,False,False,True,True,True,True,True,52,,,,,,,,,,,,,,,,,,,,
1295,1,Child Care Center,True,True,False,True,True,True,True,True,72,,,,,,,,,,,,,,,,,,,,
5228,4,Child Care Center,True,True,False,True,True,True,True,True,100,,,,,,,,,,,,,,,,,,,,
812,4,Child Care Center,False,True,False,True,True,True,True,True,12,,,,,,,,,,,,,,,,Health and Wellness,,,,
1798,3,Family Child Care,False,False,True,True,True,True,True,True,8,,,,,,,,,,,,,,,,,,,,
6524,1,Family Child Care,False,False,True,True,True,True,True,True,8,,,,,,,,,,,,,,,,,,,,
4026,3,Family Child Care,False,False,True,True,True,True,True,True,8,,,,,,,,,,,,,,,,,,,,
2335,3,Family Child Care,False,False,True,True,True,True,True,True,8,,,,,,,,,,,,,,,,,,,,
6859,1,Family Child Care,False,False,True,True,True,True,True,True,8,,,,,,,,,,,,,,,,,,,,
4664,3,Family Child Care,False,False,True,True,True,True,True,True,8,,,,,,,,,,,,,,,,,,,,
4416,5,Public Prekindergarten,,,,,,,,,,,,,,,Maryland Accreditation,,,,,Accredited Program,,,,,,,,,
5456,1,Family Child Care,False,False,True,True,True,True,True,True,8,,,,,,,,,,,,,,,,,,,,
5688,1,Family Child Care,False,False,True,True,True,True,True,True,8,,,,,,,,,,,,,,,,,,,,
3705,1,Family Child Care,False,False,True,True,True,True,True,True,,,,,,,,,,,,,,,,,,,,,
4649,1,Family Child Care,False,False,True,True,True,True,True,True,6,,,,,,,,,,,,,,,,,,,,
5010,1,Family Child Care,False,False,True,True,True,True,True,True,8,,,,,,,,,,,,,,,,,,,,
5204,3,Family Child Care,False,False,True,True,True,True,True,True,8,,,,,,,,,,,,,,,,,,,,
4557,3,Family Child Care,False,False,True,True,True,True,True,True,7,,,,,,,,,,,,,,,,,,,,
1428,4,Public Prekindergarten,,,,,,,,,,,,,,,Maryland Accreditation,,,,,Accredited Program,,,,,,,,,
4768,1,Family Child Care,,,,,,,,,,,,,,,,,,,,,,,,,,,,,
5181,3,Family Child Care,False,False,True,True,True,True,True,True,8,,,,,,,,,,,,,,,,,,,,
127,5,Family Child Care,False,False,True,True,True,True,True,True,8,,,,,,,,National Association for Family Child Care (NAFCC),,,Accredited Program,,,,,Health and Wellness,,,Quality Business Practices,
727,4,Public Prekindergarten,,,,,,,,,,,,,,,Maryland Accreditation,,,,,Accredited Program,,,,,,,,,
4881,2,Family Child Care,False,False,True,True,True,True,True,True,8,,,,,,,,,,,,,,,,,,,,
7002,1,School-Age Only,False,False,False,False,True,True,True,True,105,,,,,,Maryland Accreditation,,,,,Accredited Program,,,,,,,,,
5992,1,Family Child Care,False,False,True,True,True,True,True,True,8,,,,,,,,,,,,,,,,,,,,
5941,1,Family Child Care,False,False,True,True,True,True,True,True,8,,,,,,,,,,,,,,,,,,,,
2942,1,Family Child Care,False,False,True,True,True,True,True,True,7,,,,,,,,,,,,,,,,,,,,
4843,1,Family Child Care,False,False,True,True,True,True,True,True,8,,,,,,,,,,,,,,,,,,,,
6695,1,Family Child Care,False,False,True,True,True,True,True,True,8,,,,,,,,,,,,,,,,,,,,
1373,3,Family Child Care,False,False,True,True,True,True,True,True,6,,,,,,,,,,,,,,,,,,,,
177,1,Family Child Care,False,False,True,True,True,True,True,True,8,,,,,,,,,,,,,,,,,,,,
5827,3,Family Child Care,False,False,True,True,True,True,True,True,8,,,,,,,,,,,,,,,,,,,,
654,2,Child Care Center,False,False,False,True,True,True,True,True,93,,,,,,,,,,,,,,,,,,,,
4674,3,Child Care Center,True,True,False,True,True,True,True,False,20,,,,,,,,,,,,,,,,,,,,
6505,1,Family Child Care,False,False,True,True,True,True,True,True,5,,,,,,,,,,,,,,,,,,,,
5301,1,Family Child Care,False,False,False,True,True,True,True,True,8,,,,,,,,,,,,,,,,,,,,
3419,1,Family Child Care,False,False,True,True,True,True,True,True,8,,,,,,,,,,,,,,,,,,,,
1457,2,Family Child Care,False,False,True,True,True,True,True,True,8,,,,,,,,,,,,,,,,,,,,
3397,1,Family Child Care,False,False,True,True,True,True,True,True,8,,,,,,,,,,,,,,,,,,,,
3826,4,Family Child Care,False,False,True,True,True,True,True,True,8,,,,,,,,,,,,,,,,,,,,
5570,2,Family Child Care,False,False,True,True,True,True,True,True,8,,,,,,,,,,,,,,,,,,,,
3080,1,Family Child Care,False,False,True,True,True,True,True,False,4,,,,,,,,,,,,,,,,,,,,
4546,1,Family Child Care,False,False,True,True,True,True,True,True,8,,,,,,,,,,,,,,,,,,,,
3567,1,Child Care Center,True,True,False,True,True,True,True,True,79,,,,,,,,,,,,,,,,,,,,
3746,4,Child Care Center,True,True,False,True,True,True,True,True,64,,,,,,,,,,,,,,,,,,,,
3580,3,Child Care Center,False,False,False,False,True,True,True,False,120,,,,,,,,,,,,,,,,,,,,
5987,1,Family Child Care,False,False,True,True,True,True,True,True,,,,,,,,,,,,,,,,,,,,,
22,1,Family Child Care,False,False,True,True,True,True,True,True,8,,,,,,,,,,,,,,,,,,,,
752,1,Family Child Care,False,False,True,True,True,True,True,True,8,,,,,,,,,,,,,,,,,,,,
3740,4,Public Prekindergarten,,,,,,,,,,,,,,,Maryland Accreditation,,,,,Accredited Program,,,,,,,,,
5186,1,Child Care Center,True,True,False,True,True,True,True,True,49,,,,,,,,,,,,,,,,,,,,
4258,1,Child Care Center,,,,,,,,,,,,,,,,,,,,,,,,,,,,,
5162,4,Public Prekindergarten,,,,,,,,,,,,,,,Maryland Accreditation,,,,,Accredited Program,,,,,,,,,
3170,2,Family Child Care,False,False,True,True,True,True,True,True,8,,,,,,,,,,,,,,,,,,,,
2591,1,Family Child Care,False,False,True,True,True,True,True,True,4,,,,,,,,,,,,,,,,,,,,
6755,1,Family Child Care,False,False,True,True,True,True,True,True,8,,,,,,,,,,,,,,,,,,,Quality Business Practices,
5362,1,Family Child Care,False,False,True,True,True,True,True,True,7,,,,,,,,,,,,,,,,,,,,
5389,1,Family Child Care,False,False,True,True,True,True,True,True,,,,,,,,,,,,,,,,,,,,,
5908,1,Large Family Child Care,False,False,True,True,True,True,True,True,12,,,,,,,,,,,,,,,,,,,,
6884,1,Family Child Care,False,False,True,True,True,True,True,True,8,,,,,,,,,,,,,,,,,,,,
1785,3,Family Child Care,False,False,True,True,True,True,True,True,8,,,,,,,,,,,,,,,,,,,,
4060,3,Child Care Center,False,False,False,True,True,True,True,True,59,,,,,,,,,,,,,,,,,,,,
6105,2,Child Care Center,False,False,False,True,True,True,True,True,197,,,,,,,,,,,,,,,,,,,,
3241,3,Child Care Center,False,False,False,True,True,True,True,True,115,,,,,,,,,,,,,,,,,,,,
4802,4,Family Child Care,False,False,True,True,True,True,True,True,7,,,,,,,,,,,,,,,,,,,,
5650,1,Family Child Care,False,False,True,True,True,True,True,False,5,,,,,,,,,,,,,,,,,,,,
4009,3,Family Child Care,False,False,True,True,True,True,True,True,8,,,,,,,,,,,,,,,,,,,,
809,4,Public Prekindergarten,,,,,,,,,,,,,,,Maryland Accreditation,,,,,Accredited Program,,,,,,,,,
6459,5,Public Prekindergarten,,,,,,,,,,,,,,,Maryland Accreditation,,,,,Accredited Program,,,,,,,,,
6949,5,Family Child Care,False,False,True,True,True,True,True,True,8,,,,,,,,National Association for Family Child Care (NAFCC),,,Accredited Program,,,,,,,,,
4129,1,School-Age Only,False,False,False,False,False,False,False,True,,,,,,,,,,,,,,,,,,,,,
5356,4,Public Prekindergarten,,,,,,,,,,,,,,,Maryland Accreditation,,,,,Accredited Program,,,,,,,,,
355,1,Family Child Care,False,False,True,True,True,True,True,True,8,,,,,,,,,,,,,,,,,,,,
2395,1,Family Child Care,False,False,True,True,True,True,True,True,8,,,,,,,,,,,,,,,,,,,,
5963,3,Family Child Care,False,False,True,True,True,True,True,True,8,,,,,,,,,,,,,,,,,,,,
6485,1,Family Child Care,False,False,True,True,True,True,True,True,8,,,,,,,,,,,,,,,,,,,,
3251,4,Large Family Child Care,False,False,True,True,True,True,True,True,12,,,,,,,,,,,,,,,,,,,,
2025,3,Family Child Care,False,False,True,True,True,True,True,True,8,,,,,,,,,,,,,,,,,,,,
917,4,Family Child Care,False,False,True,True,True,True,True,True,8,,,,,,,,,,,,,,,,,,,,
6144,3,Family Child Care,False,False,True,True,True,True,True,True,8,,,,,,,,,,,,,,,,,,,,
308,3,Family Child Care,False,False,True,True,True,True,True,True,8,,,,,,,,,,,,,,,,,,,,
6118,1,School-Age Only,False,False,False,False,False,False,False,True,,,,,,,,,,,,,,,,,,,,,
160,1,Child Care Center,True,True,False,True,True,True,True,True,200,,,,,,,,,,,,,,,,,,,,
351,5,Family Child Care,False,False,True,True,True,True,True,True,8,,,,,,,,National Association for Family Child Care (NAFCC),,,Accredited Program,,,,,,,,,
4824,3,Family Child Care,False,False,True,True,True,True,True,True,8,,,,,,,,,,,,,,,,,,,,
1099,1,Child Care Center,True,True,False,True,True,True,True,True,33,,,,,,,,,,,,,,,,,,,,
3626,5,Public Prekindergarten,,,,,,,,,,,,,,,Maryland Accreditation,,,,,Accredited Program,,,,,,,,,
6661,1,Child Care Center,True,True,False,True,True,True,True,True,30,,,,,,,,,,,,,,,,,,,,
4773,4,Public Prekindergarten,,,,,,,,,,,,,,,Maryland Accreditation,,,,,Accredited Program,,,,,,,,,
3619,4,Public Prekindergarten,,,,,,,,,,,,,,,Maryland Accreditation,,,,,Accredited Program,,,,,,,,,
2860,2,Child Care Center,False,False,False,True,True,True,True,True,181,,,,,,,,,,,,,,,,,,,,
6993,3,Family Child Care,False,False,True,True,True,True,True,True,8,,,,,,,,,,,,,,,,,,,,
6012,1,Family Child Care,False,False,True,True,True,True,True,True,7,,,,,,,,,,,,,,,,,,,,
433,3,Family Child Care,False,False,True,True,True,True,True,True,8,,,,,,,,,,,,,,,,,,,,
6858,1,Family Child Care,False,False,True,True,True,True,True,True,8,,,,,,,,,,,,,,,,,,,,
58,5,Public Prekindergarten,,,,,,,,,,,,,,,Maryland Accreditation,,,,,Accredited Program,,,,,,,,,
1523,1,Child Care Center,True,True,False,True,True,True,True,True,,,,,,,,,,,,,,,,,,,,,
5392,4,Public Prekindergarten,,,,,,,,,,,,,,,Maryland Accreditation,,,,,Accredited Program,,,,,,,,,
2965,1,Family Child Care,False,False,True,True,True,True,True,True,8,,,,,,,,,,,,,,,,,,,,
4439,1,Large Family Child Care,False,False,True,True,True,True,True,True,12,,,,,,,,,,,,,,,,,,,,
2599,1,Family Child Care,False,False,True,True,True,True,True,False,,,,,,,,,,,,,,,,,,,,,
2423,2,Family Child Care,False,False,True,True,True,True,True,True,8,,,,,,,,,,,,,,,,,,,,
6657,1,School-Age Only,False,False,False,False,False,False,False,True,96,,,,,,,,,,,,,,,,,,,,
5368,1,Child Care Center,False,False,False,True,True,True,True,True,77,,,,,,,,,,,,,,,,,,,,
2542,4,Child Care Center,True,True,False,True,True,True,True,False,56,,,,,,,,,,,,,,,,,,,,
3275,1,Child Care Center,True,True,False,True,True,True,True,False,99,,,,,,,,,,,,,,,,,,,,
5564,1,Family Child Care,False,False,True,True,True,True,True,True,8,,,,,,,,,,,,,,,,,,,,
3594,4,Public Prekindergarten,,,,,,,,,,,,,,,Maryland Accreditation,,,,,Accredited Program,,,,,,,,,
6009,1,Family Child Care,False,False,True,True,True,True,True,True,8,,,,,,,,,,,,,,,,,,,,
4140,2,Child Care Center,False,False,False,True,True,True,True,True,210,,,,,,,Middle States Association of Colleges and Schools Commission on Elementary and Secondary Schools (MSA-CESS),,,,Accredited Program,,,,,,,,,
1555,1,School-Age Only,False,False,False,False,False,False,False,True,30,,,,,,,,,,,,,,,,,,,,
164,4,Public Prekindergarten,,,,,,,,,,,,,,,Maryland Accreditation,,,,,Accredited Program,,,,,,,,,
767,1,Family Child Care,False,False,True,True,True,True,True,True,8,,,,,,,,,,,,,,,,,,,,
1916,3,Family Child Care,False,False,True,True,True,True,True,True,8,,,,,,,,,,,,,,,,,,,,
453,1,Family Child Care,False,False,True,True,True,True,True,True,8,,,,,,,,,,,,,,,,,,,,
1783,4,Family Child Care,False,False,True,True,True,True,True,True,8,,,,,,,,,,,,,,,,,,,,
6441,4,Child Care Center,True,True,False,True,True,True,True,True,175,,,,,,,,,,,,,,,,,,Military Child Care in Your Neighborhood,,
954,5,Large Family Child Care,False,False,True,True,True,True,True,True,10,,,,,,,,National Association for Family Child Care (NAFCC),,,Accredited Program,,,,,,,,,
5385,3,Family Child Care,False,False,True,True,True,True,True,True,7,,,,,,,,,,,,,,,,,,,,
5909,3,Family Child Care,False,False,True,True,True,True,True,True,8,,,,,,,,,,,,,,,,,,,,
576,1,Large Family Child Care,False,False,True,True,True,True,True,True,12,,,,,,,,,,,,,,,,,,,,
2618,1,Family Child Care,False,False,True,True,True,True,True,True,8,,,,,,,,,,,,,,,,,,,,
5066,2,LOC,False,False,False,True,True,True,True,False,99,,,,,,,,,,,,,,,,,,,,
1445,2,Child Care Center,False,False,False,False,True,True,True,False,51,,,,,,,,,,,,,,,,,,,,
3365,5,Child Care Center,False,False,False,True,True,True,True,True,187,,,,,,,Middle States Association of Colleges and Schools Commission on Elementary and Secondary Schools (MSA-CESS),,,,Accredited Program,,,,,,,,,
1526,2,Family Child Care,False,False,True,True,True,True,True,True,8,,,,,,,,,,,,,,,,,,,,
6684,1,Family Child Care,False,False,True,True,True,True,True,True,8,,,,,,,,,,,,,,,,,,,,
4765,4,Public Prekindergarten,,,,,,,,,,,,,,,Maryland Accreditation,,,,,Accredited Program,,,,,,,,,
6364,1,Child Care Center,True,True,False,True,True,True,True,True,105,,,,,,,,,,,,,,,,,,,,
1883,1,Child Care Center,True,True,False,True,True,True,True,True,146,,,,,,,,,,,,,,,,,,,,
2284,5,Public Prekindergarten,,,,,,,,,,,,,,,Maryland Accreditation,,,,,Accredited Program,,,,,,,,,
6139,5,Public Prekindergarten,,,,,,,,,,,,,,,Maryland Accreditation,,,,,Accredited Program,,,,,,,,,
3964,1,Family Child Care,False,False,True,True,True,True,True,True,8,,,,,,,,,,,,,,,,,,,,
5318,1,Family Child Care,False,False,True,True,True,True,True,True,8,,,,,,,,,,,,,,,,,,,,
1802,4,Public Prekindergarten,,,,,,,,,,,,,,,Maryland Accreditation,,,,,Accredited Program,,,,,,,,,
2898,1,Child Care Center,True,True,False,True,True,True,True,True,32,,,,,,,,,,,,,,,,,,,,
131,1,Child Care Center,True,True,False,True,True,True,True,True,90,,,,,,,,,,,,,,,,,,,,
3164,5,Public Prekindergarten,,,,,,,,,,,,,,,Maryland Accreditation,,,,,Accredited Program,,,,,,,,,
6094,1,School-Age Only,False,False,False,False,False,False,False,True,30,,,,,,,,,,,,,,,,,,,,
862,4,Family Child Care,False,False,False,True,True,True,True,True,8,,,,,,,,,,,,,,,,,,,,
5275,5,Public Prekindergarten,,,,,,,,,,,,,,,Maryland Accreditation,,,,,Accredited Program,,,,,,,,,
1470,1,Family Child Care,False,False,True,True,True,True,True,True,6,,,,,,,,,,,,,,,,,,,,
5638,4,Public Prekindergarten,,,,,,,,,,,,,,,Maryland Accreditation,,,,,Accredited Program,,,,,,,,,
202,5,Family Child Care,False,False,True,True,True,True,True,True,8,,,,,,,,National Association for Family Child Care (NAFCC),,,Accredited Program,,,,,,,,,
2401,1,Family Child Care,False,False,True,True,True,True,True,True,8,,,,,,,,,,,,,,,,,,,,
6507,1,Family Child Care,False,False,True,True,True,True,True,True,8,,,,,,,,,,,,,,,,,,,,
5257,1,Family Child Care,,,,,,,,,,,,,,,,,,,,,,,,,,,,,
5533,3,Family Child Care,False,False,True,True,True,True,True,True,7,,,,,,,,,,,,,,,,,,,,
3160,4,Family Child Care,False,False,True,True,True,True,True,True,8,,,,,,,,,,,,,,,,,,,,
2235,1,Family Child Care,False,False,True,True,True,True,True,True,8,,,,,,,,,,,,,,,,,,,,
5472,4,Family Child Care,False,False,True,True,True,True,True,True,8,,,,,,,,,,,,,,,,,,,,
2509,1,Child Care Center,False,False,False,True,True,True,True,True,104,,,,,,,,,,,,,,,,,,,,
5769,1,Family Child Care,False,False,True,True,True,True,True,True,8,,,,,,,,,,,,,,,,,,,,
6611,1,Family Child Care,False,False,True,True,True,True,True,True,8,,,,,,,,,,,,,,,,,,,,
1761,3,Family Child Care,False,False,True,True,True,True,True,True,8,,,,,,,,,,,,,,,,,Judy Center,Military Child Care in Your Neighborhood,,
2082,1,Family Child Care,False,False,True,True,True,True,True,True,7,,,,,,,,,,,,,,,,,,,,
2266,2,Family Child Care,False,False,True,True,True,True,True,True,8,,,,,,,,,,,,,,,,,,,,
6451,2,Large Family Child Care,False,False,True,True,True,True,True,True,12,,,,,,,,,,,,,,,,,,,,
3174,4,Family Child Care,False,False,True,True,True,True,True,True,8,,,,,,,,,,,,,,,,,,,,
6986,5,Public Prekindergarten,,,,,,,,,,,,,,,Maryland Accreditation,,,,,Accredited Program,,,,,,,,,
6614,5,Public Prekindergarten,,,,,,,,,,,,,,,Maryland Accreditation,,,,,Accredited Program,,,,,,,,,
1348,3,School-Age Only,False,False,False,False,False,False,False,True,45,,,,,,,,,,,,,,,,,,,,
2092,2,School-Age Only,,,,,,,,,,,,,,,,,,,,,,,,,,,,,
5041,1,Family Child Care,False,False,True,True,True,True,True,True,8,,,,,,,,,,,,,,,,,,,,
3429,1,Family Child Care,False,False,True,True,True,True,True,True,8,,,,,,,,,,,,,,,,,,,,
6029,5,Public Prekindergarten,,,,,,,,,,,,,,,Maryland Accreditation,,,,,Accredited Program,,,,,,,,,
506,4,Public Prekindergarten,,,,,,,,,,,,,,,Maryland Accreditation,,,,,Accredited Program,,,,,,,,,
152,1,School-Age Only,False,False,False,False,False,False,False,True,53,,,,,,,,,,,,,,,,,,,,
613,4,Public Prekindergarten,,,,,,,,,,,,,,,Maryland Accreditation,,,,,Accredited Program,,,,,,,,,
1469,3,Child Care Center,True,True,False,True,True,True,True,True,106,,,,,,,,,,,,,,,,,,,,
1691,2,Family Child Care,False,False,True,True,True,True,True,True,,,,,,,,,,,,,,,,,,,,,
2958,1,Family Child Care,False,False,True,True,True,True,True,True,8,,,,,,,,,,,,,,,,,,,,
6717,4,Family Child Care,False,False,True,True,True,True,True,True,,,,,,,,,,,,,,,,,,,,,
214,1,Family Child Care,False,False,True,True,True,True,True,True,8,,,,,,,,,,,,,,,,,,,,
6484,4,Child Care Center,True,True,False,True,True,True,True,True,84,,,,,,,,,,,,,,,,,,,,
5726,2,Family Child Care,False,False,True,True,True,True,True,True,7,,,,,,,,,,,,,,,,,,,,
6053,4,School-Age Only,False,False,False,False,False,True,True,True,52,,,,,,,,,,,,,,,,,,,,
2689,4,Family Child Care,False,False,False,True,True,True,True,True,8,,,,,,,,,,,,,,,,,Judy Center,,Quality Business Practices,
6935,1,Family Child Care,False,False,True,True,True,True,True,True,8,,,,,,,,,,,,,,,,,,,,
600,3,Family Child Care,False,False,True,True,True,True,True,True,8,,,,,,,,,,,,,,,,Health and Wellness,,,,
2134,1,Large Family Child Care,False,False,True,True,True,True,True,True,12,,,,,,,,,,,,,,,,,,,,
4970,3,Family Child Care,False,False,True,True,True,True,True,True,8,,,,,,,,,,,,,,,,,,,Quality Business Practices,
3950,3,Family Child Care,,,,,,,,,,,,,,,,,,,,,,,,,,,,,
3773,1,Large Family Child Care,False,False,True,True,True,True,True,True,12,,,,,,,,,,,,,,,,,,,,
6745,1,Family Child Care,False,False,True,True,True,True,True,True,8,,,,,,,,,,,,,,,,,,,,
4241,1,Family Child Care,False,False,True,True,True,True,True,True,8,,,,,,,,,,,,,,,,,,,,
894,2,Family Child Care,False,False,True,True,True,True,True,True,8,,,,,,,,,,,,,,,,,,,,
3464,1,Family Child Care,False,False,True,True,True,True,True,True,8,,,,,,,,,,,,,,,,,,,,
3858,1,Family Child Care,False,False,True,True,True,True,True,True,8,,,,,,,,,,,,,,,,,,,,
2379,1,Family Child Care,False,False,True,True,True,True,True,True,7,,,,,,,,,,,,,,,,,,,,
4519,2,Child Care Center,True,True,False,True,True,True,True,True,,,,,,,,,,,,,,,,,,,,,
5125,3,Large Family Child Care,False,False,True,True,True,True,True,True,12,,,,,,,,,,,,,,,,,,,,
2079,1,School-Age Only,False,False,False,False,False,False,False,True,72,,,,,,,,,,,,,,,,,,,,
6058,4,Public Prekindergarten,,,,,,,,,,,,,,,Maryland Accreditation,,,,,Accredited Program,,,,,,,,,
6188,1,Child Care Center,False,False,False,True,True,True,True,True,61,,,,,,,,,,,,,,,,,,,,
3123,3,Child Care Center,True,True,False,True,True,True,True,True,100,,,,,,,,,,,,,,,,,,,,
2738,2,Child Care Center,True,True,False,True,True,True,True,False,72,,,,,,,,,,,,,,,,,,,,
5917,3,LOC,False,False,False,True,True,True,True,True,155,,,,,,,,,,,,,,,,,,,,
6162,1,Child Care Center,False,False,False,False,True,True,True,True,75,,,,,,,,,,,,,,,,,,,,
604,5,Child Care Center,False,False,False,True,True,True,True,True,199,,,,,,Maryland Accreditation,,,,,Accredited Program,,,,,,,,,
4017,1,Child Care Center,False,False,False,True,True,True,True,True,125,,,,,,,,,,,,,,,,,,,,
6937,3,LOC,False,False,False,True,True,True,True,True,75,,,,,,,,,,,,,,,,,,,,
6679,2,Child Care Center,False,False,False,False,True,True,True,True,336,,,,,,,,,,,,,,,,,,,,
2096,3,Family Child Care,False,False,True,True,True,True,True,True,8,,,,,,,,,,,,,,,,,,,,
2462,1,Family Child Care,False,False,True,True,True,True,True,True,8,,,,,,,,,,,,,,,,,,,,
198,1,Family Child Care,False,False,True,True,True,True,True,True,8,,,,,,,,,,,,,,,,,,,,
4421,2,Family Child Care,False,False,True,True,True,True,True,True,8,,,,,,,,,,,,,,,,,,,,
6261,1,School-Age Only,False,False,False,False,False,False,False,True,60,,,,,,,,,,,,,,,,,,,,
2514,4,Public Prekindergarten,,,,,,,,,,,,,,,Maryland Accreditation,,,,,Accredited Program,,,,,,,,,
2857,1,Child Care Center,True,True,False,True,True,True,True,True,149,,,,,,,,,,,,,,,,,,,,
1869,2,Child Care Center,True,True,False,True,True,True,True,True,122,,,,,,,,,,,,,,,,,,,,
2871,1,Family Child Care,False,False,True,True,True,True,True,True,8,,,,,,,,,,,,,,,,,,,,
4455,3,Family Child Care,False,False,True,True,True,True,True,True,8,,,,,,,,,,,,,,,,,,,,
4619,1,Family Child Care,False,False,True,True,True,True,True,True,7,,,,,,,,,,,,,,,,,,,,
332,3,Family Child Care,False,False,True,True,True,True,True,True,8,True,,,,,,,,,,,,,,,,,,,
4154,1,Family Child Care,False,False,True,True,True,True,True,True,7,,,,,,,,,,,,,,,,,,,,
1752,4,Family Child Care,False,False,True,True,True,True,True,True,7,,,,,,,,,,,,,,,,,,,,
6919,1,Family Child Care,False,False,True,True,True,True,True,True,8,,,,,,,,,,,,,,,,,,,,
4008,4,Family Child Care,False,False,True,True,True,True,True,True,8,,,,,,,,,,,,,,,,,,,,
2407,1,Family Child Care,False,False,True,True,True,True,True,True,8,,,,,,,,,,,,,,,,,,,,
4777,1,Family Child Care,False,False,True,True,True,True,True,True,8,,,,,,,,,,,,,,,,,,,,
6513,1,Family Child Care,False,False,True,True,True,True,True,True,8,,,,,,,,,,,,,,,,,,,,
4262,4,Public Prekindergarten,,,,,,,,,,,,,,,Maryland Accreditation,,,,,Accredited Program,,,,,,,,,
4758,1,Family Child Care,False,False,True,True,True,True,True,True,6,,,,,,,,,,,,,,,,,,,,
5065,5,Public Prekindergarten,,,,,,,,,,,,,,,Maryland Accreditation,,,,,Accredited Program,,,,,,,,,
2693,1,Child Care Center,True,True,False,True,True,True,True,False,64,,,,,,,,,,,,,,,,,,,,
1925,3,Child Care Center,False,False,False,True,True,True,True,True,153,,,,,,,,,,,,,,,,,,,,
4198,1,Child Care Center,True,True,False,True,True,True,True,False,8,,,,,,,,,,,,,,,,,,,,
3712,2,Child Care Center,False,False,False,True,True,True,True,True,35,,,,,,,,,,,,,,,,,,,,
6749,3,Child Care Center,True,True,False,True,True,True,True,True,105,,,,,,,,,,,,,,,,,,,,
5284,2,Child Care Center,True,True,False,True,True,True,True,True,125,,,,,,,,,,,,,,,,,,,,
1789,3,Child Care Center,True,True,False,True,True,True,True,True,80,,,,,,,,,,,,,,,,,,,,
6260,1,Child Care Center,True,True,False,True,True,True,True,True,43,,,,,,,,,,,,,,,,,,,,
3719,2,Child Care Center,True,True,False,True,True,True,True,False,60,,,,,,,,,,,,,,,,,,,,
6415,1,LOC,False,False,False,True,True,True,True,True,92,,,,,,,,,,,,,,,,,,,,
1094,5,Child Care Center,True,True,False,True,True,True,True,True,138,,,,,,,,,,,Accredited Program,,,,,,,,,other
3445,2,Family Child Care,False,False,True,True,True,True,True,True,8,,,,,,,,,,,,,,,,,,,,
6136,1,Family Child Care,False,False,True,True,True,True,True,True,8,,,,,,,,,,,,,,,,,,,,
4939,2,Family Child Care,False,False,True,True,True,True,True,True,8,,,,,,,,,,,,,,,,,,,,
3071,5,Public Prekindergarten,,,,,,,,,,,,,,,Maryland Accreditation,,,,,Accredited Program,,,,,,,,,
4005,4,Family Child Care,False,False,True,True,True,True,True,True,7,,,,,,,,,,,,,,,,,,,,
3270,3,Family Child Care,False,False,True,True,True,True,True,True,8,,,,,,,,,,,,,,,,,,,,
3024,2,Family Child Care,False,False,True,True,True,True,True,True,8,,,,,,,,,,,,,,,,,,,,
1384,1,Family Child Care,False,False,True,True,True,True,True,True,8,,,,,,,,,,,,,,,,,,,,
1548,3,Child Care Center,True,True,False,True,True,True,True,False,12,,,,,,,,,,,,,,,,,,,,
6571,1,Child Care Center,True,True,False,True,True,True,True,True,36,,,,,,,,,,,,,,,,,,,,
3909,3,Family Child Care,False,False,True,True,True,True,True,True,8,,,,,,,,,,,,,,,,,,,,
3402,3,Family Child Care,False,False,True,True,True,True,True,True,8,,,,,,,,,,,,,,,,,,,,
1123,1,Family Child Care,False,False,True,True,True,True,True,True,8,,,,,,,,,,,,,,,,,,,,
2532,2,Family Child Care,False,False,True,True,True,True,True,True,8,,,,,,,,,,,,,,,,,,,,
4535,2,Family Child Care,False,False,True,True,True,True,True,True,7,,,,,,,,,,,,,,,,,,,,
1477,3,Family Child Care,False,False,True,True,True,True,True,True,,,,,,,,,,,,,,,,,,,,,
6817,1,School-Age Only,False,False,False,False,False,False,False,True,14,,,,,,,,,,,,,,,,,,,,
5326,4,Child Care Center,True,True,False,True,True,True,True,True,30,,,,,,,,,,,,,,,,,,,,
327,1,Family Child Care,False,False,True,False,False,False,False,False,8,,,,,,,,,,,,,,,,,,,,
3596,3,Large Family Child Care,False,False,True,True,True,True,True,True,12,,,,,,,,,,,,,,,,,,,,
6889,1,Child Care Center,True,True,False,True,True,True,True,True,76,,,,,,,,,,,,,,,,,,,,
2979,1,Child Care Center,True,True,False,True,True,True,True,True,,,,,,,,,,National Association for the Education of Young Children (NAEYC),,Accredited Program,,,,,,,Military Child Care in Your Neighborhood,,
756,4,Public Prekindergarten,,,,,,,,,,,,,,,Maryland Accreditation,,,,,Accredited Program,,,,,,,,,
1441,1,Child Care Center,False,False,False,False,True,True,True,True,50,,,,,,,,,,,,,,,,,,,,
1780,1,Child Care Center,,,,,,,,,,,,,,,,,,National Association for the Education of Young Children (NAEYC),,Accredited Program,,,,,,,,,
5492,4,Public Prekindergarten,,,,,,,,,,,,,,,Maryland Accreditation,,,,,Accredited Program,,,,,,,,,
1979,3,Family Child Care,False,False,True,True,True,True,True,True,8,,,,,,,,,,,,,,,,,,,,
6450,1,Family Child Care,False,False,True,True,True,True,True,True,8,,,,,,,,,,,,,,,,,,,,
588,1,School-Age Only,False,False,False,False,False,False,False,True,65,,,,,,,,,,,,,,,,,,,,
945,4,Public Prekindergarten,,,,,,,,,,,,,,,Maryland Accreditation,,,,,Accredited Program,,,,,,,,,
6175,1,School-Age Only,False,False,False,False,False,False,False,True,14,,,,,,,,,,,,,,,,,,,,
5759,1,Child Care Center,True,True,False,True,True,True,True,True,,True,,,,,,,,,,,,,,,,,,,
5672,2,Family Child Care,False,False,True,True,True,True,True,True,8,,,,,,,,,,,,,,,,,,,,
5689,3,Family Child Care,False,False,False,True,True,True,True,True,8,,,,,,,,,,,,,,,,,,,,
2360,3,Family Child Care,False,False,True,True,True,True,True,True,8,,,,,,,,,,,,,,,,,,,,
1409,3,Child Care Center,True,True,False,True,True,True,True,True,75,,,,,,,,,,,,,,,,,,,,
4090,5,Family Child Care,False,False,True,True,True,True,True,True,8,,,,,,,,National Association for Family Child Care (NAFCC),,,Accredited Program,,,,,,,,,
839,4,Large Family Child Care,False,False,True,True,True,True,True,True,12,,,,,,,,,,,,,,,,,,,,
388,5,Public Prekindergarten,,,,,,,,,,,,,,,Maryland Accreditation,,,,,Accredited Program,,,,,,,,,
4930,1,Family Child Care,False,False,True,True,True,True,True,True,8,,,,,,,,,,,,,,,,,,,,
6478,1,Child Care Center,,,,,,,,,,,,,,,,,,,,,,,,,,,,,
138,2,Family Child Care,False,False,True,True,True,True,True,True,,,,,,,,,,,,,,,,,,,,,
4808,1,School-Age Only,False,False,False,True,True,True,True,True,,,,,,,,,,,,,,,,,,,,,
6769,4,Public Prekindergarten,,,,,,,,,,,,,,,Maryland Accreditation,,,,,Accredited Program,,,,,,,,,
2418,1,School-Age Only,False,False,False,False,False,False,False,True,60,,,,,,,,,,,,,,,,,,,,
6794,5,Public Prekindergarten,,,,,,,,,,,,,,,Maryland Accreditation,,,,,Accredited Program,,,,,,,,,
5195,4,Public Prekindergarten,,,,,,,,,,,,,,,Maryland Accreditation,,,,,Accredited Program,,,,,,,,,
6305,1,Family Child Care,False,False,True,True,True,True,True,True,8,,,,,,,,,,,,,,,,,,,,
2432,5,Public Prekindergarten,,,,,,,,,,,,,,,Maryland Accreditation,,,,,Accredited Program,,,,,,,,,
4805,4,Public Prekindergarten,,,,,,,,,,,,,,,Maryland Accreditation,,,,,Accredited Program,,,,,,,,,
4095,3,LOC,False,False,False,True,True,True,True,True,,,,,,,,,,,,Accredited Program,,,,,,,,,
2398,4,Child Care Center,True,True,False,True,True,True,True,True,60,,,,,,,,,,,,,,,,,,,,
7000,1,School-Age Only,False,False,False,False,False,False,False,True,70,,,,,,,,,,,,,,,,,,,,
1052,1,Child Care Center,True,True,False,True,True,True,True,True,110,,,,,,,,,,,,,,,,,,,,
6698,1,Family Child Care,False,False,True,True,True,True,True,True,7,,,,,,,,,,,,,,,,,,,,
546,1,Family Child Care,False,False,True,True,True,True,True,True,8,,,,,,,,,,,,,,,,,,,,
3738,1,Family Child Care,False,False,True,True,True,True,True,True,8,,,,,,,,,,,,,,,,,,,,
4079,1,School-Age Only,False,False,False,False,False,True,True,True,30,,,,,,,,,,,,,,,,,,,,
417,1,School-Age Only,False,False,False,False,False,False,False,True,30,,,,,,,,,,,,,,,,,,,,
1590,1,School-Age Only,False,False,False,False,False,False,False,True,30,,,,,,,,,,,,,,,,,,,,
4243,1,Child Care Center,False,False,False,True,True,True,True,True,64,,,,,,,,,,,,,,,,,,,,
3892,3,Family Child Care,False,False,True,True,True,True,True,True,7,,,,,,,,,,,,,,,,,,,,
7004,1,Family Child Care,False,False,True,True,True,True,True,True,8,,,,,,,,,,,,,,,,,,,,
4755,1,Family Child Care,False,False,True,True,True,True,True,True,8,,,,,,,,,,,,,,,,,,,,
6186,2,Family Child Care,False,False,True,True,True,True,True,True,8,,,,,,,,,,,,,,,,,,,,
5431,3,Family Child Care,False,False,True,True,True,True,True,True,8,,,,,,,,,,,,,,,,,,,Quality Business Practices,
5219,1,Family Child Care,False,False,True,True,True,True,True,True,7,,,,,,,,,,,,,,,,,,,,
2184,1,School-Age Only,False,False,False,False,False,False,False,True,45,,,,,,,,,,,,,,,,,,,,
1397,2,School-Age Only,False,False,False,False,False,False,False,True,23,,,,,,,,,,,,,,,,,,,,
2870,1,School-Age Only,False,False,False,False,False,False,False,True,60,,,,,,,,,,,,,,,,,,,,
6670,2,School-Age Only,False,False,False,False,False,True,True,True,30,,,,,,,,,,,,,,,,,,,,
5189,1,Family Child Care,False,False,True,True,True,True,True,True,8,,,,,,,,,,,,,,,,,,,,
1051,4,Family Child Care,False,False,True,True,True,True,True,True,8,,,,,,,,,,,,,,,,,,,,
876,1,Large Family Child Care,False,False,True,True,True,True,True,True,10,,,,,,,,,,,,,,,,,,,,
4244,1,Family Child Care,False,False,True,True,True,True,True,True,8,,,,,,,,,,,,,,,,,,,,
5408,1,Family Child Care,False,False,True,True,True,True,True,True,8,,,,,,,,,,,,,,,,,,,,
875,4,Family Child Care,False,False,True,True,True,True,True,True,8,,,,,,,,,,,,,,,,,,,,
4054,5,Public Prekindergarten,,,,,,,,,,,,,,,Maryland Accreditation,,,,,Accredited Program,,,,,,,,,
2087,5,Public Prekindergarten,,,,,,,,,,,,,,,Maryland Accreditation,,,,,Accredited Program,,,,,,,,,
151,5,Family Child Care,False,False,True,True,True,True,True,True,8,,,,,,,,National Association for Family Child Care (NAFCC),,,Accredited Program,,,,,,,,,
1487,2,Child Care Center,True,True,False,True,True,True,True,True,85,,,,,,,,,,,,,,,,,,,,
4225,3,Family Child Care,False,False,True,True,True,True,True,True,8,,,,,,,,,,,,,,,,,,,,
3254,1,Child Care Center,False,False,False,True,True,True,True,True,40,,,,,,,,,,,,,,,,,,,,
2556,5,Public Prekindergarten,,,,,,,,,,,,,,,Maryland Accreditation,,,,,Accredited Program,,,,,,,,,
5731,1,Family Child Care,False,False,True,True,True,True,True,True,8,,,,,,,,,,,,,,,,,,,,
357,4,Family Child Care,False,False,True,True,True,True,True,True,8,,,,,,,,,,,,,,,,,,,,
4827,2,Child Care Center,True,True,False,True,True,True,True,False,62,,,,,,,,,,,,,,,,,,,,
5837,1,Family Child Care,False,False,True,True,True,True,True,True,8,,,,,,,,,,,,,,,,,,,,
3322,2,Family Child Care,False,False,True,True,True,True,True,True,8,,,,,,,,,,,,,,,,,,,,
500,5,Public Prekindergarten,,,,,,,,,,,,,,,Maryland Accreditation,,,,,Accredited Program,,,,,,,,,
717,1,Family Child Care,False,False,True,True,True,True,True,True,8,,,,,,,,,,,,,,,,,,,,
3499,3,Family Child Care,False,False,True,True,True,True,True,True,8,,,,,,,,,,,,,,,,,,,,
394,1,Family Child Care,False,False,True,True,True,True,True,True,8,,,,,,,,,,,,,,,,,,,,
6266,1,Child Care Center,False,False,False,True,True,True,True,True,25,,,,,,,,,,,,,,,,,,,,
229,5,Family Child Care,False,False,True,True,True,True,True,True,8,,,,,,,,National Association for Family Child Care (NAFCC),,,Accredited Program,,,,,,,,,
4530,3,Family Child Care,False,False,True,True,True,True,True,True,7,,,,,,,,,,,,,,,,,,,,
7007,4,Family Child Care,False,False,True,True,True,True,True,True,8,,,,,,,,National Association for Family Child Care (NAFCC),,,Accredited Program,,,,,,Judy Center,,,
895,5,Public Prekindergarten,,,,,,,,,,,,,,,Maryland Accreditation,,,,,Accredited Program,,,,,,,,,
928,2,Family Child Care,False,False,True,True,True,True,True,True,8,,,,,,,,,,,,,,,,,,,,
1435,5,Child Care Center,False,False,False,True,True,True,True,False,16,,,,,,Maryland Accreditation,,,,,Accredited Program,,,,,,,,,
36,2,Family Child Care,False,False,True,True,True,True,True,True,8,,,,,,,,,,,,,,,,,,,,
2256,1,Family Child Care,False,False,True,True,True,True,True,True,8,,,,,,,,,,,,,,,,,,,,
6349,1,Family Child Care,False,False,True,True,True,True,True,True,8,,,,,,,,,,,,,,,,,,,,
5513,1,Family Child Care,False,False,True,True,True,True,True,True,8,,,,,,,,,,,,,,,,,,,,
7033,3,Child Care Center,True,True,False,True,True,True,True,True,171,,,,,,,,,,,,Asthma & Allergy Friendly,,,,,,Military Child Care in Your Neighborhood,,
6555,4,Public Prekindergarten,,,,,,,,,,,,,,,,,,,,Accredited Program,,,,,,,,,
5912,1,School-Age Only,False,False,False,False,False,True,True,True,30,,,,,,,,,,,,,,,,,,,,
1325,2,Child Care Center,True,True,False,True,True,True,True,True,93,,,,,,,,,,,,,,,,,,,,
1895,5,Public Prekindergarten,,,,,,,,,,,,,,,Maryland Accreditation,,,,,Accredited Program,,,,,,Judy Center,,,
5139,1,Family Child Care,False,False,True,True,True,True,True,True,8,,,,,,,,,,,,,,,,,,,,
4654,5,Child Care Center,True,True,False,True,True,False,False,False,16,,,,,,Maryland Accreditation,,,,,Accredited Program,,,,,,,,,
4252,3,Family Child Care,False,False,True,True,True,True,True,True,8,,,,,,,,,,,,,,,,,,,,
652,5,Public Prekindergarten,,,,,,,,,,,,,,,,,,,,Accredited Program,,,,,,,,,
1952,1,Family Child Care,False,False,True,True,True,True,True,True,8,,,,,,,,,,,,,,,,,,,,
990,5,Child Care Center,False,False,False,True,True,True,True,True,119,,,,,,Maryland Accreditation,,,,,Accredited Program,,,,,,,,,
3611,1,Family Child Care,False,False,True,True,True,True,True,True,8,,,,,,,,,,,,,,,,,,,,
354,3,Child Care Center,True,True,False,True,True,True,True,True,38,,,,,,,,,,,,,,,,,,,,
724,3,Family Child Care,False,False,True,True,True,True,True,True,8,,,,,,,,,,,,,,,,,,,,
5448,2,Child Care Center,True,True,False,True,True,True,True,True,20,,,,,,,,,,,,,,,,,,,,
6708,1,Family Child Care,False,False,True,True,True,True,True,True,8,,,,,,,,,,,,,,,,,,,,
5064,3,Child Care Center,True,True,False,True,True,False,False,False,46,,,,,,,,,,,,,,,,,,,,
1848,5,Public Prekindergarten,,,,,,,,,,,,,,,Maryland Accreditation,,,,,Accredited Program,,,,,,,,,
1865,3,Family Child Care,False,False,True,True,True,True,True,True,8,,,,,,,,,,,,,,,,,,,,
3881,1,Family Child Care,False,False,True,True,True,True,True,True,8,,,,,,,,,,,,,,,,,,,,
6063,4,Child Care Center,True,True,False,True,True,True,True,True,63,,,,,,,,,,,,,,,,,,,,
6554,2,Family Child Care,False,False,True,True,True,True,True,True,8,,,,,,,,,,,,,,,,,,,,
195,3,Family Child Care,False,False,True,True,True,True,True,True,8,,,,,,,,,,,,,,,,,,,,
5667,1,Child Care Center,True,True,False,True,True,True,True,True,33,,,,,,,,,,,,,,,,,,,,
2286,5,Public Prekindergarten,,,,,,,,,,,,,,,Maryland Accreditation,,,,,Accredited Program,,,,,,,,,
6023,1,Family Child Care,False,False,True,True,True,True,True,True,7,,,,,,,,,,,,,,,,,,,,
4679,5,Child Care Center,False,False,False,True,True,True,True,True,80,,,,,,Maryland Accreditation,,,,,Accredited Program,,,,,,,Military Child Care in Your Neighborhood,,
1618,5,Child Care Center,False,False,False,True,True,True,True,False,72,,,,,,Maryland Accreditation,,,,,Accredited Program,Asthma & Allergy Friendly,,Eco-Friendly Program,Family Engagement,Health and Wellness,Judy Center,Military Child Care in Your Neighborhood,Quality Business Practices,
5444,5,School-Age Only,False,False,False,False,False,True,True,True,55,,,,,,Maryland Accreditation,,,,,Accredited Program,Asthma & Allergy Friendly,Cultural and Linguistic Competency,Eco-Friendly Program,Family Engagement,Health and Wellness,Judy Center,Military Child Care in Your Neighborhood,,
3627,5,Child Care Center,False,False,False,True,True,True,True,True,105,,,,,,Maryland Accreditation,,,,,Accredited Program,Asthma & Allergy Friendly,,,,,Judy Center,,,
838,5,Child Care Center,False,False,False,False,True,True,True,True,56,,,,,,Maryland Accreditation,,,,,Accredited Program,Asthma & Allergy Friendly,,,,,,Military Child Care in Your Neighborhood,,
2107,2,Family Child Care,False,False,True,True,True,True,True,True,8,,,,,,,,,,,,,,,,,,,Quality Business Practices,
5452,5,Child Care Center,False,False,False,True,True,True,True,False,29,,,,,,Maryland Accreditation,,,,,Accredited Program,,,,,,,,,
2172,5,Public Prekindergarten,,,,,,,,,,,,,,,Maryland Accreditation,,,,,Accredited Program,,,,,,,,,
4644,2,Family Child Care,False,False,True,True,True,True,True,True,8,,,,,,,,,,,,,,,,,,,,
15,3,Family Child Care,False,False,True,True,True,True,True,True,8,,,,,,,,,,,,,,,,,,,,
2136,1,Family Child Care,False,False,True,True,True,True,True,True,8,,,,,,,,,,,,,,,,,,,,
5974,3,Family Child Care,False,False,True,True,True,True,True,True,6,,,,,,,,,,,,,,,,,,,,
6590,3,Child Care Center,True,True,False,True,True,True,True,True,40,,,,,,,,,,,,,,,,,,,,
5566,1,Family Child Care,False,False,True,True,True,True,True,True,8,,,,,,,,,,,,,,,,,,,,
6825,2,Child Care Center,True,True,False,True,True,True,True,True,57,,,,,,,,,,,,,,,,,,,,
5791,2,Child Care Center,False,False,False,True,True,True,True,True,16,,,,,,,,,,,,,,,,,,,,
6347,3,Child Care Center,True,True,False,True,True,True,True,True,52,,,,,,,,,,,,,,,,,,,,
2064,1,Family Child Care,False,False,True,True,True,True,True,True,8,,,,,,,,,,,,,,,,,,,,
2018,1,Child Care Center,False,False,False,False,True,True,True,False,37,,,,,,,,,,,,,,,,,,,,
1734,1,LOC,False,False,False,True,True,True,True,False,32,,,,,,,,,,,,,,,,,,,,
392,1,Family Child Care,False,False,True,True,True,True,True,True,8,,,,,,,,,,,,,,,,,,,,
2303,1,Family Child Care,False,False,True,True,True,True,True,True,8,,,,,,,,,,,,,,,,,,,,
6245,2,Child Care Center,True,True,False,True,True,True,True,False,40,,,,,,,,,,,,,,,,,,,,
5902,1,Child Care Center,False,False,False,True,True,True,True,True,27,,,,,,,,,,,,,,,,,,,,
5118,1,Child Care Center,True,True,False,True,True,True,True,True,96,,,,,,,,,,,,,,,,,,,,
6885,2,Child Care Center,True,True,False,True,True,True,True,True,92,,,,,,,,,,,,,,,,,,,,
5035,1,Family Child Care,False,False,True,True,True,True,True,True,8,,,,,,,,,,,,,,,,,,,,
6644,5,Public Prekindergarten,,,,,,,,,,,,,,,Maryland Accreditation,,,,,Accredited Program,,,,,,,,,
6295,1,Family Child Care,False,False,True,True,True,True,True,True,8,,,,,,,,,,,,,,,,,,,,
5511,1,Large Family Child Care,False,False,True,True,True,True,True,True,12,,,,,,,,,,,,,,,,,,,,
6264,3,Family Child Care,False,False,True,True,True,True,True,True,6,,,,,,,,,,,,,,,,,,,,
597,3,Large Family Child Care,False,False,True,True,True,True,True,False,12,,,,,,,,,,,,,,,,,,,,
2143,1,Family Child Care,False,False,True,True,True,True,True,True,8,,,,,,,,,,,,,,,,,,,,
4257,3,Family Child Care,False,False,True,True,True,True,True,True,8,,,,,,,,,,,,,,,,,,,,
6394,1,Large Family Child Care,False,False,True,True,True,True,True,True,12,,,,,,,,,,,,,,,,,,,,
1411,5,Public Prekindergarten,,,,,,,,,,,,,,,Maryland Accreditation,,,,,Accredited Program,,,,,,,,,
6376,5,Public Prekindergarten,,,,,,,,,,,,,,,Maryland Accreditation,,,,,Accredited Program,,,,,,,,,
4074,5,Child Care Center,True,True,False,True,True,True,True,True,50,,,,,,Maryland Accreditation,,,,,Accredited Program,,,,,,,,,
6026,1,Child Care Center,True,True,False,True,True,True,True,True,143,,,,,,,,,,,,,,,,,,,,
2443,1,Family Child Care,,,,,,,,,,,,,,,,,,,,,,,,,,,,,
2138,3,Family Child Care,False,False,True,True,True,True,True,True,8,,,,,,,,,,,,,,,,,,,,
5519,5,Public Prekindergarten,,,,,,,,,,,,,,,Maryland Accreditation,,,,,Accredited Program,,,,,,,,,
3026,1,Family Child Care,False,False,True,True,True,True,True,True,8,,,,,,,,,,,,,,,,,,,,
4728,1,Child Care Center,True,True,False,True,True,True,True,False,50,,,,,,,,,,,,,,,,,,,,
6379,1,Family Child Care,False,False,True,True,True,True,True,True,8,,,,,,,,,,,,,,,,,,,,
1541,1,Family Child Care,False,False,True,True,True,True,True,True,8,,,,,,,,,,,,,,,,,,,,
1574,5,Public Prekindergarten,,,,,,,,,,,,,,,Maryland Accreditation,,,,,Accredited Program,,,,,,,,,
535,1,Family Child Care,False,False,True,True,True,True,True,True,8,,,,,,,,,,,,,,,,,,,,
6274,1,Family Child Care,False,False,True,True,True,True,True,True,8,,,,,,,,,,,,,,,,,,,,
3720,1,Family Child Care,False,False,True,True,True,True,True,True,8,,,,,,,,,,,,,,,,,,,,
6481,5,Large Family Child Care,False,False,False,True,True,True,True,True,12,,,,,,,,National Association for Family Child Care (NAFCC),,,Accredited Program,Asthma & Allergy Friendly,,,,,,Military Child Care in Your Neighborhood,,
2237,3,Family Child Care,False,False,True,True,True,True,True,True,8,,,,,,,,,,,,,,,,,,,,
7088,5,Child Care Center,True,True,False,True,True,True,True,False,48,,,,,,Maryland Accreditation,,,,,Accredited Program,,,,,,,,,
3685,5,Public Prekindergarten,,,,,,,,,,,,,,,Maryland Accreditation,,,,,Accredited Program,,,,,,,,,
1309,3,Family Child Care,False,False,True,True,True,True,True,True,7,,,,,,,,,,,,,,,,,,,,
2337,1,Family Child Care,False,False,True,True,True,True,True,True,6,,,,,,,,,,,,,,,,,,,,
1361,3,Large Family Child Care,False,False,True,True,True,True,True,True,8,,,,,,,,,,,,,,,,,,,,
2330,5,Public Prekindergarten,,,,,,,,,,,,,,,Maryland Accreditation,,,,,Accredited Program,,,,,,,,,
2920,5,Public Prekindergarten,,,,,,,,,,,,,,,Maryland Accreditation,,,,,Accredited Program,,,,,,,,,
476,4,Child Care Center,True,True,False,True,True,True,True,True,33,,,,,,,,,,,,,,,,,,,,
1592,3,Child Care Center,False,False,False,True,True,True,True,True,75,,,,,,,,,,,,,Cultural and Linguistic Competency,,Family Engagement,Health and Wellness,,,Quality Business Practices,
7027,5,Public Prekindergarten,,,,,,,,,,,,,,,Maryland Accreditation,,,,,Accredited Program,,,,,,,,,
5062,1,Family Child Care,False,False,True,True,True,True,True,True,6,,,,,,,,,,,,,,,,,,,,
103,4,Child Care Center,True,True,False,True,True,True,True,True,76,,,,,,,,,,,,,,,,,,,,
2459,4,Child Care Center,False,False,False,True,True,True,True,True,124,,,,,,,,,,,,,,,,,,,,
2544,1,Child Care Center,False,False,False,True,True,True,True,True,22,,,,,,,,,,,,,,,,,,,,
4631,5,Public Prekindergarten,,,,,,,,,,,,,,,Maryland Accreditation,,,,,Accredited Program,,,,,,,,,
6809,5,Child Care Center,True,True,False,True,True,True,True,True,112,,,,,,Maryland Accreditation,,,,,Accredited Program,,,,,,,,,
3907,3,Family Child Care,False,False,True,True,True,True,True,True,8,,,,,,,,,,,,,,,,,,,,
4109,5,Public Prekindergarten,,,,,,,,,,,,,,,Maryland Accreditation,,,,,Accredited Program,,,,,,,,,
4191,1,Family Child Care,False,False,True,True,True,True,True,True,8,,,,,,,,,,,,,,,,Health and Wellness,,,,
4203,3,Family Child Care,False,False,True,True,True,True,True,True,8,,,,,,,,,,,,,,,,,,,,
1488,3,Family Child Care,False,False,True,True,True,True,True,True,8,,,,,,,,,,,,,,,,,,,,
6623,5,Family Child Care,,,,,,,,,,,,,,,,,National Association for Family Child Care (NAFCC),,,Accredited Program,,,,,Health and Wellness,,,,
6372,5,Public Prekindergarten,,,,,,,,,,,,,,,Maryland Accreditation,,,,,Accredited Program,,,,,,,,,
6645,1,Family Child Care,False,False,True,True,True,True,True,True,8,,,,,,,,,,,,,,,,,,,,
4027,3,Family Child Care,False,False,True,True,True,True,True,True,8,,,,,,,,,,,,,,,,,,,,
545,3,Family Child Care,False,False,True,True,True,True,True,True,8,,,,,,,,,,,,,,,,,,,,
6109,3,Family Child Care,False,False,True,True,True,True,True,True,7,,,,,,,,,,,,,,,,,,,,
5852,1,Large Family Child Care,False,False,True,True,True,True,True,True,12,,,,,,,,,,,,,,,,,,,,
7052,3,Family Child Care,False,False,True,True,True,True,True,True,8,,,,,,,,,,,,,,,,,,,,
6852,3,Family Child Care,False,False,True,True,True,True,True,True,8,,,,,,,,,,,,,,,,,,,,
3198,1,School-Age Only,False,False,False,False,False,False,False,True,60,,,,,,,,,,,,,,,,,,,,
5136,1,Family Child Care,False,False,True,True,True,True,True,True,8,,,,,,,,,,,,,,,,,,,,
640,1,Child Care Center,False,False,False,True,True,True,True,False,79,,,,,,,,,,,,,,,,,,,,
6240,1,Large Family Child Care,False,False,True,True,True,True,True,True,12,,,,,,,,,,,,,,,,,,,,
4890,2,Family Child Care,False,False,True,True,True,True,True,True,7,,,,,,,,,,,,,,,,,,,,
6840,5,Family Child Care,False,False,True,True,True,True,True,True,6,,,,,,,,National Association for Family Child Care (NAFCC),,,Accredited Program,,,,,,,,,
6810,1,Family Child Care,False,False,True,True,True,True,True,True,8,,,,,,,,,,,,,,,,,,,,
7053,3,Child Care Center,True,True,False,True,True,True,True,True,92,,,,,,,,,,,,,,,,,,,,
2561,5,Public Prekindergarten,,,,,,,,,,,,,,,Maryland Accreditation,,,,,Accredited Program,,,,,,,,,
906,3,Family Child Care,False,False,True,True,True,True,True,True,8,,,,,,,,,,,,,,,,,,,,
3232,1,Child Care Center,True,True,False,True,True,True,True,True,308,,,,,,,,,,,,,,,,,,,,
7077,3,Family Child Care,False,False,True,True,True,True,True,True,8,,,,,,,,,,,,,,,,,,,,
1164,4,Public Prekindergarten,,,,,,,,,,,,,,,Maryland Accreditation,,,,,Accredited Program,,,,,,,,,
973,1,Family Child Care,False,False,True,True,True,True,True,False,5,,,,,,,,,,,,,,,,,,,,
5676,5,Public Prekindergarten,,,,,,,,,,,,,,,Maryland Accreditation,,,,,Accredited Program,,,,,,,,,
5937,1,Family Child Care,False,False,True,True,True,True,True,True,8,,,,,,,,,,,,,,,,,,,,
5885,1,Family Child Care,False,False,True,True,True,True,True,True,8,,,,,,,,,,,,,,,,,,,,
1668,1,Family Child Care,False,False,True,True,True,True,True,True,8,,,,,,,,,,,,,,,,,,,,
6932,3,Family Child Care,False,False,True,True,True,True,True,True,7,,,,,,,,,,,,,,,,,,,,
1107,1,Family Child Care,False,False,True,True,True,True,True,True,8,,,,,,,,,,,,,,,,,,,,
681,3,Child Care Center,True,True,False,True,True,True,True,True,176,,,,,,,,,,,,,,,,,,,,
5877,5,Child Care Center,False,True,False,True,True,True,True,True,60,,,,,,Maryland Accreditation,,,,,Accredited Program,,,,,,,,,
2511,1,School-Age Only,False,False,False,False,False,True,True,True,30,,,,,,,,,,,,,,,,,,,,
1999,5,Child Care Center,False,False,False,True,True,True,True,True,90,,,,,,Maryland Accreditation,,,,,Accredited Program,,,,,,,,,
6961,3,Family Child Care,False,False,True,True,True,True,True,True,8,,,,,,,,,,,,,,,,,,,,
5547,3,Family Child Care,False,False,True,True,True,True,True,True,7,,,,,,,,,,,,,,,,,,,,
5607,3,Family Child Care,False,False,True,True,True,True,True,True,8,,,,,,,,,,,,,,,,,,,,
641,5,Child Care Center,False,False,False,False,True,True,True,False,20,,,,,,Maryland Accreditation,,,,,Accredited Program,,,,,,,,,
5740,1,Family Child Care,False,False,True,True,True,True,True,True,8,,,,,,,,,,,,,,,,,,,,
2740,5,Public Prekindergarten,,,,,,,,,,,,,,,Maryland Accreditation,,,,,Accredited Program,,,,,,,,,
3081,1,Child Care Center,False,False,False,True,True,True,True,True,33,,,,,,,,,,,,,,,,,,,,
1702,5,Public Prekindergarten,,,,,,,,,,,,,,,Maryland Accreditation,,,,,Accredited Program,,,,,,,,,
3042,3,LOC,False,False,False,True,True,True,True,True,65,,,,,,,,,,,,,,,,,,,,
4498,5,Public Prekindergarten,,,,,,,,,,,,,,,Maryland Accreditation,,,,,Accredited Program,,,,,,,,,
637,5,Public Prekindergarten,,,,,,,,,,,,,,,Maryland Accreditation,,,,,Accredited Program,,,,,,,,,
740,3,Family Child Care,False,False,True,True,True,True,True,True,8,,,,,,,,,,,,,,,,,,,,
6154,1,Family Child Care,False,False,True,True,True,True,True,True,7,,,,,,,,,,,,,,,,,,,,
1372,1,Family Child Care,False,False,True,True,True,True,True,True,8,,,,,,,,,,,,,,,,,,,,
3989,5,Public Prekindergarten,,,,,,,,,,,,,,,Maryland Accreditation,,,,,Accredited Program,,,,,,,,,
5082,5,Public Prekindergarten,,,,,,,,,,,,,,,Maryland Accreditation,,,,,Accredited Program,,,,,,,,,
4267,1,Family Child Care,False,False,True,True,True,True,True,True,5,,,,,,,,,,,,,,,,,,,,
454,5,Child Care Center,False,False,False,True,True,True,True,True,124,,,,,,Maryland Accreditation,,,,,Accredited Program,,,,,,,,,
3599,5,Child Care Center,False,False,False,True,True,True,True,True,86,,,,,,Maryland Accreditation,,,,,Accredited Program,,,,,,,,,
3329,5,Public Prekindergarten,,,,,,,,,,,,,,,Maryland Accreditation,,,,,Accredited Program,,,,,,,,,
2835,3,Family Child Care,False,False,False,True,True,True,True,True,8,,,,,,,,,,,,,,,,,,,,
3316,5,Public Prekindergarten,,,,,,,,,,,,,,,Maryland Accreditation,,,,,Accredited Program,,,,,,,,,
53,3,Family Child Care,False,False,True,True,True,True,True,True,8,,,,,,,,,,,,,,,,,,,,
2574,4,LOC,False,False,False,True,True,True,True,True,81,,,,,,,,,,,,,,,,,,,,
2291,5,Public Prekindergarten,,,,,,,,,,,,,,,Maryland Accreditation,,,,,Accredited Program,,,,,,,,,
147,1,Family Child Care,False,False,True,True,True,True,True,True,8,,,,,,,,,,,,,,,,,,,,
3018,2,Family Child Care,False,False,True,True,True,True,True,True,8,,,,,,,,,,,,,,,,,,,,
3990,5,Child Care Center,True,True,False,True,True,True,True,False,134,,,,,,Maryland Accreditation,,,,,Accredited Program,,,,,,,,,
4859,1,Child Care Center,False,True,False,True,True,True,True,True,36,,,,,,,,,,,,,,,,,,,,
7083,4,Family Child Care,False,False,True,True,True,True,True,True,7,,,,,,,,,,,,,,,,,,,,
3355,5,Public Prekindergarten,,,,,,,,,,,,,,,Maryland Accreditation,,,,,Accredited Program,,,,,,,,,
6928,3,Family Child Care,False,False,True,True,True,True,True,True,7,,,,,,,,,,,,,,,,,,,Quality Business Practices,
4099,5,Public Prekindergarten,,,,,,,,,,,,,,,Maryland Accreditation,,,,,Accredited Program,,,,,,,,,
4855,3,Child Care Center,True,True,False,True,True,True,True,False,40,,,,,,,,,,,,,,,,,,,,
4219,5,Large Family Child Care,False,False,True,True,True,True,True,True,12,,,,,,,,National Association for Family Child Care (NAFCC),,,Accredited Program,,,,,,,,,
207,3,Family Child Care,False,False,True,True,True,True,True,True,8,,,,,,,,,,,,,,,,,,,,
6265,1,Family Child Care,False,False,True,True,True,True,True,True,8,,,,,,,,,,,,,,,,,,,,
440,1,Child Care Center,True,True,False,True,True,True,True,True,36,,,,,,,,,,,,,,,,,,,,
2428,3,Child Care Center,False,False,False,False,True,True,True,False,20,,,,,,,,,,,,,,,,,,,,
1808,4,Family Child Care,False,False,True,True,True,True,True,True,7,,,,,,,,,,,,,,,,,,,,
3640,5,Public Prekindergarten,,,,,,,,,,,,,,,Maryland Accreditation,,,,,Accredited Program,,,,,,,,,
2735,5,Public Prekindergarten,,,,,,,,,,,,,,,Maryland Accreditation,,,,,Accredited Program,,,,,,,,,
1715,2,School-Age Only,False,False,False,False,False,True,True,True,30,,,,,,,,,,,,,,,,,,,,
3262,2,School-Age Only,False,False,False,False,False,True,True,True,30,,,,,,,,,,,,,,,,,,,,
4864,4,Child Care Center,True,True,False,True,True,True,True,True,283,,,,,,,,,,,,,,,,,,Military Child Care in Your Neighborhood,,
4650,2,School-Age Only,False,False,False,False,False,False,False,True,30,,,,,,,,,,,,,,,,,,,,
110,2,School-Age Only,False,False,False,False,False,True,True,True,30,,,,,,,,,,,,,,,,,,,,
4807,2,School-Age Only,False,False,False,False,False,True,True,True,30,,,,,,,,,,,,,,,,,,,,
6483,1,School-Age Only,False,False,False,False,False,True,True,True,30,,,,,,,,,,,,,,,,,,,,
7014,2,School-Age Only,False,False,False,False,False,False,False,True,30,,,,,,,,,,,,,,,,,,,,
507,2,School-Age Only,False,False,False,False,False,True,True,True,30,,,,,,,,,,,,,,,,,,,,
1669,1,School-Age Only,False,False,False,False,False,True,True,True,30,,,,,,,,,,,,,,,,,,,,
4976,1,School-Age Only,False,False,False,False,False,True,True,True,30,,,,,,,,,,,,,,,,,,,,
6563,2,School-Age Only,False,False,False,False,False,True,True,True,30,,,,,,,,,,,,,,,,,,,,
2661,1,School-Age Only,False,False,False,False,False,True,True,True,30,,,,,,,,,,,,,,,,,,,,
4901,1,School-Age Only,False,False,False,False,False,True,True,True,30,,,,,,,,,,,,,,,,,,,,
4586,1,School-Age Only,False,False,False,False,False,True,True,True,30,,,,,,,,,,,,,,,,,,,,
1281,1,School-Age Only,False,False,False,False,False,True,True,True,60,,,,,,,,,,,,,,,,,,,,
941,2,School-Age Only,False,False,False,False,False,True,True,True,60,,,,,,,,,,,,,,,,,,,,
6360,2,School-Age Only,False,False,False,False,False,True,True,True,30,,,,,,,,,,,,,,,,,,,,
5216,1,School-Age Only,False,False,False,False,False,False,False,True,30,,,,,,,,,,,,,,,,,,,,
671,1,School-Age Only,False,False,False,False,False,True,True,True,30,,,,,,,,,,,,,,,,,,,,
2802,2,School-Age Only,False,False,False,False,False,True,True,True,45,,,,,,,,,,,,,,,,,,,,
6550,3,Family Child Care,False,False,True,True,True,True,True,True,8,,,,,,,,,,,,,,,,,,,,
3776,1,Family Child Care,False,False,True,True,True,True,True,True,8,,,,,,,,,,,,,,,,,,,,
4576,1,Family Child Care,False,False,True,True,True,True,True,True,7,,,,,,,,,,,,,,,,,,,,
6751,4,Family Child Care,False,False,True,True,True,True,True,True,8,,,,,,,,,,,,,,,,,,,,
3370,5,Public Prekindergarten,,,,,,,,,,,,,,,Maryland Accreditation,,,,,Accredited Program,,,,,,,,,
6732,1,Family Child Care,False,False,True,True,True,True,True,True,8,,,,,,,,,,,,,,,,,,,,
1858,5,Family Child Care,,,,,,,,,,,,,,,,,National Association for Family Child Care (NAFCC),,,Accredited Program,,,,,,,,,
2558,5,Child Care Center,True,True,False,True,True,True,True,True,130,,,,,,Maryland Accreditation,,,,,Accredited Program,,,,,,,,,
3752,1,Family Child Care,False,False,True,True,True,True,True,True,5,,,,,,,,,,,,,,,,,,,,
5113,3,Family Child Care,False,False,True,True,True,True,True,True,8,,,,,,,,,,,,,,,,,,,,
5442,3,Family Child Care,False,False,True,True,True,True,True,True,8,,,,,,,,,,,,,,,,,,,,
5030,3,Family Child Care,False,False,True,True,True,True,True,True,8,,,,,,,,,,,,,,,,,,,,
3558,5,Public Prekindergarten,,,,,,,,,,,,,,,,,,,,Accredited Program,,,,,,,,,
3389,3,Family Child Care,False,False,True,True,True,True,True,True,6,,,,,,,,,,,,,,,,,,,,
2846,3,Family Child Care,False,False,True,True,True,True,True,True,8,,,,,,,,,,,,,,,,,,,,
5145,1,Family Child Care,False,False,True,True,True,True,True,False,4,,,,,,,,,,,,,,,,,,,,
2736,5,Child Care Center,True,True,False,True,True,True,True,True,67,,,,,,Maryland Accreditation,,,,,Accredited Program,,,,,Health and Wellness,,,,
3014,1,Child Care Center,True,True,False,True,True,True,True,True,38,,,,,,,,,,,,,,,,,,,,
6780,3,Child Care Center,False,False,False,False,True,True,True,True,90,,,,,,,,,,,,,,,,,,,,
4767,1,Family Child Care,False,False,True,True,True,True,True,True,8,,,,,,,,,,,,,,,,,,,,
5317,1,Child Care Center,True,True,False,True,True,True,True,True,,,,,,,,,,,,,,,,,,,,,
2301,3,Family Child Care,False,False,True,True,True,True,True,True,8,,,,,,,,,,,,,,,,,,,,
3667,3,Family Child Care,False,False,True,True,True,True,True,True,8,,,,,,,,,,,,,,,,,,,,
2003,1,Family Child Care,False,False,True,True,True,True,True,True,8,,,,,,,,,,,,,,,,,,,,
3566,5,Public Prekindergarten,,,,,,,,,,,,,,,Maryland Accreditation,,,,,Accredited Program,,,,,,,,,
2163,1,Child Care Center,True,True,False,True,True,True,True,True,107,,,,,,,,,,,,,,,,,,,,
2597,3,Family Child Care,False,False,True,True,True,True,True,True,8,,,,,,,,,,,,,,,,,,,,
2950,1,Family Child Care,False,False,True,True,True,True,True,True,8,,,,,,,,,,,,,,,,,,,,
1490,3,Family Child Care,False,False,True,True,True,True,True,True,8,,,,,,,,,,,,,,,,,,,,
6391,1,Family Child Care,False,False,True,True,True,True,True,True,8,,,,,,,,,,,,,,,,,,,,
1645,5,Family Child Care,False,False,True,True,True,True,True,True,8,,,,,,,,National Association for Family Child Care (NAFCC),,,Accredited Program,,,,,,,,,
6336,5,Public Prekindergarten,,,,,,,,,,,,,,,Maryland Accreditation,,,,,Accredited Program,,,,,,,,,
6404,1,Family Child Care,False,False,True,True,True,True,True,True,8,,,,,,,,,,,,,,,,,,,,
373,5,Child Care Center,True,True,False,True,True,True,True,True,64,,,,,,Maryland Accreditation,,,,,Accredited Program,,,,,,,,,
168,1,Family Child Care,False,False,True,True,True,True,True,True,8,,,,,,,,,,,,,,,,,,,,
5429,3,Family Child Care,False,False,True,True,True,True,True,True,8,,,,,,,,,,,,,,,,,,,,
4350,2,Child Care Center,True,True,False,True,True,True,True,True,48,,,,,,,,,,,,,,,,,,,,
2397,1,Family Child Care,False,False,True,True,True,True,True,True,8,,,,,,,,,,,,,,,,,,,,
5603,1,Family Child Care,False,False,True,True,True,True,True,True,6,,,,,,,,,,,,,,,,,,,,
2804,3,Family Child Care,False,False,True,True,True,True,True,True,8,,,,,,,,,,,,,,,,,,,,
2267,1,Child Care Center,False,False,False,True,True,True,True,True,48,,,,,,,,,,,,,,,,,,,,
5474,4,Child Care Center,True,True,False,True,True,True,True,True,60,,,,,,,,,,,,,,,,,,,,
721,3,Family Child Care,False,False,True,True,True,True,True,True,8,,,,,,,,,,,,,,,,,,,,
1463,1,Family Child Care,False,False,True,True,True,True,True,True,7,,,,,,,,,,,,,,,,,,,,
3952,1,Family Child Care,False,False,True,True,True,True,True,True,8,,,,,,,,,,,,,,,,,,,,
3040,2,Child Care Center,True,True,False,True,True,True,True,False,62,,,,,,,,,,,,,,,,,,,,
6872,1,School-Age Only,False,False,False,False,True,True,True,True,60,,,,,,,,,,,,,,,,,,,,
37,1,Family Child Care,False,False,True,True,True,True,True,True,8,,,,,,,,,,,,,,,,,,,,
3976,2,Family Child Care,False,False,True,True,True,True,True,True,4,,,,,,,,,,,,,,,,,,,,
3837,1,Family Child Care,False,False,True,True,True,True,True,True,8,,,,,,,,,,,,,,,,,,,,
6174,3,Child Care Center,True,True,False,True,True,True,True,True,175,,,,,,,,,,,,,,,,,,,,
3182,1,Family Child Care,False,False,True,True,True,True,True,True,8,,,,,,,,,,,,,,,,,,,,
4729,3,Child Care Center,True,True,False,True,True,True,True,True,41,,,,,,,,,,,,,,,,,,,,
231,3,Family Child Care,False,False,True,True,True,True,True,True,7,,,,,,,,,,,,,,,,,,,,
4604,5,Public Prekindergarten,,,,,,,,,,,,,,,Maryland Accreditation,,,,,Accredited Program,,,,,,,,,
2386,3,Child Care Center,True,True,False,True,True,True,True,False,94,,,,,,,,,,,,,,,,,,Military Child Care in Your Neighborhood,,
2987,5,Public Prekindergarten,,,,,,,,,,,,,,,Maryland Accreditation,,,,,Accredited Program,,,,,,,,,
2861,5,Public Prekindergarten,,,,,,,,,,,,,,,Maryland Accreditation,,,,,Accredited Program,,,,,,,,,
1779,5,Public Prekindergarten,,,,,,,,,,,,,,,Maryland Accreditation,,,,,Accredited Program,,,,,,,,,
1403,1,Family Child Care,False,False,True,True,True,True,True,True,8,,,,,,,,,,,,,,,,,,,,
2537,1,Family Child Care,False,False,True,True,True,True,True,True,8,,,,,,,,,,,,,,,,,,,,
5777,1,Child Care Center,True,True,False,True,True,True,True,True,76,,,,,,,,,,,,,,,,,,,,
1512,3,Large Family Child Care,False,False,True,True,True,True,True,True,12,,,,,,,,,,,,,,,,,,,,
6207,1,Family Child Care,False,False,True,True,True,True,True,True,8,,,,,,,,,,,,,,,,,,,,
2486,1,Family Child Care,False,False,True,True,True,True,True,True,8,,,,,,,,,,,,,,,,,,,,
6981,1,Family Child Care,False,False,True,True,True,True,True,True,8,,,,,,,,,,,,,,,,,,,,
5006,1,Family Child Care,False,False,True,True,True,True,True,True,8,,,,,,,,,,,,,,,,,,,,
6388,3,Family Child Care,False,False,True,True,True,True,True,True,8,,,,,,,,,,,,,,,,,,,,
3398,3,Family Child Care,False,False,True,True,True,True,True,True,8,,,,,,,,,,,,,,,,,,,,
4494,3,Child Care Center,True,True,False,True,True,True,True,True,,,,,,,,,,,,,,,,,,,,,
1102,1,Child Care Center,False,False,False,False,False,True,True,True,200,,,,,,,Middle States Association of Colleges and Schools Commission on Elementary and Secondary Schools (MSA-CESS),,,,Accredited Program,,,,,,,,,
3634,1,Family Child Care,False,False,True,True,True,True,True,True,8,,,,,,,,,,,,,,,,,,,,
3629,1,Family Child Care,False,False,True,True,True,True,True,True,8,,,,,,,,,,,,,,,,,,,,
5426,1,Child Care Center,True,True,False,True,True,True,True,False,78,,,,,,,,,,,,,,,,,,,,
919,3,Child Care Center,True,True,False,True,True,True,True,True,26,,,,,,,,,,,,,,,,,,,,
5373,1,School-Age Only,False,False,False,False,True,True,True,True,90,,,,,,,,,,,,,,,,,,,,
1766,3,Child Care Center,True,True,False,True,True,True,True,True,162,,,,,,,,,,,,,,,,,,Military Child Care in Your Neighborhood,,
6544,1,Child Care Center,True,True,False,True,True,True,True,True,16,,,,,,,,,,,,,,,,,,,,
4136,1,Child Care Center,False,False,False,True,True,True,True,True,25,,,,,,,,,,,,,,,,,,,,
4541,3,Family Child Care,False,False,True,True,True,True,True,True,8,,,,,,,,,,,,,,,,,,,,
1605,1,Family Child Care,False,False,True,True,True,True,True,True,7,,,,,,,,,,,,,,,,,,,,
3514,5,Public Prekindergarten,,,,,,,,,,,,,,,Maryland Accreditation,,,,,Accredited Program,,,,,,,,,
4354,5,Public Prekindergarten,,,,,,,,,,,,,,,Maryland Accreditation,,,,,Accredited Program,,,,,,,,,
3601,3,Child Care Center,True,True,False,True,True,True,True,True,320,,,,,,,,,,,,,,,,,,,,
13,5,Public Prekindergarten,,,,,,,,,,,,,,,Maryland Accreditation,,,,,Accredited Program,,,,,,,,,
5811,5,Child Care Center,False,False,False,True,True,True,True,True,75,,,,,,Maryland Accreditation,,,,,Accredited Program,,,,,,,,Quality Business Practices,
6317,2,Child Care Center,True,True,False,True,True,True,True,False,42,,,,,,,,,,,,,,,,,,,,
389,3,Family Child Care,False,False,True,True,True,True,True,True,8,,,,,,,,,,,,,,,,,,,,
1889,1,School-Age Only,False,False,False,True,True,True,True,True,20,,,,,,,,,,,,,,,,,,,,
6117,5,Child Care Center,True,True,False,True,True,True,True,True,150,,,,,,,,,,,,,,,,,,,,
4277,2,Child Care Center,True,True,False,True,True,True,True,False,46,,,,,,,,,,,,,,,,,,,,
1744,5,Public Prekindergarten,,,,,,,,,,,,,,,Maryland Accreditation,,,,,Accredited Program,,,,,,,,,
277,5,Child Care Center,True,True,False,True,True,True,True,True,93,,,,,,Maryland Accreditation,,,,,Accredited Program,,,,,,,,,
1256,3,Family Child Care,False,False,True,True,True,True,True,True,8,,,,,,,,,,,,,,,,,,,,
2406,3,Child Care Center,False,False,False,True,True,True,True,True,,,,,,,,,,,,,,,,,,,,,
4705,1,Child Care Center,True,True,False,True,True,True,True,True,66,,,,,,,,,,,,,,,,,,,,
3075,1,Family Child Care,False,False,True,True,True,True,True,True,8,,,,,,,,,,,,,,,,,,,,
1153,3,Child Care Center,True,True,False,True,True,True,True,True,75,,,,,,,,,,,,,,,,,,,,
3603,1,Family Child Care,False,False,True,True,True,True,True,True,8,,,,,,,,,,,,,,,,,,,,
1971,1,Family Child Care,False,False,True,True,True,True,True,True,6,,,,,,,,,,,,,,,,,,,,
3542,1,Child Care Center,False,False,False,True,True,True,True,True,32,,,,,,,,,,,,,,,,,,,,
3047,5,Child Care Center,True,True,False,True,True,True,True,True,117,,,,,,Maryland Accreditation,,,,,Accredited Program,,,,,,,,,
1672,1,Family Child Care,False,False,True,True,True,True,True,True,8,,,,,,,,,,,,,,,,,,,,
381,1,Family Child Care,False,False,True,True,True,True,True,True,,,,,,,,,,,,,,,,,,,,,
2039,5,Child Care Center,,,,,,,,,,,,,,,Maryland Accreditation,,,,,Accredited Program,,,,,,,,,
6643,5,Public Prekindergarten,,,,,,,,,,,,,,,Maryland Accreditation,,,,,Accredited Program,,,,,,,,,
6097,3,Family Child Care,False,False,True,True,True,True,True,True,8,,,,,,,,,,,,,,,,,,,Quality Business Practices,
6652,5,Public Prekindergarten,,,,,,,,,,,,,,,Maryland Accreditation,,,,,Accredited Program,,,,,,,,,
6877,5,Public Prekindergarten,,,,,,,,,,,,,,,Maryland Accreditation,,,,,Accredited Program,,,,,,,,,
4001,1,Child Care Center,False,True,False,True,True,True,True,False,24,,,,,,,,,,,,,,,,,,,,
34,5,Child Care Center,True,True,False,True,True,True,True,True,105,,,,,,Maryland Accreditation,,,,,Accredited Program,,,,,Health and Wellness,,,,
427,5,Public Prekindergarten,,,,,,,,,,,,,,,Maryland Accreditation,,,,,Accredited Program,,,,,,,,,
6979,4,Child Care Center,,,,,,,,,,,,,,,,,,,,,,,,,,,,,
3772,3,Family Child Care,False,False,True,True,True,True,True,True,7,,,,,,,,,,,,,,,,,,,,
4910,2,Family Child Care,False,False,True,True,True,True,True,True,8,,,,,,,,,,,,,,,,,,,,
