provider_id,qr_rating,has_license_number,dhhs_matched,capacity,full_time_staff,part_time_staff,num_accreditations,dhhs_capacity,dhhs_age_from_months,dhhs_age_to_months,dhhs_days_open_count,dhhs_hours_from_minutes,dhhs_hours_to_minutes,dhhs_hours_open_minutes,dhhs_issue_year,accred_national_association_for_the_education_of_young_children,accred_national_early_childhood_program_accreditation,accred_national_lutheran_school_accreditation,age_infants,age_preschool,age_school_age,age_toddlers,day_friday,day_monday,day_saturday,day_sunday,day_thursday,day_tuesday,day_wednesday,info_accepts_child_care_subsidy,info_serves_children_with_special_needs,lictype_child_care_center,lictype_family_child_care_home_i,lictype_family_child_care_home_ii,lictype_preschool,lictype_provisional_child_care_center,lictype_provisional_family_child_care_home_i,lictype_provisional_family_child_care_home_ii,ptype_child_care_center,ptype_family_child_care_home,ptype_head_start,ptype_preschool,ptype_public_school,accred_other,geo_county_0,geo_county_1,geo_county_10,geo_county_11,geo_county_12,geo_county_13,geo_county_14,geo_county_15,geo_county_16,geo_county_17,geo_county_18,geo_county_19,geo_county_2,geo_county_20,geo_county_21,geo_county_22,geo_county_23,geo_county_24,geo_county_25,geo_county_26,geo_county_27,geo_county_28,geo_county_29,geo_county_3,geo_county_30,geo_county_31,geo_county_32,geo_county_33,geo_county_34,geo_county_35,geo_county_36,geo_county_37,geo_county_38,geo_county_39,geo_county_4,geo_county_40,geo_county_41,geo_county_42,geo_county_43,geo_county_5,geo_county_6,geo_county_7,geo_county_8,geo_county_9
774,1,True,True,150.0,12.0,8.0,0,150,1.38,156.0,5,360.0,1080.0,720.0,2023,False,False,False,True,True,True,True,True,True,False,False,True,True,True,True,True,True,False,False,False,False,False,False,True,False,False,False,False,False,False,False,False,False,False,False,False,False,False,False,False,False,False,False,False,True,False,False,False,False,False,False,False,False,False,False,False,False,False,False,False,False,False,False,False,False,False,False,False,False,False,False,False,False
1874,1,True,True,84.0,7.0,5.0,0,84,1.38,144.0,7,0.0,1440.0,1440.0,2011,False,False,False,True,True,True,True,True,True,True,True,True,True,True,False,False,True,False,False,False,False,False,False,True,False,False,False,False,False,False,False,False,False,False,False,False,False,False,False,False,False,False,False,False,False,False,False,False,False,False,False,False,False,False,False,False,True,False,False,False,False,False,False,False,False,False,False,False,False,False,False,False,False
1002,4,True,True,69.0,8.0,2.0,0,69,1.38,156.0,5,360.0,1080.0,720.0,2011,False,False,False,True,True,True,True,True,True,False,False,True,True,True,True,True,True,False,False,False,False,False,False,True,False,False,False,False,False,False,False,False,False,False,False,False,False,True,False,False,False,False,False,False,False,False,False,False,False,False,False,False,False,False,False,False,False,False,False,False,False,False,False,False,False,False,False,False,False,False,False,False,False
1508,4,True,True,86.0,10.0,3.0,0,86,1.38,156.0,5,360.0,1080.0,720.0,2013,False,False,False,True,True,False,True,True,True,False,False,True,True,True,True,True,True,False,False,False,False,False,False,True,False,False,False,False,False,False,False,False,False,False,False,False,False,True,False,False,False,False,False,False,False,False,False,False,False,False,False,False,False,False,False,False,False,False,False,False,False,False,False,False,False,False,False,False,False,False,False,False,False
2023,2,True,True,12.0,1.0,,0,12,1.38,156.0,5,360.0,1080.0,720.0,2023,False,False,False,True,True,False,True,True,True,False,False,True,True,True,True,False,False,False,True,False,False,False,False,False,True,False,False,False,False,False,True,False,False,False,False,False,False,False,False,False,False,False,False,False,False,False,False,False,False,False,False,False,False,False,False,False,False,False,False,False,False,False,False,False,False,False,False,False,False,False,False,False,False
1921,1,True,True,12.0,,,0,12,1.38,144.0,5,360.0,1020.0,660.0,2025,False,False,False,True,True,True,True,True,True,False,False,True,True,True,False,False,False,False,True,False,False,False,False,False,True,False,False,False,False,False,False,False,False,False,False,False,False,False,False,False,False,False,False,False,False,False,False,False,False,False,False,False,False,False,False,False,False,False,False,False,False,True,False,False,False,False,False,False,False,False,False,False,False
705,2,True,True,90.0,14.0,3.0,0,90,1.38,156.0,7,0.0,1440.0,1440.0,2021,False,False,False,True,True,True,True,True,True,True,True,True,True,True,True,False,True,False,False,False,False,False,False,True,False,False,False,False,False,False,False,False,False,False,False,False,False,False,False,False,False,False,False,False,False,False,False,False,False,False,False,False,False,True,False,False,False,False,False,False,False,False,False,False,False,False,False,False,False,False,False,False,False
490,2,True,True,150.0,12.0,7.0,0,150,1.38,156.0,5,0.0,1440.0,1440.0,2025,False,False,False,True,True,True,True,True,True,False,False,True,True,True,True,False,True,False,False,False,False,False,False,True,False,False,False,False,False,False,False,False,False,False,False,False,False,False,False,False,False,False,False,False,False,False,False,False,False,False,False,False,False,False,False,False,True,False,False,False,False,False,False,False,False,False,False,False,False,False,False,False,False
281,2,True,True,70.0,8.0,3.0,0,70,1.38,156.0,7,0.0,1440.0,1440.0,2016,False,False,False,True,True,True,True,True,True,True,True,True,True,True,True,False,True,False,False,False,False,False,False,True,False,False,False,False,False,False,False,False,False,False,False,False,False,False,False,False,False,False,False,False,False,False,False,False,False,False,False,False,False,True,False,False,False,False,False,False,False,False,False,False,False,False,False,False,False,False,False,False,False
523,2,True,True,80.0,6.0,3.0,0,80,1.38,156.0,5,360.0,1080.0,720.0,2018,False,False,False,True,True,True,True,True,True,False,False,True,True,True,True,False,True,False,False,False,False,False,False,True,False,False,False,False,False,False,False,False,False,False,False,False,False,False,False,False,False,False,False,False,False,False,False,False,False,False,False,False,False,False,False,False,True,False,False,False,False,False,False,False,False,False,False,False,False,False,False,False,False
2809,1,True,True,10.0,1.0,,0,10,1.38,156.0,7,0.0,1440.0,1440.0,2021,False,False,False,True,True,True,True,True,True,True,True,True,True,True,True,True,False,True,False,False,False,False,False,False,True,False,False,False,False,False,False,False,False,False,False,False,False,False,False,False,False,False,False,False,False,False,False,False,False,False,False,False,False,False,False,False,True,False,False,False,False,False,False,False,False,False,False,False,False,False,False,False,False
1650,1,True,True,115.0,15.0,4.0,0,115,1.38,156.0,5,420.0,1050.0,630.0,2017,False,False,False,True,True,True,True,True,True,False,False,True,True,True,True,True,True,False,False,False,False,False,False,True,False,False,False,False,False,False,False,False,False,False,False,False,False,True,False,False,False,False,False,False,False,False,False,False,False,False,False,False,False,False,False,False,False,False,False,False,False,False,False,False,False,False,False,False,False,False,False,False,False
2743,2,True,True,12.0,4.0,3.0,0,12,1.38,144.0,5,360.0,1080.0,720.0,2004,False,False,False,True,True,True,True,True,True,False,False,True,True,True,True,True,False,False,True,False,False,False,False,False,True,False,False,False,False,False,False,False,False,False,False,False,False,False,False,False,False,False,False,False,False,False,False,False,False,False,False,False,False,False,False,False,False,False,True,False,False,False,False,False,False,False,False,False,False,False,False,False,False
3184,2,True,True,12.0,4.0,3.0,0,12,1.38,156.0,5,450.0,1050.0,600.0,2023,False,False,False,True,True,True,True,True,True,False,False,True,True,True,True,True,False,False,True,False,False,False,False,False,True,False,False,False,False,False,False,False,False,False,False,False,False,False,False,False,False,False,False,False,False,False,False,False,False,False,False,False,False,False,False,False,False,False,True,False,False,False,False,False,False,False,False,False,False,False,False,False,False
1008,2,True,True,9.0,1.0,,0,9,1.38,156.0,5,420.0,1080.0,660.0,2024,False,False,False,True,False,False,False,True,True,False,False,True,True,True,False,False,False,True,False,False,False,False,False,False,True,False,False,False,False,False,False,False,False,False,False,False,False,False,False,False,False,False,False,False,False,False,False,False,False,False,False,False,False,False,False,False,True,False,False,False,False,False,False,False,False,False,False,False,False,False,False,False,False
3104,3,True,True,55.0,8.0,9.0,0,55,36.0,72.0,5,440.0,1050.0,610.0,2024,False,False,False,False,True,False,False,True,True,False,False,True,True,True,False,True,True,False,False,False,False,False,False,False,False,False,False,True,False,False,False,False,False,False,False,False,False,False,False,False,False,False,False,False,False,False,False,False,False,False,False,False,False,False,True,False,False,False,False,False,False,False,False,False,False,False,False,False,False,False,False,False,False
3010,1,True,True,60.0,15.0,3.0,0,60,1.38,156.0,6,330.0,1410.0,1080.0,2024,False,False,False,True,True,True,True,True,True,True,False,True,True,True,True,True,True,False,False,False,False,False,False,True,False,False,False,False,False,False,False,False,False,False,False,False,False,True,False,False,False,False,False,False,False,False,False,False,False,False,False,False,False,False,False,False,False,False,False,False,False,False,False,False,False,False,False,False,False,False,False,False,False
803,3,False,False,,33.0,3.0,0,,,,,,,,,False,False,False,False,True,False,False,False,False,False,False,False,False,False,False,True,False,False,False,False,False,False,False,False,False,True,False,False,False,False,False,False,False,False,False,False,False,False,False,False,False,False,False,False,False,False,False,False,False,False,False,False,False,False,False,False,False,False,False,False,False,False,False,False,False,False,False,False,False,False,False,False,False
1232,2,True,True,12.0,1.0,1.0,0,12,1.38,156.0,7,0.0,1440.0,1440.0,2025,False,False,False,True,True,True,True,True,True,True,True,True,True,True,True,True,False,False,False,False,False,False,True,False,True,False,False,False,False,False,True,False,False,False,False,False,False,False,False,False,False,False,False,False,False,False,False,False,False,False,False,False,False,False,False,False,False,False,False,False,False,False,False,False,False,False,False,False,False,False,False,False,False
3252,3,True,True,40.0,8.0,1.0,0,40,1.38,156.0,5,390.0,1080.0,690.0,2011,False,False,False,True,True,True,True,True,True,False,False,True,True,True,True,False,True,False,False,False,False,False,False,True,False,False,False,False,False,False,False,False,False,False,False,False,False,True,False,False,False,False,False,False,False,False,False,False,False,False,False,False,False,False,False,False,False,False,False,False,False,False,False,False,False,False,False,False,False,False,False,False,False
2761,2,True,True,85.0,15.0,5.0,0,85,1.38,156.0,5,360.0,1080.0,720.0,2012,False,False,False,True,True,True,True,True,True,False,False,True,True,True,True,False,True,False,False,False,False,False,False,True,False,False,False,False,False,False,False,False,False,False,False,False,False,True,False,False,False,False,False,False,False,False,False,False,False,False,False,False,False,False,False,False,False,False,False,False,False,False,False,False,False,False,False,False,False,False,False,False,False
870,2,True,True,75.0,3.0,,0,75,1.38,156.0,5,360.0,1080.0,720.0,2024,False,False,False,True,True,True,True,True,True,False,False,True,True,True,True,True,False,False,False,False,True,False,False,True,False,False,False,False,False,False,False,False,False,False,False,False,True,False,False,False,False,False,False,False,False,False,False,False,False,False,False,False,False,False,False,False,False,False,False,False,False,False,False,False,False,False,False,False,False,False,False,False,False
2077,2,True,True,50.0,7.0,6.0,0,50,1.38,156.0,5,390.0,1080.0,690.0,2014,False,False,False,True,True,True,True,True,True,False,False,True,True,True,True,True,True,False,False,False,False,False,False,True,False,False,False,False,False,False,False,False,False,False,False,False,False,True,False,False,False,False,False,False,False,False,False,False,False,False,False,False,False,False,False,False,False,False,False,False,False,False,False,False,False,False,False,False,False,False,False,False,False
3227,2,True,True,61.0,6.0,3.0,0,61,1.38,144.0,5,360.0,1080.0,720.0,2019,False,False,False,True,True,True,True,True,True,False,False,True,True,True,True,False,True,False,False,False,False,False,False,True,False,False,False,False,False,False,False,False,False,False,False,False,False,True,False,False,False,False,False,False,False,False,False,False,False,False,False,False,False,False,False,False,False,False,False,False,False,False,False,False,False,False,False,False,False,False,False,False,False
3120,1,True,True,39.0,4.0,1.0,0,39,1.38,156.0,7,0.0,1440.0,1440.0,2022,False,False,False,False,True,True,True,True,True,True,True,True,True,True,True,False,True,False,False,False,False,False,False,True,False,False,False,False,False,False,False,False,False,False,False,False,False,False,False,False,False,False,False,False,False,False,False,False,False,False,False,False,False,False,False,False,True,False,False,False,False,False,False,False,False,False,False,False,False,False,False,False,False
1689,1,True,True,100.0,9.0,,0,100,1.38,156.0,7,0.0,1440.0,1440.0,2022,False,False,False,True,True,True,True,True,True,True,True,True,True,True,True,False,True,False,False,False,False,False,False,True,False,False,False,False,False,False,False,False,False,False,False,False,False,False,False,False,False,False,False,False,False,False,False,False,False,False,False,False,False,True,False,False,False,False,False,False,False,False,False,False,False,False,False,False,False,False,False,False,False
1998,1,True,True,12.0,1.0,1.0,0,12,1.38,144.0,7,420.0,1140.0,720.0,2025,False,False,False,True,True,True,True,True,True,True,True,True,True,True,False,True,False,False,True,False,False,False,False,False,True,False,False,False,False,False,False,False,False,False,False,False,False,False,False,False,False,False,True,False,False,False,False,False,False,False,False,False,False,False,False,False,False,False,False,False,False,False,False,False,False,False,False,False,False,False,False,False,False
233,5,True,True,105.0,4.0,8.0,0,105,1.38,156.0,5,450.0,1050.0,600.0,2020,False,False,False,True,True,True,True,True,True,False,False,True,True,True,True,True,True,False,False,False,False,False,False,True,False,False,False,False,False,False,False,False,False,False,False,False,False,False,False,False,False,False,False,False,False,False,False,False,False,False,False,False,False,False,False,False,False,False,False,False,False,False,False,False,False,False,False,False,False,True,False,False,False
2678,2,True,True,46.0,10.0,3.0,0,46,1.38,156.0,5,420.0,1050.0,630.0,2025,False,False,False,True,True,False,True,True,True,False,False,True,True,True,True,True,True,False,False,False,False,False,False,True,False,False,False,False,False,False,True,False,False,False,False,False,False,False,False,False,False,False,False,False,False,False,False,False,False,False,False,False,False,False,False,False,False,False,False,False,False,False,False,False,False,False,False,False,False,False,False,False,False
2298,1,True,True,12.0,2.0,2.0,0,12,1.38,144.0,5,420.0,1050.0,630.0,2025,False,False,False,True,True,False,True,True,True,False,False,True,True,True,False,False,False,False,False,False,False,False,True,False,True,False,False,False,False,False,False,False,False,False,False,False,False,False,False,False,False,False,False,False,False,False,False,False,False,False,True,False,False,False,False,False,False,False,False,False,False,False,False,False,False,False,False,False,False,False,False,False,False
2226,2,True,True,10.0,,,0,10,1.38,156.0,7,0.0,1440.0,1440.0,2018,False,False,False,False,True,True,True,True,True,True,True,True,True,True,True,True,False,True,False,False,False,False,False,False,True,False,False,False,False,False,False,False,False,False,False,False,False,True,False,False,False,False,False,False,False,False,False,False,False,False,False,False,False,False,False,False,False,False,False,False,False,False,False,False,False,False,False,False,False,False,False,False,False
1584,2,True,True,10.0,1.0,1.0,0,10,1.38,144.0,5,450.0,1035.0,585.0,2017,False,False,False,True,True,True,True,True,True,False,False,True,True,True,False,False,False,True,False,False,False,False,False,False,False,False,False,False,False,False,False,False,False,False,False,False,False,False,False,False,False,False,False,False,False,False,False,False,False,False,False,False,False,False,False,False,False,False,False,False,False,False,False,False,False,False,False,False,False,True,False,False,False
2667,1,True,True,70.0,3.0,4.0,0,70,1.38,156.0,5,390.0,1080.0,690.0,2018,False,False,False,True,True,True,True,True,True,False,False,True,True,True,False,False,True,False,False,False,False,False,False,True,False,False,False,False,False,False,False,False,False,False,False,False,False,False,False,False,False,False,False,False,False,False,False,False,False,False,False,False,False,True,False,False,False,False,False,False,False,False,False,False,False,False,False,False,False,False,False,False,False
3011,1,True,True,10.0,1.0,1.0,0,10,1.38,156.0,7,0.0,1440.0,1440.0,2019,False,False,False,False,True,True,True,True,True,True,True,True,True,True,True,False,False,True,False,False,False,False,False,False,True,False,False,False,False,False,False,False,False,False,False,False,False,False,False,False,False,False,False,False,False,False,False,False,False,False,False,False,False,False,False,False,True,False,False,False,False,False,False,False,False,False,False,False,False,False,False,False,False
320,1,True,True,12.0,1.0,,0,12,1.38,156.0,7,0.0,1440.0,1440.0,2018,False,False,False,True,False,True,True,True,True,True,True,True,True,True,True,False,False,False,True,False,False,False,False,False,True,False,False,False,False,False,False,False,False,False,False,False,False,False,False,False,False,False,False,False,False,False,False,False,False,False,False,False,False,True,False,False,False,False,False,False,False,False,False,False,False,False,False,False,False,False,False,False,False
2284,1,True,True,75.0,6.0,4.0,0,75,1.38,156.0,5,330.0,1110.0,780.0,2011,False,False,False,True,True,True,True,True,True,False,False,True,True,True,True,False,True,False,False,False,False,False,False,True,False,False,False,False,False,False,False,False,False,False,False,False,False,False,False,False,False,False,False,False,False,False,False,False,False,True,False,False,False,False,False,False,False,False,False,False,False,False,False,False,False,False,False,False,False,False,False,False,False
2412,5,True,True,12.0,1.0,1.0,0,12,1.38,156.0,5,450.0,1050.0,600.0,2023,False,False,False,True,True,False,True,True,True,False,False,True,True,True,False,False,False,False,True,False,False,False,False,False,True,False,False,False,False,False,False,False,False,False,False,False,False,False,False,False,False,False,False,False,False,False,False,False,False,False,False,False,False,False,False,False,False,False,False,False,False,False,False,False,False,False,False,False,False,True,False,False,False
328,5,True,True,12.0,2.0,,0,12,1.38,156.0,5,360.0,1080.0,720.0,2008,False,False,False,True,True,False,True,True,True,False,False,True,True,True,False,True,False,False,True,False,False,False,False,False,True,False,False,False,False,False,False,False,False,False,False,False,False,False,False,False,False,False,False,False,False,False,False,False,False,False,False,False,False,False,False,False,False,False,False,False,False,False,False,False,False,False,False,False,False,True,False,False,False
1583,5,True,True,40.0,4.0,6.0,0,40,1.38,60.0,5,480.0,960.0,480.0,2004,False,False,False,False,True,False,True,True,True,False,False,True,True,True,False,True,True,False,False,False,False,False,False,False,False,False,False,True,False,False,False,False,False,False,False,False,False,False,False,False,False,False,False,False,False,False,False,True,False,False,False,False,False,False,False,False,False,False,False,False,False,False,False,False,False,False,False,False,False,False,False,False,False
1026,1,True,True,10.0,,,0,10,1.38,156.0,5,360.0,1080.0,720.0,2020,False,False,False,True,False,True,True,True,True,False,False,True,True,True,False,False,False,True,False,False,False,False,False,False,True,False,False,False,False,False,False,False,False,False,False,False,False,False,False,False,False,False,False,False,False,False,False,False,False,True,False,False,False,False,False,False,False,False,False,False,False,False,False,False,False,False,False,False,False,False,False,False,False
776,5,True,True,45.0,7.0,5.0,0,45,1.38,156.0,5,420.0,1080.0,660.0,2016,False,False,False,True,True,True,True,True,True,False,False,True,True,True,True,True,True,False,False,False,False,False,False,True,False,False,False,False,False,False,False,True,False,False,False,False,False,False,False,False,False,False,False,False,False,False,False,False,False,False,False,False,False,False,False,False,False,False,False,False,False,False,False,False,False,False,False,False,False,False,False,False,False
1459,2,True,True,10.0,1.0,,0,10,1.38,156.0,5,330.0,1080.0,750.0,2007,False,False,False,True,True,True,True,True,True,False,False,True,True,True,False,False,False,True,False,False,False,False,False,False,True,False,False,False,False,False,False,False,False,False,False,False,False,True,False,False,False,False,False,False,False,False,False,False,False,False,False,False,False,False,False,False,False,False,False,False,False,False,False,False,False,False,False,False,False,False,False,False,False
752,1,True,True,12.0,,,0,12,1.38,144.0,5,420.0,1050.0,630.0,2025,False,False,False,True,True,True,True,True,True,False,False,True,True,True,True,True,False,False,False,False,False,False,True,False,True,False,False,False,False,False,False,False,False,False,False,False,False,False,False,False,False,False,False,False,False,False,False,False,False,False,False,False,False,False,False,True,False,False,False,False,False,False,False,False,False,False,False,False,False,False,False,False,False
2049,1,True,True,10.0,,,0,10,1.38,156.0,7,0.0,1440.0,1440.0,2022,False,False,False,False,False,False,False,True,True,True,True,True,True,True,False,False,False,True,False,False,False,False,False,False,True,False,False,False,False,False,False,False,False,False,False,False,False,False,False,False,False,False,False,False,False,False,False,False,False,False,False,False,False,False,False,False,True,False,False,False,False,False,False,False,False,False,False,False,False,False,False,False,False
2949,1,True,True,10.0,1.0,,0,10,1.38,144.0,5,360.0,1050.0,690.0,2018,False,False,False,True,True,True,True,True,True,False,False,True,True,True,False,False,False,True,False,False,False,False,False,False,True,False,False,False,False,False,False,False,False,False,False,False,False,False,False,False,False,False,False,False,False,False,False,False,False,True,False,False,False,False,False,False,False,False,False,False,False,False,False,False,False,False,False,False,False,False,False,False,False
3066,1,True,True,12.0,1.0,,0,12,1.38,144.0,5,360.0,1080.0,720.0,2024,False,False,False,True,True,False,True,True,True,False,False,True,True,True,True,False,False,False,True,False,False,False,False,False,True,False,False,False,False,False,False,False,False,False,False,False,False,True,False,False,False,False,False,False,False,False,False,False,False,False,False,False,False,False,False,False,False,False,False,False,False,False,False,False,False,False,False,False,False,False,False,False,False
3206,2,True,True,10.0,,,0,10,1.38,156.0,6,390.0,1050.0,660.0,1997,False,False,False,True,False,False,True,True,True,True,False,True,True,True,False,False,False,True,False,False,False,False,False,False,True,False,False,False,False,False,False,False,False,False,False,False,False,False,False,False,False,False,False,False,False,False,False,False,False,False,False,False,False,False,False,False,True,False,False,False,False,False,False,False,False,False,False,False,False,False,False,False,False
3189,2,True,True,10.0,,,0,10,1.38,156.0,7,0.0,1440.0,1440.0,2006,False,False,False,True,True,True,True,True,True,True,True,True,True,True,True,True,False,True,False,False,False,False,False,False,False,False,False,False,False,False,False,False,False,False,False,False,False,False,False,False,False,False,False,False,False,False,False,False,False,False,False,False,False,False,False,False,False,False,False,False,False,False,False,False,False,False,False,False,False,True,False,False,False
1983,1,True,True,10.0,1.0,,0,10,1.38,96.0,5,435.0,1035.0,600.0,2025,False,False,False,True,False,False,True,True,True,False,False,True,True,True,False,True,False,False,True,False,False,False,False,False,True,False,False,False,False,False,False,False,False,False,False,False,False,False,False,False,False,False,False,False,False,False,False,False,False,False,False,False,False,False,False,True,False,False,False,False,False,False,False,False,False,False,False,False,False,False,False,False,False
2691,1,True,True,10.0,2.0,,0,10,1.38,156.0,7,0.0,1440.0,1440.0,2020,False,False,False,False,False,True,False,True,True,True,True,True,True,True,True,True,False,False,True,False,False,False,False,False,True,False,False,False,False,False,False,False,False,False,False,False,False,False,False,False,False,False,False,False,False,False,False,False,False,False,False,False,False,False,False,False,True,False,False,False,False,False,False,False,False,False,False,False,False,False,False,False,False
338,1,True,True,10.0,1.0,,0,10,1.38,144.0,7,420.0,1140.0,720.0,2019,False,False,False,False,True,True,True,True,True,True,True,True,True,True,True,False,False,True,False,False,False,False,False,False,False,False,False,False,False,False,False,False,False,False,False,False,False,False,False,False,False,False,False,False,False,False,False,False,False,False,False,False,False,False,False,False,False,False,False,False,False,False,False,False,False,False,True,False,False,False,False,False,False
1490,2,True,True,12.0,1.0,,0,12,1.38,156.0,5,405.0,990.0,585.0,2010,False,False,False,True,True,True,True,True,True,False,False,True,True,True,True,True,False,False,True,False,False,False,False,False,True,False,False,False,False,False,False,False,False,False,False,False,False,False,False,False,False,False,True,False,False,False,False,False,False,False,False,False,False,False,False,False,False,False,False,False,False,False,False,False,False,False,False,False,False,False,False,False,False
2273,2,True,True,100.0,10.0,15.0,0,100,1.38,156.0,5,360.0,1080.0,720.0,2017,False,False,False,True,True,True,True,True,True,False,False,True,True,True,True,False,True,False,False,False,False,False,False,True,False,False,False,False,False,False,False,False,False,False,False,False,False,False,False,False,False,False,False,False,False,False,False,False,False,False,False,False,False,False,False,False,False,False,False,False,False,False,False,False,False,True,False,False,False,False,False,False,False
2880,2,True,True,10.0,1.0,,0,10,1.38,156.0,5,420.0,1020.0,600.0,2013,False,False,False,False,True,False,False,True,True,False,False,True,True,True,False,False,False,True,False,False,False,False,False,False,False,False,False,False,False,False,False,False,False,False,False,False,False,False,False,False,False,False,False,False,False,False,False,False,False,False,False,False,False,False,False,False,False,False,False,False,False,False,True,False,False,False,False,False,False,False,False,False,False
559,3,False,False,,2.0,,0,,,,,,,,,False,False,False,False,True,False,False,False,False,False,False,False,False,False,False,True,False,False,False,False,False,False,False,False,False,False,False,False,False,False,False,False,False,False,False,False,False,False,False,False,False,False,False,False,False,False,False,False,False,False,False,False,False,False,False,False,False,False,False,False,False,False,False,False,False,False,False,False,False,False,False,False,False
1117,1,True,True,10.0,1.0,1.0,0,10,1.38,156.0,6,300.0,1260.0,960.0,2024,False,False,False,True,True,False,True,True,True,True,False,True,True,True,True,True,False,True,False,False,False,False,False,False,False,False,False,False,False,False,False,False,False,False,False,False,False,False,False,False,False,False,False,False,False,False,False,False,False,False,False,False,False,False,False,False,True,False,False,False,False,False,False,False,False,False,False,False,False,False,False,False,False
2354,1,True,True,10.0,1.0,,0,10,1.38,156.0,5,420.0,1080.0,660.0,2013,False,False,False,True,True,False,True,True,True,False,False,True,True,True,False,True,False,True,False,False,False,False,False,False,True,False,False,False,False,False,False,False,False,False,False,False,False,False,False,False,False,False,False,False,True,False,False,False,False,False,False,False,False,False,False,False,False,False,False,False,False,False,False,False,False,False,False,False,False,False,False,False,False
937,3,False,False,,3.0,1.0,0,,,,,,,,,False,False,False,False,True,False,False,False,False,False,False,False,False,False,False,True,False,False,False,False,False,False,False,False,False,False,False,False,False,False,False,False,False,False,False,False,False,False,False,False,False,False,False,False,False,False,False,False,False,False,False,False,False,False,False,False,False,False,False,False,False,False,False,False,False,False,False,False,False,False,False,False,False
1512,5,True,True,99.0,10.0,2.0,0,99,1.38,156.0,5,330.0,1050.0,720.0,2002,False,False,False,True,True,True,True,True,True,False,False,True,True,True,True,True,True,False,False,False,False,False,False,True,False,False,False,False,False,False,False,False,False,False,False,False,False,False,False,False,False,False,False,False,False,False,False,False,False,False,False,False,False,False,False,False,True,False,False,False,False,False,False,False,False,False,False,False,False,False,False,False,False
3195,2,True,True,10.0,,,0,10,1.38,156.0,5,330.0,1110.0,780.0,2017,False,False,False,False,True,False,True,True,True,False,False,True,True,True,False,False,False,False,True,False,False,False,False,False,True,False,False,False,False,False,False,False,False,False,False,False,False,False,False,False,False,False,False,False,False,False,False,False,False,False,False,False,False,False,False,False,True,False,False,False,False,False,False,False,False,False,False,False,False,False,False,False,False
2739,2,True,True,90.0,6.0,3.0,0,90,1.38,144.0,5,330.0,1080.0,750.0,2020,False,False,False,True,True,False,True,True,True,False,False,True,True,True,True,False,True,False,False,False,False,False,False,True,False,False,False,False,False,False,False,False,False,False,False,False,False,False,False,False,False,False,False,False,False,False,False,False,False,False,False,False,False,False,False,False,False,False,False,False,False,True,False,False,False,False,False,False,False,False,False,False,False
2576,5,True,True,26.0,5.0,,0,26,4.14,48.0,5,450.0,1020.0,570.0,2024,False,False,False,False,True,False,True,True,True,False,False,True,True,True,False,False,True,False,False,False,False,False,False,True,False,False,False,False,False,False,True,False,False,False,False,False,False,False,False,False,False,False,False,False,False,False,False,False,False,False,False,False,False,False,False,False,False,False,False,False,False,False,False,False,False,False,False,False,False,False,False,False,False
2832,2,True,True,37.0,2.0,5.0,0,37,1.38,144.0,5,0.0,1440.0,1440.0,2020,False,False,False,True,True,True,True,True,True,False,False,True,True,True,True,True,True,False,False,False,False,False,False,True,False,False,False,False,False,False,False,False,False,False,False,False,False,False,False,False,False,False,False,False,False,False,False,False,False,False,False,False,False,False,False,False,False,False,False,False,False,False,False,False,False,False,False,False,False,False,True,False,False
1547,2,True,True,56.0,3.0,3.0,0,56,1.38,156.0,5,420.0,1080.0,660.0,2024,False,False,False,True,True,True,True,True,True,False,False,True,True,True,True,True,True,False,False,False,False,False,False,True,False,False,False,False,False,False,True,False,False,False,False,False,False,False,False,False,False,False,False,False,False,False,False,False,False,False,False,False,False,False,False,False,False,False,False,False,False,False,False,False,False,False,False,False,False,False,False,False,False
2796,5,True,True,12.0,6.0,,0,12,1.38,144.0,5,300.0,1140.0,840.0,2002,False,False,False,True,False,False,True,True,True,False,False,True,True,True,False,False,False,False,True,False,False,False,False,False,True,False,False,False,False,False,False,False,False,False,False,False,False,False,False,False,False,False,False,False,False,False,False,False,False,False,False,True,False,False,False,False,False,False,False,False,False,False,False,False,False,False,False,False,False,False,False,False,False
226,5,True,True,12.0,6.0,,0,12,1.38,144.0,5,300.0,1140.0,840.0,2009,False,False,False,False,True,False,True,True,True,False,False,True,True,True,False,False,False,False,True,False,False,False,False,False,True,False,False,False,False,False,False,False,False,False,False,False,False,False,False,False,False,False,False,False,False,False,False,False,False,False,False,True,False,False,False,False,False,False,False,False,False,False,False,False,False,False,False,False,False,False,False,False,False
2989,3,False,False,,13.0,22.0,0,,,,,,,,,False,False,False,False,True,False,False,False,False,False,False,False,False,False,False,True,False,False,False,False,False,False,False,False,False,False,False,True,False,False,False,False,False,False,False,False,False,False,False,False,False,False,False,False,False,False,False,False,False,False,False,False,False,False,False,False,False,False,False,False,False,False,False,False,False,False,False,False,False,False,False,False,False
1506,2,True,True,80.0,2.0,5.0,0,80,36.0,156.0,5,360.0,1080.0,720.0,2003,False,False,False,False,True,True,False,True,True,False,False,True,True,True,True,True,True,False,False,False,False,False,False,True,False,False,False,False,False,False,False,False,False,False,False,False,False,False,False,False,False,False,True,False,False,False,False,False,False,False,False,False,False,False,False,False,False,False,False,False,False,False,False,False,False,False,False,False,False,False,False,False,False
2347,1,True,True,105.0,8.0,8.0,0,105,1.38,144.0,5,0.0,1440.0,1440.0,2025,False,False,False,True,True,True,True,True,True,False,False,True,True,True,True,False,True,False,False,False,False,False,False,True,False,False,False,False,False,False,False,False,False,False,False,False,False,False,False,False,False,False,False,False,False,False,False,False,False,False,False,False,False,False,False,False,False,False,False,False,False,False,False,False,True,False,False,False,False,False,False,False,False
401,5,True,True,175.0,10.0,8.0,0,175,1.38,156.0,5,330.0,1110.0,780.0,2008,False,False,False,True,True,True,True,True,True,False,False,True,True,True,True,True,True,False,False,False,False,False,False,True,False,False,False,False,False,False,False,False,False,False,False,False,False,False,False,False,False,False,False,False,False,False,False,False,False,False,False,False,False,False,True,False,False,False,False,False,False,False,False,False,False,False,False,False,False,False,False,False,False
2125,1,True,True,52.0,4.0,3.0,0,52,36.0,60.0,5,0.0,1440.0,1440.0,2025,False,False,False,False,True,False,False,True,True,False,False,True,True,True,True,False,True,False,False,False,False,False,False,True,False,False,False,False,False,False,False,False,False,False,False,False,False,False,False,False,False,False,False,False,False,False,False,False,False,False,False,False,False,False,False,False,False,False,False,False,False,False,False,False,True,False,False,False,False,False,False,False,False
1559,2,True,True,53.0,9.0,4.0,0,53,18.0,156.0,5,360.0,1080.0,720.0,2023,False,False,False,False,True,True,True,True,True,False,False,True,True,True,True,True,True,False,False,False,False,False,False,True,False,False,False,False,False,False,False,False,False,False,False,False,False,True,False,False,False,False,False,False,False,False,False,False,False,False,False,False,False,False,False,False,False,False,False,False,False,False,False,False,False,False,False,False,False,False,False,False,False
1331,2,True,True,10.0,,,0,10,1.38,156.0,7,0.0,1440.0,1440.0,2019,False,False,False,False,True,True,True,True,True,True,True,True,True,True,False,True,False,False,True,False,False,False,False,False,True,False,False,False,False,False,False,False,False,False,False,False,False,False,False,False,False,False,False,False,False,False,False,False,False,False,False,False,False,False,False,False,True,False,False,False,False,False,False,False,False,False,False,False,False,False,False,False,False
2805,5,True,True,90.0,3.0,1.0,0,90,24.0,156.0,5,390.0,1080.0,690.0,1997,False,False,False,False,True,True,False,True,True,False,False,True,True,True,True,True,True,False,False,False,False,False,False,True,False,False,False,False,False,False,False,False,False,False,False,False,False,True,False,False,False,False,False,False,False,False,False,False,False,False,False,False,False,False,False,False,False,False,False,False,False,False,False,False,False,False,False,False,False,False,False,False,False
2793,1,True,True,32.0,2.0,2.0,0,32,1.38,156.0,5,360.0,1439.0,1079.0,2025,False,False,False,True,True,True,True,True,True,False,False,True,True,True,False,False,True,False,False,False,False,False,False,True,False,False,False,False,False,False,False,False,False,False,False,False,False,False,False,False,False,False,False,False,False,False,False,False,False,False,False,False,False,False,False,False,True,False,False,False,False,False,False,False,False,False,False,False,False,False,False,False,False
3222,1,True,True,8.0,,,0,8,1.38,156.0,5,360.0,1080.0,720.0,2012,False,False,False,True,False,False,True,True,True,False,False,True,True,True,False,False,False,True,False,False,False,False,False,False,True,False,False,False,False,False,False,False,False,False,False,False,False,False,False,False,False,False,False,False,False,False,False,False,False,False,False,False,False,False,False,False,True,False,False,False,False,False,False,False,False,False,False,False,False,False,False,False,False
2950,1,True,True,90.0,20.0,,0,90,1.38,156.0,7,0.0,1440.0,1440.0,2003,False,False,False,True,True,True,True,True,True,True,True,True,True,True,True,False,True,False,False,False,False,False,False,True,False,False,False,False,False,False,False,False,False,False,False,False,False,False,False,False,False,False,False,False,False,False,False,False,False,False,False,False,False,False,False,False,True,False,False,False,False,False,False,False,False,False,False,False,False,False,False,False,False
633,1,True,True,75.0,21.0,,0,75,1.38,156.0,7,0.0,1440.0,1440.0,2009,False,False,False,True,True,True,True,True,True,True,True,True,True,True,True,False,True,False,False,False,False,False,False,True,False,False,False,False,False,False,False,False,False,False,False,False,False,False,False,False,False,False,False,False,False,False,False,False,False,False,False,False,False,False,False,False,True,False,False,False,False,False,False,False,False,False,False,False,False,False,False,False,False
556,1,True,True,58.0,10.0,1.0,0,58,1.38,144.0,5,390.0,1080.0,690.0,2014,False,False,False,True,True,True,True,True,True,False,False,True,True,True,False,True,True,False,False,False,False,False,False,True,False,False,False,False,False,False,False,False,False,False,False,False,False,False,False,False,False,False,False,False,False,False,False,False,False,False,False,False,False,False,False,False,True,False,False,False,False,False,False,False,False,False,False,False,False,False,False,False,False
480,2,True,True,12.0,,,0,12,1.38,156.0,7,0.0,1440.0,1440.0,2009,False,False,False,False,True,True,True,True,True,True,True,True,True,True,True,True,False,False,True,False,False,False,False,False,True,False,False,False,False,False,False,False,False,False,False,False,False,False,False,False,False,False,False,False,False,False,False,False,False,False,False,False,False,False,False,True,False,False,False,False,False,False,False,False,False,False,False,False,False,False,False,False,False
2856,4,True,True,58.0,8.0,9.0,0,58,1.38,156.0,5,390.0,1080.0,690.0,2017,False,False,False,True,True,True,True,True,True,False,False,True,True,True,True,True,True,False,False,False,False,False,False,True,False,False,False,False,False,False,False,False,False,True,False,False,False,False,False,False,False,False,False,False,False,False,False,False,False,False,False,False,False,False,False,False,False,False,False,False,False,False,False,False,False,False,False,False,False,False,False,False,False
1174,2,True,True,51.0,6.0,2.0,0,51,1.38,156.0,5,300.0,1080.0,780.0,2009,False,False,False,True,True,True,True,True,True,False,False,True,True,True,True,True,True,False,False,False,False,False,False,True,False,False,False,False,False,False,True,False,False,False,False,False,False,False,False,False,False,False,False,False,False,False,False,False,False,False,False,False,False,False,False,False,False,False,False,False,False,False,False,False,False,False,False,False,False,False,False,False,False
160,2,True,True,180.0,28.0,9.0,0,180,1.38,144.0,5,360.0,1080.0,720.0,2016,False,False,False,True,True,True,True,True,True,False,False,True,True,True,True,False,True,False,False,False,False,False,False,True,False,False,False,False,False,False,False,False,False,False,False,False,False,False,False,False,False,False,False,False,False,False,False,False,False,False,False,False,False,False,False,False,True,False,False,False,False,False,False,False,False,False,False,False,False,False,False,False,False
394,1,True,True,10.0,1.0,,0,10,1.38,156.0,5,300.0,1410.0,1110.0,1997,False,False,False,True,True,True,True,True,True,False,False,True,True,True,True,False,False,True,False,False,False,False,False,False,True,False,False,False,False,False,False,False,False,False,False,False,False,False,False,False,False,False,False,False,False,False,False,False,False,False,False,False,False,False,False,False,False,False,False,False,False,True,False,False,False,False,False,False,False,False,False,False,False
952,2,True,True,12.0,1.0,,0,12,1.84,120.0,5,330.0,1110.0,780.0,2024,False,False,False,True,True,False,True,True,True,False,False,True,True,True,True,False,False,False,True,False,False,False,False,False,True,False,False,False,False,False,False,False,False,False,False,True,False,False,False,False,False,False,False,False,False,False,False,False,False,False,False,False,False,False,False,False,False,False,False,False,False,False,False,False,False,False,False,False,False,False,False,False,False
561,3,True,True,115.0,24.0,5.0,0,115,1.38,156.0,6,420.0,1050.0,630.0,1998,False,False,False,True,True,False,True,True,True,True,False,True,True,True,False,True,True,False,False,False,False,False,False,False,False,True,False,False,False,False,False,False,False,False,False,False,False,False,False,False,False,False,False,False,False,False,False,False,False,False,True,False,False,False,False,False,False,False,False,False,False,False,False,False,False,False,False,False,False,False,False,False,False
1498,1,True,True,70.0,8.0,,0,70,18.0,72.0,5,420.0,1080.0,660.0,2018,False,False,False,False,True,False,True,True,True,False,False,True,True,True,True,True,True,False,False,False,False,False,False,True,False,False,False,False,False,False,False,False,False,False,False,False,False,False,False,False,False,False,False,False,False,False,False,False,False,False,False,False,False,True,False,False,False,False,False,False,False,False,False,False,False,False,False,False,False,False,False,False,False
1152,2,True,True,76.0,6.0,4.0,0,76,1.38,144.0,5,420.0,1080.0,660.0,2025,False,False,False,True,True,True,True,True,True,False,False,True,True,True,False,True,True,False,False,False,False,False,False,True,False,False,False,False,False,False,True,False,False,False,False,False,False,False,False,False,False,False,False,False,False,False,False,False,False,False,False,False,False,False,False,False,False,False,False,False,False,False,False,False,False,False,False,False,False,False,False,False,False
2561,1,True,True,10.0,,,0,10,1.38,156.0,7,0.0,1440.0,1440.0,2000,False,False,False,True,True,True,True,True,True,True,True,True,True,True,False,False,False,True,False,False,False,False,False,False,True,False,False,False,False,False,False,False,False,False,False,False,False,False,False,False,False,False,False,False,False,False,False,False,False,False,False,False,False,True,False,False,False,False,False,False,False,False,False,False,False,False,False,False,False,False,False,False,False
1888,2,True,True,104.0,7.0,4.0,0,104,1.38,120.0,5,420.0,1080.0,660.0,2022,False,False,False,True,True,False,True,True,True,False,False,True,True,True,True,True,True,False,False,False,False,False,False,True,False,False,False,False,False,False,False,False,False,False,False,False,False,False,False,False,False,False,False,False,False,False,False,False,False,False,False,True,False,False,False,False,False,False,False,False,False,False,False,False,False,False,False,False,False,False,False,False,False
2612,1,True,True,10.0,1.0,,0,10,1.38,156.0,5,360.0,1080.0,720.0,2003,False,False,False,True,True,True,True,True,True,False,False,True,True,True,False,False,False,True,False,False,False,False,False,False,True,False,False,False,False,False,False,False,False,False,False,False,True,False,False,False,False,False,False,False,False,False,False,False,False,False,False,False,False,False,False,False,False,False,False,False,False,False,False,False,False,False,False,False,False,False,False,False,False
2098,1,True,True,10.0,1.0,,0,10,1.38,156.0,7,0.0,1440.0,1440.0,2024,False,False,False,True,True,True,True,True,True,True,True,True,True,True,False,False,False,True,False,False,False,False,False,False,True,False,False,False,False,False,False,False,False,False,False,False,False,False,False,False,False,False,False,False,False,False,False,False,False,False,False,False,False,False,False,False,True,False,False,False,False,False,False,False,False,False,False,False,False,False,False,False,False
1065,2,True,True,12.0,1.0,,0,12,1.38,156.0,5,390.0,1170.0,780.0,2010,False,False,False,True,True,True,True,True,True,False,False,True,True,True,False,False,False,False,True,False,False,False,False,False,True,False,False,False,False,False,False,False,False,False,False,False,False,False,True,False,False,False,False,False,False,False,False,False,False,False,False,False,False,False,False,False,False,False,False,False,False,False,False,False,False,False,False,False,False,False,False,False,False
1672,1,True,True,105.0,7.0,1.0,0,105,1.38,156.0,5,420.0,1050.0,630.0,2025,False,False,False,True,True,True,True,True,True,False,False,True,True,True,True,True,False,False,False,False,True,False,False,True,False,False,False,False,False,False,False,False,False,False,False,False,False,False,False,False,False,False,False,False,False,False,False,False,False,False,False,False,False,False,False,False,False,False,False,False,False,False,False,False,False,False,False,False,False,False,False,True,False
379,3,True,True,36.0,8.0,2.0,0,36,1.38,72.0,5,390.0,1050.0,660.0,2022,False,False,False,True,True,False,True,True,True,False,False,True,True,True,False,True,True,False,False,False,False,False,False,False,False,False,False,True,False,False,False,False,False,False,False,False,False,False,False,False,False,False,False,False,False,False,False,False,False,False,False,False,False,False,False,False,False,False,False,False,False,False,True,False,False,False,False,False,False,False,False,False,False
366,5,True,True,12.0,,,0,12,1.38,156.0,5,360.0,1080.0,720.0,2023,False,False,False,True,True,False,True,True,True,False,False,True,True,True,False,False,False,False,True,False,False,False,False,False,True,False,False,False,False,False,False,False,False,False,False,False,False,False,False,False,True,False,False,False,False,False,False,False,False,False,False,False,False,False,False,False,False,False,False,False,False,False,False,False,False,False,False,False,False,False,False,False,False
1569,1,True,True,120.0,21.0,4.0,0,120,1.38,144.0,7,0.0,1440.0,1440.0,2015,False,False,False,True,True,True,True,True,True,True,True,True,True,True,True,False,True,False,False,False,False,False,False,True,False,False,False,False,False,False,False,False,False,False,False,False,False,False,False,False,False,False,False,False,False,False,False,False,False,False,False,False,False,False,False,False,True,False,False,False,False,False,False,False,False,False,False,False,False,False,False,False,False
503,1,True,True,40.0,6.0,1.0,0,40,1.38,144.0,5,360.0,1110.0,750.0,2025,False,False,False,True,True,False,True,True,True,False,False,True,True,True,False,True,False,False,False,False,True,False,False,True,False,False,False,False,False,False,True,False,False,False,False,False,False,False,False,False,False,False,False,False,False,False,False,False,False,False,False,False,False,False,False,False,False,False,False,False,False,False,False,False,False,False,False,False,False,False,False,False,False
57,2,True,True,10.0,,,0,10,1.38,120.0,5,450.0,1050.0,600.0,2024,False,False,False,True,False,True,True,True,True,False,False,True,True,True,False,False,False,False,False,False,False,True,False,False,True,False,False,False,False,False,False,False,False,False,False,False,False,False,False,False,False,False,False,False,False,False,False,False,False,False,False,False,False,False,False,False,False,False,False,False,False,False,False,False,False,False,False,False,False,True,False,False,False
1859,5,True,True,42.0,4.0,,0,42,12.0,156.0,5,390.0,1050.0,660.0,2022,False,False,False,False,True,False,True,True,True,False,False,True,True,True,True,True,True,False,False,False,False,False,False,True,False,False,False,False,False,False,False,False,False,False,False,False,False,False,False,False,False,False,False,False,False,False,False,False,False,False,False,False,False,False,False,False,True,False,False,False,False,False,False,False,False,False,False,False,False,False,False,False,False
1597,2,True,True,45.0,5.0,3.0,0,45,1.38,156.0,7,0.0,1440.0,1440.0,2025,False,False,False,True,True,True,True,True,True,True,True,True,True,True,False,True,True,False,False,False,False,False,False,True,False,False,False,False,False,False,False,False,False,False,False,False,False,False,False,False,False,False,False,False,False,False,False,False,False,False,False,False,False,False,True,False,False,False,False,False,False,False,False,False,False,False,False,False,False,False,False,False,False
2536,2,True,True,96.0,14.0,2.0,0,96,1.38,156.0,6,300.0,1320.0,1020.0,2022,False,False,False,True,True,True,True,True,True,True,False,True,True,True,True,True,True,False,False,False,False,False,False,True,False,False,False,False,False,False,False,False,False,False,False,False,False,False,False,False,False,False,False,False,False,False,False,False,False,False,False,False,False,False,False,False,True,False,False,False,False,False,False,False,False,False,False,False,False,False,False,False,False
2660,2,True,True,10.0,1.0,,0,10,1.38,156.0,5,360.0,1080.0,720.0,1996,False,False,False,True,True,False,True,True,True,False,False,True,True,True,False,False,False,True,False,False,False,False,False,False,True,False,False,False,False,False,False,False,False,False,False,False,False,False,False,False,False,False,False,False,False,False,False,False,False,False,False,False,False,False,False,False,False,False,False,False,False,False,False,False,False,True,False,False,False,False,False,False,False
2451,1,True,True,10.0,,,0,10,1.38,156.0,5,360.0,1290.0,930.0,2024,False,False,False,True,False,True,False,True,True,False,False,True,True,True,True,False,False,True,False,False,False,False,False,False,True,False,False,False,False,False,False,False,False,False,False,False,False,True,False,False,False,False,False,False,False,False,False,False,False,False,False,False,False,False,False,False,False,False,False,False,False,False,False,False,False,False,False,False,False,False,False,False,False
2978,1,True,True,12.0,3.0,,0,12,1.38,144.0,5,450.0,990.0,540.0,2024,False,False,False,True,False,False,True,True,True,False,False,True,True,True,False,False,False,False,True,False,False,False,False,False,True,False,False,False,False,False,False,False,False,False,False,False,False,False,False,False,False,False,False,False,False,False,False,False,False,False,False,False,False,True,False,False,False,False,False,False,False,False,False,False,False,False,False,False,False,False,False,False,False
878,2,True,True,45.0,7.0,5.0,0,45,1.38,144.0,5,420.0,1050.0,630.0,2025,False,False,False,True,True,True,True,True,True,False,False,True,True,True,True,False,True,False,False,False,False,False,False,True,False,False,False,False,False,True,False,False,False,False,False,False,False,False,False,False,False,False,False,False,False,False,False,False,False,False,False,False,False,False,False,False,False,False,False,False,False,False,False,False,False,False,False,False,False,False,False,False,False
1688,2,True,True,254.0,34.0,36.0,0,254,1.38,156.0,5,390.0,1440.0,1050.0,2016,False,False,False,True,True,True,True,True,True,False,False,True,True,True,True,True,True,False,False,False,False,False,False,True,False,False,False,False,False,False,False,False,False,False,False,False,False,True,False,False,False,False,False,False,False,False,False,False,False,False,False,False,False,False,False,False,False,False,False,False,False,False,False,False,False,False,False,False,False,False,False,False,False
3207,1,True,True,210.0,36.0,5.0,0,210,1.38,156.0,5,360.0,1170.0,810.0,2023,False,False,False,True,True,True,True,True,True,False,False,True,True,True,False,True,True,False,False,False,False,False,False,True,False,False,False,False,False,False,False,False,False,False,False,False,False,True,False,False,False,False,False,False,False,False,False,False,False,False,False,False,False,False,False,False,False,False,False,False,False,False,False,False,False,False,False,False,False,False,False,False,False
1884,2,True,True,254.0,10.0,43.0,0,254,1.38,144.0,5,390.0,1470.0,1080.0,2014,False,False,False,True,True,True,True,True,True,False,False,True,True,True,False,True,True,False,False,False,False,False,False,True,False,False,False,False,False,False,False,False,False,False,False,False,False,True,False,False,False,False,False,False,False,False,False,False,False,False,False,False,False,False,False,False,False,False,False,False,False,False,False,False,False,False,False,False,False,False,False,False,False
1207,5,True,True,12.0,1.0,,0,12,1.38,156.0,5,360.0,1080.0,720.0,2017,False,False,False,True,True,False,True,True,True,False,False,True,True,True,False,False,False,False,True,False,False,False,False,False,True,False,False,False,False,False,False,False,False,False,False,False,False,False,False,False,False,False,False,False,False,False,False,False,False,False,False,False,False,False,False,False,False,False,False,False,False,False,False,False,False,False,False,False,False,True,False,False,False
208,1,True,True,122.0,16.0,16.0,0,122,1.38,60.0,5,390.0,1080.0,690.0,2021,False,False,False,True,True,False,True,True,True,False,False,True,True,True,True,True,True,False,False,False,False,False,False,True,False,False,False,False,False,False,False,False,False,False,False,False,False,True,False,False,False,False,False,False,False,False,False,False,False,False,False,False,False,False,False,False,False,False,False,False,False,False,False,False,False,False,False,False,False,False,False,False,False
3143,2,True,True,88.0,6.0,2.0,0,70,1.38,156.0,5,390.0,1050.0,660.0,2025,False,False,False,True,True,True,True,True,True,False,False,True,True,True,False,True,False,False,False,False,True,False,False,True,False,False,False,False,False,False,False,False,False,False,False,False,False,False,False,False,False,False,False,False,False,False,True,False,False,False,False,False,False,False,False,False,False,False,False,False,False,False,False,False,False,False,False,False,False,False,False,False,False
3001,4,True,True,50.0,4.0,,0,50,1.38,96.0,5,330.0,1080.0,750.0,2024,False,False,False,True,True,True,True,True,True,False,False,True,True,True,False,True,True,False,False,False,False,False,False,True,False,False,False,False,False,False,False,False,False,False,False,False,False,False,False,False,False,False,False,False,False,False,False,False,False,False,False,False,False,False,False,False,False,False,False,False,False,False,False,False,False,False,False,False,False,False,True,False,False
2756,1,True,True,10.0,,,0,10,1.38,144.0,5,315.0,1050.0,735.0,2018,False,False,False,True,True,True,True,True,True,False,False,True,True,True,True,False,False,True,False,False,False,False,False,False,True,False,False,False,False,False,False,False,False,False,False,False,False,False,False,False,False,False,False,False,False,False,False,False,False,True,False,False,False,False,False,False,False,False,False,False,False,False,False,False,False,False,False,False,False,False,False,False,False
1686,2,True,True,120.0,14.0,10.0,0,120,1.38,144.0,5,390.0,1080.0,690.0,2008,False,False,False,True,True,True,True,True,True,False,False,True,True,True,True,True,True,False,False,False,False,False,False,True,False,False,False,False,False,False,False,False,False,False,False,False,False,False,False,False,False,False,False,False,False,False,False,False,False,False,False,False,False,True,False,False,False,False,False,False,False,False,False,False,False,False,False,False,False,False,False,False,False
591,3,True,True,70.0,9.0,3.0,0,70,1.38,144.0,5,360.0,1080.0,720.0,2024,False,False,False,True,True,True,True,True,True,False,False,True,True,True,True,True,True,False,False,False,False,False,False,True,False,False,False,False,False,False,False,False,False,False,False,False,False,True,False,False,False,False,False,False,False,False,False,False,False,False,False,False,False,False,False,False,False,False,False,False,False,False,False,False,False,False,False,False,False,False,False,False,False
1372,5,True,True,40.0,12.0,,0,40,1.38,144.0,5,360.0,1080.0,720.0,2024,False,False,False,True,True,False,True,True,True,False,False,True,True,True,False,False,True,False,False,False,False,False,False,True,False,False,False,False,False,False,False,False,False,False,False,False,False,False,False,False,False,False,False,False,False,False,False,True,False,False,False,False,False,False,False,False,False,False,False,False,False,False,False,False,False,False,False,False,False,False,False,False,False
134,2,True,True,10.0,,,0,10,1.38,156.0,5,420.0,1080.0,660.0,2005,False,False,False,True,True,True,True,True,True,False,False,True,True,True,False,True,False,True,False,False,False,False,False,False,True,False,False,False,False,False,False,False,False,True,False,False,False,False,False,False,False,False,False,False,False,False,False,False,False,False,False,False,False,False,False,False,False,False,False,False,False,False,False,False,False,False,False,False,False,False,False,False,False
1914,2,True,True,10.0,1.0,,0,10,1.38,156.0,5,450.0,1045.0,595.0,2021,False,False,False,False,True,False,True,True,True,False,False,True,True,True,False,False,False,True,False,False,False,False,False,False,True,False,False,False,False,False,False,False,False,False,False,False,False,False,True,False,False,False,False,False,False,False,False,False,False,False,False,False,False,False,False,False,False,False,False,False,False,False,False,False,False,False,False,False,False,False,False,False,False
650,2,True,True,12.0,2.0,1.0,0,12,1.38,156.0,5,360.0,1005.0,645.0,2012,False,False,False,True,True,True,True,True,True,False,False,True,True,True,True,False,False,False,True,False,False,False,False,False,True,False,False,False,False,False,False,False,False,False,False,False,False,True,False,False,False,False,False,False,False,False,False,False,False,False,False,False,False,False,False,False,False,False,False,False,False,False,False,False,False,False,False,False,False,False,False,False,False
2445,3,True,True,15.0,11.0,,0,15,1.38,72.0,5,420.0,1140.0,720.0,2015,False,False,False,False,True,False,False,True,True,False,False,True,True,True,False,True,True,False,False,False,False,False,False,False,False,True,False,False,False,False,False,False,False,False,False,False,False,False,False,False,False,False,False,False,False,False,False,False,False,False,False,False,False,False,False,False,False,False,False,False,False,False,False,False,False,False,False,False,True,False,False,False,False
301,3,True,True,75.0,18.0,,0,75,1.38,72.0,5,420.0,1080.0,660.0,1997,False,False,False,False,True,False,False,True,True,False,False,True,True,True,False,True,True,False,False,False,False,False,False,False,False,True,False,False,False,False,False,False,False,False,False,False,False,False,False,False,False,False,False,False,False,False,False,False,False,False,False,False,False,False,False,False,False,False,False,False,False,False,False,False,False,False,False,False,False,False,False,False,True
2274,3,False,False,,3.0,2.0,0,,,,,,,,,False,False,False,False,True,False,False,False,False,False,False,False,False,False,False,True,False,False,False,False,False,False,False,False,False,False,False,True,False,False,False,False,False,False,False,False,False,False,False,False,False,False,False,False,False,False,False,False,False,False,False,False,False,False,False,False,False,False,False,False,False,False,False,False,False,False,False,False,False,False,False,False,False
2,2,True,True,12.0,2.0,,0,12,1.38,156.0,5,420.0,1050.0,630.0,2015,False,False,False,True,True,False,True,True,True,False,False,True,True,True,False,False,False,False,True,False,False,False,False,False,True,False,False,False,False,False,False,False,False,False,False,False,False,False,False,False,False,False,False,False,False,False,False,False,False,False,False,False,False,False,False,False,True,False,False,False,False,False,False,False,False,False,False,False,False,False,False,False,False
1440,5,True,True,34.0,5.0,2.0,0,34,1.38,156.0,5,360.0,1320.0,960.0,1996,False,False,False,True,True,False,True,True,True,False,False,True,True,True,True,True,True,False,False,False,False,False,False,False,False,True,False,False,False,False,False,False,False,True,False,False,False,False,False,False,False,False,False,False,False,False,False,False,False,False,False,False,False,False,False,False,False,False,False,False,False,False,False,False,False,False,False,False,False,False,False,False,False
622,2,True,True,90.0,5.0,7.0,0,90,1.38,156.0,5,420.0,1080.0,660.0,2019,False,False,False,True,True,True,True,True,True,False,False,True,True,True,True,True,True,False,False,False,False,False,False,True,False,False,False,False,False,False,False,False,False,False,False,False,False,False,False,False,False,False,False,False,False,False,True,False,False,False,False,False,False,False,False,False,False,False,False,False,False,False,False,False,False,False,False,False,False,False,False,False,False
900,2,True,True,170.0,19.0,5.0,0,170,1.38,156.0,5,360.0,1080.0,720.0,2014,False,False,False,True,True,True,True,True,True,False,False,True,True,True,True,True,True,False,False,False,False,False,False,True,False,False,False,False,False,False,False,False,False,False,False,False,False,False,False,False,False,False,False,False,False,False,False,False,False,False,False,False,False,True,False,False,False,False,False,False,False,False,False,False,False,False,False,False,False,False,False,False,False
2845,1,True,True,12.0,,1.0,0,12,1.38,156.0,5,360.0,1080.0,720.0,2018,False,False,False,True,True,True,True,True,True,False,False,True,True,True,False,False,False,False,True,False,False,False,False,False,True,False,False,False,False,False,False,False,False,False,False,True,False,False,False,False,False,False,False,False,False,False,False,False,False,False,False,False,False,False,False,False,False,False,False,False,False,False,False,False,False,False,False,False,False,False,False,False,False
321,2,True,True,12.0,,,0,12,1.38,156.0,7,420.0,1080.0,660.0,1998,False,False,False,True,True,True,True,True,True,True,True,True,True,True,False,True,False,False,True,False,False,False,False,False,True,False,False,False,False,False,False,False,False,False,False,False,False,False,False,False,False,False,False,False,False,False,True,False,False,False,False,False,False,False,False,False,False,False,False,False,False,False,False,False,False,False,False,False,False,False,False,False,False
2869,2,True,True,12.0,,,0,12,1.38,156.0,7,0.0,1440.0,1440.0,2025,False,False,False,True,True,True,True,True,True,True,True,True,True,True,True,True,False,False,True,False,False,False,False,False,True,False,False,False,False,False,True,False,False,False,False,False,False,False,False,False,False,False,False,False,False,False,False,False,False,False,False,False,False,False,False,False,False,False,False,False,False,False,False,False,False,False,False,False,False,False,False,False,False
855,1,True,True,10.0,1.0,,0,10,1.38,156.0,5,390.0,1080.0,690.0,2012,False,False,False,False,True,False,True,True,True,False,False,True,True,True,False,False,False,True,False,False,False,False,False,False,True,False,False,False,False,False,False,False,False,False,False,False,False,False,False,False,False,False,False,False,True,False,False,False,False,False,False,False,False,False,False,False,False,False,False,False,False,False,False,False,False,False,False,False,False,False,False,False,False
3175,1,True,True,60.0,3.0,,0,60,36.0,72.0,5,480.0,930.0,450.0,2025,False,False,False,False,True,True,False,True,True,False,False,True,True,True,False,True,False,False,False,False,False,False,False,False,False,False,True,False,False,False,False,False,False,False,False,False,False,True,False,False,False,False,False,False,False,False,False,False,False,False,False,False,False,False,False,False,False,False,False,False,False,False,False,False,False,False,False,False,False,False,False,False,False
349,2,True,True,10.0,2.0,,0,10,1.38,156.0,7,0.0,1440.0,1440.0,2008,False,False,False,True,True,True,True,True,True,True,True,True,True,True,True,False,False,True,False,False,False,False,False,False,True,False,False,False,False,False,False,False,False,False,False,False,False,False,False,False,False,False,False,False,False,False,False,False,False,False,False,False,False,False,False,False,True,False,False,False,False,False,False,False,False,False,False,False,False,False,False,False,False
1698,1,True,True,40.0,3.0,2.0,0,25,1.38,156.0,5,420.0,1020.0,600.0,2024,False,False,False,True,True,False,True,True,True,False,False,True,True,True,True,False,True,False,False,False,False,False,False,True,False,False,False,False,False,False,False,False,False,False,False,False,False,False,False,False,False,False,False,True,False,False,False,False,False,False,False,False,False,False,False,False,False,False,False,False,False,False,False,False,False,False,False,False,False,False,False,False,False
1149,1,True,True,12.0,1.0,1.0,0,12,1.38,144.0,5,450.0,1050.0,600.0,2023,False,False,False,True,True,True,True,True,True,False,False,True,True,True,False,False,False,False,True,False,False,False,False,False,True,False,False,False,False,False,True,False,False,False,False,False,False,False,False,False,False,False,False,False,False,False,False,False,False,False,False,False,False,False,False,False,False,False,False,False,False,False,False,False,False,False,False,False,False,False,False,False,False
2889,5,True,True,120.0,8.0,3.0,1,120,1.38,156.0,5,420.0,1050.0,630.0,2005,False,False,False,True,True,False,True,True,True,False,False,True,True,True,True,True,True,False,False,False,False,False,False,True,False,False,False,False,True,False,False,False,False,False,False,False,False,True,False,False,False,False,False,False,False,False,False,False,False,False,False,False,False,False,False,False,False,False,False,False,False,False,False,False,False,False,False,False,False,False,False,False,False
1737,3,False,False,,1.0,,0,,,,,,,,,False,False,False,False,True,False,False,False,False,False,False,False,False,False,False,True,False,False,False,False,False,False,False,False,False,False,False,True,False,False,False,False,False,False,False,False,False,False,False,False,False,False,False,False,False,False,False,False,False,False,False,False,False,False,False,False,False,False,False,False,False,False,False,False,False,False,False,False,False,False,False,False,False
2267,1,True,True,12.0,1.0,1.0,0,12,1.38,156.0,7,0.0,1440.0,1440.0,2010,False,False,False,True,True,True,True,True,True,True,True,True,True,True,True,True,False,False,True,False,False,False,False,False,True,False,False,False,False,False,False,False,False,False,False,False,False,True,False,False,False,False,False,False,False,False,False,False,False,False,False,False,False,False,False,False,False,False,False,False,False,False,False,False,False,False,False,False,False,False,False,False,False
2726,2,True,True,64.0,7.0,,0,64,1.38,144.0,5,360.0,1080.0,720.0,2014,False,False,False,True,True,False,True,True,True,False,False,True,True,True,True,False,True,False,False,False,False,False,False,True,False,False,False,False,False,False,False,False,False,False,False,False,False,False,False,False,False,False,False,False,False,False,False,False,False,False,False,False,False,True,False,False,False,False,False,False,False,False,False,False,False,False,False,False,False,False,False,False,False
1945,5,True,True,54.0,6.0,,0,54,1.38,156.0,7,285.0,1440.0,1155.0,2012,False,False,False,True,True,True,True,True,True,True,True,True,True,True,True,True,True,False,False,False,False,False,False,True,False,False,False,False,False,False,False,False,False,False,False,False,False,False,False,False,False,False,False,False,False,False,False,False,False,True,False,False,False,False,False,False,False,False,False,False,False,False,False,False,False,False,False,False,False,False,False,False,False
951,5,True,True,10.0,1.0,,0,10,1.38,156.0,7,360.0,1080.0,720.0,1997,False,False,False,True,True,True,True,True,True,True,True,True,True,True,True,True,False,True,False,False,False,False,False,False,True,False,False,False,False,False,False,False,False,False,False,False,False,False,False,False,False,False,False,False,False,False,False,False,False,False,False,False,False,True,False,False,False,False,False,False,False,False,False,False,False,False,False,False,False,False,False,False,False
3193,3,True,True,235.0,31.0,10.0,0,192,1.38,156.0,5,390.0,1080.0,690.0,2000,False,False,False,True,True,False,True,True,True,False,False,True,True,True,True,True,True,False,False,False,False,False,False,False,False,True,False,False,False,False,False,False,False,False,False,False,False,False,False,False,False,False,False,False,False,False,False,False,False,False,False,False,False,False,False,False,True,False,False,False,False,False,False,False,False,False,False,False,False,False,False,False,False
2078,2,True,True,12.0,1.0,,0,12,1.38,144.0,5,420.0,1080.0,660.0,2021,False,False,False,True,True,False,True,True,True,False,False,True,True,True,True,False,False,False,True,False,False,False,False,False,True,False,False,False,False,False,False,False,False,False,False,False,False,False,False,False,False,False,False,False,False,False,False,False,False,False,False,False,False,False,False,False,False,False,False,False,False,False,False,False,True,False,False,False,False,False,False,False,False
3254,1,True,True,162.0,5.0,,0,162,1.38,156.0,6,300.0,1140.0,840.0,2020,False,False,False,True,True,True,True,True,True,True,False,True,True,True,True,True,True,False,False,False,False,False,False,True,False,False,False,False,False,False,False,False,False,False,False,False,False,False,False,False,False,False,False,False,False,False,False,False,False,False,False,False,False,False,False,False,True,False,False,False,False,False,False,False,False,False,False,False,False,False,False,False,False
85,1,True,True,150.0,13.0,3.0,0,150,1.38,156.0,5,345.0,1080.0,735.0,1996,False,False,False,True,True,True,True,True,True,False,False,True,True,True,True,False,True,False,False,False,False,False,False,True,False,False,False,False,False,False,False,False,False,False,False,False,False,False,False,False,False,False,False,False,False,False,False,False,False,False,False,False,False,False,True,False,False,False,False,False,False,False,False,False,False,False,False,False,False,False,False,False,False
156,2,True,True,173.0,7.0,2.0,0,173,1.38,156.0,6,300.0,1140.0,840.0,2016,False,False,False,True,True,True,True,True,True,True,False,True,True,True,True,False,True,False,False,False,False,False,False,True,False,False,False,False,False,False,False,False,False,False,False,False,False,False,False,False,False,False,False,False,False,False,False,False,False,False,False,False,False,False,False,False,True,False,False,False,False,False,False,False,False,False,False,False,False,False,False,False,False
2165,2,True,True,74.0,4.0,,0,74,1.38,156.0,6,300.0,1140.0,840.0,2021,False,False,False,True,True,True,True,True,True,True,False,True,True,True,True,True,True,False,False,False,False,False,False,True,False,False,False,False,False,False,False,False,False,False,False,False,False,False,False,False,False,False,False,False,False,False,False,False,False,False,False,False,False,False,False,False,True,False,False,False,False,False,False,False,False,False,False,False,False,False,False,False,False
17,2,True,True,115.0,17.0,2.0,0,115,1.38,156.0,5,360.0,1140.0,780.0,2013,False,False,False,True,True,True,True,True,True,False,False,True,True,True,True,False,True,False,False,False,False,False,False,True,False,False,False,False,False,False,False,False,False,False,False,False,False,False,False,False,False,False,False,False,False,False,False,False,False,False,False,False,False,False,False,False,True,False,False,False,False,False,False,False,False,False,False,False,False,False,False,False,False
898,5,True,True,12.0,1.0,,0,12,1.38,156.0,5,300.0,1320.0,1020.0,2007,False,False,False,True,True,True,True,True,True,False,False,True,True,True,True,False,False,False,True,False,False,False,False,False,True,False,False,False,False,False,False,False,False,False,False,False,False,True,False,False,False,False,False,False,False,False,False,False,False,False,False,False,False,False,False,False,False,False,False,False,False,False,False,False,False,False,False,False,False,False,False,False,False
205,2,True,True,12.0,1.0,2.0,0,12,1.38,156.0,7,0.0,1440.0,1440.0,2022,False,False,False,True,True,True,True,True,True,True,True,True,True,True,True,True,False,False,True,False,False,False,False,False,True,False,False,False,False,False,False,False,False,False,False,True,False,False,False,False,False,False,False,False,False,False,False,False,False,False,False,False,False,False,False,False,False,False,False,False,False,False,False,False,False,False,False,False,False,False,False,False,False
740,2,True,True,141.0,21.0,3.0,0,141,1.38,144.0,5,390.0,1080.0,690.0,2025,False,False,False,True,True,False,True,True,True,False,False,True,True,True,False,False,True,False,False,False,False,False,False,True,False,False,False,False,False,False,False,False,False,False,False,False,False,False,False,False,False,False,False,False,False,False,False,False,False,False,False,False,False,False,False,False,True,False,False,False,False,False,False,False,False,False,False,False,False,False,False,False,False
1647,2,True,True,29.0,1.0,2.0,0,29,1.38,144.0,7,300.0,1439.0,1139.0,2004,False,False,False,True,True,True,True,True,True,True,True,True,True,True,True,False,True,False,False,False,False,False,False,True,False,False,False,False,False,False,False,False,False,False,False,False,False,False,False,False,False,False,False,False,False,False,False,False,False,False,False,False,False,False,False,False,False,False,True,False,False,False,False,False,False,False,False,False,False,False,False,False,False
51,1,True,True,12.0,1.0,,0,12,1.38,120.0,5,420.0,1050.0,630.0,2024,False,False,False,False,True,True,True,True,True,False,False,True,True,True,True,True,False,False,True,False,False,False,False,False,True,False,False,False,False,False,True,False,False,False,False,False,False,False,False,False,False,False,False,False,False,False,False,False,False,False,False,False,False,False,False,False,False,False,False,False,False,False,False,False,False,False,False,False,False,False,False,False,False
489,3,True,True,200.0,21.0,20.0,1,200,1.38,156.0,5,390.0,1080.0,690.0,2004,False,False,True,True,True,True,True,True,True,False,False,True,True,True,True,True,True,False,False,False,False,False,False,True,False,False,False,False,False,False,False,False,False,False,False,False,False,True,False,False,False,False,False,False,False,False,False,False,False,False,False,False,False,False,False,False,False,False,False,False,False,False,False,False,False,False,False,False,False,False,False,False,False
1072,2,True,True,70.0,10.0,10.0,0,70,1.38,144.0,5,420.0,1080.0,660.0,2021,False,False,False,True,True,True,True,True,True,False,False,True,True,True,True,True,True,False,False,False,False,False,False,True,False,False,False,False,False,False,False,False,False,False,False,False,False,False,False,False,False,False,False,False,True,False,False,False,False,False,False,False,False,False,False,False,False,False,False,False,False,False,False,False,False,False,False,False,False,False,False,False,False
3004,1,True,True,153.0,13.0,11.0,0,153,1.84,144.0,5,390.0,1080.0,690.0,2020,False,False,False,True,True,True,True,True,True,False,False,True,True,True,True,True,True,False,False,False,False,False,False,True,False,False,False,False,False,False,False,False,False,False,False,False,False,True,False,False,False,False,False,False,False,False,False,False,False,False,False,False,False,False,False,False,False,False,False,False,False,False,False,False,False,False,False,False,False,False,False,False,False
612,1,True,True,6.0,,,0,6,1.38,156.0,5,390.0,1050.0,660.0,2015,False,False,False,True,False,False,True,True,True,False,False,True,True,True,False,False,False,True,False,False,False,False,False,False,True,False,False,False,False,False,False,False,False,False,False,False,True,False,False,False,False,False,False,False,False,False,False,False,False,False,False,False,False,False,False,False,False,False,False,False,False,False,False,False,False,False,False,False,False,False,False,False,False
3215,5,True,True,12.0,2.0,,0,12,1.38,144.0,5,360.0,1110.0,750.0,2013,False,False,False,True,True,True,True,True,True,False,False,True,True,True,False,True,False,False,True,False,False,False,False,False,True,False,False,False,False,False,False,False,False,False,False,False,False,False,False,False,False,False,False,False,False,False,False,False,False,False,False,False,False,False,False,False,False,False,False,False,False,False,False,True,False,False,False,False,False,False,False,False,False
1236,1,True,True,68.0,6.0,2.0,0,68,1.38,156.0,7,360.0,1200.0,840.0,2014,False,False,False,True,True,True,True,True,True,True,True,True,True,True,True,False,True,False,False,False,False,False,False,True,False,False,False,False,False,False,False,False,False,False,False,False,False,False,False,False,False,False,False,False,False,False,False,False,False,False,False,False,False,False,False,False,True,False,False,False,False,False,False,False,False,False,False,False,False,False,False,False,False
549,5,True,True,10.0,,,0,10,1.38,156.0,7,0.0,1440.0,1440.0,2003,False,False,False,True,True,True,True,True,True,True,True,True,True,True,True,True,False,True,False,False,False,False,False,False,True,False,False,False,False,False,False,False,False,False,False,False,False,False,False,False,False,False,False,False,False,False,False,True,False,False,False,False,False,False,False,False,False,False,False,False,False,False,False,False,False,False,False,False,False,False,False,False,False
12,1,True,True,12.0,2.0,,0,12,1.38,156.0,5,360.0,1050.0,690.0,2008,False,False,False,True,True,True,True,True,True,False,False,True,True,True,True,True,False,False,True,False,False,False,False,False,True,False,False,False,False,False,False,False,False,False,False,False,False,True,False,False,False,False,False,False,False,False,False,False,False,False,False,False,False,False,False,False,False,False,False,False,False,False,False,False,False,False,False,False,False,False,False,False,False
2310,1,True,True,45.0,6.0,2.0,0,45,1.38,156.0,5,420.0,1080.0,660.0,2021,False,False,False,True,True,True,True,True,True,False,False,True,True,True,False,True,True,False,False,False,False,False,False,True,False,False,False,False,False,False,False,False,False,False,False,False,False,False,False,False,False,False,False,False,False,False,False,False,False,False,False,False,False,False,False,False,False,False,False,False,True,False,False,False,False,False,False,False,False,False,False,False,False
1868,3,True,True,60.0,6.0,5.0,0,60,1.38,156.0,5,390.0,1080.0,690.0,2002,False,False,False,True,True,True,True,True,True,False,False,True,True,True,True,True,True,False,False,False,False,False,False,True,False,False,False,False,False,False,False,False,False,False,False,False,False,True,False,False,False,False,False,False,False,False,False,False,False,False,False,False,False,False,False,False,False,False,False,False,False,False,False,False,False,False,False,False,False,False,False,False,False
2319,1,True,True,12.0,,,0,12,1.38,144.0,5,420.0,1050.0,630.0,2025,False,False,False,True,True,True,True,True,True,False,False,True,True,True,False,False,False,False,False,False,False,False,True,False,True,False,False,False,False,False,False,False,False,False,False,False,False,False,False,False,False,False,False,False,False,False,False,False,False,False,True,False,False,False,False,False,False,False,False,False,False,False,False,False,False,False,False,False,False,False,False,False,False
941,2,True,True,10.0,1.0,,0,10,1.38,156.0,5,390.0,1050.0,660.0,2009,False,False,False,True,True,True,True,True,True,False,False,True,True,True,True,False,False,True,False,False,False,False,False,False,True,False,False,False,False,False,False,False,False,False,False,False,False,True,False,False,False,False,False,False,False,False,False,False,False,False,False,False,False,False,False,False,False,False,False,False,False,False,False,False,False,False,False,False,False,False,False,False,False
2926,1,True,True,12.0,3.0,2.0,0,12,1.38,144.0,7,0.0,1440.0,1440.0,2020,False,False,False,True,True,True,True,True,True,True,True,True,True,True,True,False,False,False,True,False,False,False,False,False,True,False,False,False,False,False,False,False,False,False,False,False,False,False,False,False,False,False,False,False,True,False,False,False,False,False,False,False,False,False,False,False,False,False,False,False,False,False,False,False,False,False,False,False,False,False,False,False,False
2462,2,True,True,55.0,6.0,4.0,0,55,1.38,156.0,5,390.0,1050.0,660.0,2025,False,False,False,True,True,True,True,True,True,False,False,True,True,True,True,True,True,False,False,False,False,False,False,True,False,False,False,False,False,False,False,False,False,False,False,False,False,False,False,False,False,False,False,False,False,False,False,False,False,False,False,False,False,False,False,False,False,False,False,False,False,False,False,False,False,False,False,True,False,False,False,False,False
687,3,False,False,,18.0,,0,,,,,,,,,False,False,False,True,True,False,True,False,False,False,False,False,False,False,False,True,False,False,False,False,False,False,False,False,False,True,False,False,False,False,False,False,False,False,False,False,False,False,False,False,False,False,False,False,False,False,False,False,False,False,False,False,False,False,False,False,False,False,False,False,False,False,False,False,False,False,False,False,False,False,False,False,False
1829,3,True,True,240.0,60.0,5.0,0,240,1.38,60.0,5,420.0,1050.0,630.0,2017,False,False,False,True,True,False,True,True,True,False,False,True,True,True,True,True,True,False,False,False,False,False,False,False,False,True,False,False,False,False,False,False,False,False,False,False,False,True,False,False,False,False,False,False,False,False,False,False,False,False,False,False,False,False,False,False,False,False,False,False,False,False,False,False,False,False,False,False,False,False,False,False,False
1228,3,True,True,100.0,4.0,,0,100,1.38,156.0,5,360.0,1080.0,720.0,1999,False,False,False,False,True,True,True,True,True,False,False,True,True,True,True,False,True,False,False,False,False,False,False,True,False,False,False,False,False,False,False,False,False,True,False,False,False,False,False,False,False,False,False,False,False,False,False,False,False,False,False,False,False,False,False,False,False,False,False,False,False,False,False,False,False,False,False,False,False,False,False,False,False
1259,2,True,True,128.0,22.0,30.0,0,128,1.38,156.0,7,390.0,1080.0,690.0,2002,False,False,False,True,True,True,True,True,True,True,True,True,True,True,True,True,True,False,False,False,False,False,False,True,False,False,False,False,False,False,False,False,False,False,False,False,False,False,False,False,False,False,False,False,False,False,False,False,False,False,False,False,False,False,False,False,True,False,False,False,False,False,False,False,False,False,False,False,False,False,False,False,False
810,2,True,True,128.0,18.0,7.0,0,128,1.38,156.0,5,390.0,1080.0,690.0,2002,False,False,False,True,True,True,True,True,True,False,False,True,True,True,True,True,True,False,False,False,False,False,False,True,False,False,False,False,False,False,False,False,False,False,False,False,False,False,False,False,False,False,False,False,False,False,False,False,False,False,False,False,False,False,False,False,True,False,False,False,False,False,False,False,False,False,False,False,False,False,False,False,False
2916,2,True,True,12.0,,,0,12,1.38,144.0,5,360.0,1080.0,720.0,2024,False,False,False,True,True,True,True,True,True,False,False,True,True,True,False,False,False,False,True,False,False,False,False,False,True,False,False,False,False,False,True,False,False,False,False,False,False,False,False,False,False,False,False,False,False,False,False,False,False,False,False,False,False,False,False,False,False,False,False,False,False,False,False,False,False,False,False,False,False,False,False,False,False
986,5,True,True,12.0,,,0,12,1.38,156.0,7,0.0,1440.0,1440.0,2016,False,False,False,True,True,False,True,True,True,True,True,True,True,True,True,True,False,False,True,False,False,False,False,False,True,False,False,False,False,False,False,False,False,True,False,False,False,False,False,False,False,False,False,False,False,False,False,False,False,False,False,False,False,False,False,False,False,False,False,False,False,False,False,False,False,False,False,False,False,False,False,False,False
2813,2,True,True,12.0,,,0,12,1.38,156.0,5,390.0,1050.0,660.0,1998,False,False,False,True,True,True,True,True,True,False,False,True,True,True,False,False,False,False,True,False,False,False,False,False,True,False,False,False,False,False,False,False,False,False,False,False,False,True,False,False,False,False,False,False,False,False,False,False,False,False,False,False,False,False,False,False,False,False,False,False,False,False,False,False,False,False,False,False,False,False,False,False,False
2212,2,True,True,65.0,10.0,4.0,0,65,1.38,156.0,7,0.0,1440.0,1440.0,1997,False,False,False,True,True,True,True,True,True,True,True,True,True,True,True,False,True,False,False,False,False,False,False,True,False,False,False,False,False,False,False,False,False,False,False,True,False,False,False,False,False,False,False,False,False,False,False,False,False,False,False,False,False,False,False,False,False,False,False,False,False,False,False,False,False,False,False,False,False,False,False,False,False
2892,1,True,True,12.0,1.0,,0,12,1.38,144.0,5,420.0,1080.0,660.0,2024,False,False,False,True,True,False,True,True,True,False,False,True,True,True,False,False,False,False,False,False,False,False,True,False,True,False,False,False,False,False,False,False,True,False,False,False,False,False,False,False,False,False,False,False,False,False,False,False,False,False,False,False,False,False,False,False,False,False,False,False,False,False,False,False,False,False,False,False,False,False,False,False,False
1052,1,True,True,42.0,11.0,,0,42,1.38,156.0,5,420.0,1050.0,630.0,2024,False,False,False,True,False,False,True,True,True,False,False,True,True,True,True,True,False,False,False,False,True,False,False,True,False,False,False,False,False,False,False,False,False,False,False,False,False,False,False,False,False,False,False,False,False,False,False,False,False,False,False,False,False,False,False,False,False,False,False,False,False,False,False,False,False,False,False,False,False,False,False,False,True
1716,1,True,True,99.0,8.0,4.0,0,99,1.38,156.0,5,360.0,1080.0,720.0,1997,False,False,False,True,True,True,True,True,True,False,False,True,True,True,True,True,True,False,False,False,False,False,False,True,False,False,False,False,False,False,False,False,False,False,False,False,False,False,False,False,False,False,False,False,False,False,False,False,False,False,False,False,False,False,False,False,True,False,False,False,False,False,False,False,False,False,False,False,False,False,False,False,False
2778,1,True,True,150.0,10.0,3.0,0,150,1.38,156.0,5,360.0,1200.0,840.0,2018,False,False,False,True,True,True,True,True,True,False,False,True,True,True,True,False,True,False,False,False,False,False,False,True,False,False,False,False,False,False,False,False,False,False,False,False,False,True,False,False,False,False,False,False,False,False,False,False,False,False,False,False,False,False,False,False,False,False,False,False,False,False,False,False,False,False,False,False,False,False,False,False,False
925,1,True,True,73.0,7.0,,0,73,1.38,156.0,7,0.0,1440.0,1440.0,2020,False,False,False,True,True,True,True,True,True,True,True,True,True,True,True,False,True,False,False,False,False,False,False,True,False,False,False,False,False,False,False,False,False,False,False,False,False,False,False,False,False,False,False,False,False,False,False,False,False,False,False,False,False,True,False,False,False,False,False,False,False,False,False,False,False,False,False,False,False,False,False,False,False
1499,2,True,True,75.0,5.0,2.0,0,75,30.0,144.0,7,360.0,1380.0,1020.0,2024,False,False,False,False,True,True,True,True,True,True,True,True,True,True,False,True,True,False,False,False,False,False,False,True,False,False,False,False,False,False,False,False,False,False,False,False,False,True,False,False,False,False,False,False,False,False,False,False,False,False,False,False,False,False,False,False,False,False,False,False,False,False,False,False,False,False,False,False,False,False,False,False,False
1759,3,True,True,32.0,3.0,3.0,0,32,1.38,156.0,5,360.0,1080.0,720.0,2024,False,False,False,True,True,True,True,True,True,False,False,True,True,True,False,True,True,False,False,False,False,False,False,False,False,False,False,True,False,False,True,False,False,False,False,False,False,False,False,False,False,False,False,False,False,False,False,False,False,False,False,False,False,False,False,False,False,False,False,False,False,False,False,False,False,False,False,False,False,False,False,False,False
419,1,True,True,10.0,,,0,10,1.38,156.0,7,390.0,1200.0,810.0,2010,False,False,False,True,False,False,True,True,True,True,True,True,True,True,False,True,False,True,False,False,False,False,False,False,True,False,False,False,False,False,False,False,False,False,False,False,False,True,False,False,False,False,False,False,False,False,False,False,False,False,False,False,False,False,False,False,False,False,False,False,False,False,False,False,False,False,False,False,False,False,False,False,False
2229,3,False,False,,2.0,,0,,,,,,,,,False,False,False,False,True,False,False,False,False,False,False,False,False,False,False,False,False,False,False,False,False,False,False,False,False,False,False,True,False,False,False,False,False,False,False,False,False,False,False,False,False,False,False,False,False,False,False,False,False,False,False,False,False,False,False,False,False,False,False,False,False,False,False,False,False,False,False,False,False,False,False,False,False
2645,5,True,True,99.0,13.0,4.0,0,99,15.0,156.0,7,1.0,,,1996,False,False,False,False,True,True,True,True,True,True,True,True,True,True,True,True,True,False,False,False,False,False,False,True,False,False,False,False,False,False,False,False,False,False,False,False,False,False,False,False,False,False,False,False,False,False,False,False,False,False,False,False,False,False,False,False,False,False,False,False,False,True,False,False,False,False,False,False,False,False,False,False,False
1053,2,True,True,10.0,1.0,,0,10,1.38,156.0,5,390.0,1050.0,660.0,1996,False,False,False,True,True,True,False,True,True,False,False,True,True,True,True,True,False,True,False,False,False,False,False,False,True,False,False,False,False,False,False,False,False,False,False,False,False,False,False,False,False,False,False,False,False,False,False,False,False,False,False,False,False,False,False,False,True,False,False,False,False,False,False,False,False,False,False,False,False,False,False,False,False
543,1,True,True,10.0,1.0,,0,10,1.38,156.0,5,420.0,1080.0,660.0,2013,False,False,False,True,False,False,True,True,True,False,False,True,True,True,False,True,False,True,False,False,False,False,False,False,True,False,False,False,False,False,False,False,False,False,False,False,False,False,False,False,False,False,False,False,False,False,False,False,False,False,False,False,False,True,False,False,False,False,False,False,False,False,False,False,False,False,False,False,False,False,False,False,False
996,2,True,True,10.0,,,0,10,1.38,156.0,5,420.0,1080.0,660.0,1999,False,False,False,True,True,True,True,True,True,False,False,True,True,True,False,True,False,True,False,False,False,False,False,False,True,False,False,False,False,False,False,False,False,False,False,False,False,False,False,False,False,False,False,False,False,False,False,False,False,False,False,False,True,False,False,False,False,False,False,False,False,False,False,False,False,False,False,False,False,False,False,False,False
2196,1,True,True,85.0,5.0,2.0,0,85,1.38,156.0,7,0.0,1440.0,1440.0,2022,False,False,False,True,True,True,True,True,True,True,True,True,True,True,False,False,True,False,False,False,False,False,False,True,False,False,False,False,False,False,False,False,False,False,False,False,False,False,False,False,False,False,False,False,False,False,False,False,False,False,False,False,False,False,False,False,True,False,False,False,False,False,False,False,False,False,False,False,False,False,False,False,False
679,1,True,True,10.0,1.0,,0,10,1.38,156.0,5,420.0,1020.0,600.0,2023,False,False,False,True,False,False,True,True,True,False,False,True,True,True,False,False,False,True,False,False,False,False,False,False,True,False,False,False,False,False,False,False,False,False,False,False,False,False,False,False,False,False,False,False,False,False,False,False,False,False,False,False,False,False,False,False,True,False,False,False,False,False,False,False,False,False,False,False,False,False,False,False,False
1928,1,True,True,10.0,1.0,1.0,0,10,1.38,156.0,5,420.0,1080.0,660.0,2013,False,False,False,True,False,False,True,True,True,False,False,True,True,True,False,True,False,True,False,False,False,False,False,False,True,False,False,False,False,False,False,False,False,False,False,False,False,True,False,False,False,False,False,False,False,False,False,False,False,False,False,False,False,False,False,False,False,False,False,False,False,False,False,False,False,False,False,False,False,False,False,False,False
2248,1,True,True,12.0,,,0,12,1.38,144.0,5,270.0,1080.0,810.0,2025,False,False,False,True,False,False,True,True,True,False,False,True,True,True,False,False,False,False,True,False,False,False,False,False,True,False,False,False,False,False,False,False,False,False,False,True,False,False,False,False,False,False,False,False,False,False,False,False,False,False,False,False,False,False,False,False,False,False,False,False,False,False,False,False,False,False,False,False,False,False,False,False,False
664,2,True,True,12.0,,,0,12,1.38,156.0,5,360.0,1110.0,750.0,2008,False,False,False,False,True,True,True,True,True,False,False,True,True,True,True,False,False,False,True,False,False,False,False,False,True,False,False,False,False,False,False,False,False,False,False,False,False,True,False,False,False,False,False,False,False,False,False,False,False,False,False,False,False,False,False,False,False,False,False,False,False,False,False,False,False,False,False,False,False,False,False,False,False
2130,1,True,True,100.0,9.0,3.0,0,100,1.38,156.0,5,360.0,1080.0,720.0,1999,False,False,False,True,True,False,True,True,True,False,False,True,True,True,True,True,True,False,False,False,False,False,False,True,False,False,False,False,False,False,False,False,False,False,False,False,False,False,False,False,False,False,False,False,False,False,False,False,False,False,False,False,False,True,False,False,False,False,False,False,False,False,False,False,False,False,False,False,False,False,False,False,False
1995,2,True,True,70.0,18.0,2.0,0,70,24.0,132.0,5,360.0,1080.0,720.0,2018,False,False,False,False,True,True,True,True,True,False,False,True,True,True,True,True,True,False,False,False,False,False,False,True,False,False,False,False,False,False,False,False,False,False,False,False,False,False,False,False,False,False,False,False,False,False,False,False,False,False,False,False,False,False,False,False,True,False,False,False,False,False,False,False,False,False,False,False,False,False,False,False,False
2744,1,True,True,60.0,5.0,3.0,0,60,1.38,156.0,5,390.0,1050.0,660.0,2025,False,False,False,True,True,True,True,True,True,False,False,True,True,True,False,False,False,False,False,False,True,False,False,True,False,False,False,False,False,False,False,False,False,False,False,False,False,False,False,False,False,False,False,False,False,False,False,False,False,False,False,False,False,False,False,False,False,False,False,False,False,False,True,False,False,False,False,False,False,False,False,False,False
1632,2,True,True,104.0,12.0,12.0,0,104,1.38,156.0,5,390.0,1050.0,660.0,2024,False,False,False,True,True,True,True,True,True,False,False,True,True,True,True,False,True,False,False,False,False,False,False,True,False,False,False,False,False,False,False,False,False,False,False,False,False,False,False,False,False,False,False,False,False,False,False,False,False,False,False,False,False,False,False,False,False,False,False,False,False,False,True,False,False,False,False,False,False,False,False,False,False
2554,1,True,True,10.0,,,0,10,1.38,156.0,7,0.0,1440.0,1440.0,2008,False,False,False,True,True,False,True,True,True,True,True,True,True,True,False,True,False,True,False,False,False,False,False,False,True,False,False,False,False,False,True,False,False,False,False,False,False,False,False,False,False,False,False,False,False,False,False,False,False,False,False,False,False,False,False,False,False,False,False,False,False,False,False,False,False,False,False,False,False,False,False,False,False
3172,1,True,True,10.0,1.0,,0,10,1.38,156.0,5,0.0,1440.0,1440.0,1997,False,False,False,False,False,False,False,True,True,False,False,True,True,True,False,False,False,True,False,False,False,False,False,False,True,False,False,False,False,False,False,False,False,False,False,False,False,False,False,False,False,False,False,False,False,False,False,False,False,False,False,False,False,False,False,False,True,False,False,False,False,False,False,False,False,False,False,False,False,False,False,False,False
1887,1,True,True,38.0,9.0,3.0,0,38,1.38,156.0,5,360.0,1380.0,1020.0,2023,False,False,False,True,True,True,True,True,True,False,False,True,True,True,False,False,True,False,False,False,False,False,False,True,False,False,False,False,False,False,False,False,False,False,False,False,False,False,False,False,False,False,False,False,False,False,False,False,False,False,False,False,False,False,False,False,True,False,False,False,False,False,False,False,False,False,False,False,False,False,False,False,False
3046,2,True,True,10.0,1.0,,0,10,1.38,156.0,5,360.0,1080.0,720.0,2012,False,False,False,True,True,False,False,True,True,False,False,True,True,True,False,False,False,True,False,False,False,False,False,False,True,False,False,False,False,False,False,False,False,False,False,False,False,False,False,False,False,False,False,False,False,False,False,False,False,False,False,False,False,True,False,False,False,False,False,False,False,False,False,False,False,False,False,False,False,False,False,False,False
1968,2,True,True,12.0,2.0,,0,12,1.38,156.0,7,300.0,1380.0,1080.0,2023,False,False,False,True,True,True,True,True,True,True,True,True,True,True,True,True,False,False,True,False,False,False,False,False,True,False,False,False,False,False,False,False,False,False,False,False,False,False,False,False,False,False,False,False,False,False,False,False,False,False,False,False,False,False,False,False,True,False,False,False,False,False,False,False,False,False,False,False,False,False,False,False,False
628,2,True,True,10.0,1.0,,0,10,1.38,120.0,5,390.0,1080.0,690.0,2013,False,False,False,True,True,True,True,True,True,False,False,True,True,True,False,True,False,True,False,False,False,False,False,False,True,False,False,False,False,False,False,False,False,False,False,False,False,False,False,False,False,False,False,False,False,False,False,False,False,False,False,False,False,False,False,False,True,False,False,False,False,False,False,False,False,False,False,False,False,False,False,False,False
2846,1,True,True,10.0,1.0,,0,10,1.38,156.0,7,360.0,1440.0,1080.0,2023,False,False,False,True,True,True,True,True,True,True,True,True,True,True,True,False,False,True,False,False,False,False,False,False,True,False,False,False,False,False,False,False,False,False,False,False,False,False,False,False,False,False,False,False,False,False,False,False,False,False,False,False,False,False,False,False,True,False,False,False,False,False,False,False,False,False,False,False,False,False,False,False,False
2019,4,True,True,89.0,9.0,2.0,0,127,1.38,156.0,5,360.0,1050.0,690.0,2014,False,False,False,True,True,True,True,True,True,False,False,True,True,True,True,True,True,False,False,False,False,False,False,True,False,False,False,False,False,False,False,False,False,False,False,False,False,False,False,False,False,False,False,False,False,False,False,False,False,False,False,False,False,False,False,False,True,False,False,False,False,False,False,False,False,False,False,False,False,False,False,False,False
1634,5,True,True,100.0,16.0,,0,100,1.38,96.0,5,450.0,930.0,480.0,2019,False,False,False,True,True,False,True,True,True,False,False,True,True,True,True,True,True,False,False,False,False,False,False,True,False,False,False,False,False,False,False,False,False,False,False,False,False,True,False,False,False,False,False,False,False,False,False,False,False,False,False,False,False,False,False,False,False,False,False,False,False,False,False,False,False,False,False,False,False,False,False,False,False
2629,3,True,True,135.0,23.0,,0,135,24.0,60.0,5,420.0,990.0,570.0,1997,False,False,False,True,True,False,False,True,True,False,False,True,True,True,False,True,True,False,False,False,False,False,False,False,False,True,False,False,False,False,False,False,False,False,False,False,False,False,False,False,False,False,False,False,False,False,False,False,False,False,False,False,False,False,False,False,False,False,False,False,False,False,False,False,False,True,False,False,False,False,False,False,False
1406,1,True,True,12.0,,2.0,0,12,1.38,156.0,7,0.0,1440.0,1440.0,2008,False,False,False,True,True,True,True,True,True,True,True,True,True,True,True,False,False,False,True,False,False,False,False,False,True,False,False,False,False,False,False,False,False,False,False,False,False,False,False,False,False,False,False,False,False,False,False,False,False,False,False,False,False,False,False,False,True,False,False,False,False,False,False,False,False,False,False,False,False,False,False,False,False
1205,5,True,True,10.0,1.0,,0,10,1.38,156.0,5,450.0,1080.0,630.0,2002,False,False,False,True,True,True,True,True,True,False,False,True,True,True,False,False,False,True,False,False,False,False,False,False,True,False,False,False,False,False,True,False,False,False,False,False,False,False,False,False,False,False,False,False,False,False,False,False,False,False,False,False,False,False,False,False,False,False,False,False,False,False,False,False,False,False,False,False,False,False,False,False,False
2409,3,False,False,,2.0,2.0,0,,,,,,,,,False,False,False,False,True,False,False,False,False,False,False,False,False,False,False,True,False,False,False,False,False,False,False,False,False,False,False,True,False,False,False,False,False,False,False,False,False,False,False,False,False,False,False,False,False,False,False,False,False,False,False,False,False,False,False,False,False,False,False,False,False,False,False,False,False,False,False,False,False,False,False,False,False
1824,1,True,True,10.0,1.0,,0,10,1.38,156.0,6,0.0,1440.0,1440.0,2023,False,False,False,True,True,True,True,True,True,True,False,True,True,True,False,False,False,True,False,False,False,False,False,False,True,False,False,False,False,False,False,False,False,False,False,False,False,False,False,False,False,False,False,False,False,False,False,False,False,False,False,False,False,False,False,False,True,False,False,False,False,False,False,False,False,False,False,False,False,False,False,False,False
425,2,True,True,200.0,5.0,2.0,0,200,1.38,144.0,5,360.0,1320.0,960.0,2024,False,False,False,True,True,False,True,True,True,False,False,True,True,True,False,False,True,False,False,False,False,False,False,True,False,False,False,False,False,False,False,False,False,False,False,False,False,False,False,False,False,False,False,False,False,False,False,False,False,False,False,False,False,False,False,False,False,False,False,False,False,True,False,False,False,False,False,False,False,False,False,False,False
1240,1,True,True,10.0,1.0,1.0,0,10,1.38,156.0,7,0.0,1440.0,1440.0,2019,False,False,False,True,True,True,True,True,True,True,True,True,True,True,True,True,False,True,False,False,False,False,False,False,True,False,False,False,False,False,False,False,False,False,False,False,False,False,False,False,False,False,False,False,False,False,False,False,False,False,False,False,False,False,False,False,True,False,False,False,False,False,False,False,False,False,False,False,False,False,False,False,False
2954,3,True,True,200.0,74.0,,0,200,1.38,72.0,5,420.0,1080.0,660.0,2010,False,False,False,True,True,False,True,True,True,False,False,True,True,True,True,True,True,False,False,False,False,False,False,False,False,True,False,False,False,False,False,False,False,False,False,False,False,False,False,False,False,False,False,False,False,False,False,False,False,False,False,False,False,False,False,False,True,False,False,False,False,False,False,False,False,False,False,False,False,False,False,False,False
656,5,True,True,191.0,50.0,,0,191,1.38,60.0,5,420.0,1080.0,660.0,2014,False,False,False,True,True,False,True,True,True,False,False,True,True,True,False,True,True,False,False,False,False,False,False,False,False,False,False,True,False,False,False,False,False,False,False,False,False,True,False,False,False,False,False,False,False,False,False,False,False,False,False,False,False,False,False,False,False,False,False,False,False,False,False,False,False,False,False,False,False,False,False,False,False
2331,2,True,True,98.0,15.0,2.0,0,98,1.38,156.0,7,0.0,1440.0,1440.0,2024,False,False,False,True,True,True,True,True,True,True,True,True,True,True,True,True,True,False,False,False,False,False,False,True,False,False,False,False,False,False,False,False,False,False,False,False,False,False,False,False,False,False,False,False,False,False,False,False,False,False,False,False,False,False,False,False,True,False,False,False,False,False,False,False,False,False,False,False,False,False,False,False,False
1024,3,True,True,185.0,62.0,,0,185,1.38,60.0,5,420.0,1080.0,660.0,2003,False,False,False,True,True,False,True,True,True,False,False,True,True,True,True,True,True,False,False,False,False,False,False,False,False,True,False,False,False,False,False,False,False,False,False,False,False,False,False,False,False,False,False,False,False,False,False,False,False,False,False,False,False,False,False,False,True,False,False,False,False,False,False,False,False,False,False,False,False,False,False,False,False
541,3,True,True,235.0,6.0,,0,235,1.38,156.0,5,390.0,1260.0,870.0,2015,False,False,False,True,False,False,False,True,True,False,False,True,True,True,False,True,True,False,False,False,False,False,False,False,False,True,False,False,False,False,False,False,False,False,False,False,False,False,False,False,False,False,False,False,False,False,False,False,True,False,False,False,False,False,False,False,False,False,False,False,False,False,False,False,False,False,False,False,False,False,False,False,False
1724,1,True,True,20.0,3.0,1.0,0,50,1.38,144.0,5,390.0,1080.0,690.0,2017,False,False,False,True,True,True,True,True,True,False,False,True,True,True,True,True,True,False,False,False,False,False,False,True,False,False,False,False,False,False,False,False,False,False,False,False,True,False,False,False,False,False,False,False,False,False,False,False,False,False,False,False,False,False,False,False,False,False,False,False,False,False,False,False,False,False,False,False,False,False,False,False,False
3122,2,True,True,10.0,1.0,1.0,0,10,1.38,156.0,5,420.0,1050.0,630.0,2024,False,False,False,True,True,False,True,True,True,False,False,True,True,True,False,True,False,True,False,False,False,False,False,False,True,False,False,False,False,False,False,False,False,False,False,False,False,False,False,False,False,False,False,False,False,False,False,False,False,False,False,False,False,True,False,False,False,False,False,False,False,False,False,False,False,False,False,False,False,False,False,False,False
184,3,True,True,80.0,13.0,,1,80,1.38,156.0,5,405.0,1065.0,660.0,2006,True,False,False,True,True,False,True,True,True,False,False,True,True,True,True,False,True,False,False,False,False,False,False,True,False,False,False,False,False,False,False,False,False,False,False,False,False,False,False,False,False,False,False,False,False,False,False,False,False,False,False,False,False,False,False,False,True,False,False,False,False,False,False,False,False,False,False,False,False,False,False,False,False
1134,2,True,True,10.0,1.0,,0,10,1.38,156.0,7,0.0,1440.0,1440.0,2021,False,False,False,False,False,False,False,True,True,True,True,True,True,True,False,False,False,True,False,False,False,False,False,False,True,False,False,False,False,False,False,False,False,False,False,False,False,False,False,False,False,False,False,False,False,False,False,False,False,False,False,False,False,False,False,False,True,False,False,False,False,False,False,False,False,False,False,False,False,False,False,False,False
2838,2,True,True,12.0,1.0,1.0,0,12,5.0,84.0,5,300.0,1140.0,840.0,2024,False,False,False,False,True,False,True,True,True,False,False,True,True,True,True,False,False,False,True,False,False,False,False,False,True,False,False,False,False,False,False,False,False,False,False,True,False,False,False,False,False,False,False,False,False,False,False,False,False,False,False,False,False,False,False,False,False,False,False,False,False,False,False,False,False,False,False,False,False,False,False,False,False
1923,1,True,True,80.0,9.0,3.0,0,80,1.38,156.0,6,300.0,1260.0,960.0,2014,False,False,False,True,True,True,True,True,True,True,False,True,True,True,True,True,True,False,False,False,False,False,False,True,False,False,False,False,False,False,False,False,False,False,False,False,False,False,False,False,False,False,False,False,False,False,False,False,False,False,False,False,False,False,False,False,True,False,False,False,False,False,False,False,False,False,False,False,False,False,False,False,False
210,3,False,False,,2.0,,0,,,,,,,,,False,False,False,False,True,False,False,False,False,False,False,False,False,False,True,True,False,False,False,False,False,False,False,False,False,False,False,True,False,False,False,False,False,False,False,False,False,False,False,False,False,False,False,False,False,False,False,False,False,False,False,False,False,False,False,False,False,False,False,False,False,False,False,False,False,False,False,False,False,False,False,False,False
787,1,True,True,12.0,1.0,4.0,0,12,1.38,144.0,5,360.0,1080.0,720.0,2023,False,False,False,True,True,True,True,True,True,False,False,True,True,True,True,False,False,False,True,False,False,False,False,False,False,False,False,False,False,False,False,False,False,False,False,False,False,False,False,False,False,False,False,False,False,False,False,False,False,False,False,False,False,False,False,False,False,True,False,False,False,False,False,False,False,False,False,False,False,False,False,False,False
1564,1,True,True,12.0,1.0,3.0,0,12,24.0,132.0,5,450.0,1050.0,600.0,2025,False,False,False,False,True,True,True,True,True,False,False,True,True,True,True,False,False,False,False,False,False,False,True,False,True,False,False,False,False,False,False,False,False,False,False,False,False,False,False,False,False,False,False,False,False,False,False,False,False,False,False,False,False,False,False,False,False,False,False,False,False,False,False,False,False,False,False,False,False,True,False,False,False
2116,1,True,True,120.0,18.0,3.0,0,120,1.38,144.0,7,360.0,1080.0,720.0,2023,False,False,False,True,True,True,True,True,True,True,True,True,True,True,True,True,True,False,False,False,False,False,False,True,False,False,False,False,False,False,False,False,False,False,False,False,False,False,False,False,False,False,False,False,False,False,False,False,False,False,False,False,False,False,False,False,True,False,False,False,False,False,False,False,False,False,False,False,False,False,False,False,False
2770,5,False,False,,2.0,,0,,,,,,,,,False,False,False,False,True,False,False,False,False,False,False,False,False,False,False,True,False,False,False,False,False,False,False,False,False,False,False,True,False,False,False,False,False,False,False,False,False,False,False,False,False,False,False,False,False,False,False,False,False,False,False,False,False,False,False,False,False,False,False,False,False,False,False,False,False,False,False,False,False,False,False,False,False
1849,1,True,True,12.0,2.0,,0,12,1.38,156.0,6,300.0,1020.0,720.0,2024,False,False,False,True,False,False,False,True,True,True,False,True,True,True,False,False,False,False,False,False,False,False,True,False,True,False,False,False,False,False,False,False,False,False,False,False,False,False,False,False,False,False,False,False,False,False,False,False,False,False,False,False,False,False,False,False,False,False,False,False,False,False,False,False,False,True,False,False,False,False,False,False,False
1172,1,True,True,10.0,1.0,,0,10,1.38,156.0,5,420.0,1080.0,660.0,2010,False,False,False,True,True,True,True,True,True,False,False,True,True,True,True,False,False,True,False,False,False,False,False,False,True,False,False,False,False,False,True,False,False,False,False,False,False,False,False,False,False,False,False,False,False,False,False,False,False,False,False,False,False,False,False,False,False,False,False,False,False,False,False,False,False,False,False,False,False,False,False,False,False
1338,2,True,True,52.0,3.0,2.0,0,52,1.38,156.0,5,0.0,1440.0,1440.0,2015,False,False,False,True,True,True,True,True,True,False,False,True,True,True,True,True,True,False,False,False,False,False,False,True,False,False,False,False,False,False,False,False,False,False,False,False,False,False,False,False,False,False,False,False,False,False,False,False,False,False,False,False,False,False,False,False,True,False,False,False,False,False,False,False,False,False,False,False,False,False,False,False,False
270,2,True,True,10.0,1.0,,0,10,1.38,156.0,7,0.0,1440.0,1440.0,2025,False,False,False,True,True,False,True,True,True,True,True,True,True,True,False,False,False,True,False,False,False,False,False,False,True,False,False,False,False,False,False,False,False,False,False,False,False,False,False,False,False,False,False,False,False,False,False,False,False,True,False,False,False,False,False,False,False,False,False,False,False,False,False,False,False,False,False,False,False,False,False,False,False
2930,3,False,False,,7.0,,0,,,,,,,,,False,False,False,True,True,False,False,False,False,False,False,False,False,False,False,True,False,False,False,False,False,False,False,False,False,False,False,True,False,False,False,False,False,False,False,False,False,False,False,False,False,False,False,False,False,False,False,False,False,False,False,False,False,False,False,False,False,False,False,False,False,False,False,False,False,False,False,False,False,False,False,False,False
573,3,False,False,,1.0,2.0,0,,,,,,,,,False,False,False,False,True,False,False,False,False,False,False,False,False,False,False,True,False,False,False,False,False,False,False,False,False,False,False,True,False,False,False,False,False,False,False,False,False,False,False,False,False,False,False,False,False,False,False,False,False,False,False,False,False,False,False,False,False,False,False,False,False,False,False,False,False,False,False,False,False,False,False,False,False
1078,3,False,False,,2.0,,0,,,,,,,,,False,False,False,True,False,False,True,False,False,False,False,False,False,False,False,False,False,False,False,False,False,False,False,False,False,False,False,True,False,False,False,False,False,False,False,False,False,False,False,False,False,False,False,False,False,False,False,False,False,False,False,False,False,False,False,False,False,False,False,False,False,False,False,False,False,False,False,False,False,False,False,False,False
1830,3,False,False,,2.0,,0,,,,,,,,,False,False,False,False,True,False,False,False,False,False,False,False,False,False,False,True,False,False,False,False,False,False,False,False,False,False,False,True,False,False,False,False,False,False,False,False,False,False,False,False,False,False,False,False,False,False,False,False,False,False,False,False,False,False,False,False,False,False,False,False,False,False,False,False,False,False,False,False,False,False,False,False,False
2941,3,False,False,,9.0,,0,,,,,,,,,False,False,False,True,True,False,True,False,False,False,False,False,False,False,False,True,False,False,False,False,False,False,False,False,False,False,False,True,False,False,False,False,False,False,False,False,False,False,False,False,False,False,False,False,False,False,False,False,False,False,False,False,False,False,False,False,False,False,False,False,False,False,False,False,False,False,False,False,False,False,False,False,False
723,3,False,False,,,,0,,,,,,,,,False,False,False,False,False,False,False,False,False,False,False,False,False,False,False,False,False,False,False,False,False,False,False,False,False,False,False,True,False,False,False,False,False,False,False,False,False,False,False,False,False,False,False,False,False,False,False,False,False,False,False,False,False,False,False,False,False,False,False,False,False,False,False,False,False,False,False,False,False,False,False,False,False
2839,3,False,False,,3.0,,0,,,,,,,,,False,False,False,False,True,False,False,False,False,False,False,False,False,False,False,False,False,False,False,False,False,False,False,False,False,False,False,True,False,False,False,False,False,False,False,False,False,False,False,False,False,False,False,False,False,False,False,False,False,False,False,False,False,False,False,False,False,False,False,False,False,False,False,False,False,False,False,False,False,False,False,False,False
2569,1,True,True,12.0,1.0,2.0,0,12,1.38,156.0,5,360.0,1080.0,720.0,2025,False,False,False,False,True,True,True,True,True,False,False,True,True,True,False,False,False,False,False,False,False,False,True,False,True,False,False,False,False,False,True,False,False,False,False,False,False,False,False,False,False,False,False,False,False,False,False,False,False,False,False,False,False,False,False,False,False,False,False,False,False,False,False,False,False,False,False,False,False,False,False,False,False
2218,1,True,True,10.0,1.0,1.0,0,10,1.38,156.0,6,0.0,1440.0,1440.0,2023,False,False,False,True,True,True,True,True,True,True,False,True,True,True,True,True,False,True,False,False,False,False,False,False,True,False,False,False,False,False,False,False,False,False,False,False,False,False,False,False,False,False,False,False,False,False,False,False,False,False,False,False,False,False,False,False,True,False,False,False,False,False,False,False,False,False,False,False,False,False,False,False,False
473,2,True,True,10.0,1.0,,0,10,1.38,156.0,6,420.0,1050.0,630.0,2008,False,False,False,True,True,True,True,True,True,True,False,True,True,True,False,True,False,True,False,False,False,False,False,False,True,False,False,False,False,False,False,False,False,False,False,False,True,False,False,False,False,False,False,False,False,False,False,False,False,False,False,False,False,False,False,False,False,False,False,False,False,False,False,False,False,False,False,False,False,False,False,False,False
1551,1,True,True,10.0,,,0,10,1.38,156.0,7,0.0,1440.0,1440.0,2021,False,False,False,False,True,True,False,True,True,True,True,True,True,True,True,True,False,True,False,False,False,False,False,False,True,False,False,False,False,False,False,False,False,False,False,False,False,False,False,False,False,False,False,False,False,False,False,False,False,False,False,False,False,False,False,False,True,False,False,False,False,False,False,False,False,False,False,False,False,False,False,False,False
2101,1,True,True,10.0,1.0,,0,10,1.38,156.0,5,360.0,1260.0,900.0,2025,False,False,False,True,True,True,True,True,True,False,False,True,True,True,False,False,False,False,False,False,False,True,False,False,True,False,False,False,False,False,False,False,False,False,False,False,False,False,False,False,False,False,False,False,False,False,False,False,False,False,False,False,False,False,True,False,False,False,False,False,False,False,False,False,False,False,False,False,False,False,False,False,False
1691,1,True,False,12.0,1.0,1.0,0,,,,,,,,,False,False,False,True,True,False,True,False,False,False,False,False,False,False,False,False,False,False,False,False,False,False,False,False,True,False,False,False,False,False,False,False,False,False,False,False,False,False,False,False,False,False,False,False,False,False,False,False,False,False,False,False,False,False,False,False,False,False,False,False,False,False,False,False,False,False,False,False,False,False,False,False,False
1280,3,True,True,225.0,11.0,47.0,1,225,18.0,144.0,5,390.0,1050.0,660.0,2003,False,False,True,False,True,True,True,True,True,False,False,True,True,True,True,True,True,False,False,False,False,False,False,True,False,False,False,False,False,False,False,False,False,False,False,False,False,True,False,False,False,False,False,False,False,False,False,False,False,False,False,False,False,False,False,False,False,False,False,False,False,False,False,False,False,False,False,False,False,False,False,False,False
45,1,True,True,29.0,5.0,,0,29,1.38,144.0,5,360.0,1260.0,900.0,2008,False,False,False,True,True,True,True,True,True,False,False,True,True,True,True,False,True,False,False,False,False,False,False,True,False,False,False,False,False,False,False,False,False,False,False,False,False,False,True,False,False,False,False,False,False,False,False,False,False,False,False,False,False,False,False,False,False,False,False,False,False,False,False,False,False,False,False,False,False,False,False,False,False
945,2,True,True,85.0,9.0,6.0,0,85,1.38,144.0,5,360.0,1080.0,720.0,2019,False,False,False,True,True,False,True,True,True,False,False,True,True,True,False,False,True,False,False,False,False,False,False,True,False,False,False,False,False,False,False,False,False,False,False,False,False,False,False,False,False,False,False,False,False,False,False,False,False,False,False,False,False,False,False,False,False,False,False,False,False,False,False,False,False,False,False,False,False,True,False,False,False
1446,5,False,False,,4.0,1.0,0,,,,,,,,,False,False,False,False,True,False,False,False,False,False,False,False,False,False,False,True,False,False,False,False,False,False,False,False,False,False,False,True,False,False,False,False,False,False,False,False,False,False,False,False,False,False,False,False,False,False,False,False,False,False,False,False,False,False,False,False,False,False,False,False,False,False,False,False,False,False,False,False,False,False,False,False,False
436,2,True,True,65.0,14.0,6.0,0,65,1.38,156.0,7,300.0,1440.0,1140.0,2002,False,False,False,True,True,True,True,True,True,True,True,True,True,True,True,True,True,False,False,False,False,False,False,True,False,False,False,False,False,False,False,False,False,False,False,False,False,False,False,True,False,False,False,False,False,False,False,False,False,False,False,False,False,False,False,False,False,False,False,False,False,False,False,False,False,False,False,False,False,False,False,False,False
1516,5,True,True,31.0,6.0,1.0,0,31,1.38,144.0,6,330.0,1170.0,840.0,2010,False,False,False,True,True,True,True,True,True,True,False,True,True,True,True,True,True,False,False,False,False,False,False,True,False,False,False,False,False,False,False,False,False,False,False,False,False,False,False,False,False,False,False,False,False,False,False,False,False,False,False,False,False,False,False,False,False,False,False,False,False,False,False,False,False,False,False,False,False,False,False,False,True
1448,2,True,True,12.0,2.0,1.0,0,12,1.38,156.0,5,360.0,1080.0,720.0,2016,False,False,False,True,True,False,True,True,True,False,False,True,True,True,False,True,False,False,True,False,False,False,False,False,True,False,False,False,False,False,False,False,False,False,False,False,False,False,False,False,False,False,False,False,False,False,False,False,False,False,False,False,False,False,False,True,False,False,False,False,False,False,False,False,False,False,False,False,False,False,False,False,False
2971,2,True,True,12.0,3.0,1.0,0,12,1.38,144.0,5,420.0,1080.0,660.0,2022,False,False,False,True,True,False,True,True,True,False,False,True,True,True,False,False,False,False,True,False,False,False,False,False,True,False,False,False,False,False,False,False,False,False,False,False,False,False,False,False,False,False,False,False,False,False,False,False,False,False,False,False,False,False,False,False,False,False,False,False,True,False,False,False,False,False,False,False,False,False,False,False,False
2211,2,True,True,12.0,2.0,1.0,0,12,1.38,156.0,5,360.0,1080.0,720.0,2018,False,False,False,True,True,False,True,True,True,False,False,True,True,True,True,True,False,False,True,False,False,False,False,False,True,False,False,False,False,False,False,False,False,False,False,False,False,False,False,False,False,False,False,False,False,False,False,False,False,False,False,False,False,False,False,True,False,False,False,False,False,False,False,False,False,False,False,False,False,False,False,False,False
2652,2,True,True,12.0,2.0,1.0,0,12,1.38,144.0,5,420.0,1080.0,660.0,2022,False,False,False,True,True,False,True,True,True,False,False,True,True,True,False,False,False,False,True,False,False,False,False,False,True,False,False,False,False,False,False,False,False,False,False,False,False,False,False,False,False,False,False,False,False,False,False,False,False,False,False,False,False,False,False,False,False,False,False,False,True,False,False,False,False,False,False,False,False,False,False,False,False
2345,2,True,True,10.0,,,0,10,1.38,156.0,7,1.0,,,2000,False,False,False,True,True,True,True,True,True,True,True,True,True,True,True,False,False,True,False,False,False,False,False,False,True,False,False,False,False,False,False,False,False,False,False,False,False,False,False,False,False,False,False,False,False,False,False,False,False,False,False,False,False,False,False,True,False,False,False,False,False,False,False,False,False,False,False,False,False,False,False,False,False
2728,1,True,True,10.0,1.0,,0,10,1.38,156.0,5,660.0,1260.0,600.0,2024,False,False,False,False,False,False,False,True,True,False,False,True,True,True,False,True,False,False,True,False,False,False,False,False,True,False,False,False,False,False,False,False,False,False,False,False,False,False,False,False,False,False,False,False,False,False,False,False,False,False,False,False,False,False,False,False,True,False,False,False,False,False,False,False,False,False,False,False,False,False,False,False,False
634,1,True,True,10.0,,,0,10,1.38,156.0,5,360.0,1080.0,720.0,1997,False,False,False,True,True,False,True,True,True,False,False,True,True,True,False,False,False,True,False,False,False,False,False,False,True,False,False,False,False,False,False,False,False,False,False,False,False,False,False,False,False,False,False,False,False,False,False,False,False,False,False,False,False,False,True,False,False,False,False,False,False,False,False,False,False,False,False,False,False,False,False,False,False
1170,2,True,True,50.0,5.0,2.0,0,50,18.0,144.0,6,390.0,1080.0,690.0,2016,False,False,False,False,True,True,True,True,True,True,False,True,True,True,True,True,True,False,False,False,False,False,False,True,False,False,False,False,False,False,False,False,False,False,False,False,False,True,False,False,False,False,False,False,False,False,False,False,False,False,False,False,False,False,False,False,False,False,False,False,False,False,False,False,False,False,False,False,False,False,False,False,False
2702,3,False,False,,3.0,,0,,,,,,,,,False,False,False,False,True,False,False,False,False,False,False,False,False,False,False,True,False,False,False,False,False,False,False,False,False,True,False,False,False,False,False,False,False,False,False,False,False,False,False,False,False,False,False,False,False,False,False,False,False,False,False,False,False,False,False,False,False,False,False,False,False,False,False,False,False,False,False,False,False,False,False,False,False
708,3,False,False,,4.0,,0,,,,,,,,,False,False,False,False,False,False,False,False,False,False,False,False,False,False,False,True,False,False,False,False,False,False,False,False,False,True,False,False,False,False,False,False,False,False,False,False,False,False,False,False,False,False,False,False,False,False,False,False,False,False,False,False,False,False,False,False,False,False,False,False,False,False,False,False,False,False,False,False,False,False,False,False,False
1292,1,True,True,12.0,2.0,5.0,0,12,1.38,144.0,5,405.0,1050.0,645.0,2025,False,False,False,True,False,False,True,True,True,False,False,True,True,True,False,True,False,False,False,False,False,False,True,False,True,False,False,False,False,False,True,False,False,False,False,False,False,False,False,False,False,False,False,False,False,False,False,False,False,False,False,False,False,False,False,False,False,False,False,False,False,False,False,False,False,False,False,False,False,False,False,False,False
3094,5,True,True,134.0,10.0,1.0,0,134,1.38,144.0,7,360.0,,,2006,False,False,False,True,True,True,True,True,True,True,True,True,True,True,True,True,True,False,False,False,False,False,False,True,False,False,False,False,False,False,False,False,False,False,False,False,False,False,False,False,False,False,False,False,False,False,False,False,False,False,False,False,False,False,False,False,False,False,False,False,False,False,False,False,False,True,False,False,False,False,False,False,False
2151,5,True,True,215.0,9.0,21.0,0,215,1.38,156.0,5,360.0,1080.0,720.0,2003,False,False,False,True,True,True,True,True,True,False,False,True,True,True,True,False,True,False,False,False,False,False,False,True,False,False,False,False,False,False,False,False,False,False,False,False,False,False,False,False,False,False,False,False,False,False,False,False,False,False,False,False,False,False,False,False,False,False,False,False,False,False,False,False,False,True,False,False,False,False,False,False,False
380,2,True,True,35.0,5.0,2.0,0,35,1.38,120.0,5,420.0,1050.0,630.0,2024,False,False,False,True,True,False,True,True,True,False,False,True,True,True,True,True,False,False,False,False,True,False,False,True,False,False,False,False,False,False,False,False,False,False,False,False,False,False,False,False,False,False,False,False,False,True,False,False,False,False,False,False,False,False,False,False,False,False,False,False,False,False,False,False,False,False,False,False,False,False,False,False,False
1000,1,True,True,24.0,2.0,,0,24,36.0,72.0,5,480.0,930.0,450.0,2025,False,False,False,False,True,False,False,True,True,False,False,True,True,True,False,True,False,False,False,True,False,False,False,False,False,False,True,False,False,False,False,False,False,False,False,False,False,False,False,False,False,False,False,False,False,True,False,False,False,False,False,False,False,False,False,False,False,False,False,False,False,False,False,False,False,False,False,False,False,False,False,False,False
254,5,True,True,20.0,2.0,,0,20,,,4,,,,2024,False,False,False,False,True,False,False,False,True,False,False,True,True,True,False,True,True,False,False,False,False,False,False,True,False,False,False,False,False,False,True,False,False,False,False,False,False,False,False,False,False,False,False,False,False,False,False,False,False,False,False,False,False,False,False,False,False,False,False,False,False,False,False,False,False,False,False,False,False,False,False,False,False
1359,2,True,True,10.0,,,0,10,1.38,156.0,5,420.0,1050.0,630.0,1998,False,False,False,True,True,False,True,True,True,False,False,True,True,True,False,False,False,True,False,False,False,False,False,False,True,False,False,False,False,False,False,False,False,False,False,False,False,True,False,False,False,False,False,False,False,False,False,False,False,False,False,False,False,False,False,False,False,False,False,False,False,False,False,False,False,False,False,False,False,False,False,False,False
2154,2,True,True,58.0,8.0,1.0,0,58,1.38,156.0,6,300.0,1440.0,1140.0,2018,False,False,False,True,True,True,True,True,True,True,False,True,True,True,True,True,True,False,False,False,False,False,False,True,False,False,False,False,False,False,False,False,False,False,False,False,False,False,False,False,False,False,False,False,False,False,False,False,False,False,False,False,False,False,False,False,True,False,False,False,False,False,False,False,False,False,False,False,False,False,False,False,False
2529,3,False,False,40.0,1.0,2.0,0,,,,,,,,,False,False,False,False,True,False,False,False,False,False,False,False,False,False,False,True,False,False,False,False,False,False,False,False,False,False,False,True,False,False,False,False,False,False,False,False,False,False,False,False,False,False,False,False,False,False,False,False,False,False,False,False,False,False,False,False,False,False,False,False,False,False,False,False,False,False,False,False,False,False,False,False,False
1310,1,True,True,10.0,1.0,,0,10,1.38,156.0,5,450.0,1050.0,600.0,2011,False,False,False,False,True,True,True,True,True,False,False,True,True,True,False,True,False,True,False,False,False,False,False,False,True,False,False,False,False,False,False,False,False,False,False,False,False,False,False,False,False,False,False,False,False,False,False,False,False,False,False,False,False,False,False,False,True,False,False,False,False,False,False,False,False,False,False,False,False,False,False,False,False
1578,3,False,False,80.0,2.0,4.0,0,,,,,,,,,False,False,False,False,True,False,False,False,False,False,False,False,False,False,False,True,False,False,False,False,False,False,False,False,False,True,False,False,False,False,False,False,False,False,False,False,False,False,False,False,False,False,False,False,False,False,False,False,False,False,False,False,False,False,False,False,False,False,False,False,False,False,False,False,False,False,False,False,False,False,False,False,False
1217,1,True,True,10.0,1.0,,0,10,1.38,156.0,7,1.0,,,1996,False,False,False,True,True,True,True,True,True,True,True,True,True,True,False,False,False,True,False,False,False,False,False,False,True,False,False,False,False,True,False,False,False,False,False,False,False,False,False,False,False,False,False,False,False,False,False,False,False,False,False,False,False,False,False,False,False,False,False,False,False,False,False,False,False,False,False,False,False,False,False,False,False
41,2,True,True,10.0,1.0,1.0,0,10,1.38,156.0,7,0.0,1440.0,1440.0,2015,False,False,False,True,True,True,True,True,True,True,True,True,True,True,True,False,False,True,False,False,False,False,False,False,True,False,False,False,False,False,False,False,False,False,False,False,False,False,False,False,False,False,False,False,False,False,False,False,False,False,False,False,False,False,False,False,True,False,False,False,False,False,False,False,False,False,False,False,False,False,False,False,False
2651,5,True,True,80.0,7.0,2.0,0,80,1.38,156.0,5,390.0,1080.0,690.0,1997,False,False,False,True,True,False,True,True,True,False,False,True,True,True,True,True,True,False,False,False,False,False,False,True,False,False,False,False,False,False,False,False,False,False,False,False,False,False,False,False,False,False,False,False,False,False,False,False,False,False,False,False,False,False,False,False,True,False,False,False,False,False,False,False,False,False,False,False,False,False,False,False,False
2828,2,True,True,10.0,,,0,10,1.38,156.0,5,390.0,1020.0,630.0,2003,False,False,False,False,True,False,True,True,True,False,False,True,True,True,False,False,False,True,False,False,False,False,False,False,True,False,False,False,False,False,False,False,False,False,False,False,False,False,False,False,False,False,False,False,False,False,False,False,False,False,False,False,False,True,False,False,False,False,False,False,False,False,False,False,False,False,False,False,False,False,False,False,False
2362,2,True,True,52.0,2.0,3.0,0,52,1.38,144.0,7,300.0,1260.0,960.0,2021,False,False,False,True,True,True,True,True,True,True,True,True,True,True,True,False,True,False,False,False,False,False,False,True,False,False,False,False,False,False,False,False,False,False,False,False,False,False,False,False,False,False,False,False,False,False,False,False,False,False,False,False,False,False,False,False,True,False,False,False,False,False,False,False,False,False,False,False,False,False,False,False,False
3111,1,True,True,75.0,,,0,75,1.38,156.0,5,330.0,1080.0,750.0,2002,False,False,False,True,True,True,True,True,True,False,False,True,True,True,True,True,True,False,False,False,False,False,False,True,False,False,False,False,False,False,False,False,False,False,False,False,False,False,False,False,False,False,False,False,False,False,False,False,False,False,False,False,False,False,True,False,False,False,False,False,False,False,False,False,False,False,False,False,False,False,False,False,False
1414,1,True,True,10.0,1.0,,0,10,1.38,156.0,5,330.0,1050.0,720.0,2003,False,False,False,True,True,True,True,True,True,False,False,True,True,True,False,False,False,True,False,False,False,False,False,False,True,False,False,False,False,False,True,False,False,False,False,False,False,False,False,False,False,False,False,False,False,False,False,False,False,False,False,False,False,False,False,False,False,False,False,False,False,False,False,False,False,False,False,False,False,False,False,False,False
3102,5,True,True,50.0,5.0,3.0,0,50,1.38,156.0,5,360.0,1110.0,750.0,2002,False,False,False,True,True,True,True,True,True,False,False,True,True,True,True,True,True,False,False,False,False,False,False,True,False,False,False,False,False,False,False,False,False,True,False,False,False,False,False,False,False,False,False,False,False,False,False,False,False,False,False,False,False,False,False,False,False,False,False,False,False,False,False,False,False,False,False,False,False,False,False,False,False
1304,1,True,False,30.0,2.0,3.0,0,,,,,,,,,False,False,False,False,True,True,False,False,False,False,False,False,False,False,True,False,False,False,False,False,False,False,False,True,False,False,False,False,False,False,False,False,False,False,False,False,False,False,False,False,False,False,False,False,False,False,False,False,False,False,False,False,False,False,False,False,False,False,False,False,False,False,False,False,False,False,False,False,False,False,False,False,False
2035,1,True,False,25.0,2.0,2.0,0,,,,,,,,,False,False,False,False,False,False,True,False,False,False,False,False,False,False,False,False,False,False,False,False,False,False,False,True,False,False,False,False,False,False,False,False,False,False,False,False,False,False,False,False,False,False,False,False,False,False,False,False,False,False,False,False,False,False,False,False,False,False,False,False,False,False,False,False,False,False,False,False,False,False,False,False,False
2222,1,True,False,12.0,,2.0,0,,,,,,,,,False,False,False,True,True,False,True,False,False,False,False,False,False,False,False,False,False,False,False,False,False,False,False,False,True,False,False,False,False,False,False,False,False,False,False,False,False,False,False,False,False,False,False,False,False,False,False,False,False,False,False,False,False,False,False,False,False,False,False,False,False,False,False,False,False,False,False,False,False,False,False,False,False
3126,1,True,True,64.0,1.0,4.0,0,64,36.0,60.0,5,540.0,900.0,360.0,1997,False,False,False,False,True,False,False,True,True,False,False,True,True,True,False,False,False,False,False,True,False,False,False,False,False,False,True,False,False,False,False,False,False,False,False,False,False,False,False,False,False,False,False,False,False,False,False,False,False,False,False,False,False,True,False,False,False,False,False,False,False,False,False,False,False,False,False,False,False,False,False,False,False
2468,2,True,True,58.0,7.0,3.0,0,58,1.38,156.0,5,360.0,1080.0,720.0,2025,False,False,False,True,True,True,True,True,True,False,False,True,True,True,True,True,True,False,False,False,False,False,False,True,False,False,False,False,False,False,False,False,False,False,False,False,False,False,False,False,False,False,False,False,False,False,False,False,False,False,False,False,False,False,False,False,False,False,False,False,False,False,False,False,False,False,False,False,False,True,False,False,False
2905,2,True,True,29.0,1.0,,0,29,36.0,72.0,5,540.0,870.0,330.0,1997,False,False,False,False,True,False,False,True,True,False,False,True,True,True,False,True,False,False,False,True,False,False,False,False,False,False,True,False,False,False,False,False,False,False,False,True,False,False,False,False,False,False,False,False,False,False,False,False,False,False,False,False,False,False,False,False,False,False,False,False,False,False,False,False,False,False,False,False,False,False,False,False,False
1532,1,True,True,10.0,,1.0,0,10,1.38,144.0,7,300.0,1140.0,840.0,2024,False,False,False,True,True,True,True,True,True,True,True,True,True,True,True,False,False,True,False,False,False,False,False,False,True,False,False,False,False,False,False,False,False,False,False,False,False,False,False,False,False,False,False,False,False,False,False,False,False,False,False,False,False,False,False,False,False,True,False,False,False,False,False,False,False,False,False,False,False,False,False,False,False
1215,2,True,True,168.0,10.0,8.0,0,168,1.38,144.0,5,420.0,1080.0,660.0,2006,False,False,False,True,True,True,True,True,True,False,False,True,True,True,True,True,True,False,False,False,False,False,False,True,False,False,False,False,False,False,False,False,False,False,False,False,False,False,False,False,False,False,False,False,False,False,False,False,False,True,False,False,False,False,False,False,False,False,False,False,False,False,False,False,False,False,False,False,False,False,False,False,False
3245,1,True,True,10.0,1.0,,1,10,24.0,156.0,5,480.0,990.0,510.0,2024,False,False,False,False,True,True,False,True,True,False,False,True,True,True,False,False,False,True,False,False,False,False,False,False,True,False,False,False,True,False,False,False,False,False,False,False,True,False,False,False,False,False,False,False,False,False,False,False,False,False,False,False,False,False,False,False,False,False,False,False,False,False,False,False,False,False,False,False,False,False,False,False,False
1552,5,True,True,12.0,1.0,1.0,0,12,1.38,144.0,5,360.0,1080.0,720.0,2020,False,False,False,True,True,True,True,True,True,False,False,True,True,True,False,True,False,False,True,False,False,False,False,False,True,False,False,False,False,False,False,False,False,False,False,False,False,False,False,False,False,False,False,False,False,False,False,False,False,False,False,False,False,False,False,False,False,False,False,False,False,False,False,False,False,False,False,False,False,True,False,False,False
2783,1,True,True,12.0,1.0,,0,12,1.84,144.0,5,450.0,1050.0,600.0,2023,False,False,False,True,True,False,True,True,True,False,False,True,True,True,False,True,False,False,True,False,False,False,False,False,True,False,False,False,False,False,False,False,False,False,False,True,False,False,False,False,False,False,False,False,False,False,False,False,False,False,False,False,False,False,False,False,False,False,False,False,False,False,False,False,False,False,False,False,False,False,False,False,False
408,1,True,False,10.0,1.0,,0,,,,,,,,,False,False,False,True,False,False,True,False,False,False,False,False,False,False,False,False,False,False,False,False,False,False,False,False,True,False,False,False,False,False,False,False,False,False,False,False,False,False,False,False,False,False,False,False,False,False,False,False,False,False,False,False,False,False,False,False,False,False,False,False,False,False,False,False,False,False,False,False,False,False,False,False,False
923,2,True,True,12.0,2.0,,0,12,1.38,156.0,5,330.0,1110.0,780.0,2021,False,False,False,True,True,True,True,True,True,False,False,True,True,True,False,False,False,False,True,False,False,False,False,False,True,False,False,False,False,False,False,False,False,False,False,False,False,False,False,False,False,False,False,False,False,False,False,False,False,False,False,False,False,False,False,False,False,True,False,False,False,False,False,False,False,False,False,False,False,False,False,False,False
2522,1,True,True,99.0,7.0,1.0,0,99,1.38,156.0,7,360.0,1140.0,780.0,2024,False,False,False,True,True,True,True,True,True,True,True,True,True,True,True,False,False,False,False,False,True,False,False,True,False,False,False,False,False,False,False,False,False,False,False,False,False,False,False,False,False,False,False,False,False,False,False,False,False,False,False,False,False,False,False,False,True,False,False,False,False,False,False,False,False,False,False,False,False,False,False,False,False
1927,2,True,True,135.0,10.0,5.0,0,135,1.38,144.0,5,390.0,1050.0,660.0,2008,False,False,False,True,True,True,True,True,True,False,False,True,True,True,True,True,True,False,False,False,False,False,False,True,False,False,False,False,False,False,False,False,False,False,False,False,False,False,False,False,False,False,False,False,False,False,False,False,False,False,False,False,False,False,False,False,False,False,False,False,False,False,False,False,False,True,False,False,False,False,False,False,False
2990,5,True,True,12.0,1.0,1.0,0,12,1.38,156.0,5,420.0,1110.0,690.0,2016,False,False,False,False,True,True,True,True,True,False,False,True,True,True,False,False,False,False,True,False,False,False,False,False,True,False,False,False,False,False,True,False,False,False,False,False,False,False,False,False,False,False,False,False,False,False,False,False,False,False,False,False,False,False,False,False,False,False,False,False,False,False,False,False,False,False,False,False,False,False,False,False,False
2703,3,False,False,,47.0,3.0,0,,,,,,,,,False,False,False,False,True,False,False,False,False,False,False,False,False,False,False,True,False,False,False,False,False,False,False,False,False,True,False,False,False,False,False,False,False,False,False,False,False,False,False,False,False,False,False,False,False,False,False,False,False,False,False,False,False,False,False,False,False,False,False,False,False,False,False,False,False,False,False,False,False,False,False,False,False
862,3,True,True,160.0,25.0,3.0,0,160,1.38,144.0,5,360.0,1080.0,720.0,2021,False,False,False,True,True,True,True,True,True,False,False,True,True,True,True,False,True,False,False,False,False,False,False,True,False,False,False,False,False,False,False,False,False,False,False,False,False,True,False,False,False,False,False,False,False,False,False,False,False,False,False,False,False,False,False,False,False,False,False,False,False,False,False,False,False,False,False,False,False,False,False,False,False
22,1,True,True,130.0,28.0,2.0,0,130,1.38,144.0,5,360.0,1080.0,720.0,2018,False,False,False,True,True,True,True,True,True,False,False,True,True,True,False,False,True,False,False,False,False,False,False,True,False,False,False,False,False,False,False,False,False,False,False,False,False,False,False,False,False,False,False,False,False,False,False,False,False,False,False,False,False,False,False,False,True,False,False,False,False,False,False,False,False,False,False,False,False,False,False,False,False
2386,2,True,True,200.0,23.0,5.0,0,200,1.38,144.0,5,360.0,1080.0,720.0,2018,False,False,False,True,True,True,True,True,True,False,False,True,True,True,True,False,True,False,False,False,False,False,False,True,False,False,False,False,False,False,False,False,False,False,False,False,False,False,False,False,False,False,False,False,False,False,False,False,False,False,False,False,False,False,False,False,True,False,False,False,False,False,False,False,False,False,False,False,False,False,False,False,False
1095,1,True,True,120.0,14.0,,0,120,1.38,72.0,5,360.0,1140.0,780.0,2025,False,False,False,True,True,False,True,True,True,False,False,True,True,True,False,False,True,False,False,False,False,False,False,True,False,False,False,False,False,False,False,False,False,False,False,False,False,False,False,False,False,False,False,False,False,False,False,False,False,False,False,False,False,False,False,False,True,False,False,False,False,False,False,False,False,False,False,False,False,False,False,False,False
3244,2,True,True,115.0,12.0,1.0,0,115,1.38,144.0,5,360.0,1080.0,720.0,2018,False,False,False,True,True,False,True,True,True,False,False,True,True,True,True,True,True,False,False,False,False,False,False,True,False,False,False,False,False,False,False,False,False,False,False,False,False,False,False,False,False,False,False,False,False,False,False,False,False,False,False,False,False,False,False,False,True,False,False,False,False,False,False,False,False,False,False,False,False,False,False,False,False
2749,2,True,True,62.0,4.0,2.0,0,43,1.38,144.0,5,390.0,1080.0,690.0,2024,False,False,False,True,True,True,True,True,True,False,False,True,True,True,False,False,False,False,False,False,True,False,False,True,False,False,False,False,False,False,True,False,False,False,False,False,False,False,False,False,False,False,False,False,False,False,False,False,False,False,False,False,False,False,False,False,False,False,False,False,False,False,False,False,False,False,False,False,False,False,False,False,False
1592,2,True,True,210.0,24.0,1.0,0,210,1.38,144.0,5,360.0,1080.0,720.0,2025,False,False,False,True,True,True,True,True,True,False,False,True,True,True,True,False,True,False,False,False,False,False,False,True,False,False,False,False,False,False,False,False,False,False,False,False,False,False,False,False,False,False,False,False,False,False,False,False,False,False,False,False,False,True,False,False,False,False,False,False,False,False,False,False,False,False,False,False,False,False,False,False,False
1130,1,True,True,10.0,1.0,,0,10,1.38,144.0,5,420.0,1020.0,600.0,2025,False,False,False,True,True,True,True,True,True,False,False,True,True,True,False,False,False,True,False,False,False,False,False,False,True,False,False,False,False,False,False,False,False,False,False,False,False,True,False,False,False,False,False,False,False,False,False,False,False,False,False,False,False,False,False,False,False,False,False,False,False,False,False,False,False,False,False,False,False,False,False,False,False
2966,1,True,True,12.0,2.0,1.0,0,12,1.38,156.0,5,360.0,1080.0,720.0,2015,False,False,False,True,False,False,True,True,True,False,False,True,True,True,False,False,False,False,True,False,False,False,False,False,True,False,False,False,False,False,False,False,False,False,False,False,False,False,False,False,False,False,False,False,False,False,False,False,False,False,False,False,False,False,False,True,False,False,False,False,False,False,False,False,False,False,False,False,False,False,False,False,False
2870,1,True,True,130.0,21.0,9.0,0,130,1.38,144.0,5,330.0,1080.0,750.0,2019,False,False,False,True,True,True,True,True,True,False,False,True,True,True,True,False,True,False,False,False,False,False,False,True,False,False,False,False,False,False,False,False,False,False,False,False,False,False,False,False,False,False,False,False,False,False,False,False,False,False,False,False,False,True,False,False,False,False,False,False,False,False,False,False,False,False,False,False,False,False,False,False,False
2984,2,True,True,12.0,1.0,1.0,0,12,1.38,144.0,7,0.0,1440.0,1440.0,2024,False,False,False,True,True,False,True,True,True,True,True,True,True,True,False,False,False,False,True,False,False,False,False,False,True,False,False,False,False,False,False,False,False,False,False,True,False,False,False,False,False,False,False,False,False,False,False,False,False,False,False,False,False,False,False,False,False,False,False,False,False,False,False,False,False,False,False,False,False,False,False,False,False
3097,1,True,False,88.0,15.0,15.0,0,,,,,,,,,False,False,False,True,True,False,True,False,False,False,False,False,False,False,True,True,False,False,False,False,False,False,False,True,False,False,False,False,False,False,False,False,False,False,False,False,False,False,False,False,False,False,False,False,False,False,False,False,False,False,False,False,False,False,False,False,False,False,False,False,False,False,False,False,False,False,False,False,False,False,False,False,False
3190,5,True,True,75.0,5.0,,0,75,36.0,156.0,5,420.0,1080.0,660.0,2006,False,False,False,False,True,True,False,True,True,False,False,True,True,True,True,True,True,False,False,False,False,False,False,True,False,False,False,False,False,False,False,False,False,False,False,False,False,False,False,False,False,False,False,False,False,False,False,False,False,False,False,False,False,False,True,False,False,False,False,False,False,False,False,False,False,False,False,False,False,False,False,False,False
2145,1,True,True,12.0,3.0,1.0,0,12,1.38,156.0,6,0.0,1440.0,1440.0,2025,False,False,False,True,True,False,True,True,True,True,False,True,True,True,False,True,False,False,False,False,False,False,True,False,True,False,False,False,False,False,False,False,False,False,False,False,False,False,False,False,False,False,False,False,False,False,False,False,False,False,False,False,False,False,False,False,False,False,False,False,False,False,False,False,False,True,False,False,False,False,False,False,False
3012,1,True,True,10.0,,,0,10,1.38,144.0,5,240.0,1050.0,810.0,2021,False,False,False,True,True,True,True,True,True,False,False,True,True,True,True,False,False,True,False,False,False,False,False,False,True,False,False,False,False,False,False,False,False,False,False,False,False,False,False,False,False,False,False,False,False,False,False,False,False,True,False,False,False,False,False,False,False,False,False,False,False,False,False,False,False,False,False,False,False,False,False,False,False
452,4,True,True,70.0,16.0,2.0,0,70,1.38,72.0,5,360.0,1080.0,720.0,2017,False,False,False,True,True,False,True,True,True,False,False,True,True,True,False,False,True,False,False,False,False,False,False,True,False,False,False,False,False,False,False,False,False,True,False,False,False,False,False,False,False,False,False,False,False,False,False,False,False,False,False,False,False,False,False,False,False,False,False,False,False,False,False,False,False,False,False,False,False,False,False,False,False
367,1,True,True,67.0,8.0,,0,67,1.38,156.0,5,360.0,1080.0,720.0,2021,False,False,False,True,True,True,True,True,True,False,False,True,True,True,True,True,True,False,False,False,False,False,False,True,False,False,False,False,False,False,False,False,False,False,False,False,False,False,False,False,False,False,False,False,False,False,False,False,False,False,False,False,False,False,False,False,True,False,False,False,False,False,False,False,False,False,False,False,False,False,False,False,False
1469,3,False,False,,1.0,1.0,0,,,,,,,,,False,False,False,False,True,False,False,False,False,False,False,False,False,False,False,True,False,False,False,False,False,False,False,False,False,False,False,True,False,False,False,False,False,False,False,False,False,False,False,False,False,False,False,False,False,False,False,False,False,False,False,False,False,False,False,False,False,False,False,False,False,False,False,False,False,False,False,False,False,False,False,False,False
904,1,True,True,109.0,4.0,,0,109,1.38,144.0,5,360.0,1080.0,720.0,2022,False,False,False,True,True,True,True,True,True,False,False,True,True,True,True,False,True,False,False,False,False,False,False,True,False,False,False,False,False,False,False,False,False,False,False,False,False,False,False,False,False,False,False,False,False,False,False,False,False,False,False,False,False,False,False,False,True,False,False,False,False,False,False,False,False,False,False,False,False,False,False,False,False
1118,1,True,True,120.0,10.0,2.0,0,120,1.38,156.0,6,0.0,1440.0,1440.0,2017,False,False,False,True,True,True,True,True,True,True,False,True,True,True,False,False,True,False,False,False,False,False,False,True,False,False,False,False,False,False,False,False,False,False,False,False,False,False,False,False,False,False,False,False,False,False,False,False,False,False,False,False,False,False,False,False,True,False,False,False,False,False,False,False,False,False,False,False,False,False,False,False,False
3130,1,True,True,10.0,,,0,10,1.38,156.0,7,360.0,1410.0,1050.0,2005,False,False,False,True,True,False,True,True,True,True,True,True,True,True,True,False,False,True,False,False,False,False,False,False,True,False,False,False,False,False,False,False,False,False,False,False,False,True,False,False,False,False,False,False,False,False,False,False,False,False,False,False,False,False,False,False,False,False,False,False,False,False,False,False,False,False,False,False,False,False,False,False,False
989,2,True,True,10.0,1.0,,0,10,1.38,156.0,5,360.0,1140.0,780.0,2024,False,False,False,False,True,False,True,True,True,False,False,True,True,True,True,True,False,True,False,False,False,False,False,False,True,False,False,False,False,False,False,False,False,False,False,False,False,False,False,False,False,False,False,False,False,False,False,False,False,False,False,False,False,True,False,False,False,False,False,False,False,False,False,False,False,False,False,False,False,False,False,False,False
2380,5,True,True,12.0,1.0,1.0,0,12,1.38,156.0,7,360.0,1440.0,1080.0,2010,False,False,False,True,True,False,True,True,True,True,True,True,True,True,True,True,False,False,True,False,False,False,False,False,True,False,False,False,False,False,False,False,False,False,False,False,False,False,True,False,False,False,False,False,False,False,False,False,False,False,False,False,False,False,False,False,False,False,False,False,False,False,False,False,False,False,False,False,False,False,False,False,False
2268,2,True,True,10.0,1.0,,0,10,1.38,156.0,5,420.0,1050.0,630.0,2021,False,False,False,False,True,True,True,True,True,False,False,True,True,True,False,True,False,True,False,False,False,False,False,False,True,False,False,False,False,False,False,False,False,False,False,False,False,True,False,False,False,False,False,False,False,False,False,False,False,False,False,False,False,False,False,False,False,False,False,False,False,False,False,False,False,False,False,False,False,False,False,False,False
2470,1,True,True,67.0,8.0,,0,67,1.38,144.0,7,0.0,1440.0,1440.0,2016,False,False,False,True,True,True,True,True,True,True,True,True,True,True,True,False,True,False,False,False,False,False,False,True,False,False,False,False,False,False,False,False,False,False,False,False,False,False,False,False,False,False,False,False,False,False,False,False,False,False,False,False,False,False,False,False,True,False,False,False,False,False,False,False,False,False,False,False,False,False,False,False,False
2634,1,True,True,40.0,5.0,3.0,0,40,1.38,156.0,5,420.0,1050.0,630.0,2025,False,False,False,True,True,True,True,True,True,False,False,True,True,True,False,True,False,False,False,False,True,False,False,True,False,False,False,False,False,False,False,False,False,False,False,False,False,False,False,False,False,False,False,False,False,False,False,False,False,False,False,False,False,False,False,False,False,False,False,False,False,False,False,False,False,False,False,False,False,False,False,False,True
2872,2,True,True,124.0,9.0,7.0,0,124,1.38,156.0,5,360.0,1110.0,750.0,1997,False,False,False,True,True,True,True,True,True,False,False,True,True,True,True,True,True,False,False,False,False,False,False,True,False,False,False,False,False,False,False,False,False,False,False,False,False,False,False,False,False,False,False,False,False,False,False,False,False,False,False,False,False,False,False,True,False,False,False,False,False,False,False,False,False,False,False,False,False,False,False,False,False
3000,5,True,True,150.0,16.0,,0,150,1.38,156.0,7,330.0,1200.0,870.0,2003,False,False,False,True,True,True,True,True,True,True,True,True,True,True,True,True,True,False,False,False,False,False,False,True,False,False,False,False,False,False,True,False,False,False,False,False,False,False,False,False,False,False,False,False,False,False,False,False,False,False,False,False,False,False,False,False,False,False,False,False,False,False,False,False,False,False,False,False,False,False,False,False,False
2854,1,True,True,10.0,1.0,,0,10,1.38,108.0,5,420.0,1020.0,600.0,2023,False,False,False,True,False,False,True,True,True,False,False,True,True,True,False,False,False,True,False,False,False,False,False,False,True,False,False,False,False,False,False,False,False,False,False,False,False,False,False,False,False,False,False,False,False,False,False,False,False,False,False,False,False,False,False,False,False,False,False,False,False,True,False,False,False,False,False,False,False,False,False,False,False
570,2,True,True,10.0,,1.0,0,10,1.38,156.0,5,330.0,1050.0,720.0,2012,False,False,False,False,True,True,True,True,True,False,False,True,True,True,True,False,False,True,False,False,False,False,False,False,True,False,False,False,False,False,False,False,False,False,False,False,False,False,False,False,False,False,False,False,False,False,False,False,False,False,True,False,False,False,False,False,False,False,False,False,False,False,False,False,False,False,False,False,False,False,False,False,False
2543,2,True,True,100.0,23.0,13.0,0,100,1.38,156.0,5,390.0,1080.0,690.0,2024,False,False,False,True,True,True,True,True,True,False,False,True,True,True,True,True,True,False,False,False,False,False,False,True,False,False,False,False,False,False,False,False,False,False,False,False,False,True,False,False,False,False,False,False,False,False,False,False,False,False,False,False,False,False,False,False,False,False,False,False,False,False,False,False,False,False,False,False,False,False,False,False,False
976,1,True,True,10.0,1.0,,0,10,1.38,156.0,7,0.0,1440.0,1440.0,2009,False,False,False,False,True,True,True,True,True,True,True,True,True,True,False,True,False,True,False,False,False,False,False,False,True,False,False,False,False,False,False,False,False,False,False,False,False,False,False,False,False,False,False,False,False,False,False,False,False,False,False,False,False,False,False,False,True,False,False,False,False,False,False,False,False,False,False,False,False,False,False,False,False
2876,2,True,True,12.0,1.0,,0,12,1.38,144.0,5,420.0,1080.0,660.0,2025,False,False,False,True,True,True,True,True,True,False,False,True,True,True,False,True,False,False,True,False,False,False,False,False,True,False,False,False,False,False,False,False,False,False,False,True,False,False,False,False,False,False,False,False,False,False,False,False,False,False,False,False,False,False,False,False,False,False,False,False,False,False,False,False,False,False,False,False,False,False,False,False,False
575,2,True,True,10.0,,,0,10,1.38,156.0,6,300.0,1470.0,1170.0,2020,False,False,False,True,True,True,True,True,True,True,False,True,True,True,True,False,False,True,False,False,False,False,False,False,True,False,False,False,False,False,False,False,False,False,False,False,False,False,False,False,False,False,False,False,False,False,False,False,False,True,False,False,False,False,False,False,False,False,False,False,False,False,False,False,False,False,False,False,False,False,False,False,False
369,1,True,True,40.0,1.0,1.0,0,40,18.0,156.0,7,360.0,1080.0,720.0,2018,False,False,False,False,True,True,True,True,True,True,True,True,True,True,True,False,True,False,False,False,False,False,False,True,False,False,False,False,False,False,False,False,False,False,False,False,False,False,False,False,False,False,False,False,False,False,False,False,False,False,False,False,False,False,False,False,True,False,False,False,False,False,False,False,False,False,False,False,False,False,False,False,False
199,1,True,True,22.0,,2.0,0,22,36.0,72.0,5,510.0,930.0,420.0,1997,False,False,False,False,True,False,False,True,True,False,False,True,True,True,False,True,False,False,False,True,False,False,False,False,False,False,True,False,False,False,False,False,False,False,False,False,False,False,False,False,False,False,False,False,False,False,False,True,False,False,False,False,False,False,False,False,False,False,False,False,False,False,False,False,False,False,False,False,False,False,False,False,False
2478,2,True,True,12.0,2.0,,0,12,1.38,156.0,5,300.0,1170.0,870.0,2025,False,False,False,True,True,True,True,True,True,False,False,True,True,True,True,True,False,False,True,False,False,False,False,False,True,False,False,False,False,False,False,False,False,False,False,False,False,False,False,False,False,False,False,False,False,False,False,False,False,False,False,False,False,False,False,False,True,False,False,False,False,False,False,False,False,False,False,False,False,False,False,False,False
3265,2,True,True,10.0,,,0,10,1.38,156.0,5,360.0,1260.0,900.0,2004,False,False,False,True,True,False,True,True,True,False,False,True,True,True,False,False,False,True,False,False,False,False,False,False,True,False,False,False,False,False,False,False,False,False,False,False,False,False,False,False,False,False,False,False,False,False,False,False,False,False,False,False,False,False,False,False,False,False,False,False,False,False,False,False,False,False,False,False,False,True,False,False,False
2241,3,False,False,,6.0,,0,,,,,,,,,False,False,False,False,True,False,False,False,False,False,False,False,False,False,False,True,False,False,False,False,False,False,False,False,False,False,False,True,False,False,False,False,False,False,False,False,False,False,False,False,False,False,False,False,False,False,False,False,False,False,False,False,False,False,False,False,False,False,False,False,False,False,False,False,False,False,False,False,False,False,False,False,False
1954,2,True,True,65.0,12.0,,0,65,1.38,156.0,7,0.0,1440.0,1440.0,2012,False,False,False,True,True,True,True,True,True,True,True,True,True,True,True,True,True,False,False,False,False,False,False,True,False,False,False,False,False,False,False,False,False,False,False,False,False,True,False,False,False,False,False,False,False,False,False,False,False,False,False,False,False,False,False,False,False,False,False,False,False,False,False,False,False,False,False,False,False,False,False,False,False
1013,2,True,True,12.0,2.0,1.0,0,12,1.38,156.0,7,0.0,,,2019,False,False,False,True,True,True,True,True,True,True,True,True,True,True,True,True,False,False,True,False,False,False,False,False,True,False,False,False,False,False,False,False,False,False,False,False,False,False,False,False,False,False,False,False,False,False,False,False,False,False,False,False,False,False,False,True,False,False,False,False,False,False,False,False,False,False,False,False,False,False,False,False,False
1886,1,True,True,10.0,,,0,10,1.38,156.0,5,390.0,1050.0,660.0,2022,False,False,False,True,True,True,True,True,True,False,False,True,True,True,False,False,False,True,False,False,False,False,False,False,True,False,False,False,False,False,False,False,False,False,False,False,False,False,False,False,False,False,False,False,False,False,False,False,False,False,False,False,False,False,False,False,True,False,False,False,False,False,False,False,False,False,False,False,False,False,False,False,False
1540,2,True,True,72.0,,17.0,0,72,1.38,156.0,5,330.0,1080.0,750.0,2015,False,False,False,True,True,True,True,True,True,False,False,True,True,True,True,False,True,False,False,False,False,False,False,True,False,False,False,False,False,False,True,False,False,False,False,False,False,False,False,False,False,False,False,False,False,False,False,False,False,False,False,False,False,False,False,False,False,False,False,False,False,False,False,False,False,False,False,False,False,False,False,False,False
445,1,True,True,10.0,1.0,,0,10,1.38,156.0,5,390.0,1110.0,720.0,2001,False,False,False,True,True,True,True,True,True,False,False,True,True,True,False,False,False,True,False,False,False,False,False,False,True,False,False,False,False,False,False,False,False,False,False,False,False,True,False,False,False,False,False,False,False,False,False,False,False,False,False,False,False,False,False,False,False,False,False,False,False,False,False,False,False,False,False,False,False,False,False,False,False
1116,2,True,True,102.0,25.0,4.0,0,102,1.38,156.0,5,420.0,1080.0,660.0,2003,False,False,False,True,True,False,False,True,True,False,False,True,True,True,True,True,True,False,False,False,False,False,False,True,False,False,False,False,False,False,False,False,False,False,False,False,False,False,False,False,False,False,False,False,False,False,False,False,False,False,False,False,False,False,False,False,True,False,False,False,False,False,False,False,False,False,False,False,False,False,False,False,False
2332,3,True,True,175.0,3.0,18.0,1,175,36.0,144.0,5,360.0,1080.0,720.0,2001,False,False,True,False,True,True,False,True,True,False,False,True,True,True,True,True,True,False,False,False,False,False,False,True,False,False,False,False,False,False,False,False,False,False,False,False,False,False,False,False,False,False,False,False,True,False,False,False,False,False,False,False,False,False,False,False,False,False,False,False,False,False,False,False,False,False,False,False,False,False,False,False,False
1602,2,True,True,10.0,,,0,10,1.38,156.0,7,240.0,1410.0,1170.0,2003,False,False,False,False,True,False,True,True,True,True,True,True,True,True,False,False,False,True,False,False,False,False,False,False,True,False,False,False,False,False,False,False,False,False,False,False,False,False,False,False,False,False,False,False,False,False,False,False,False,False,False,False,False,False,False,False,False,False,False,False,True,False,False,False,False,False,False,False,False,False,False,False,False
792,2,True,True,21.0,4.0,1.0,0,21,1.38,156.0,7,300.0,1320.0,1020.0,2017,False,False,False,True,True,True,True,True,True,True,True,True,True,True,True,False,True,False,False,False,False,False,False,True,False,False,False,False,False,False,False,False,False,False,True,False,False,False,False,False,False,False,False,False,False,False,False,False,False,False,False,False,False,False,False,False,False,False,False,False,False,False,False,False,False,False,False,False,False,False,False,False,False
2396,3,True,True,175.0,13.0,40.0,0,175,1.38,156.0,7,0.0,1440.0,1440.0,2006,False,False,False,True,True,True,True,True,True,True,True,True,True,True,True,True,True,False,False,False,False,False,False,True,False,False,False,False,False,False,False,False,False,False,False,False,False,False,False,False,False,False,False,False,False,False,False,False,False,False,False,False,False,False,False,False,True,False,False,False,False,False,False,False,False,False,False,False,False,False,False,False,False
2550,2,True,True,123.0,10.0,2.0,0,123,1.38,156.0,5,360.0,1170.0,810.0,2007,False,False,False,True,True,True,True,True,True,False,False,True,True,True,True,True,True,False,False,False,False,False,False,True,False,False,False,False,False,False,False,False,False,False,False,False,False,False,False,False,False,False,False,False,False,False,False,False,False,False,False,False,False,True,False,False,False,False,False,False,False,False,False,False,False,False,False,False,False,False,False,False,False
265,2,True,True,123.0,23.0,9.0,0,123,1.38,156.0,5,330.0,1110.0,780.0,2018,False,False,False,True,True,True,True,True,True,False,False,True,True,True,True,True,True,False,False,False,False,False,False,True,False,False,False,False,False,False,False,False,False,False,False,False,False,True,False,False,False,False,False,False,False,False,False,False,False,False,False,False,False,False,False,False,False,False,False,False,False,False,False,False,False,False,False,False,False,False,False,False,False
1657,1,True,False,26.0,4.0,,0,,,,,,,,,False,False,False,True,False,False,True,False,False,False,False,False,False,False,False,False,False,False,False,False,False,False,False,True,False,False,False,False,False,False,False,False,False,False,False,False,False,False,False,False,False,False,False,False,False,False,False,False,False,False,False,False,False,False,False,False,False,False,False,False,False,False,False,False,False,False,False,False,False,False,False,False,False
716,1,True,True,10.0,1.0,,0,10,1.38,144.0,,360.0,1050.0,690.0,2023,False,False,False,True,True,True,True,False,False,False,False,False,False,False,True,False,False,True,False,False,False,False,False,False,True,False,False,False,False,False,False,False,False,False,False,False,False,False,False,False,True,False,False,False,False,False,False,False,False,False,False,False,False,False,False,False,False,False,False,False,False,False,False,False,False,False,False,False,False,False,False,False,False
2040,4,True,True,12.0,2.0,2.0,0,12,1.38,156.0,5,360.0,1050.0,690.0,2011,False,False,False,True,True,False,True,True,True,False,False,True,True,True,False,False,False,False,True,False,False,False,False,False,True,False,False,False,False,False,False,False,False,False,False,False,False,False,False,False,False,False,False,False,False,False,False,False,False,False,False,False,False,False,False,False,False,False,False,False,False,False,False,False,False,False,False,False,False,True,False,False,False
2719,1,True,True,10.0,,,0,10,1.38,156.0,6,300.0,1230.0,930.0,2011,False,False,False,True,True,True,True,True,True,True,False,True,True,True,False,False,False,True,False,False,False,False,False,False,True,False,False,False,False,False,False,False,False,True,False,False,False,False,False,False,False,False,False,False,False,False,False,False,False,False,False,False,False,False,False,False,False,False,False,False,False,False,False,False,False,False,False,False,False,False,False,False,False
21,1,True,False,10.0,,,0,,,,,,,,,False,False,False,False,False,False,True,False,False,False,False,False,False,False,False,False,False,False,False,False,False,False,False,False,True,False,False,False,False,False,False,False,False,False,False,False,False,False,False,False,False,False,False,False,False,False,False,False,False,False,False,False,False,False,False,False,False,False,False,False,False,False,False,False,False,False,False,False,False,False,False,False,False
1362,1,True,True,10.0,,,0,10,1.38,156.0,7,330.0,1440.0,1110.0,2011,False,False,False,True,True,True,True,True,True,True,True,True,True,True,False,True,False,True,False,False,False,False,False,False,True,False,False,False,False,False,False,False,False,False,False,False,False,False,False,False,False,False,False,False,False,False,False,False,False,False,False,False,False,False,False,False,False,False,False,False,False,False,False,False,True,False,False,False,False,False,False,False,False
2773,1,True,True,43.0,13.0,1.0,0,43,1.38,156.0,6,300.0,1380.0,1080.0,2022,False,False,False,True,True,True,True,True,True,True,False,True,True,True,True,False,True,False,False,False,False,False,False,True,False,False,False,False,False,False,False,False,False,False,False,False,False,False,False,False,False,False,False,False,False,False,False,False,False,False,False,False,False,False,False,False,True,False,False,False,False,False,False,False,False,False,False,False,False,False,False,False,False
158,1,True,True,10.0,,,0,10,1.38,156.0,7,1.0,,,1997,False,False,False,True,True,True,False,True,True,True,True,True,True,True,True,True,False,True,False,False,False,False,False,False,True,False,False,False,False,False,False,False,False,False,False,False,False,False,False,False,False,False,False,False,False,False,False,False,False,False,False,False,False,False,True,False,False,False,False,False,False,False,False,False,False,False,False,False,False,False,False,False,False
563,2,True,True,12.0,,,0,12,1.38,156.0,7,420.0,1080.0,660.0,2009,False,False,False,True,True,False,True,True,True,True,True,True,True,True,False,True,False,False,True,False,False,False,False,False,True,False,False,False,False,False,False,True,False,False,False,False,False,False,False,False,False,False,False,False,False,False,False,False,False,False,False,False,False,False,False,False,False,False,False,False,False,False,False,False,False,False,False,False,False,False,False,False,False
2920,1,True,True,10.0,1.0,,0,10,1.38,156.0,5,420.0,1020.0,600.0,2015,False,False,False,True,True,True,True,True,True,False,False,True,True,True,False,False,False,True,False,False,False,False,False,False,True,False,False,False,False,False,False,False,False,False,False,False,True,False,False,False,False,False,False,False,False,False,False,False,False,False,False,False,False,False,False,False,False,False,False,False,False,False,False,False,False,False,False,False,False,False,False,False,False
1822,2,True,True,12.0,,,0,12,1.38,60.0,5,360.0,1020.0,660.0,2024,False,False,False,True,False,False,True,True,True,False,False,True,True,True,False,False,False,False,True,False,False,False,False,False,True,False,False,False,False,False,False,False,False,False,False,False,False,False,False,False,False,False,False,False,False,False,False,False,False,False,False,False,False,False,False,False,False,False,False,False,False,False,False,False,False,False,False,False,False,True,False,False,False
2641,2,True,True,10.0,,,0,10,1.38,156.0,5,330.0,1140.0,810.0,2004,False,False,False,True,True,False,True,True,True,False,False,True,True,True,False,False,False,True,False,False,False,False,False,False,True,False,False,False,False,False,False,False,False,False,False,False,False,False,False,False,False,False,False,False,False,False,False,False,False,False,False,False,False,False,False,False,False,False,False,True,False,False,False,False,False,False,False,False,False,False,False,False,False
1790,1,True,True,12.0,1.0,,0,12,1.38,156.0,5,300.0,1050.0,750.0,2012,False,False,False,True,True,True,True,True,True,False,False,True,True,True,False,True,False,False,True,False,False,False,False,False,True,False,False,False,False,False,False,False,False,False,False,False,False,False,False,False,False,False,False,False,False,False,False,False,False,False,False,False,False,False,False,False,False,False,False,False,True,False,False,False,False,False,False,False,False,False,False,False,False
1142,2,True,True,12.0,,,0,12,1.38,156.0,5,420.0,1080.0,660.0,2018,False,False,False,True,True,True,True,True,True,False,False,True,True,True,False,True,False,False,True,False,False,False,False,False,True,False,False,False,False,False,False,True,False,False,False,False,False,False,False,False,False,False,False,False,False,False,False,False,False,False,False,False,False,False,False,False,False,False,False,False,False,False,False,False,False,False,False,False,False,False,False,False,False
223,1,True,True,10.0,2.0,,0,10,1.38,156.0,7,0.0,1440.0,1440.0,2024,False,False,False,True,True,False,True,True,True,True,True,True,True,True,False,False,False,True,False,False,False,False,False,False,True,False,False,False,False,False,False,False,False,False,False,False,False,False,False,False,False,False,False,False,False,False,False,False,False,False,False,False,False,False,False,False,True,False,False,False,False,False,False,False,False,False,False,False,False,False,False,False,False
1290,1,True,True,12.0,,,0,12,1.38,156.0,5,450.0,1050.0,600.0,2006,False,False,False,True,True,True,True,True,True,False,False,True,True,True,False,True,False,False,True,False,False,False,False,False,True,False,False,False,False,False,False,False,False,False,False,False,False,False,False,False,False,False,False,False,False,False,False,False,False,False,False,False,False,False,False,False,True,False,False,False,False,False,False,False,False,False,False,False,False,False,False,False,False
1693,1,True,True,10.0,,,0,10,1.38,156.0,7,0.0,1440.0,1440.0,2019,False,False,False,False,True,True,True,True,True,True,True,True,True,True,False,False,False,True,False,False,False,False,False,False,True,False,False,False,False,False,False,False,False,False,False,False,False,True,False,False,False,False,False,False,False,False,False,False,False,False,False,False,False,False,False,False,False,False,False,False,False,False,False,False,False,False,False,False,False,False,False,False,False
1881,3,False,False,,2.0,1.0,0,,,,,,,,,False,False,False,False,True,False,False,False,False,False,False,False,False,False,False,True,False,False,False,False,False,False,False,False,False,False,False,True,False,False,False,False,False,False,False,False,False,False,False,False,False,False,False,False,False,False,False,False,False,False,False,False,False,False,False,False,False,False,False,False,False,False,False,False,False,False,False,False,False,False,False,False,False
2153,2,True,True,12.0,2.0,,0,12,1.38,156.0,5,360.0,1050.0,690.0,2024,False,False,False,True,True,False,True,True,True,False,False,True,True,True,False,False,False,False,True,False,False,False,False,False,True,False,False,False,False,False,False,False,False,False,False,False,False,False,False,False,False,False,False,False,False,False,False,False,False,False,False,False,False,False,False,False,True,False,False,False,False,False,False,False,False,False,False,False,False,False,False,False,False
1261,1,True,True,10.0,1.0,,0,10,1.38,156.0,5,420.0,1080.0,660.0,2024,False,False,False,True,True,True,True,True,True,False,False,True,True,True,False,False,False,False,False,False,False,True,False,False,True,False,False,False,False,False,False,False,False,False,False,False,False,False,False,False,False,False,False,False,False,False,False,False,False,False,False,False,True,False,False,False,False,False,False,False,False,False,False,False,False,False,False,False,False,False,False,False,False
3050,2,True,True,12.0,,2.0,0,12,1.38,144.0,5,345.0,1080.0,735.0,2011,False,False,False,True,True,True,True,True,True,False,False,True,True,True,True,True,False,False,True,False,False,False,False,False,True,False,False,False,False,False,False,False,False,False,False,False,False,False,False,False,True,False,False,False,False,False,False,False,False,False,False,False,False,False,False,False,False,False,False,False,False,False,False,False,False,False,False,False,False,False,False,False,False
1722,1,True,True,10.0,1.0,,0,10,1.38,156.0,5,450.0,1050.0,600.0,2017,False,False,False,True,False,True,True,True,True,False,False,True,True,True,False,False,False,True,False,False,False,False,False,False,True,False,False,False,False,False,False,False,False,False,False,False,False,False,False,False,False,False,False,False,False,False,False,False,False,False,False,False,False,True,False,False,False,False,False,False,False,False,False,False,False,False,False,False,False,False,False,False,False
3095,1,True,True,12.0,2.0,,0,12,1.38,156.0,7,390.0,1260.0,870.0,2004,False,False,False,True,True,False,True,True,True,True,True,True,True,True,False,False,False,False,True,False,False,False,False,False,True,False,False,False,False,False,False,False,False,False,False,False,False,True,False,False,False,False,False,False,False,False,False,False,False,False,False,False,False,False,False,False,False,False,False,False,False,False,False,False,False,False,False,False,False,False,False,False,False
280,2,True,True,10.0,,,0,10,1.38,156.0,7,0.0,1440.0,1440.0,2010,False,False,False,True,True,False,True,True,True,True,True,True,True,True,False,True,False,True,False,False,False,False,False,False,True,False,False,False,False,False,False,False,False,False,False,False,False,False,False,False,False,False,False,False,False,False,False,False,False,False,False,False,False,True,False,False,False,False,False,False,False,False,False,False,False,False,False,False,False,False,False,False,False
2083,2,True,True,12.0,1.0,1.0,0,12,1.38,156.0,5,450.0,1110.0,660.0,2015,False,False,False,False,True,True,True,True,True,False,False,True,True,True,True,False,False,False,True,False,False,False,False,False,True,False,False,False,False,False,False,False,False,False,False,False,False,False,False,False,False,False,False,False,False,False,False,False,False,False,False,False,False,False,False,False,False,False,False,False,False,False,False,False,False,False,True,False,False,False,False,False,False
1220,1,True,True,10.0,,,0,10,1.38,156.0,7,360.0,1260.0,900.0,2017,False,False,False,True,True,True,True,True,True,True,True,True,True,True,True,True,False,True,False,False,False,False,False,False,True,False,False,False,False,False,False,False,False,False,False,False,False,False,False,False,False,False,False,False,False,False,False,False,False,False,False,False,False,False,False,False,True,False,False,False,False,False,False,False,False,False,False,False,False,False,False,False,False
1769,5,True,True,10.0,1.0,,1,10,1.38,120.0,5,360.0,1080.0,720.0,2021,False,False,False,True,True,True,True,True,True,False,False,True,True,True,True,False,False,True,False,False,False,False,False,False,True,False,False,False,True,False,False,False,False,False,False,False,False,True,False,False,False,False,False,False,False,False,False,False,False,False,False,False,False,False,False,False,False,False,False,False,False,False,False,False,False,False,False,False,False,False,False,False,False
1529,2,True,True,10.0,1.0,,0,10,1.38,156.0,6,360.0,1410.0,1050.0,2012,False,False,False,True,True,False,True,True,True,True,False,True,True,True,False,True,False,True,False,False,False,False,False,False,True,False,False,False,False,False,True,False,False,False,False,False,False,False,False,False,False,False,False,False,False,False,False,False,False,False,False,False,False,False,False,False,False,False,False,False,False,False,False,False,False,False,False,False,False,False,False,False,False
3236,2,True,True,10.0,1.0,,0,10,1.38,156.0,5,420.0,1050.0,630.0,1999,False,False,False,True,True,False,True,True,True,False,False,True,True,True,False,False,False,True,False,False,False,False,False,False,True,False,False,False,False,False,False,False,False,False,False,False,False,False,False,False,False,False,False,False,False,False,False,False,False,False,False,False,False,False,False,False,False,False,False,False,False,False,False,False,True,False,False,False,False,False,False,False,False
1424,1,True,True,94.0,10.0,3.0,0,94,1.38,156.0,5,360.0,1080.0,720.0,2019,False,False,False,True,True,True,True,True,True,False,False,True,True,True,True,True,True,False,False,False,False,False,False,True,False,False,False,False,False,False,False,False,False,False,False,False,False,True,False,False,False,False,False,False,False,False,False,False,False,False,False,False,False,False,False,False,False,False,False,False,False,False,False,False,False,False,False,False,False,False,False,False,False
1993,2,True,True,45.0,3.0,3.0,0,45,1.38,156.0,5,420.0,1020.0,600.0,2019,False,False,False,True,True,True,True,True,True,False,False,True,True,True,True,True,True,False,False,False,False,False,False,True,False,False,False,False,False,False,False,False,False,True,False,False,False,False,False,False,False,False,False,False,False,False,False,False,False,False,False,False,False,False,False,False,False,False,False,False,False,False,False,False,False,False,False,False,False,False,False,False,False
1937,1,True,True,12.0,,,0,12,1.38,156.0,5,300.0,1140.0,840.0,2006,False,False,False,False,True,True,True,True,True,False,False,True,True,True,False,False,False,False,True,False,False,False,False,False,True,False,False,False,False,False,False,False,False,False,False,False,False,False,False,False,False,False,False,False,False,False,False,False,False,False,False,False,False,False,False,False,False,False,True,False,False,False,False,False,False,False,False,False,False,False,False,False,False
1317,2,True,True,12.0,,,0,12,1.38,144.0,5,360.0,1080.0,720.0,2011,False,False,False,True,True,False,True,True,True,False,False,True,True,True,False,True,False,False,True,False,False,False,False,False,True,False,False,False,False,False,False,False,False,False,False,False,False,False,False,False,False,False,True,False,False,False,False,False,False,False,False,False,False,False,False,False,False,False,False,False,False,False,False,False,False,False,False,False,False,False,False,False,False
2316,1,True,True,12.0,2.0,,0,12,1.38,156.0,7,0.0,1440.0,1440.0,2005,False,False,False,True,False,False,True,True,True,True,True,True,True,True,True,False,False,False,True,False,False,False,False,False,True,False,False,False,False,False,False,False,False,False,False,False,False,True,False,False,False,False,False,False,False,False,False,False,False,False,False,False,False,False,False,False,False,False,False,False,False,False,False,False,False,False,False,False,False,False,False,False,False
3088,2,True,True,60.0,8.0,,0,60,1.38,156.0,6,300.0,1140.0,840.0,2025,False,False,False,True,True,True,True,True,True,True,False,True,True,True,False,True,True,False,False,False,False,False,False,True,False,False,False,False,False,False,False,False,False,False,False,False,False,False,False,False,False,False,False,False,False,False,False,False,False,False,True,False,False,False,False,False,False,False,False,False,False,False,False,False,False,False,False,False,False,False,False,False,False
1712,1,True,True,10.0,,,0,10,1.38,156.0,5,420.0,1050.0,630.0,2003,False,False,False,False,True,False,True,True,True,False,False,True,True,True,False,False,False,True,False,False,False,False,False,False,True,False,False,False,False,False,False,False,False,False,False,False,False,False,False,False,False,False,False,False,False,False,False,False,False,False,False,False,False,False,False,False,True,False,False,False,False,False,False,False,False,False,False,False,False,False,False,False,False
1596,2,True,True,116.0,4.0,5.0,0,116,1.38,156.0,5,360.0,1080.0,720.0,2014,False,False,False,True,True,True,True,True,True,False,False,True,True,True,True,False,True,False,False,False,False,False,False,True,False,False,False,False,False,False,False,False,False,False,False,False,False,False,False,False,False,False,False,False,False,False,False,False,False,False,False,False,False,False,False,False,True,False,False,False,False,False,False,False,False,False,False,False,False,False,False,False,False
596,2,True,True,10.0,,,0,10,1.38,156.0,5,360.0,1110.0,750.0,2005,False,False,False,True,True,True,True,True,True,False,False,True,True,True,False,False,False,True,False,False,False,False,False,False,True,False,False,False,False,False,True,False,False,False,False,False,False,False,False,False,False,False,False,False,False,False,False,False,False,False,False,False,False,False,False,False,False,False,False,False,False,False,False,False,False,False,False,False,False,False,False,False,False
578,2,True,True,10.0,1.0,,0,10,1.38,156.0,5,360.0,1080.0,720.0,2013,False,False,False,True,True,True,True,True,True,False,False,True,True,True,False,False,False,True,False,False,False,False,False,False,True,False,False,False,False,False,False,False,False,False,False,False,False,False,False,False,False,False,False,False,False,False,False,False,False,False,False,False,False,False,False,True,False,False,False,False,False,False,False,False,False,False,False,False,False,False,False,False,False
1140,1,True,True,12.0,1.0,,0,12,1.38,156.0,5,300.0,1320.0,1020.0,2001,False,False,False,True,True,True,True,True,True,False,False,True,True,True,False,False,False,False,True,False,False,False,False,False,True,False,False,False,False,False,True,False,False,False,False,False,False,False,False,False,False,False,False,False,False,False,False,False,False,False,False,False,False,False,False,False,False,False,False,False,False,False,False,False,False,False,False,False,False,False,False,False,False
2643,2,True,True,73.0,9.0,2.0,0,73,18.0,156.0,5,300.0,1110.0,810.0,2017,False,False,False,False,True,True,True,True,True,False,False,True,True,True,True,True,True,False,False,False,False,False,False,True,False,False,False,False,False,False,False,False,False,False,False,False,False,False,False,False,False,False,False,False,False,False,False,False,False,True,False,False,False,False,False,False,False,False,False,False,False,False,False,False,False,False,False,False,False,False,False,False,False
2062,2,True,True,222.0,13.0,17.0,0,222,12.0,156.0,5,390.0,1110.0,720.0,2002,False,False,False,False,True,True,True,True,True,False,False,True,True,True,True,True,True,False,False,False,False,False,False,True,False,False,False,False,False,False,False,False,False,False,False,False,False,False,False,False,False,False,False,False,False,False,False,False,False,False,False,False,False,False,False,False,False,False,False,False,False,False,False,False,False,False,False,False,False,True,False,False,False
1056,2,True,True,10.0,1.0,,0,10,12.0,156.0,5,360.0,1260.0,900.0,2025,False,False,False,False,True,True,True,True,True,False,False,True,True,True,True,True,False,True,False,False,False,False,False,False,True,False,False,False,False,False,False,False,False,False,False,False,False,False,False,False,False,False,False,False,False,False,False,False,False,False,False,False,False,False,False,False,True,False,False,False,False,False,False,False,False,False,False,False,False,False,False,False,False
1107,2,True,True,12.0,1.0,,0,12,1.38,156.0,5,390.0,1080.0,690.0,2022,False,False,False,True,False,False,True,True,True,False,False,True,True,True,False,False,False,False,True,False,False,False,False,False,True,False,False,False,False,False,False,False,False,False,False,False,False,False,False,False,False,False,False,False,False,False,False,False,False,False,False,False,True,False,False,False,False,False,False,False,False,False,False,False,False,False,False,False,False,False,False,False,False
2639,2,True,True,10.0,,,0,10,1.38,156.0,5,450.0,1050.0,600.0,2025,False,False,False,True,True,False,True,True,True,False,False,True,True,True,False,False,False,True,False,False,False,False,False,False,True,False,False,False,False,False,False,False,False,False,False,False,False,False,False,False,False,False,False,True,False,False,False,False,False,False,False,False,False,False,False,False,False,False,False,False,False,False,False,False,False,False,False,False,False,False,False,False,False
3147,1,True,True,10.0,,,0,10,1.38,144.0,5,450.0,1050.0,600.0,2020,False,False,False,True,True,False,True,True,True,False,False,True,True,True,False,True,False,True,False,False,False,False,False,False,False,False,False,False,False,False,False,False,False,False,False,False,False,False,False,False,False,False,True,False,False,False,False,False,False,False,False,False,False,False,False,False,False,False,False,False,False,False,False,False,False,False,False,False,False,False,False,False,False
192,1,True,True,10.0,1.0,,0,10,1.38,156.0,5,450.0,1035.0,585.0,2014,False,False,False,True,True,True,True,True,True,False,False,True,True,True,False,True,False,True,False,False,False,False,False,False,False,False,False,False,False,False,False,False,False,False,False,False,False,False,False,False,False,False,False,False,False,False,False,False,False,False,False,False,False,False,False,False,False,False,False,False,False,False,False,False,False,False,False,False,False,False,False,False,True
2481,2,True,True,12.0,,2.0,0,12,1.38,144.0,5,360.0,1080.0,720.0,2008,False,False,False,True,True,True,True,True,True,False,False,True,True,True,False,True,False,False,True,False,False,False,False,False,False,False,False,False,False,False,False,False,False,False,False,False,False,False,False,False,False,False,False,False,False,False,False,False,False,False,False,True,False,False,False,False,False,False,False,False,False,False,False,False,False,False,False,False,False,False,False,False,False
293,3,False,False,,4.0,,0,,,,,,,,,False,False,False,False,True,False,False,False,False,False,False,False,False,False,False,True,False,False,False,False,False,False,False,False,False,False,False,False,False,False,False,False,False,False,False,False,False,False,False,False,False,False,False,False,False,False,False,False,False,False,False,False,False,False,False,False,False,False,False,False,False,False,False,False,False,False,False,False,False,False,False,False,False
3043,4,True,True,100.0,9.0,1.0,0,100,1.38,144.0,5,360.0,1080.0,720.0,2022,False,False,False,True,True,True,True,True,True,False,False,True,True,True,True,True,True,False,False,False,False,False,False,False,False,False,False,False,False,False,False,False,False,False,False,False,False,False,False,False,False,False,False,False,False,False,False,False,False,False,False,False,False,False,True,False,False,False,False,False,False,False,False,False,False,False,False,False,False,False,False,False,False
2551,1,True,True,7.0,1.0,,0,7,1.38,144.0,7,360.0,1260.0,900.0,2022,False,False,False,True,False,True,True,True,True,True,True,True,True,True,False,False,False,True,False,False,False,False,False,False,True,False,False,False,False,False,False,False,False,False,False,False,False,False,False,False,False,False,False,False,False,False,False,False,False,False,False,False,False,False,False,False,True,False,False,False,False,False,False,False,False,False,False,False,False,False,False,False,False
1307,2,True,True,24.0,4.0,,0,24,1.38,156.0,5,270.0,1080.0,810.0,2006,False,False,False,True,True,True,True,True,True,False,False,True,True,True,True,True,True,False,False,False,False,False,False,False,False,False,False,False,False,False,True,False,False,False,False,False,False,False,False,False,False,False,False,False,False,False,False,False,False,False,False,False,False,False,False,False,False,False,False,False,False,False,False,False,False,False,False,False,False,False,False,False,False
754,5,True,True,10.0,1.0,,0,10,1.38,156.0,5,330.0,1080.0,750.0,2002,False,False,False,True,True,True,True,True,True,False,False,True,True,True,False,False,False,True,False,False,False,False,False,False,True,False,False,False,False,False,False,False,False,False,False,False,False,False,False,False,False,False,False,False,False,False,False,False,False,False,False,False,False,False,False,True,False,False,False,False,False,False,False,False,False,False,False,False,False,False,False,False,False
299,1,True,True,12.0,,,0,12,1.38,156.0,5,360.0,1080.0,720.0,2017,False,False,False,True,True,True,True,True,True,False,False,True,True,True,False,True,False,False,True,False,False,False,False,False,True,False,False,False,False,False,False,False,False,False,False,False,True,False,False,False,False,False,False,False,False,False,False,False,False,False,False,False,False,False,False,False,False,False,False,False,False,False,False,False,False,False,False,False,False,False,False,False,False
3194,2,True,True,120.0,17.0,6.0,0,120,1.38,120.0,5,330.0,1080.0,750.0,1997,False,False,False,True,True,True,True,True,True,False,False,True,True,True,True,True,True,False,False,False,False,False,False,True,False,False,False,False,False,False,True,False,False,False,False,False,False,False,False,False,False,False,False,False,False,False,False,False,False,False,False,False,False,False,False,False,False,False,False,False,False,False,False,False,False,False,False,False,False,False,False,False,False
1493,2,True,True,12.0,2.0,1.0,0,12,1.38,156.0,5,420.0,1080.0,660.0,2013,False,False,False,True,True,True,True,True,True,False,False,True,True,True,False,True,False,False,True,False,False,False,False,False,True,False,False,False,False,False,False,False,False,False,False,False,False,False,False,False,False,False,False,False,False,False,False,False,False,False,True,False,False,False,False,False,False,False,False,False,False,False,False,False,False,False,False,False,False,False,False,False,False
2009,1,True,True,121.0,19.0,10.0,0,121,1.38,144.0,5,360.0,1080.0,720.0,2025,False,False,False,True,True,True,True,True,True,False,False,True,True,True,True,True,False,False,False,False,True,False,False,True,False,False,False,False,False,False,True,False,False,False,False,False,False,False,False,False,False,False,False,False,False,False,False,False,False,False,False,False,False,False,False,False,False,False,False,False,False,False,False,False,False,False,False,False,False,False,False,False,False
2732,2,True,True,39.0,4.0,2.0,0,39,1.38,156.0,5,360.0,1050.0,690.0,2009,False,False,False,True,True,True,True,True,True,False,False,True,True,True,True,False,True,False,False,False,False,False,False,True,False,False,False,False,False,False,False,False,False,False,False,False,False,False,False,False,False,False,False,False,False,False,False,False,False,False,False,False,False,False,False,False,False,False,False,False,False,False,True,False,False,False,False,False,False,False,False,False,False
1535,5,True,True,253.0,16.0,2.0,0,253,1.38,156.0,5,330.0,1110.0,780.0,2004,False,False,False,True,True,True,True,True,True,False,False,True,True,True,True,True,True,False,False,False,False,False,False,True,False,False,False,False,False,False,True,False,False,False,False,False,False,False,False,False,False,False,False,False,False,False,False,False,False,False,False,False,False,False,False,False,False,False,False,False,False,False,False,False,False,False,False,False,False,False,False,False,False
416,5,True,True,10.0,1.0,,0,10,1.38,156.0,5,450.0,1020.0,570.0,2023,False,False,False,True,False,True,True,True,True,False,False,True,True,True,True,False,False,True,False,False,False,False,False,False,True,False,False,False,False,False,False,False,False,False,False,False,False,False,False,False,False,False,False,False,False,False,False,False,False,False,False,False,False,False,False,False,False,False,False,False,False,False,False,False,False,False,False,True,False,False,False,False,False
987,4,True,True,225.0,28.0,7.0,0,225,1.38,144.0,5,360.0,1110.0,750.0,2021,False,False,False,True,True,True,True,True,True,False,False,True,True,True,False,True,True,False,False,False,False,False,False,True,False,False,False,False,False,False,False,False,False,False,False,False,False,False,False,False,False,False,False,False,False,False,False,False,False,False,False,False,False,False,False,False,True,False,False,False,False,False,False,False,False,False,False,False,False,False,False,False,False
236,2,True,True,12.0,2.0,1.0,0,12,1.38,144.0,7,0.0,1440.0,1440.0,2017,False,False,False,True,True,True,True,True,True,True,True,True,True,True,True,False,False,False,True,False,False,False,False,False,True,False,False,False,False,False,False,False,False,False,False,False,False,False,False,False,False,False,False,False,False,False,False,False,False,False,False,False,False,False,False,False,True,False,False,False,False,False,False,False,False,False,False,False,False,False,False,False,False
2597,1,True,True,8.0,1.0,,0,8,1.38,132.0,7,330.0,1080.0,750.0,2025,False,False,False,True,True,False,True,True,True,True,True,True,True,True,True,False,False,True,False,False,False,False,False,False,True,False,False,False,False,False,False,False,False,False,False,False,False,False,False,False,False,False,False,False,False,False,False,False,False,False,False,False,False,False,False,False,False,False,False,False,False,False,False,False,False,False,False,False,False,True,False,False,False
3140,2,True,True,258.0,40.0,15.0,0,258,1.38,144.0,5,390.0,1080.0,690.0,2023,False,False,False,True,True,True,True,True,True,False,False,True,True,True,True,False,True,False,False,False,False,False,False,True,False,False,False,False,False,False,False,False,False,False,False,False,False,True,False,False,False,False,False,False,False,False,False,False,False,False,False,False,False,False,False,False,False,False,False,False,False,False,False,False,False,False,False,False,False,False,False,False,False
879,1,True,True,95.0,12.0,15.0,0,95,1.38,156.0,5,390.0,1080.0,690.0,2003,False,False,False,True,True,True,True,True,True,False,False,True,True,True,True,False,True,False,False,False,False,False,False,True,False,False,False,False,False,False,False,False,False,False,False,False,False,False,False,False,False,False,False,False,False,False,False,False,False,False,False,False,False,False,False,False,True,False,False,False,False,False,False,False,False,False,False,False,False,False,False,False,False
1599,2,True,True,55.0,8.0,1.0,0,55,1.38,156.0,5,390.0,1110.0,720.0,2016,False,False,False,True,True,False,True,True,True,False,False,True,True,True,True,False,True,False,False,False,False,False,False,True,False,False,False,False,False,False,False,False,False,False,False,False,False,False,False,False,False,False,False,False,False,False,False,False,False,False,False,False,False,False,False,False,False,False,False,False,False,True,False,False,False,False,False,False,False,False,False,False,False
2171,5,True,True,237.0,30.0,10.0,0,237,1.38,156.0,5,360.0,1080.0,720.0,2003,False,False,False,True,True,True,True,True,True,False,False,True,True,True,True,True,True,False,False,False,False,False,False,True,False,False,False,False,False,False,False,False,False,False,False,False,False,False,False,False,False,False,False,False,False,False,False,False,False,False,False,False,False,False,False,False,True,False,False,False,False,False,False,False,False,False,False,False,False,False,False,False,False
2491,4,True,True,70.0,8.0,3.0,0,70,1.38,156.0,7,0.0,1440.0,1440.0,2018,False,False,False,True,True,True,True,True,True,True,True,True,True,True,True,False,True,False,False,False,False,False,False,True,False,False,False,False,False,False,False,False,False,False,False,False,False,False,False,False,False,False,False,False,False,False,False,False,False,False,False,False,False,False,False,False,True,False,False,False,False,False,False,False,False,False,False,False,False,False,False,False,False
2418,4,True,True,45.0,7.0,,0,45,1.38,144.0,6,0.0,1440.0,1440.0,2010,False,False,False,True,True,True,True,True,True,True,False,True,True,True,True,True,True,False,False,False,False,False,False,True,False,False,False,False,False,False,False,False,False,False,False,False,False,False,False,False,False,False,False,False,False,False,False,False,False,False,False,False,False,False,False,False,True,False,False,False,False,False,False,False,False,False,False,False,False,False,False,False,False
1639,1,True,True,60.0,,8.0,0,60,36.0,72.0,5,510.0,930.0,420.0,2001,False,False,False,False,True,False,False,True,True,False,False,True,True,True,False,True,False,False,False,True,False,False,False,False,False,False,True,False,False,False,False,False,False,False,True,False,False,False,False,False,False,False,False,False,False,False,False,False,False,False,False,False,False,False,False,False,False,False,False,False,False,False,False,False,False,False,False,False,False,False,False,False,False
407,5,True,True,80.0,9.0,9.0,0,80,1.38,144.0,5,390.0,1080.0,690.0,1998,False,False,False,True,True,True,True,True,True,False,False,True,True,True,True,True,True,False,False,False,False,False,False,True,False,False,False,False,False,False,False,False,False,False,False,False,False,True,False,False,False,False,False,False,False,False,False,False,False,False,False,False,False,False,False,False,False,False,False,False,False,False,False,False,False,False,False,False,False,False,False,False,False
10,1,True,True,60.0,11.0,4.0,0,60,1.38,144.0,6,360.0,1080.0,720.0,2003,False,False,False,True,True,True,True,True,True,True,False,True,True,True,False,False,True,False,False,False,False,False,False,True,False,False,False,False,False,False,False,False,False,False,False,False,False,True,False,False,False,False,False,False,False,False,False,False,False,False,False,False,False,False,False,False,False,False,False,False,False,False,False,False,False,False,False,False,False,False,False,False,False
2004,2,True,True,12.0,1.0,,0,12,1.38,120.0,5,360.0,1080.0,720.0,2025,False,False,False,True,True,False,True,True,True,False,False,True,True,True,False,True,False,False,True,False,False,False,False,False,True,False,False,False,False,False,True,False,False,False,False,False,False,False,False,False,False,False,False,False,False,False,False,False,False,False,False,False,False,False,False,False,False,False,False,False,False,False,False,False,False,False,False,False,False,False,False,False,False
1654,5,True,True,43.0,1.0,12.0,0,43,1.38,144.0,5,330.0,1140.0,810.0,2019,False,False,False,True,True,True,True,True,True,False,False,True,True,True,True,True,True,False,False,False,False,False,False,True,False,False,False,False,False,False,False,False,False,False,False,False,False,False,False,False,True,False,False,False,False,False,False,False,False,False,False,False,False,False,False,False,False,False,False,False,False,False,False,False,False,False,False,False,False,False,False,False,False
2646,2,True,True,75.0,15.0,10.0,0,75,1.38,144.0,5,390.0,1080.0,690.0,2020,False,False,False,True,True,True,True,True,True,False,False,True,True,True,False,False,True,False,False,False,False,False,False,True,False,False,False,False,False,False,False,False,False,False,False,False,False,False,False,False,False,False,False,False,False,False,False,False,False,False,False,False,False,True,False,False,False,False,False,False,False,False,False,False,False,False,False,False,False,False,False,False,False
2348,2,True,True,100.0,18.0,18.0,0,100,1.38,144.0,5,360.0,1080.0,720.0,2020,False,False,False,True,True,True,True,True,True,False,False,True,True,True,True,True,True,False,False,False,False,False,False,True,False,False,False,False,False,False,False,False,False,False,False,False,False,False,False,False,False,False,False,False,False,False,False,False,False,False,False,False,False,True,False,False,False,False,False,False,False,False,False,False,False,False,False,False,False,False,False,False,False
1461,1,True,True,45.0,3.0,3.0,0,45,1.38,144.0,5,360.0,1260.0,900.0,2025,False,False,False,True,True,False,True,True,True,False,False,True,True,True,False,True,True,False,False,False,False,False,False,True,False,False,False,False,False,False,False,False,False,False,False,False,False,False,False,False,False,False,False,True,False,False,False,False,False,False,False,False,False,False,False,False,False,False,False,False,False,False,False,False,False,False,False,False,False,False,False,False,False
2580,1,True,True,10.0,1.0,,0,10,1.38,156.0,7,360.0,1260.0,900.0,2025,False,False,False,True,True,True,True,True,True,True,True,True,True,True,False,False,False,True,False,False,False,False,False,False,True,False,False,False,False,False,False,False,False,False,False,False,False,False,False,False,False,False,False,False,False,False,False,False,False,False,False,False,False,False,False,False,True,False,False,False,False,False,False,False,False,False,False,False,False,False,False,False,False
975,4,True,True,150.0,15.0,2.0,0,150,1.38,72.0,5,390.0,1110.0,720.0,2022,False,False,False,True,True,False,True,True,True,False,False,True,True,True,False,True,True,False,False,False,False,False,False,True,False,False,False,False,False,False,False,False,False,False,False,False,False,False,False,False,False,False,False,False,False,False,False,False,False,False,False,False,False,True,False,False,False,False,False,False,False,False,False,False,False,False,False,False,False,False,False,False,False
593,1,True,True,12.0,1.0,,0,12,1.38,144.0,5,360.0,1110.0,750.0,2023,False,False,False,True,True,True,True,True,True,False,False,True,True,True,False,True,False,False,True,False,False,False,False,False,True,False,False,False,False,False,True,False,False,False,False,False,False,False,False,False,False,False,False,False,False,False,False,False,False,False,False,False,False,False,False,False,False,False,False,False,False,False,False,False,False,False,False,False,False,False,False,False,False
2102,1,True,True,12.0,2.0,1.0,0,12,1.38,156.0,5,330.0,1140.0,810.0,2024,False,False,False,True,True,True,True,True,True,False,False,True,True,True,False,True,False,False,True,False,False,False,False,False,True,False,False,False,False,False,True,False,False,False,False,False,False,False,False,False,False,False,False,False,False,False,False,False,False,False,False,False,False,False,False,False,False,False,False,False,False,False,False,False,False,False,False,False,False,False,False,False,False
1321,1,True,True,92.0,2.0,1.0,0,92,1.38,156.0,7,0.0,1439.0,1439.0,2025,False,False,False,True,True,True,True,True,True,True,True,True,True,True,True,True,True,False,False,False,False,False,False,True,False,False,False,False,False,False,False,False,False,False,False,False,False,False,False,False,False,False,False,False,False,False,False,False,False,False,False,False,False,False,False,False,True,False,False,False,False,False,False,False,False,False,False,False,False,False,False,False,False
3109,1,True,True,12.0,2.0,1.0,0,12,1.38,156.0,5,360.0,1140.0,780.0,2009,False,False,False,True,True,True,True,True,True,False,False,True,True,True,False,True,False,False,True,False,False,False,False,False,True,False,False,False,False,False,True,False,False,False,False,False,False,False,False,False,False,False,False,False,False,False,False,False,False,False,False,False,False,False,False,False,False,False,False,False,False,False,False,False,False,False,False,False,False,False,False,False,False
2677,1,True,False,12.0,,,0,,,,,,,,,False,False,False,True,False,False,True,False,False,False,False,False,False,False,True,True,False,False,False,False,False,False,False,False,True,False,False,False,False,False,False,False,False,False,False,False,False,False,False,False,False,False,False,False,False,False,False,False,False,False,False,False,False,False,False,False,False,False,False,False,False,False,False,False,False,False,False,False,False,False,False,False,False
1758,2,True,True,10.0,1.0,,0,10,1.38,156.0,5,360.0,1080.0,720.0,1997,False,False,False,True,True,True,True,True,True,False,False,True,True,True,False,True,False,True,False,False,False,False,False,False,True,False,False,False,False,False,False,False,False,False,False,False,False,False,False,False,False,False,False,False,False,False,False,False,False,False,False,False,False,False,False,False,True,False,False,False,False,False,False,False,False,False,False,False,False,False,False,False,False
1045,3,True,True,144.0,30.0,5.0,1,144,1.38,144.0,5,390.0,1080.0,690.0,2022,True,False,False,True,True,True,True,True,True,False,False,True,True,True,True,True,True,False,False,False,False,False,False,True,False,False,False,False,False,False,False,False,False,False,False,False,False,False,False,False,False,False,False,False,False,False,False,False,False,False,False,False,False,True,False,False,False,False,False,False,False,False,False,False,False,False,False,False,False,False,False,False,False
747,3,True,True,150.0,19.0,5.0,1,150,1.38,144.0,5,360.0,1080.0,720.0,2001,True,False,False,True,True,True,True,True,True,False,False,True,True,True,True,True,True,False,False,False,False,False,False,True,False,False,False,False,False,False,False,False,False,False,False,False,False,True,False,False,False,False,False,False,False,False,False,False,False,False,False,False,False,False,False,False,False,False,False,False,False,False,False,False,False,False,False,False,False,False,False,False,False
2260,3,True,True,131.0,16.0,2.0,1,131,1.38,156.0,5,360.0,1080.0,720.0,1985,True,False,False,True,True,True,True,True,True,False,False,True,True,True,True,True,True,False,False,False,False,False,False,True,False,False,False,False,False,False,False,False,False,False,False,False,False,True,False,False,False,False,False,False,False,False,False,False,False,False,False,False,False,False,False,False,False,False,False,False,False,False,False,False,False,False,False,False,False,False,False,False,False
3059,3,True,True,115.0,16.0,8.0,1,115,1.38,156.0,5,390.0,1080.0,690.0,2024,True,False,False,True,True,False,True,True,True,False,False,True,True,True,True,True,True,False,False,False,False,False,False,True,False,False,False,False,False,False,False,False,False,False,False,False,False,True,False,False,False,False,False,False,False,False,False,False,False,False,False,False,False,False,False,False,False,False,False,False,False,False,False,False,False,False,False,False,False,False,False,False,False
2571,3,True,True,153.0,20.0,6.0,1,153,1.38,144.0,5,390.0,1110.0,720.0,2020,True,False,False,True,True,False,True,True,True,False,False,True,True,True,True,True,True,False,False,False,False,False,False,True,False,False,False,False,False,False,False,False,False,False,False,False,False,False,False,False,False,False,False,False,False,False,False,False,False,False,False,False,False,False,False,False,True,False,False,False,False,False,False,False,False,False,False,False,False,False,False,False,False
3223,3,True,True,99.0,15.0,,1,99,1.38,156.0,5,375.0,1080.0,705.0,1986,True,False,False,True,True,False,True,True,True,False,False,True,True,True,True,True,True,False,False,False,False,False,False,True,False,False,False,False,False,False,False,False,False,False,False,False,False,False,False,False,False,False,False,False,False,False,False,False,False,False,False,False,False,False,False,False,True,False,False,False,False,False,False,False,False,False,False,False,False,False,False,False,False
1364,1,True,True,99.0,13.0,3.0,0,99,1.38,156.0,5,390.0,1080.0,690.0,1983,False,False,False,True,True,True,True,True,True,False,False,True,True,True,True,True,True,False,False,False,False,False,False,True,False,False,False,False,False,False,False,False,False,False,False,False,False,False,False,False,False,False,False,False,False,False,False,False,False,False,False,False,False,False,False,False,True,False,False,False,False,False,False,False,False,False,False,False,False,False,False,False,False
3233,3,True,True,100.0,10.0,4.0,1,100,1.38,156.0,5,390.0,1080.0,690.0,1997,True,False,False,True,True,True,True,True,True,False,False,True,True,True,True,True,True,False,False,False,False,False,False,True,False,False,False,False,False,False,False,False,False,False,False,False,False,False,False,False,False,False,False,False,False,False,False,False,False,False,False,False,False,False,False,False,True,False,False,False,False,False,False,False,False,False,False,False,False,False,False,False,False
2849,3,True,True,165.0,20.0,,1,165,1.38,144.0,5,390.0,1080.0,690.0,2023,True,False,False,True,True,True,True,True,True,False,False,True,True,True,True,True,True,False,False,False,False,False,False,True,False,False,False,False,False,False,False,False,False,False,False,False,False,True,False,False,False,False,False,False,False,False,False,False,False,False,False,False,False,False,False,False,False,False,False,False,False,False,False,False,False,False,False,False,False,False,False,False,False
2755,1,True,True,140.0,20.0,10.0,1,140,1.38,144.0,5,390.0,1080.0,690.0,2023,True,False,False,True,True,False,True,True,True,False,False,True,True,True,False,False,True,False,False,False,False,False,False,True,False,False,False,False,False,False,False,False,False,False,False,False,False,True,False,False,False,False,False,False,False,False,False,False,False,False,False,False,False,False,False,False,False,False,False,False,False,False,False,False,False,False,False,False,False,False,False,False,False
742,3,True,True,105.0,1.0,10.0,1,105,24.0,72.0,5,540.0,900.0,360.0,2016,True,False,False,False,True,False,True,True,True,False,False,True,True,True,False,True,True,False,False,False,False,False,False,True,False,False,False,False,False,False,False,False,False,False,False,False,False,False,False,False,False,False,False,False,False,False,False,False,False,False,False,False,False,False,False,False,True,False,False,False,False,False,False,False,False,False,False,False,False,False,False,False,False
358,3,True,True,170.0,22.0,4.0,1,170,1.38,156.0,5,360.0,1110.0,750.0,2001,True,False,False,True,True,True,True,True,True,False,False,True,True,True,True,True,True,False,False,False,False,False,False,True,False,False,False,False,False,False,False,False,False,False,False,False,False,True,False,False,False,False,False,False,False,False,False,False,False,False,False,False,False,False,False,False,False,False,False,False,False,False,False,False,False,False,False,False,False,False,False,False,False
2113,1,True,True,10.0,,,0,10,1.38,144.0,5,450.0,1020.0,570.0,2016,False,False,False,False,True,False,True,True,True,False,False,True,True,True,False,False,False,True,False,False,False,False,False,False,True,False,False,False,False,False,True,False,False,False,False,False,False,False,False,False,False,False,False,False,False,False,False,False,False,False,False,False,False,False,False,False,False,False,False,False,False,False,False,False,False,False,False,False,False,False,False,False,False
1904,2,True,True,54.0,7.0,1.0,0,54,1.38,120.0,5,360.0,1020.0,660.0,2024,False,False,False,True,True,True,True,True,True,False,False,True,True,True,True,False,True,False,False,False,False,False,False,True,False,False,False,False,False,False,False,False,False,False,False,False,False,False,False,True,False,False,False,False,False,False,False,False,False,False,False,False,False,False,False,False,False,False,False,False,False,False,False,False,False,False,False,False,False,False,False,False,False
1108,5,True,True,25.0,6.0,,0,25,18.0,36.0,5,480.0,960.0,480.0,2015,False,False,False,False,False,False,True,True,True,False,False,True,True,True,False,True,True,False,False,False,False,False,False,True,False,False,False,False,False,False,False,False,False,False,False,False,False,False,False,False,False,False,False,False,False,False,False,False,False,False,False,False,False,False,False,False,False,False,False,False,False,False,False,False,False,False,False,False,False,True,False,False,False
2384,2,True,True,12.0,1.0,2.0,0,12,1.38,156.0,7,390.0,1380.0,990.0,2020,False,False,False,True,True,False,True,True,True,True,True,True,True,True,False,True,False,False,True,False,False,False,False,False,True,False,False,False,False,False,False,False,False,False,True,False,False,False,False,False,False,False,False,False,False,False,False,False,False,False,False,False,False,False,False,False,False,False,False,False,False,False,False,False,False,False,False,False,False,False,False,False,False
1898,1,True,True,10.0,1.0,,0,10,1.38,156.0,5,300.0,1320.0,1020.0,2023,False,False,False,True,True,False,True,True,True,False,False,True,True,True,False,False,False,True,False,False,False,False,False,False,True,False,False,False,False,False,False,False,False,False,False,True,False,False,False,False,False,False,False,False,False,False,False,False,False,False,False,False,False,False,False,False,False,False,False,False,False,False,False,False,False,False,False,False,False,False,False,False,False
196,2,True,True,12.0,2.0,2.0,0,12,1.38,144.0,5,360.0,1080.0,720.0,2023,False,False,False,True,True,False,True,True,True,False,False,True,True,True,True,False,False,False,True,False,False,False,False,False,True,False,False,False,False,False,False,False,False,False,False,False,False,False,False,False,False,False,False,False,False,False,False,False,False,False,False,False,False,False,False,True,False,False,False,False,False,False,False,False,False,False,False,False,False,False,False,False,False
2865,2,True,True,10.0,,,0,10,1.38,156.0,5,390.0,1020.0,630.0,2011,False,False,False,True,False,False,True,True,True,False,False,True,True,True,False,True,False,True,False,False,False,False,False,False,True,False,False,False,False,False,False,False,False,False,False,False,False,False,False,False,False,False,False,False,False,False,False,False,False,False,False,False,False,True,False,False,False,False,False,False,False,False,False,False,False,False,False,False,False,False,False,False,False
2487,1,True,True,58.0,3.0,5.0,0,58,1.38,156.0,6,330.0,,,2020,False,False,False,True,True,True,True,True,True,True,False,True,True,True,False,True,True,False,False,False,False,False,False,True,False,False,False,False,False,False,False,False,False,False,False,False,False,False,False,False,False,False,False,False,False,False,False,False,False,False,False,False,False,False,False,False,False,False,False,False,False,True,False,False,False,False,False,False,False,False,False,False,False
417,2,True,True,12.0,2.0,3.0,0,12,1.38,156.0,5,390.0,1050.0,660.0,2020,False,False,False,True,True,False,True,True,True,False,False,True,True,True,False,True,False,False,True,False,False,False,False,False,True,False,False,False,False,False,False,False,False,False,False,False,False,False,False,False,False,False,False,False,False,False,False,False,False,False,False,False,False,False,False,True,False,False,False,False,False,False,False,False,False,False,False,False,False,False,False,False,False
2933,1,True,True,98.0,11.0,2.0,0,98,1.38,156.0,5,360.0,1080.0,720.0,1987,False,False,False,True,True,True,True,True,True,False,False,True,True,True,True,False,True,False,False,False,False,False,False,True,False,False,False,False,False,False,False,False,False,False,False,False,False,False,False,False,False,False,False,False,False,False,False,False,False,False,False,False,False,False,False,False,True,False,False,False,False,False,False,False,False,False,False,False,False,False,False,False,False
1171,3,True,True,99.0,15.0,3.0,1,99,1.38,156.0,5,360.0,1080.0,720.0,1986,False,True,False,True,True,True,True,True,True,False,False,True,True,True,True,False,True,False,False,False,False,False,False,True,False,False,False,False,False,False,False,False,False,False,False,False,False,True,False,False,False,False,False,False,False,False,False,False,False,False,False,False,False,False,False,False,False,False,False,False,False,False,False,False,False,False,False,False,False,False,False,False,False
1082,3,True,True,120.0,17.0,3.0,1,120,1.38,156.0,5,360.0,1080.0,720.0,1998,False,True,False,True,True,True,True,True,True,False,False,True,True,True,True,True,True,False,False,False,False,False,False,True,False,False,False,False,False,False,False,False,False,False,False,False,False,True,False,False,False,False,False,False,False,False,False,False,False,False,False,False,False,False,False,False,False,False,False,False,False,False,False,False,False,False,False,False,False,False,False,False,False
1084,3,True,True,99.0,10.0,2.0,0,99,1.38,156.0,5,360.0,1080.0,720.0,1983,False,False,False,True,True,True,True,True,True,False,False,True,True,True,True,True,True,False,False,False,False,False,False,True,False,False,False,False,False,False,False,False,False,False,False,False,False,False,False,False,False,False,False,False,False,False,False,False,False,False,False,False,False,False,False,False,True,False,False,False,False,False,False,False,False,False,False,False,False,False,False,False,False
3060,3,True,True,99.0,14.0,1.0,1,99,1.38,156.0,5,360.0,1080.0,720.0,1984,False,True,False,True,True,False,True,True,True,False,False,True,True,True,True,False,True,False,False,False,False,False,False,True,False,False,False,False,False,False,False,False,False,False,False,False,False,False,False,False,False,False,False,False,False,False,False,False,False,False,False,False,False,True,False,False,False,False,False,False,False,False,False,False,False,False,False,False,False,False,False,False,False
2692,1,True,True,99.0,8.0,3.0,0,99,1.38,156.0,5,360.0,1080.0,720.0,1997,False,False,False,True,True,True,True,True,True,False,False,True,True,True,True,False,True,False,False,False,False,False,False,True,False,False,False,False,False,False,False,False,False,False,False,False,False,False,False,False,False,False,False,False,False,False,False,False,False,False,False,False,False,False,False,False,True,False,False,False,False,False,False,False,False,False,False,False,False,False,False,False,False
3165,1,True,True,100.0,18.0,2.0,0,100,1.38,156.0,5,360.0,1080.0,720.0,1983,False,False,False,True,True,True,True,True,True,False,False,True,True,True,True,False,True,False,False,False,False,False,False,True,False,False,False,False,False,False,False,False,False,False,False,False,False,False,False,False,False,False,False,False,False,False,False,False,False,False,False,False,False,False,False,False,True,False,False,False,False,False,False,False,False,False,False,False,False,False,False,False,False
892,5,True,True,177.0,25.0,5.0,0,177,1.38,144.0,6,360.0,,,2025,False,False,False,True,True,True,True,True,True,True,False,True,True,True,True,True,True,False,False,False,False,False,False,True,False,False,False,False,False,False,False,False,False,False,False,False,False,True,False,False,False,False,False,False,False,False,False,False,False,False,False,False,False,False,False,False,False,False,False,False,False,False,False,False,False,False,False,False,False,False,False,False,False
955,5,True,True,160.0,15.0,4.0,0,160,1.38,144.0,5,360.0,1080.0,720.0,2024,False,False,False,True,True,True,True,True,True,False,False,True,True,True,True,False,True,False,False,False,False,False,False,True,False,False,False,False,False,False,False,False,False,False,False,False,False,True,False,False,False,False,False,False,False,False,False,False,False,False,False,False,False,False,False,False,False,False,False,False,False,False,False,False,False,False,False,False,False,False,False,False,False
3089,1,True,True,10.0,1.0,,0,10,1.38,144.0,5,390.0,1050.0,660.0,2016,False,False,False,True,True,True,True,True,True,False,False,True,True,True,False,True,False,True,False,False,False,False,False,False,True,False,False,False,False,False,False,False,False,False,False,False,False,True,False,False,False,False,False,False,False,False,False,False,False,False,False,False,False,False,False,False,False,False,False,False,False,False,False,False,False,False,False,False,False,False,False,False,False
49,1,True,True,180.0,17.0,38.0,0,180,1.38,144.0,5,420.0,1065.0,645.0,2002,False,False,False,True,True,False,True,True,True,False,False,True,True,True,True,True,True,False,False,False,False,False,False,True,False,False,False,False,False,False,False,False,False,False,False,False,False,False,False,False,False,False,False,False,False,False,False,False,False,False,False,False,False,False,False,False,False,False,False,False,False,False,False,False,False,False,False,False,False,True,False,False,False
1855,2,True,True,10.0,1.0,,0,10,1.38,144.0,6,360.0,1080.0,720.0,2011,False,False,False,True,False,False,True,True,True,True,False,True,True,True,False,False,False,False,True,False,False,False,False,False,True,False,False,False,False,False,False,False,False,False,False,False,False,False,False,False,False,False,False,False,False,False,False,False,False,False,False,False,False,False,False,False,True,False,False,False,False,False,False,False,False,False,False,False,False,False,False,False,False
1636,3,False,False,,4.0,,0,,,,,,,,,False,False,False,False,True,False,False,False,False,False,False,False,False,False,False,True,False,False,False,False,False,False,False,False,False,True,False,False,False,False,False,False,False,False,False,False,False,False,False,False,False,False,False,False,False,False,False,False,False,False,False,False,False,False,False,False,False,False,False,False,False,False,False,False,False,False,False,False,False,False,False,False,False
1894,2,True,True,12.0,2.0,,0,12,1.38,156.0,5,360.0,1080.0,720.0,2022,False,False,False,True,True,True,True,True,True,False,False,True,True,True,True,True,False,False,True,False,False,False,False,False,True,False,False,False,False,False,False,False,False,True,False,False,False,False,False,False,False,False,False,False,False,False,False,False,False,False,False,False,False,False,False,False,False,False,False,False,False,False,False,False,False,False,False,False,False,False,False,False,False
953,2,True,True,24.0,2.0,1.0,0,24,36.0,60.0,5,480.0,960.0,480.0,2015,False,False,False,False,True,False,False,True,True,False,False,True,True,True,False,True,False,False,False,True,False,False,False,False,False,False,True,False,False,False,False,False,False,False,False,False,False,False,False,False,False,False,False,False,False,False,False,False,False,False,False,False,False,False,False,False,False,False,False,False,False,False,False,False,True,False,False,False,False,False,False,False,False
3255,4,True,True,95.0,7.0,1.0,0,95,1.38,156.0,5,330.0,1260.0,930.0,2021,False,False,False,True,True,True,True,True,True,False,False,True,True,True,True,True,True,False,False,False,False,False,False,True,False,False,False,False,False,False,False,False,False,False,False,True,False,False,False,False,False,False,False,False,False,False,False,False,False,False,False,False,False,False,False,False,False,False,False,False,False,False,False,False,False,False,False,False,False,False,False,False,False
1010,2,True,True,130.0,12.0,2.0,0,130,1.38,156.0,5,360.0,1140.0,780.0,2025,False,False,False,True,True,False,True,True,True,False,False,True,True,True,True,True,True,False,False,False,False,False,False,True,False,False,False,False,False,False,False,False,False,False,False,True,False,False,False,False,False,False,False,False,False,False,False,False,False,False,False,False,False,False,False,False,False,False,False,False,False,False,False,False,False,False,False,False,False,False,False,False,False
346,1,True,True,10.0,1.0,,0,10,1.38,156.0,7,360.0,1080.0,720.0,2019,False,False,False,True,False,True,True,True,True,True,True,True,True,True,False,True,False,True,False,False,False,False,False,False,True,False,False,False,False,False,False,False,False,False,False,False,False,False,False,False,False,False,False,False,False,False,False,False,False,True,False,False,False,False,False,False,False,False,False,False,False,False,False,False,False,False,False,False,False,False,False,False,False
16,1,True,True,100.0,22.0,1.0,0,100,1.38,156.0,5,360.0,1260.0,900.0,2019,False,False,False,True,True,True,True,True,True,False,False,True,True,True,True,True,True,False,False,False,False,False,False,True,False,False,False,False,False,False,False,False,False,False,False,False,False,False,False,False,False,False,False,False,False,False,False,False,False,False,False,False,False,False,False,False,True,False,False,False,False,False,False,False,False,False,False,False,False,False,False,False,False
2644,2,True,True,12.0,,,0,12,1.38,156.0,7,0.0,1440.0,1440.0,2003,False,False,False,True,True,True,True,True,True,True,True,True,True,True,False,False,False,False,True,False,False,False,False,False,True,False,False,False,False,False,False,False,False,False,False,False,False,False,False,False,False,True,False,False,False,False,False,False,False,False,False,False,False,False,False,False,False,False,False,False,False,False,False,False,False,False,False,False,False,False,False,False,False
2759,2,True,True,12.0,1.0,,0,12,1.38,156.0,5,360.0,1080.0,720.0,2018,False,False,False,False,True,False,True,True,True,False,False,True,True,True,False,False,False,False,True,False,False,False,False,False,True,False,False,False,False,False,False,False,False,False,False,False,False,False,True,False,False,False,False,False,False,False,False,False,False,False,False,False,False,False,False,False,False,False,False,False,False,False,False,False,False,False,False,False,False,False,False,False,False
2867,1,True,True,10.0,,,0,10,2.76,156.0,5,450.0,1020.0,570.0,2024,False,False,False,False,True,False,True,True,True,False,False,True,True,True,False,False,False,True,False,False,False,False,False,False,True,False,False,False,False,False,False,False,False,False,False,False,False,False,False,False,False,False,False,False,False,False,False,False,False,False,False,False,False,False,False,False,False,False,False,False,False,False,False,False,False,False,False,False,False,True,False,False,False
2851,1,True,True,56.0,5.0,3.0,0,56,1.38,156.0,7,300.0,1320.0,1020.0,2024,False,False,False,True,True,True,True,True,True,True,True,True,True,True,True,True,False,False,False,False,True,False,False,True,False,False,False,False,False,False,False,False,False,False,False,False,False,False,False,False,False,False,False,False,False,False,False,False,False,False,False,False,False,False,False,False,True,False,False,False,False,False,False,False,False,False,False,False,False,False,False,False,False
2698,2,True,True,100.0,5.0,5.0,0,100,1.38,156.0,5,300.0,1440.0,1140.0,2025,False,False,False,True,True,True,True,True,True,False,False,True,True,True,True,True,True,False,False,False,False,False,False,True,False,False,False,False,False,False,False,False,False,False,False,False,False,False,False,False,False,False,False,False,False,False,False,False,False,False,False,False,False,False,False,False,True,False,False,False,False,False,False,False,False,False,False,False,False,False,False,False,False
2873,2,True,True,32.0,2.0,1.0,0,32,1.38,156.0,5,300.0,1440.0,1140.0,2025,False,False,False,True,True,True,True,True,True,False,False,True,True,True,True,True,True,False,False,False,False,False,False,True,False,False,False,False,False,False,False,False,False,False,False,False,False,False,False,False,False,False,False,False,False,False,False,False,False,False,False,False,False,True,False,False,False,False,False,False,False,False,False,False,False,False,False,False,False,False,False,False,False
3157,2,True,True,100.0,8.0,4.0,0,100,1.38,156.0,5,300.0,1470.0,1170.0,2016,False,False,False,True,True,True,True,True,True,False,False,True,True,True,True,True,True,False,False,False,False,False,False,True,False,False,False,False,False,False,False,False,False,False,False,False,False,False,False,False,False,False,False,False,False,False,False,False,False,False,False,False,False,False,False,False,True,False,False,False,False,False,False,False,False,False,False,False,False,False,False,False,False
2033,2,True,True,29.0,2.0,2.0,0,29,1.38,156.0,5,420.0,1080.0,660.0,2020,False,False,False,True,True,True,True,True,True,False,False,True,True,True,True,False,True,False,False,False,False,False,False,True,False,False,False,False,False,False,True,False,False,False,False,False,False,False,False,False,False,False,False,False,False,False,False,False,False,False,False,False,False,False,False,False,False,False,False,False,False,False,False,False,False,False,False,False,False,False,False,False,False
2781,2,True,True,60.0,10.0,13.0,0,60,1.38,84.0,5,330.0,1110.0,780.0,2013,False,False,False,True,True,False,True,True,True,False,False,True,True,True,True,True,True,False,False,False,False,False,False,True,False,False,False,False,False,False,False,False,False,False,False,False,False,False,False,False,False,False,False,False,False,False,False,False,False,False,False,False,False,False,False,False,False,False,False,False,False,False,False,False,False,False,False,False,False,True,False,False,False
2518,2,True,True,140.0,18.0,2.0,0,140,1.38,156.0,5,390.0,1080.0,690.0,2005,False,False,False,True,True,True,True,True,True,False,False,True,True,True,True,False,True,False,False,False,False,False,False,True,False,False,False,False,False,False,False,False,False,False,False,False,False,False,False,False,False,False,False,False,False,False,False,False,False,False,False,False,False,True,False,False,False,False,False,False,False,False,False,False,False,False,False,False,False,False,False,False,False
8,2,True,True,90.0,5.0,1.0,0,90,1.38,156.0,7,0.0,1440.0,1440.0,2019,False,False,False,True,True,True,True,True,True,True,True,True,True,True,True,False,True,False,False,False,False,False,False,True,False,False,False,False,False,False,False,False,False,False,False,False,False,False,False,False,False,False,False,False,False,False,False,False,False,False,False,False,False,False,False,False,True,False,False,False,False,False,False,False,False,False,False,False,False,False,False,False,False
3235,1,True,True,26.0,3.0,2.0,0,26,1.38,144.0,7,360.0,1440.0,1080.0,2023,False,False,False,True,True,True,True,True,True,True,True,True,True,True,True,False,True,False,False,False,False,False,False,True,False,False,False,False,False,False,False,False,False,False,False,False,False,False,False,False,False,False,False,False,False,False,False,False,False,False,False,False,False,False,False,False,True,False,False,False,False,False,False,False,False,False,False,False,False,False,False,False,False
840,1,True,True,12.0,1.0,,0,12,1.38,120.0,5,360.0,1110.0,750.0,2025,False,False,False,True,False,False,True,True,True,False,False,True,True,True,False,False,False,False,False,False,False,False,True,False,True,False,False,False,False,False,False,False,False,False,False,False,False,False,False,False,False,False,False,False,False,False,False,False,False,False,False,True,False,False,False,False,False,False,False,False,False,False,False,False,False,False,False,False,False,False,False,False,False
1476,1,True,False,10.0,1.0,,0,,,,,,,,,False,False,False,False,False,False,False,False,False,False,False,False,False,False,False,False,False,False,False,False,False,False,False,False,True,False,False,False,False,False,False,False,False,False,False,False,False,False,False,False,False,False,False,False,False,False,False,False,False,False,False,False,False,False,False,False,False,False,False,False,False,False,False,False,False,False,False,False,False,False,False,False,False
2414,4,True,True,12.0,,,0,12,1.38,156.0,5,390.0,1050.0,660.0,2024,False,False,False,True,True,True,True,True,True,False,False,True,True,True,True,True,False,False,True,False,False,False,False,False,True,False,False,False,False,False,False,False,False,False,False,False,False,False,False,False,False,False,False,False,False,False,False,False,False,False,False,False,False,False,True,False,False,False,False,False,False,False,False,False,False,False,False,False,False,False,False,False,False
2833,4,True,True,160.0,19.0,2.0,0,160,1.38,156.0,7,360.0,1140.0,780.0,2017,False,False,False,True,True,True,True,True,True,True,True,True,True,True,True,False,True,False,False,False,False,False,False,True,False,False,False,False,False,False,False,False,False,False,False,False,False,True,False,False,False,False,False,False,False,False,False,False,False,False,False,False,False,False,False,False,False,False,False,False,False,False,False,False,False,False,False,False,False,False,False,False,False
2820,1,True,True,10.0,2.0,,0,10,1.38,156.0,6,1380.0,,,2019,False,False,False,True,False,True,True,True,True,True,False,True,True,True,True,True,False,False,True,False,False,False,False,False,True,False,False,False,False,False,False,False,False,False,False,False,False,False,False,False,False,False,False,False,False,False,False,False,False,False,False,False,False,False,False,False,True,False,False,False,False,False,False,False,False,False,False,False,False,False,False,False,False
2794,3,True,True,60.0,3.0,7.0,0,60,36.0,72.0,5,420.0,960.0,540.0,2025,False,False,False,False,True,False,False,True,True,False,False,True,True,True,False,True,True,False,False,False,False,False,False,False,False,True,False,False,False,False,False,False,False,True,False,False,False,False,False,False,False,False,False,False,False,False,False,False,False,False,False,False,False,False,False,False,False,False,False,False,False,False,False,False,False,False,False,False,False,False,False,False,False
1510,4,True,True,12.0,1.0,,0,12,1.38,156.0,5,0.0,1440.0,1440.0,2015,False,False,False,True,True,False,True,True,True,False,False,True,True,True,False,False,False,False,True,False,False,False,False,False,True,False,False,False,False,False,False,False,False,False,False,False,False,False,False,False,True,False,False,False,False,False,False,False,False,False,False,False,False,False,False,False,False,False,False,False,False,False,False,False,False,False,False,False,False,False,False,False,False
666,2,True,True,12.0,1.0,,0,12,1.38,156.0,5,390.0,1050.0,660.0,1997,False,False,False,True,True,True,True,True,True,False,False,True,True,True,True,True,False,False,True,False,False,False,False,False,True,False,False,False,False,False,False,False,False,False,False,False,False,False,False,False,False,False,False,False,False,False,False,False,False,False,False,False,False,False,False,False,True,False,False,False,False,False,False,False,False,False,False,False,False,False,False,False,False
1376,2,True,True,12.0,2.0,,0,12,1.38,144.0,5,420.0,1080.0,660.0,2016,False,False,False,True,False,False,True,True,True,False,False,True,True,True,False,True,False,False,True,False,False,False,False,False,True,False,False,False,False,False,False,False,False,False,False,False,False,False,False,False,False,False,False,False,False,False,False,False,False,False,False,False,False,False,False,False,False,False,False,False,False,False,False,False,False,False,False,False,False,True,False,False,False
269,1,True,True,10.0,,,0,10,1.38,156.0,5,420.0,1050.0,630.0,2017,False,False,False,False,True,False,True,True,True,False,False,True,True,True,False,False,False,True,False,False,False,False,False,False,True,False,False,False,False,False,False,False,False,False,False,False,False,True,False,False,False,False,False,False,False,False,False,False,False,False,False,False,False,False,False,False,False,False,False,False,False,False,False,False,False,False,False,False,False,False,False,False,False
1319,1,True,True,10.0,1.0,,0,10,1.38,156.0,5,450.0,1020.0,570.0,2003,False,False,False,True,False,True,True,True,True,False,False,True,True,True,False,True,False,True,False,False,False,False,False,False,True,False,False,False,False,False,False,False,False,False,False,False,False,False,False,False,False,False,False,False,False,False,False,False,False,False,False,False,False,False,False,False,True,False,False,False,False,False,False,False,False,False,False,False,False,False,False,False,False
545,2,True,True,12.0,1.0,1.0,0,12,1.38,156.0,5,420.0,1080.0,660.0,2001,False,False,False,True,True,True,True,True,True,False,False,True,True,True,True,False,False,False,True,False,False,False,False,False,True,False,False,False,False,False,True,False,False,False,False,False,False,False,False,False,False,False,False,False,False,False,False,False,False,False,False,False,False,False,False,False,False,False,False,False,False,False,False,False,False,False,False,False,False,False,False,False,False
1113,2,True,True,39.0,7.0,1.0,0,39,1.38,144.0,5,360.0,1080.0,720.0,2003,False,False,False,True,True,True,True,True,True,False,False,True,True,True,True,True,True,False,False,False,False,False,False,True,False,False,False,False,False,False,False,False,False,False,False,False,False,False,False,True,False,False,False,False,False,False,False,False,False,False,False,False,False,False,False,False,False,False,False,False,False,False,False,False,False,False,False,False,False,False,False,False,False
2337,5,True,True,10.0,1.0,,0,10,1.38,156.0,5,420.0,1050.0,630.0,2019,False,False,False,True,True,False,True,True,True,False,False,True,True,True,False,False,False,True,False,False,False,False,False,False,True,False,False,False,False,False,False,False,False,False,False,False,False,False,False,False,False,False,False,False,False,False,False,False,False,False,False,False,False,False,True,False,False,False,False,False,False,False,False,False,False,False,False,False,False,False,False,False,False
3005,2,True,True,10.0,1.0,,0,10,1.38,156.0,5,450.0,1050.0,600.0,2020,False,False,False,True,True,True,True,True,True,False,False,True,True,True,False,True,False,True,False,False,False,False,False,False,True,False,False,False,False,False,False,False,False,False,False,False,False,False,False,False,False,False,False,False,False,False,False,False,False,False,False,False,False,False,False,False,False,False,False,False,False,False,False,False,False,False,False,False,False,False,False,True,False
1652,5,True,True,6.0,1.0,,0,6,1.38,156.0,5,420.0,1080.0,660.0,2016,False,False,False,True,True,True,True,True,True,False,False,True,True,True,False,False,False,True,False,False,False,False,False,False,True,False,False,False,False,False,False,False,False,False,False,False,False,False,False,False,False,False,False,False,False,False,False,False,False,False,False,False,False,False,False,False,False,False,False,False,False,False,False,False,False,False,False,True,False,False,False,False,False
2812,1,True,True,45.0,20.0,8.0,0,45,1.38,156.0,7,0.0,1440.0,1440.0,2021,False,False,False,True,True,True,True,True,True,True,True,True,True,True,True,False,True,False,False,False,False,False,False,True,False,False,False,False,False,False,False,False,False,False,False,False,False,False,False,False,False,False,False,False,False,False,False,False,False,False,False,False,False,False,False,False,True,False,False,False,False,False,False,False,False,False,False,False,False,False,False,False,False
2012,1,True,True,80.0,5.0,4.0,0,80,1.38,156.0,7,0.0,1440.0,1440.0,2022,False,False,False,True,True,True,True,True,True,True,True,True,True,True,True,False,True,False,False,False,False,False,False,True,False,False,False,False,False,False,False,False,False,False,False,False,False,False,False,False,False,False,False,False,False,False,False,False,False,False,False,False,False,False,False,False,True,False,False,False,False,False,False,False,False,False,False,False,False,False,False,False,False
2455,2,True,True,25.0,2.0,4.0,0,25,1.38,144.0,5,450.0,1020.0,570.0,2025,False,False,False,True,False,False,True,True,True,False,False,True,True,True,False,True,True,False,False,False,False,False,False,True,False,False,False,False,False,False,False,False,False,False,False,False,False,True,False,False,False,False,False,False,False,False,False,False,False,False,False,False,False,False,False,False,False,False,False,False,False,False,False,False,False,False,False,False,False,False,False,False,False
970,3,True,True,38.0,2.0,,1,38,36.0,72.0,5,480.0,960.0,480.0,2001,False,False,True,False,True,False,False,True,True,False,False,True,True,True,False,False,False,False,False,True,False,False,False,False,False,False,True,False,False,False,False,False,False,False,False,False,False,False,False,False,False,False,False,False,False,False,False,False,False,False,False,False,False,False,False,False,False,False,False,False,False,False,False,False,False,False,False,False,False,False,False,False,True
881,1,True,True,10.0,1.0,,0,10,1.38,156.0,5,420.0,1050.0,630.0,2023,False,False,False,True,True,False,True,True,True,False,False,True,True,True,False,False,False,True,False,False,False,False,False,False,True,False,False,False,False,False,False,False,False,False,False,False,False,False,False,False,False,False,False,False,False,False,False,False,False,True,False,False,False,False,False,False,False,False,False,False,False,False,False,False,False,False,False,False,False,False,False,False,False
1777,2,True,True,24.0,1.0,1.0,0,24,36.0,72.0,4,540.0,915.0,375.0,2003,False,False,False,False,True,False,False,False,True,False,False,True,True,True,True,True,False,False,False,True,False,False,False,False,False,False,True,False,False,False,False,False,False,False,False,False,False,False,False,False,False,False,False,False,False,False,False,False,False,False,False,False,False,False,False,False,False,False,False,False,False,False,False,False,True,False,False,False,False,False,False,False,False
213,3,True,True,28.0,3.0,1.0,0,28,1.38,48.0,5,460.0,940.0,480.0,2022,False,False,False,True,False,False,True,True,True,False,False,True,True,True,True,False,True,False,False,False,False,False,False,True,False,False,False,False,False,False,False,False,False,False,False,False,False,False,False,False,False,False,False,False,False,False,False,False,True,False,False,False,False,False,False,False,False,False,False,False,False,False,False,False,False,False,False,False,False,False,False,False,False
1192,2,True,True,250.0,,20.0,0,250,1.38,144.0,5,360.0,1080.0,720.0,2021,False,False,False,True,True,False,True,True,True,False,False,True,True,True,True,True,True,False,False,False,False,False,False,True,False,False,False,False,False,False,False,False,False,False,False,False,True,False,False,False,False,False,False,False,False,False,False,False,False,False,False,False,False,False,False,False,False,False,False,False,False,False,False,False,False,False,False,False,False,False,False,False,False
2473,1,True,True,12.0,2.0,2.0,0,12,1.38,156.0,5,390.0,1110.0,720.0,2025,False,False,False,True,True,True,True,True,True,False,False,True,True,True,True,True,False,False,True,False,False,False,False,False,True,False,False,False,False,False,False,False,False,False,False,True,False,False,False,False,False,False,False,False,False,False,False,False,False,False,False,False,False,False,False,False,False,False,False,False,False,False,False,False,False,False,False,False,False,False,False,False,False
1494,1,True,True,12.0,1.0,1.0,0,12,1.38,156.0,5,420.0,1080.0,660.0,2007,False,False,False,True,True,False,True,True,True,False,False,True,True,True,False,False,False,False,True,False,False,False,False,False,True,False,False,False,False,False,False,False,True,False,False,False,False,False,False,False,False,False,False,False,False,False,False,False,False,False,False,False,False,False,False,False,False,False,False,False,False,False,False,False,False,False,False,False,False,False,False,False,False
1410,1,True,True,10.0,,2.0,0,10,18.0,144.0,5,450.0,1020.0,570.0,2025,False,False,False,False,True,True,True,True,True,False,False,True,True,True,False,False,False,False,False,False,False,False,True,False,True,False,False,False,False,False,True,False,False,False,False,False,False,False,False,False,False,False,False,False,False,False,False,False,False,False,False,False,False,False,False,False,False,False,False,False,False,False,False,False,False,False,False,False,False,False,False,False,False
2502,1,True,True,22.0,1.0,4.0,0,22,36.0,72.0,4,465.0,915.0,450.0,2024,False,False,False,False,True,False,False,False,True,False,False,True,True,True,False,True,True,False,False,False,False,False,False,True,False,False,False,False,False,False,False,False,False,False,False,True,False,False,False,False,False,False,False,False,False,False,False,False,False,False,False,False,False,False,False,False,False,False,False,False,False,False,False,False,False,False,False,False,False,False,False,False,False
1784,5,True,True,30.0,5.0,,0,30,1.38,156.0,5,420.0,1080.0,660.0,2007,False,False,False,False,True,False,False,True,True,False,False,True,True,True,False,True,True,False,False,False,False,False,False,False,False,False,False,True,False,False,False,False,False,False,False,False,False,False,False,False,False,False,False,False,False,False,False,False,False,False,False,False,False,False,False,True,False,False,False,False,False,False,False,False,False,False,False,False,False,False,False,False,False
1687,2,True,True,12.0,,,0,12,1.38,156.0,6,0.0,1440.0,1440.0,2012,False,False,False,True,True,False,True,True,True,True,False,True,True,True,True,False,False,False,True,False,False,False,False,False,True,False,False,False,False,False,False,False,False,False,False,False,False,False,False,False,False,False,False,False,False,False,False,False,False,False,False,False,False,False,False,False,False,False,False,False,False,True,False,False,False,False,False,False,False,False,False,False,False
1390,2,True,True,40.0,4.0,5.0,0,40,1.38,156.0,5,300.0,1140.0,840.0,2022,False,False,False,True,True,True,True,True,True,False,False,True,True,True,False,True,True,False,False,False,False,False,False,True,False,False,False,False,False,False,False,False,False,False,False,False,False,False,False,False,False,False,False,False,False,False,False,False,False,False,False,False,False,False,False,False,False,False,False,False,False,False,False,False,False,False,False,False,False,False,False,True,False
800,4,True,True,10.0,1.0,,0,10,1.38,144.0,5,420.0,1020.0,600.0,2023,False,False,False,True,True,True,True,True,True,False,False,True,True,True,False,False,False,True,False,False,False,False,False,False,True,False,False,False,False,False,False,False,False,False,False,False,False,False,False,False,False,False,False,False,False,False,False,False,False,False,False,False,False,False,False,False,False,False,False,False,False,False,False,False,False,False,False,False,False,True,False,False,False
2352,1,True,True,12.0,2.0,2.0,0,12,1.38,60.0,5,420.0,1080.0,660.0,2025,False,False,False,True,False,False,True,True,True,False,False,True,True,True,False,False,False,False,False,False,False,False,True,False,True,False,False,False,False,False,False,False,False,False,False,True,False,False,False,False,False,False,False,False,False,False,False,False,False,False,False,False,False,False,False,False,False,False,False,False,False,False,False,False,False,False,False,False,False,False,False,False,False
1260,1,True,True,12.0,1.0,1.0,0,12,1.38,156.0,5,450.0,1050.0,600.0,2011,False,False,False,True,True,True,True,True,True,False,False,True,True,True,True,True,False,False,True,False,False,False,False,False,True,False,False,False,False,False,False,False,False,False,False,False,False,False,False,False,False,False,False,False,False,False,False,False,False,False,False,False,False,False,False,False,False,False,False,False,False,False,False,False,False,False,False,False,True,False,False,False,False
2546,1,True,True,12.0,1.0,1.0,0,12,1.38,156.0,5,450.0,1050.0,600.0,2021,False,False,False,True,True,True,True,True,True,False,False,True,True,True,True,True,False,False,True,False,False,False,False,False,True,False,False,False,False,False,False,False,False,False,False,False,False,False,False,False,False,False,False,False,False,False,False,False,False,False,False,False,False,False,False,False,False,False,False,False,False,False,False,False,False,False,False,False,True,False,False,False,False
1925,1,True,True,10.0,1.0,2.0,0,10,1.38,156.0,5,420.0,1050.0,630.0,2024,False,False,False,True,True,False,True,True,True,False,False,True,True,True,False,False,False,False,True,False,False,False,False,False,True,False,False,False,False,False,False,False,False,False,False,False,False,False,False,False,False,False,False,False,False,False,False,False,False,False,False,False,False,False,False,False,False,False,False,False,False,False,False,False,False,False,False,False,True,False,False,False,False
2402,1,True,True,22.0,3.0,3.0,0,22,36.0,60.0,5,480.0,1080.0,600.0,2013,False,False,False,False,True,True,False,True,True,False,False,True,True,True,False,False,False,False,False,True,False,False,False,False,False,False,True,False,False,False,False,False,False,False,False,False,False,False,False,False,False,False,False,False,False,False,False,False,False,False,False,False,False,False,False,False,False,False,False,False,False,False,False,False,False,False,False,False,False,True,False,False,False
2266,2,True,True,12.0,1.0,2.0,0,12,1.38,156.0,5,450.0,1080.0,630.0,2023,False,False,False,True,True,False,True,True,True,False,False,True,True,True,False,True,False,False,True,False,False,False,False,False,True,False,False,False,False,False,False,False,False,False,False,False,False,False,False,False,False,False,False,False,False,False,False,True,False,False,False,False,False,False,False,False,False,False,False,False,False,False,False,False,False,False,False,False,False,False,False,False,False
2884,5,True,True,12.0,1.0,3.0,0,12,1.38,156.0,7,360.0,1080.0,720.0,2013,False,False,False,True,True,True,True,True,True,True,True,True,True,True,True,True,False,False,True,False,False,False,False,False,True,False,False,False,False,False,False,False,False,False,False,False,False,False,False,False,True,False,False,False,False,False,False,False,False,False,False,False,False,False,False,False,False,False,False,False,False,False,False,False,False,False,False,False,False,False,False,False,False
2638,2,True,True,75.0,6.0,3.0,0,75,1.38,120.0,5,390.0,1050.0,660.0,2022,False,False,False,True,True,True,True,True,True,False,False,True,True,True,True,False,True,False,False,False,False,False,False,True,False,False,False,False,False,False,False,False,False,False,False,False,False,False,False,False,False,False,True,False,False,False,False,False,False,False,False,False,False,False,False,False,False,False,False,False,False,False,False,False,False,False,False,False,False,False,False,False,False
1630,2,True,True,79.0,11.0,10.0,0,79,1.38,156.0,5,375.0,1050.0,675.0,2018,False,False,False,True,True,True,True,True,True,False,False,True,True,True,True,True,True,False,False,False,False,False,False,True,False,False,False,False,False,False,False,False,False,False,False,False,False,False,False,False,False,False,True,False,False,False,False,False,False,False,False,False,False,False,False,False,False,False,False,False,False,False,False,False,False,False,False,False,False,False,False,False,False
2138,2,True,True,33.0,3.0,1.0,0,33,1.38,156.0,6,0.0,1440.0,1440.0,2003,False,False,False,True,True,True,True,True,True,True,False,True,True,True,True,True,True,False,False,False,False,False,False,True,False,False,False,False,False,False,False,False,False,False,False,False,False,False,False,False,False,False,False,False,False,False,False,False,False,False,False,False,False,False,False,False,True,False,False,False,False,False,False,False,False,False,False,False,False,False,False,False,False
1027,2,True,True,10.0,1.0,1.0,0,10,1.38,144.0,7,0.0,1440.0,1440.0,2018,False,False,False,True,True,True,True,True,True,True,True,True,True,True,True,False,False,True,False,False,False,False,False,False,True,False,False,False,False,False,False,False,False,False,False,False,False,False,False,False,False,False,False,False,False,False,False,False,False,False,False,False,False,False,False,False,True,False,False,False,False,False,False,False,False,False,False,False,False,False,False,False,False
3031,1,True,True,10.0,1.0,,0,10,1.38,144.0,5,420.0,1050.0,630.0,2024,False,False,False,True,True,True,True,True,True,False,False,True,True,True,False,True,False,False,True,False,False,False,False,False,True,False,False,False,False,False,False,False,False,False,False,False,False,False,False,False,False,False,False,False,False,False,False,False,False,False,False,False,False,False,False,False,False,False,False,False,False,False,False,False,False,False,False,False,False,False,False,False,True
1626,1,True,True,115.0,19.0,,0,115,1.38,156.0,5,360.0,1050.0,690.0,2022,False,False,False,True,True,True,True,True,True,False,False,True,True,True,True,False,True,False,False,False,False,False,False,True,False,False,False,False,False,False,False,False,False,False,False,False,False,False,False,False,False,False,False,False,False,False,False,False,False,False,False,False,False,False,False,False,True,False,False,False,False,False,False,False,False,False,False,False,False,False,False,False,False
2114,1,True,True,10.0,1.0,,0,10,1.38,144.0,5,360.0,1080.0,720.0,2025,False,False,False,False,False,True,True,True,True,False,False,True,True,True,False,False,False,True,False,False,False,False,False,False,True,False,False,False,False,False,False,False,False,False,False,False,False,False,False,False,False,False,False,False,False,False,False,False,False,False,False,False,False,False,False,False,False,False,False,False,False,False,True,False,False,False,False,False,False,False,False,False,False
1590,1,True,True,70.0,6.0,3.0,0,70,1.38,156.0,5,360.0,1080.0,720.0,2008,False,False,False,True,True,True,True,True,True,False,False,True,True,True,False,True,True,False,False,False,False,False,False,True,False,False,False,False,False,False,True,False,False,False,False,False,False,False,False,False,False,False,False,False,False,False,False,False,False,False,False,False,False,False,False,False,False,False,False,False,False,False,False,False,False,False,False,False,False,False,False,False,False
2862,3,False,False,,2.0,,0,,,,,,,,,False,False,False,False,True,False,False,False,False,False,False,False,False,False,False,True,False,False,False,False,False,False,False,False,False,False,False,True,False,False,False,False,False,False,False,False,False,False,False,False,False,False,False,False,False,False,False,False,False,False,False,False,False,False,False,False,False,False,False,False,False,False,False,False,False,False,False,False,False,False,False,False,False
2431,2,True,True,12.0,,,0,12,1.38,156.0,5,360.0,1080.0,720.0,2009,False,False,False,True,True,True,True,True,True,False,False,True,True,True,True,True,False,False,True,False,False,False,False,False,True,False,False,False,False,False,False,False,False,False,False,False,False,False,False,True,False,False,False,False,False,False,False,False,False,False,False,False,False,False,False,False,False,False,False,False,False,False,False,False,False,False,False,False,False,False,False,False,False
1249,1,True,True,100.0,3.0,6.0,0,100,18.0,156.0,5,450.0,1080.0,630.0,2009,False,False,False,False,True,False,True,True,True,False,False,True,True,True,True,False,True,False,False,False,False,False,False,True,False,False,False,False,False,False,False,False,False,False,False,False,False,True,False,False,False,False,False,False,False,False,False,False,False,False,False,False,False,False,False,False,False,False,False,False,False,False,False,False,False,False,False,False,False,False,False,False,False
1782,1,True,True,12.0,1.0,1.0,0,12,1.38,156.0,5,360.0,1080.0,720.0,2025,False,False,False,True,False,False,True,True,True,False,False,True,True,True,False,True,False,False,False,False,False,False,True,False,True,False,False,False,False,False,False,False,False,False,False,False,False,False,False,False,True,False,False,False,False,False,False,False,False,False,False,False,False,False,False,False,False,False,False,False,False,False,False,False,False,False,False,False,False,False,False,False,False
602,2,True,True,10.0,,,0,10,1.38,156.0,5,360.0,1080.0,720.0,2023,False,False,False,True,True,True,False,True,True,False,False,True,True,True,False,True,False,True,False,False,False,False,False,False,True,False,False,False,False,False,False,False,False,False,False,False,False,False,False,False,False,False,False,False,False,False,False,False,False,True,False,False,False,False,False,False,False,False,False,False,False,False,False,False,False,False,False,False,False,False,False,False,False
2148,1,True,True,10.0,1.0,,0,10,1.38,156.0,7,360.0,1260.0,900.0,2000,False,False,False,True,True,False,True,True,True,True,True,True,True,True,False,False,False,False,True,False,False,False,False,False,True,False,False,False,False,False,False,False,False,False,False,False,False,True,False,False,False,False,False,False,False,False,False,False,False,False,False,False,False,False,False,False,False,False,False,False,False,False,False,False,False,False,False,False,False,False,False,False,False
2897,1,True,True,110.0,9.0,13.0,0,110,1.38,156.0,5,360.0,1170.0,810.0,2023,False,False,False,True,True,True,True,True,True,False,False,True,True,True,True,True,True,False,False,False,False,False,False,True,False,False,False,False,False,False,False,False,False,False,False,False,False,True,False,False,False,False,False,False,False,False,False,False,False,False,False,False,False,False,False,False,False,False,False,False,False,False,False,False,False,False,False,False,False,False,False,False,False
1451,2,True,True,12.0,,,0,12,1.38,156.0,7,0.0,1440.0,1440.0,2022,False,False,False,True,True,True,True,True,True,True,True,True,True,True,True,False,False,False,True,False,False,False,False,False,True,False,False,False,False,False,False,False,False,False,False,False,False,False,False,False,False,False,False,False,False,False,False,False,False,False,False,False,False,True,False,False,False,False,False,False,False,False,False,False,False,False,False,False,False,False,False,False,False
3211,3,False,False,,21.0,14.0,0,,,,,,,,,False,False,False,False,True,False,False,False,False,False,False,False,False,False,False,True,False,False,False,False,False,False,False,False,False,True,False,False,False,False,False,False,False,False,False,False,False,False,False,False,False,False,False,False,False,False,False,False,False,False,False,False,False,False,False,False,False,False,False,False,False,False,False,False,False,False,False,False,False,False,False,False,False
1482,2,True,True,10.0,1.0,,0,10,1.38,156.0,5,360.0,1080.0,720.0,2011,False,False,False,True,True,True,True,True,True,False,False,True,True,True,True,True,False,True,False,False,False,False,False,False,True,False,False,False,False,False,False,False,False,False,False,False,False,False,False,False,False,False,False,False,False,False,False,False,False,False,False,False,False,False,True,False,False,False,False,False,False,False,False,False,False,False,False,False,False,False,False,False,False
998,2,True,True,10.0,,,0,10,1.38,156.0,7,0.0,1440.0,1440.0,2014,False,False,False,True,True,True,True,True,True,True,True,True,True,True,False,False,False,True,False,False,False,False,False,False,True,False,False,False,False,False,False,False,False,False,False,False,False,False,False,False,False,False,False,False,False,False,False,False,False,False,False,False,False,False,False,False,True,False,False,False,False,False,False,False,False,False,False,False,False,False,False,False,False
1123,2,True,True,12.0,1.0,1.0,0,12,1.38,144.0,5,360.0,1080.0,720.0,2023,False,False,False,False,True,False,True,True,True,False,False,True,True,True,False,True,False,False,True,False,False,False,False,False,True,False,False,False,False,False,False,False,False,False,False,False,False,False,False,False,True,False,False,False,False,False,False,False,False,False,False,False,False,False,False,False,False,False,False,False,False,False,False,False,False,False,False,False,False,False,False,False,False
472,1,True,True,52.0,6.0,1.0,0,52,1.38,144.0,5,330.0,1080.0,750.0,2021,False,False,False,True,True,True,True,True,True,False,False,True,True,True,True,True,True,False,False,False,False,False,False,True,False,False,False,False,False,False,False,False,False,False,False,False,False,False,False,False,False,False,False,False,False,False,False,False,False,False,False,False,False,False,False,False,False,False,False,False,False,False,False,False,False,True,False,False,False,False,False,False,False
474,1,True,True,52.0,8.0,3.0,0,52,1.38,156.0,5,360.0,1110.0,750.0,2024,False,False,False,True,True,True,True,True,True,False,False,True,True,True,False,True,True,False,False,False,False,False,False,True,False,False,False,False,False,False,False,False,False,False,False,False,False,False,False,False,False,False,False,False,False,False,False,False,False,False,False,False,False,False,False,False,False,False,False,False,False,False,False,False,False,False,False,False,False,False,False,False,True
1273,1,True,True,12.0,1.0,4.0,0,12,1.38,132.0,5,420.0,1080.0,660.0,2024,False,False,False,True,True,False,True,True,True,False,False,True,True,True,False,False,False,False,True,False,False,False,False,False,True,False,False,False,False,False,False,False,False,False,False,False,False,False,False,False,False,False,False,False,False,False,False,False,False,False,False,False,False,False,False,False,False,False,False,False,False,False,False,False,False,False,False,False,False,True,False,False,False
155,1,True,True,10.0,1.0,,0,10,1.38,144.0,6,0.0,1440.0,1440.0,2023,False,False,False,True,True,True,True,True,True,True,False,True,True,True,False,True,False,True,False,False,False,False,False,False,True,False,False,False,False,False,True,False,False,False,False,False,False,False,False,False,False,False,False,False,False,False,False,False,False,False,False,False,False,False,False,False,False,False,False,False,False,False,False,False,False,False,False,False,False,False,False,False,False
497,2,True,True,99.0,13.0,6.0,0,99,1.38,156.0,7,390.0,1110.0,720.0,2013,False,False,False,True,True,True,True,True,True,True,True,True,True,True,True,True,True,False,False,False,False,False,False,True,False,False,False,False,False,False,False,False,False,False,False,False,False,False,False,False,False,False,False,False,False,False,False,False,False,False,False,False,False,True,False,False,False,False,False,False,False,False,False,False,False,False,False,False,False,False,False,False,False
2385,2,True,True,10.0,1.0,,0,10,1.38,156.0,5,420.0,1020.0,600.0,2020,False,False,False,True,True,True,True,True,True,False,False,True,True,True,True,True,False,True,False,False,False,False,False,False,True,False,False,False,False,False,False,False,False,True,False,False,False,False,False,False,False,False,False,False,False,False,False,False,False,False,False,False,False,False,False,False,False,False,False,False,False,False,False,False,False,False,False,False,False,False,False,False,False
1930,1,True,True,12.0,1.0,,0,12,1.38,156.0,7,0.0,1440.0,1440.0,2013,False,False,False,True,True,True,True,True,True,True,True,True,True,True,True,True,False,False,True,False,False,False,False,False,True,False,False,False,False,False,False,False,False,False,False,False,False,False,False,False,False,False,False,False,False,False,False,False,False,False,False,False,False,False,False,False,True,False,False,False,False,False,False,False,False,False,False,False,False,False,False,False,False
1030,2,True,True,180.0,12.0,22.0,0,180,1.38,144.0,5,360.0,1080.0,720.0,1997,False,False,False,True,True,True,True,True,True,False,False,True,True,True,True,True,True,False,False,False,False,False,False,True,False,False,False,False,False,False,True,False,False,False,False,False,False,False,False,False,False,False,False,False,False,False,False,False,False,False,False,False,False,False,False,False,False,False,False,False,False,False,False,False,False,False,False,False,False,False,False,False,False
1164,2,True,True,12.0,1.0,,0,12,1.38,156.0,6,0.0,1440.0,1440.0,2024,False,False,False,True,True,True,True,True,True,True,False,True,True,True,True,False,False,False,True,False,False,False,False,False,True,False,False,False,False,False,False,False,False,False,False,False,False,False,False,False,False,False,False,False,True,False,False,False,False,False,False,False,False,False,False,False,False,False,False,False,False,False,False,False,False,False,False,False,False,False,False,False,False
2937,5,True,True,12.0,,,0,12,1.38,156.0,7,0.0,1440.0,1440.0,2017,False,False,False,True,True,True,True,True,True,True,True,True,True,True,True,True,False,False,True,False,False,False,False,False,True,False,False,False,False,False,False,False,False,False,False,False,False,False,False,False,False,False,False,False,False,False,False,False,False,False,False,False,False,False,False,False,False,False,False,False,False,False,False,False,False,False,False,False,False,False,True,False,False
1696,2,True,True,56.0,10.0,,0,56,1.38,144.0,5,330.0,1290.0,960.0,2018,False,False,False,True,True,False,True,True,True,False,False,True,True,True,True,True,True,False,False,False,False,False,False,True,False,False,False,False,False,False,False,False,False,False,False,False,False,False,False,False,False,False,False,False,False,False,False,False,True,False,False,False,False,False,False,False,False,False,False,False,False,False,False,False,False,False,False,False,False,False,False,False,False
1018,1,True,True,10.0,1.0,,0,10,1.38,144.0,5,360.0,1080.0,720.0,2025,False,False,False,True,False,False,True,True,True,False,False,True,True,True,False,True,False,False,False,False,False,True,False,False,True,False,False,False,False,False,False,False,False,False,False,False,False,False,False,False,False,False,False,False,False,False,False,False,False,False,False,False,True,False,False,False,False,False,False,False,False,False,False,False,False,False,False,False,False,False,False,False,False
499,2,True,True,24.0,1.0,2.0,0,24,36.0,60.0,5,540.0,870.0,330.0,2010,False,False,False,False,True,False,False,True,True,False,False,True,True,True,False,True,False,False,False,True,False,False,False,False,False,False,True,False,False,False,False,False,False,False,False,False,False,True,False,False,False,False,False,False,False,False,False,False,False,False,False,False,False,False,False,False,False,False,False,False,False,False,False,False,False,False,False,False,False,False,False,False,False
25,2,True,True,64.0,5.0,4.0,0,64,1.38,156.0,5,330.0,1140.0,810.0,2018,False,False,False,True,True,True,True,True,True,False,False,True,True,True,True,False,True,False,False,False,False,False,False,True,False,False,False,False,False,False,False,False,False,False,False,False,False,False,False,False,False,False,False,False,True,False,False,False,False,False,False,False,False,False,False,False,False,False,False,False,False,False,False,False,False,False,False,False,False,False,False,False,False
1272,5,True,True,75.0,8.0,8.0,0,75,1.38,144.0,5,360.0,1080.0,720.0,2024,False,False,False,True,True,True,True,True,True,False,False,True,True,True,False,False,True,False,False,False,False,False,False,True,False,False,False,False,False,False,True,False,False,False,False,False,False,False,False,False,False,False,False,False,False,False,False,False,False,False,False,False,False,False,False,False,False,False,False,False,False,False,False,False,False,False,False,False,False,False,False,False,False
1434,2,True,True,55.0,6.0,2.0,0,55,1.38,156.0,5,360.0,1080.0,720.0,2025,False,False,False,False,True,True,True,True,True,False,False,True,True,True,True,False,True,False,False,False,False,False,False,True,False,False,False,False,False,False,False,False,False,False,False,False,False,False,False,False,False,False,False,False,False,False,False,False,False,False,False,False,False,True,False,False,False,False,False,False,False,False,False,False,False,False,False,False,False,False,False,False,False
1666,1,True,True,10.0,,,0,10,1.38,156.0,5,450.0,1050.0,600.0,2025,False,False,False,True,True,True,True,True,True,False,False,True,True,True,False,False,False,False,False,False,False,True,False,False,True,False,False,False,False,False,True,False,False,False,False,False,False,False,False,False,False,False,False,False,False,False,False,False,False,False,False,False,False,False,False,False,False,False,False,False,False,False,False,False,False,False,False,False,False,False,False,False,False
2722,1,True,True,60.0,5.0,1.0,0,60,1.38,156.0,6,330.0,1080.0,750.0,2023,False,False,False,True,True,True,True,True,True,True,False,True,True,True,True,True,True,False,False,False,False,False,False,True,False,False,False,False,False,False,False,False,False,False,False,False,False,False,False,False,False,False,False,False,False,False,False,False,False,False,False,False,False,False,False,False,True,False,False,False,False,False,False,False,False,False,False,False,False,False,False,False,False
1200,5,True,True,53.0,6.0,,0,50,1.38,156.0,5,330.0,1080.0,750.0,2011,False,False,False,True,True,True,True,True,True,False,False,True,True,True,False,True,True,False,False,False,False,False,False,True,False,False,False,False,False,False,False,False,False,False,False,False,False,False,False,False,False,False,False,False,False,False,False,False,False,False,False,False,False,False,False,False,False,False,False,False,False,False,False,False,False,False,False,False,False,False,False,True,False
0,3,True,True,30.0,6.0,,0,30,1.38,36.0,5,450.0,975.0,525.0,2020,False,False,False,False,True,False,False,True,True,False,False,True,True,True,False,True,True,False,False,False,False,False,False,False,False,False,False,True,False,False,False,True,False,False,False,False,False,False,False,False,False,False,False,False,False,False,False,False,False,False,False,False,False,False,False,False,False,False,False,False,False,False,False,False,False,False,False,False,False,False,False,False,False
515,2,True,True,10.0,,,0,10,1.38,156.0,5,420.0,1050.0,630.0,2012,False,False,False,True,True,False,True,True,True,False,False,True,True,True,True,False,False,True,False,False,False,False,False,False,True,False,False,False,False,False,False,False,False,True,False,False,False,False,False,False,False,False,False,False,False,False,False,False,False,False,False,False,False,False,False,False,False,False,False,False,False,False,False,False,False,False,False,False,False,False,False,False,False
175,2,True,True,12.0,,,0,12,1.38,60.0,5,420.0,1020.0,600.0,2024,False,False,False,True,False,False,True,True,True,False,False,True,True,True,True,True,False,False,True,False,False,False,False,False,True,False,False,False,False,False,False,False,False,False,False,False,False,False,False,False,False,False,False,False,False,False,False,False,False,False,False,False,False,False,False,False,False,False,False,False,False,True,False,False,False,False,False,False,False,False,False,False,False
1600,2,True,True,12.0,1.0,1.0,0,12,1.38,108.0,5,450.0,1050.0,600.0,2021,False,False,False,True,True,True,True,True,True,False,False,True,True,True,False,True,False,False,True,False,False,False,False,False,True,False,False,False,False,False,False,False,False,False,False,False,False,False,False,False,False,False,False,False,False,False,False,False,False,False,False,False,False,False,False,True,False,False,False,False,False,False,False,False,False,False,False,False,False,False,False,False,False
143,1,True,True,12.0,2.0,,0,12,1.38,156.0,5,0.0,1440.0,1440.0,2021,False,False,False,False,True,False,True,True,True,False,False,True,True,True,True,False,False,False,True,False,False,False,False,False,True,False,False,False,False,False,False,False,False,False,False,True,False,False,False,False,False,False,False,False,False,False,False,False,False,False,False,False,False,False,False,False,False,False,False,False,False,False,False,False,False,False,False,False,False,False,False,False,False
2847,4,True,True,74.0,12.0,3.0,0,74,1.38,156.0,5,390.0,1080.0,690.0,2005,False,False,False,True,True,True,True,True,True,False,False,True,True,True,True,True,True,False,False,False,False,False,False,True,False,False,False,False,False,False,False,False,False,False,False,False,False,False,False,False,False,False,False,False,False,False,False,False,False,False,False,False,False,False,False,False,True,False,False,False,False,False,False,False,False,False,False,False,False,False,False,False,False
981,1,True,True,10.0,2.0,,0,10,1.38,156.0,7,420.0,1260.0,840.0,2022,False,False,False,True,False,False,True,True,True,True,True,True,True,True,True,True,False,False,True,False,False,False,False,False,True,False,False,False,False,False,False,False,False,False,False,False,False,False,False,False,False,False,False,False,False,False,False,False,False,False,False,False,False,False,False,False,True,False,False,False,False,False,False,False,False,False,False,False,False,False,False,False,False
1417,1,True,True,64.0,15.0,4.0,0,64,1.38,72.0,5,390.0,1080.0,690.0,2018,False,False,False,True,True,False,True,True,True,False,False,True,True,True,False,False,True,False,False,False,False,False,False,True,False,False,False,False,False,False,False,False,False,False,False,False,False,False,False,False,False,False,False,False,False,False,False,False,False,False,False,False,False,False,False,False,True,False,False,False,False,False,False,False,False,False,False,False,False,False,False,False,False
2697,1,True,True,9.0,1.0,,0,9,1.38,156.0,5,420.0,1050.0,630.0,2006,False,False,False,True,True,True,True,True,True,False,False,True,True,True,False,True,False,True,False,False,False,False,False,False,True,False,False,False,False,False,True,False,False,False,False,False,False,False,False,False,False,False,False,False,False,False,False,False,False,False,False,False,False,False,False,False,False,False,False,False,False,False,False,False,False,False,False,False,False,False,False,False,False
2177,2,True,True,225.0,13.0,1.0,0,225,1.38,156.0,6,300.0,1380.0,1080.0,2015,False,False,False,True,True,True,True,True,True,True,False,True,True,True,True,True,True,False,False,False,False,False,False,True,False,False,False,False,False,False,False,False,False,False,False,False,False,False,False,False,False,False,False,False,False,False,False,False,False,False,False,False,False,True,False,False,False,False,False,False,False,False,False,False,False,False,False,False,False,False,False,False,False
2334,3,False,False,,1.0,,0,,,,,,,,,False,False,False,False,True,False,False,False,False,False,False,False,False,False,False,True,False,False,False,False,False,False,False,False,False,False,False,True,False,False,False,False,False,False,False,False,False,False,False,False,False,False,False,False,False,False,False,False,False,False,False,False,False,False,False,False,False,False,False,False,False,False,False,False,False,False,False,False,False,False,False,False,False
2063,1,True,True,60.0,5.0,1.0,0,60,1.38,156.0,7,0.0,1440.0,1440.0,2012,False,False,False,True,True,True,True,True,True,True,True,True,True,True,False,False,True,False,False,False,False,False,False,True,False,False,False,False,False,False,False,False,False,False,False,False,False,False,False,False,False,False,False,False,False,False,False,False,False,False,False,False,False,False,False,False,True,False,False,False,False,False,False,False,False,False,False,False,False,False,False,False,False
1400,5,True,True,24.0,2.0,5.0,0,24,1.38,156.0,5,420.0,1200.0,780.0,1997,False,False,False,True,False,False,True,True,True,False,False,True,True,True,True,True,True,False,False,False,False,False,False,False,False,False,False,True,False,False,False,False,False,False,False,False,False,True,False,False,False,False,False,False,False,False,False,False,False,False,False,False,False,False,False,False,False,False,False,False,False,False,False,False,False,False,False,False,False,False,False,False,False
539,2,True,True,70.0,8.0,4.0,0,99,1.38,96.0,5,420.0,1080.0,660.0,2024,False,False,False,True,True,True,True,True,True,False,False,True,True,True,True,True,True,False,False,False,False,False,False,True,False,False,False,False,False,False,False,False,False,False,False,False,False,False,False,False,False,True,False,False,False,False,False,False,False,False,False,False,False,False,False,False,False,False,False,False,False,False,False,False,False,False,False,False,False,False,False,False,False
2943,2,True,True,12.0,1.0,,0,12,1.38,156.0,5,420.0,1020.0,600.0,2023,False,False,False,True,True,False,True,True,True,False,False,True,True,True,True,False,False,False,True,False,False,False,False,False,True,False,False,False,False,False,False,False,False,False,False,False,False,False,False,False,False,False,False,True,False,False,False,False,False,False,False,False,False,False,False,False,False,False,False,False,False,False,False,False,False,False,False,False,False,False,False,False,False
368,1,True,True,10.0,,,0,10,1.38,156.0,5,360.0,1080.0,720.0,2018,False,False,False,True,True,True,True,True,True,False,False,True,True,True,True,False,False,True,False,False,False,False,False,False,True,False,False,False,False,False,False,False,False,False,False,False,False,False,False,False,False,False,False,False,False,False,False,False,False,False,False,False,False,False,False,False,False,False,True,False,False,False,False,False,False,False,False,False,False,False,False,False,False
2253,1,True,True,10.0,1.0,,0,10,1.38,156.0,5,450.0,1020.0,570.0,2025,False,False,False,True,True,False,True,True,True,False,False,True,True,True,False,True,False,True,False,False,False,False,False,False,True,False,False,False,False,False,True,False,False,False,False,False,False,False,False,False,False,False,False,False,False,False,False,False,False,False,False,False,False,False,False,False,False,False,False,False,False,False,False,False,False,False,False,False,False,False,False,False,False
775,2,True,True,10.0,,,0,10,1.38,156.0,5,360.0,1080.0,720.0,2014,False,False,False,True,True,False,True,True,True,False,False,True,True,True,True,False,False,True,False,False,False,False,False,False,True,False,False,False,False,False,False,False,False,False,False,False,False,False,False,False,False,False,False,False,False,False,False,False,False,False,False,False,False,False,False,True,False,False,False,False,False,False,False,False,False,False,False,False,False,False,False,False,False
1092,2,True,True,10.0,,,0,10,1.38,156.0,5,450.0,1050.0,600.0,2025,False,False,False,True,True,True,True,True,True,False,False,True,True,True,True,False,False,True,False,False,False,False,False,False,True,False,False,False,False,False,False,False,False,False,False,False,False,False,False,False,False,False,False,False,False,False,False,False,False,False,False,False,False,False,False,False,False,False,False,False,False,False,False,False,False,False,False,True,False,False,False,False,False
669,2,True,True,10.0,,,0,10,1.38,156.0,5,330.0,1080.0,750.0,2003,False,False,False,True,True,True,True,True,True,False,False,True,True,True,False,False,False,True,False,False,False,False,False,False,True,False,False,False,False,False,False,False,False,False,False,False,False,False,False,False,False,False,False,False,False,False,False,False,False,False,False,False,False,False,False,True,False,False,False,False,False,False,False,False,False,False,False,False,False,False,False,False,False
542,1,True,True,90.0,2.0,3.0,0,90,1.38,156.0,5,360.0,1140.0,780.0,2024,False,False,False,True,True,True,True,True,True,False,False,True,True,True,True,True,False,False,False,False,True,False,False,True,False,False,False,False,False,False,False,False,False,True,False,False,False,False,False,False,False,False,False,False,False,False,False,False,False,False,False,False,False,False,False,False,False,False,False,False,False,False,False,False,False,False,False,False,False,False,False,False,False
1705,2,True,True,10.0,1.0,1.0,0,10,1.38,156.0,7,1140.0,,,2013,False,False,False,True,True,True,True,True,True,True,True,True,True,True,True,True,False,True,False,False,False,False,False,False,True,False,False,False,False,False,False,False,False,False,False,False,False,False,False,False,False,False,False,False,False,False,False,False,False,False,False,False,False,True,False,False,False,False,False,False,False,False,False,False,False,False,False,False,False,False,False,False,False
3257,2,True,True,29.0,3.0,2.0,0,29,1.38,156.0,5,360.0,1080.0,720.0,2025,False,False,False,True,True,True,True,True,True,False,False,True,True,True,True,True,True,False,False,False,False,False,False,True,False,False,False,False,False,False,False,False,False,False,False,False,False,False,False,False,False,False,False,False,False,False,False,False,False,False,False,False,False,False,False,False,True,False,False,False,False,False,False,False,False,False,False,False,False,False,False,False,False
33,1,True,True,12.0,1.0,1.0,0,12,1.38,156.0,5,300.0,1020.0,720.0,2025,False,False,False,True,True,True,True,True,True,False,False,True,True,True,False,False,False,False,True,False,False,False,False,False,True,False,False,False,False,False,False,False,False,False,False,False,False,False,False,False,False,False,False,False,False,False,False,False,False,False,False,False,True,False,False,False,False,False,False,False,False,False,False,False,False,False,False,False,False,False,False,False,False
1061,2,True,True,10.0,1.0,1.0,0,10,1.38,156.0,7,0.0,1440.0,1440.0,2012,False,False,False,True,False,False,True,True,True,True,True,True,True,True,True,False,False,True,False,False,False,False,False,False,True,False,False,False,False,False,False,False,False,False,False,False,False,False,False,False,False,False,False,False,False,False,False,False,False,False,False,False,False,False,False,False,True,False,False,False,False,False,False,False,False,False,False,False,False,False,False,False,False
2665,1,True,True,12.0,,,0,12,1.84,156.0,5,0.0,1440.0,1440.0,2024,False,False,False,False,False,False,True,True,True,False,False,True,True,True,False,True,False,False,True,False,False,False,False,False,True,False,False,False,False,False,False,False,False,False,False,False,False,False,False,False,False,False,False,False,False,False,False,False,False,False,False,False,False,False,False,False,False,False,False,False,False,True,False,False,False,False,False,False,False,False,False,False,False
2988,2,True,True,10.0,3.0,,0,10,1.38,156.0,7,0.0,1440.0,1440.0,2018,False,False,False,True,True,True,True,True,True,True,True,True,True,True,False,False,False,False,True,False,False,False,False,False,True,False,False,False,False,False,False,False,False,False,False,False,False,False,False,False,False,False,False,False,False,False,False,False,False,False,False,False,False,False,False,False,True,False,False,False,False,False,False,False,False,False,False,False,False,False,False,False,False
2442,1,True,True,10.0,1.0,,0,10,1.38,156.0,5,420.0,1005.0,585.0,2025,False,False,False,True,False,False,True,True,True,False,False,True,True,True,False,True,False,True,False,False,False,False,False,False,True,False,False,False,False,False,False,False,False,False,False,False,False,False,False,False,False,False,False,False,False,False,False,False,False,False,False,False,False,True,False,False,False,False,False,False,False,False,False,False,False,False,False,False,False,False,False,False,False
588,5,True,True,12.0,1.0,,0,12,1.38,156.0,5,330.0,1170.0,840.0,2016,False,False,False,True,True,True,True,True,True,False,False,True,True,True,True,True,False,False,True,False,False,False,False,False,True,False,False,False,False,False,False,False,False,False,False,False,False,False,False,False,False,False,False,False,True,False,False,False,False,False,False,False,False,False,False,False,False,False,False,False,False,False,False,False,False,False,False,False,False,False,False,False,False
241,1,True,True,10.0,,,0,10,1.38,156.0,7,0.0,1440.0,1440.0,1998,False,False,False,True,True,True,True,True,True,True,True,True,True,True,False,False,False,True,False,False,False,False,False,False,True,False,False,False,False,False,False,False,False,False,False,False,True,False,False,False,False,False,False,False,False,False,False,False,False,False,False,False,False,False,False,False,False,False,False,False,False,False,False,False,False,False,False,False,False,False,False,False,False
2141,1,True,True,50.0,6.0,,0,50,1.38,60.0,5,420.0,1050.0,630.0,2024,False,False,False,True,True,False,True,True,True,False,False,True,True,True,True,False,False,False,False,False,True,False,False,True,False,False,False,False,False,False,False,False,False,False,False,False,False,False,False,False,False,False,False,False,False,False,False,True,False,False,False,False,False,False,False,False,False,False,False,False,False,False,False,False,False,False,False,False,False,False,False,False,False
2840,1,True,True,10.0,,,0,10,1.38,156.0,5,420.0,1080.0,660.0,2025,False,False,False,True,True,False,True,True,True,False,False,True,True,True,False,False,False,False,False,False,False,True,False,False,True,False,False,False,False,False,True,False,False,False,False,False,False,False,False,False,False,False,False,False,False,False,False,False,False,False,False,False,False,False,False,False,False,False,False,False,False,False,False,False,False,False,False,False,False,False,False,False,False
335,2,True,True,12.0,1.0,,0,12,6.0,156.0,5,405.0,1125.0,720.0,2025,False,False,False,True,True,True,True,True,True,False,False,True,True,True,False,True,False,False,True,False,False,False,False,False,True,False,False,False,False,False,False,False,False,False,False,False,False,True,False,False,False,False,False,False,False,False,False,False,False,False,False,False,False,False,False,False,False,False,False,False,False,False,False,False,False,False,False,False,False,False,False,False,False
1463,5,True,True,12.0,1.0,1.0,0,12,1.38,156.0,7,0.0,1440.0,1440.0,2003,False,False,False,True,True,True,True,True,True,True,True,True,True,True,True,True,False,False,True,False,False,False,False,False,True,False,False,False,False,False,True,False,False,False,False,False,False,False,False,False,False,False,False,False,False,False,False,False,False,False,False,False,False,False,False,False,False,False,False,False,False,False,False,False,False,False,False,False,False,False,False,False,False
2757,2,True,True,12.0,,2.0,0,12,1.38,156.0,7,360.0,1260.0,900.0,2017,False,False,False,True,True,True,False,True,True,True,True,True,True,True,True,True,False,False,True,False,False,False,False,False,True,False,False,False,False,False,False,False,False,False,False,False,False,True,False,False,False,False,False,False,False,False,False,False,False,False,False,False,False,False,False,False,False,False,False,False,False,False,False,False,False,False,False,False,False,False,False,False,False
1323,1,True,True,12.0,,,0,12,1.38,156.0,5,420.0,1050.0,630.0,2025,False,False,False,True,True,True,True,True,True,False,False,True,True,True,False,False,False,False,False,False,False,False,True,False,True,False,False,False,False,False,False,False,False,False,False,False,False,False,False,False,False,False,False,False,False,False,False,False,False,True,False,False,False,False,False,False,False,False,False,False,False,False,False,False,False,False,False,False,False,False,False,False,False
1086,1,True,True,10.0,,,0,10,1.38,156.0,7,0.0,1440.0,1440.0,2010,False,False,False,True,True,False,True,True,True,True,True,True,True,True,False,False,False,True,False,False,False,False,False,False,True,False,False,False,False,False,False,False,False,False,False,False,False,True,False,False,False,False,False,False,False,False,False,False,False,False,False,False,False,False,False,False,False,False,False,False,False,False,False,False,False,False,False,False,False,False,False,False,False
1934,1,True,True,10.0,1.0,,0,10,1.38,156.0,5,300.0,1080.0,780.0,2000,False,False,False,True,True,True,True,True,True,False,False,True,True,True,False,True,False,True,False,False,False,False,False,False,True,False,False,False,False,False,False,False,False,False,False,False,False,False,False,False,False,False,False,False,False,False,False,False,False,False,False,False,False,False,False,False,False,False,False,False,False,False,True,False,False,False,False,False,False,False,False,False,False
2818,1,True,True,8.0,1.0,,0,8,1.38,156.0,5,420.0,1050.0,630.0,2010,False,False,False,True,False,False,True,True,True,False,False,True,True,True,False,False,False,True,False,False,False,False,False,False,True,False,False,False,False,False,False,False,False,False,False,False,False,False,False,False,False,False,False,False,False,False,False,False,False,False,False,False,False,False,False,False,True,False,False,False,False,False,False,False,False,False,False,False,False,False,False,False,False
721,1,True,True,10.0,,,0,10,1.38,156.0,5,450.0,1050.0,600.0,2007,False,False,False,True,True,True,True,True,True,False,False,True,True,True,False,False,False,True,False,False,False,False,False,False,True,False,False,False,False,False,False,False,False,False,False,False,False,True,False,False,False,False,False,False,False,False,False,False,False,False,False,False,False,False,False,False,False,False,False,False,False,False,False,False,False,False,False,False,False,False,False,False,False
790,2,True,True,240.0,12.0,6.0,0,240,1.38,156.0,5,390.0,1080.0,690.0,2013,False,False,False,True,True,True,True,True,True,False,False,True,True,True,True,True,True,False,False,False,False,False,False,True,False,False,False,False,False,False,False,False,False,False,False,False,False,False,False,False,False,False,False,False,False,False,False,False,False,False,False,False,False,True,False,False,False,False,False,False,False,False,False,False,False,False,False,False,False,False,False,False,False
42,2,True,True,10.0,1.0,,0,10,1.38,156.0,7,0.0,1440.0,1440.0,2020,False,False,False,False,True,True,True,True,True,True,True,True,True,True,True,False,False,False,True,False,False,False,False,False,True,False,False,False,False,False,False,False,False,False,False,False,False,False,False,False,False,False,False,False,False,False,False,False,False,False,False,False,False,False,False,False,True,False,False,False,False,False,False,False,False,False,False,False,False,False,False,False,False
2504,1,True,True,12.0,3.0,2.0,0,12,1.38,156.0,5,360.0,1080.0,720.0,2018,False,False,False,True,True,True,True,True,True,False,False,True,True,True,True,False,False,False,True,False,False,False,False,False,True,False,False,False,False,False,True,False,False,False,False,False,False,False,False,False,False,False,False,False,False,False,False,False,False,False,False,False,False,False,False,False,False,False,False,False,False,False,False,False,False,False,False,False,False,False,False,False,False
2922,1,True,True,12.0,3.0,2.0,0,12,1.38,156.0,5,360.0,1080.0,720.0,2017,False,False,False,True,True,True,True,True,True,False,False,True,True,True,True,False,False,False,True,False,False,False,False,False,True,False,False,False,False,False,True,False,False,False,False,False,False,False,False,False,False,False,False,False,False,False,False,False,False,False,False,False,False,False,False,False,False,False,False,False,False,False,False,False,False,False,False,False,False,False,False,False,False
1462,2,True,True,12.0,,,0,12,1.38,156.0,7,360.0,1260.0,900.0,2016,False,False,False,True,True,True,True,True,True,True,True,True,True,True,False,False,False,False,True,False,False,False,False,False,True,False,False,False,False,False,False,False,False,False,False,False,False,False,False,False,False,False,False,False,False,False,False,False,False,False,False,False,False,False,False,False,False,False,False,False,False,False,False,False,False,True,False,False,False,False,False,False,False
3213,1,True,True,10.0,1.0,,0,10,1.38,144.0,5,360.0,1050.0,690.0,2019,False,False,False,True,True,True,True,True,True,False,False,True,True,True,False,True,False,True,False,False,False,False,False,False,True,False,False,False,False,False,False,False,False,False,False,False,False,False,False,False,False,False,False,False,True,False,False,False,False,False,False,False,False,False,False,False,False,False,False,False,False,False,False,False,False,False,False,False,False,False,False,False,False
3171,1,True,True,10.0,,,0,8,1.38,156.0,7,300.0,1140.0,840.0,2025,False,False,False,True,True,True,True,True,True,True,True,True,True,True,True,True,False,False,False,False,False,True,False,False,True,False,False,False,False,False,False,False,False,False,False,False,False,False,False,False,False,False,False,False,False,False,False,False,False,True,False,False,False,False,False,False,False,False,False,False,False,False,False,False,False,False,False,False,False,False,False,False,False
3024,1,True,True,10.0,1.0,,0,10,1.38,144.0,5,270.0,1080.0,810.0,2022,False,False,False,True,True,True,True,True,True,False,False,True,True,True,True,True,False,True,False,False,False,False,False,False,True,False,False,False,False,False,False,False,False,False,False,False,False,False,False,False,False,False,False,False,False,False,False,False,False,True,False,False,False,False,False,False,False,False,False,False,False,False,False,False,False,False,False,False,False,False,False,False,False
1268,2,True,True,125.0,19.0,13.0,0,125,1.38,156.0,5,330.0,1260.0,930.0,2002,False,False,False,True,True,True,True,True,True,False,False,True,True,True,True,True,True,False,False,False,False,False,False,True,False,False,False,False,False,False,False,False,False,False,False,False,False,False,False,False,False,False,False,False,False,False,False,False,False,False,False,False,False,False,False,False,False,False,False,False,False,False,False,True,False,False,False,False,False,False,False,False,False
943,4,True,True,90.0,11.0,7.0,0,90,1.38,156.0,5,330.0,1080.0,750.0,2003,False,False,False,True,True,True,True,True,True,False,False,True,True,True,True,True,True,False,False,False,False,False,False,True,False,False,False,False,False,False,False,False,False,False,False,False,False,True,False,False,False,False,False,False,False,False,False,False,False,False,False,False,False,False,False,False,False,False,False,False,False,False,False,False,False,False,False,False,False,False,False,False,False
2928,2,True,True,12.0,1.0,,0,12,1.38,120.0,6,360.0,1140.0,780.0,2004,False,False,False,True,True,True,True,True,True,True,False,True,True,True,True,False,False,False,True,False,False,False,False,False,True,False,False,False,False,False,False,False,False,False,False,False,False,False,False,False,False,False,False,False,False,False,False,False,False,False,False,False,False,False,False,False,True,False,False,False,False,False,False,False,False,False,False,False,False,False,False,False,False
1571,1,True,True,10.0,1.0,,0,10,1.38,156.0,7,0.0,1440.0,1440.0,2019,False,False,False,True,True,True,True,True,True,True,True,True,True,True,True,False,False,True,False,False,False,False,False,False,True,False,False,False,False,False,False,False,False,False,False,False,False,False,False,False,False,False,False,False,False,False,False,False,False,False,False,False,False,True,False,False,False,False,False,False,False,False,False,False,False,False,False,False,False,False,False,False,False
3019,2,True,True,12.0,,,0,12,1.38,144.0,7,0.0,1440.0,1440.0,2006,False,False,False,True,True,True,True,True,True,True,True,True,True,True,True,True,False,False,True,False,False,False,False,False,True,False,False,False,False,False,False,False,False,False,False,False,False,False,False,False,False,False,False,False,False,False,False,False,False,False,False,False,False,False,False,False,True,False,False,False,False,False,False,False,False,False,False,False,False,False,False,False,False
994,2,True,True,70.0,10.0,4.0,0,70,1.38,156.0,5,420.0,1050.0,630.0,2024,False,False,False,True,True,True,True,True,True,False,False,True,True,True,True,False,True,False,False,False,False,False,False,True,False,False,False,False,False,False,False,False,False,False,False,False,False,False,False,False,False,False,False,False,False,False,False,False,False,False,False,False,False,False,False,False,False,False,False,False,False,False,False,False,False,False,False,False,False,True,False,False,False
610,2,True,True,10.0,1.0,,0,10,1.38,156.0,6,330.0,1080.0,750.0,2025,False,False,False,True,False,False,False,True,True,True,False,True,True,True,False,True,False,True,False,False,False,False,False,False,True,False,False,False,False,False,False,False,False,False,False,False,False,False,False,False,False,False,True,False,False,False,False,False,False,False,False,False,False,False,False,False,False,False,False,False,False,False,False,False,False,False,False,False,False,False,False,False,False
1034,2,True,True,100.0,14.0,5.0,0,100,1.38,156.0,5,360.0,1080.0,720.0,2019,False,False,False,True,True,True,True,True,True,False,False,True,True,True,True,False,True,False,False,False,False,False,False,True,False,False,False,False,False,False,False,False,False,False,False,False,False,True,False,False,False,False,False,False,False,False,False,False,False,False,False,False,False,False,False,False,False,False,False,False,False,False,False,False,False,False,False,False,False,False,False,False,False
1805,1,True,True,54.0,8.0,3.0,0,54,1.38,156.0,5,360.0,1260.0,900.0,2025,False,False,False,True,True,True,True,True,True,False,False,True,True,True,True,True,True,False,False,False,False,False,False,True,False,False,False,False,False,False,False,False,False,False,False,False,False,False,False,False,False,False,False,False,False,False,False,False,False,False,False,False,False,False,False,False,False,False,False,True,False,False,False,False,False,False,False,False,False,False,False,False,False
2552,1,True,True,180.0,28.0,14.0,0,180,1.38,144.0,5,390.0,1080.0,690.0,2012,False,False,False,True,True,True,True,True,True,False,False,True,True,True,True,False,True,False,False,False,False,False,False,True,False,False,False,False,False,False,False,False,False,False,False,False,False,False,False,False,False,False,False,False,False,False,False,False,False,False,False,False,False,False,False,False,True,False,False,False,False,False,False,False,False,False,False,False,False,False,False,False,False
2311,2,True,True,281.0,24.0,32.0,0,281,1.38,156.0,5,360.0,1080.0,720.0,2002,False,False,False,True,True,True,True,True,True,False,False,True,True,True,False,True,True,False,False,False,False,False,False,True,False,False,False,False,False,False,False,False,False,False,False,False,False,False,False,False,False,False,False,False,False,False,False,False,False,False,False,False,False,True,False,False,False,False,False,False,False,False,False,False,False,False,False,False,False,False,False,False,False
40,2,True,True,10.0,,,0,10,1.38,156.0,7,300.0,1200.0,900.0,1997,False,False,False,True,True,True,True,True,True,True,True,True,True,True,True,False,False,True,False,False,False,False,False,False,True,False,False,False,False,False,False,False,False,False,False,False,False,False,False,False,False,False,False,False,False,False,False,False,False,False,False,False,False,False,False,False,False,False,False,False,False,True,False,False,False,False,False,False,False,False,False,False,False
2361,2,True,True,10.0,1.0,,0,10,1.38,156.0,5,390.0,1080.0,690.0,2011,False,False,False,True,True,False,True,True,True,False,False,True,True,True,False,True,False,True,False,False,False,False,False,False,True,False,False,False,False,False,False,False,False,False,False,False,False,True,False,False,False,False,False,False,False,False,False,False,False,False,False,False,False,False,False,False,False,False,False,False,False,False,False,False,False,False,False,False,False,False,False,False,False
2301,2,True,True,10.0,1.0,,0,10,1.38,156.0,5,420.0,1050.0,630.0,2014,False,False,False,True,True,True,True,True,True,False,False,True,True,True,False,False,False,True,False,False,False,False,False,False,True,False,False,False,False,False,False,False,False,False,False,False,False,False,False,False,False,False,False,False,False,False,False,False,False,False,False,False,False,True,False,False,False,False,False,False,False,False,False,False,False,False,False,False,False,False,False,False,False
913,1,True,True,12.0,1.0,1.0,0,12,1.38,96.0,5,420.0,1140.0,720.0,2024,False,False,False,True,False,False,True,True,True,False,False,True,True,True,True,False,False,False,True,False,False,False,False,False,True,False,False,False,False,False,False,False,False,False,False,False,False,False,False,False,False,False,False,False,False,False,False,False,False,False,False,False,False,False,False,True,False,False,False,False,False,False,False,False,False,False,False,False,False,False,False,False,False
1288,1,True,True,10.0,1.0,,0,10,1.38,156.0,5,420.0,1020.0,600.0,2012,False,False,False,True,False,False,True,True,True,False,False,True,True,True,False,False,False,True,False,False,False,False,False,False,True,False,False,False,False,False,False,False,False,False,False,False,False,True,False,False,False,False,False,False,False,False,False,False,False,False,False,False,False,False,False,False,False,False,False,False,False,False,False,False,False,False,False,False,False,False,False,False,False
2965,1,True,True,44.0,10.0,5.0,0,44,1.38,156.0,7,360.0,1380.0,1020.0,2018,False,False,False,True,True,True,True,True,True,True,True,True,True,True,True,True,True,False,False,False,False,False,False,True,False,False,False,False,False,False,False,False,False,False,False,False,False,False,False,False,False,False,False,False,False,False,False,False,False,False,False,False,False,False,False,False,True,False,False,False,False,False,False,False,False,False,False,False,False,False,False,False,False
1166,2,True,True,10.0,1.0,,0,10,1.38,156.0,5,360.0,1080.0,720.0,2017,False,False,False,True,True,False,True,True,True,False,False,True,True,True,False,False,False,True,False,False,False,False,False,False,True,False,False,False,False,False,False,False,False,False,False,False,False,True,False,False,False,False,False,False,False,False,False,False,False,False,False,False,False,False,False,False,False,False,False,False,False,False,False,False,False,False,False,False,False,False,False,False,False
702,2,True,True,10.0,1.0,,0,10,1.38,156.0,7,0.0,1440.0,1440.0,2010,False,False,False,True,True,True,True,True,True,True,True,True,True,True,True,True,False,True,False,False,False,False,False,False,True,False,False,False,False,False,False,False,False,False,False,True,False,False,False,False,False,False,False,False,False,False,False,False,False,False,False,False,False,False,False,False,False,False,False,False,False,False,False,False,False,False,False,False,False,False,False,False,False
1090,2,True,True,90.0,6.0,5.0,0,90,18.0,156.0,5,465.0,1170.0,705.0,2006,False,False,False,False,True,False,True,True,True,False,False,True,True,True,True,False,True,False,False,False,False,False,False,True,False,False,False,False,False,False,False,False,False,False,False,False,False,True,False,False,False,False,False,False,False,False,False,False,False,False,False,False,False,False,False,False,False,False,False,False,False,False,False,False,False,False,False,False,False,False,False,False,False
140,1,True,True,30.0,5.0,,0,30,1.38,144.0,5,390.0,1050.0,660.0,2024,False,False,False,True,True,True,True,True,True,False,False,True,True,True,True,True,False,False,False,False,True,False,False,True,False,False,False,False,False,False,True,False,False,False,False,False,False,False,False,False,False,False,False,False,False,False,False,False,False,False,False,False,False,False,False,False,False,False,False,False,False,False,False,False,False,False,False,False,False,False,False,False,False
3239,2,True,True,10.0,,,0,10,1.38,144.0,5,450.0,1035.0,585.0,2024,False,False,False,False,True,True,True,True,True,False,False,True,True,True,False,False,False,False,False,False,False,True,False,False,True,False,False,False,False,False,False,False,False,False,False,False,False,False,False,False,False,False,False,False,False,False,False,False,False,True,False,False,False,False,False,False,False,False,False,False,False,False,False,False,False,False,False,False,False,False,False,False,False
902,1,True,True,12.0,1.0,4.0,0,12,1.38,72.0,5,420.0,1080.0,660.0,2025,False,False,False,True,True,False,True,True,True,False,False,True,True,True,False,False,False,False,True,False,False,False,False,False,True,False,False,False,False,False,False,False,False,False,False,False,False,False,False,False,False,True,False,False,False,False,False,False,False,False,False,False,False,False,False,False,False,False,False,False,False,False,False,False,False,False,False,False,False,False,False,False,False
2802,2,True,True,12.0,2.0,,0,12,1.38,156.0,7,0.0,1440.0,1440.0,2016,False,False,False,True,True,True,True,True,True,True,True,True,True,True,True,False,False,False,True,False,False,False,False,False,True,False,False,False,False,False,False,False,False,False,False,False,False,False,False,False,False,False,False,False,False,False,False,False,False,False,False,False,False,False,False,False,False,False,False,False,False,False,True,False,False,False,False,False,False,False,False,False,False
1620,1,True,True,8.0,,,0,8,1.38,156.0,5,450.0,1020.0,570.0,2011,False,False,False,True,False,True,True,True,True,False,False,True,True,True,False,True,False,False,True,False,False,False,False,False,True,False,False,False,False,False,False,False,False,False,False,False,False,False,False,False,False,False,False,False,False,False,False,False,False,False,False,False,False,False,False,False,True,False,False,False,False,False,False,False,False,False,False,False,False,False,False,False,False
1745,1,True,True,57.0,5.0,3.0,0,57,1.38,144.0,7,360.0,1080.0,720.0,2025,False,False,False,True,True,False,True,True,True,True,True,True,True,True,True,True,False,False,False,False,True,False,False,True,False,False,False,False,False,False,False,False,False,False,False,False,False,False,False,False,False,False,False,False,False,False,False,False,False,False,False,False,False,True,False,False,False,False,False,False,False,False,False,False,False,False,False,False,False,False,False,False,False
3082,2,True,True,12.0,1.0,,0,12,1.38,156.0,6,,,,2024,False,False,False,False,True,True,True,True,True,True,False,True,True,True,True,True,False,False,True,False,False,False,False,False,True,False,False,False,False,False,False,False,False,False,False,True,False,False,False,False,False,False,False,False,False,False,False,False,False,False,False,False,False,False,False,False,False,False,False,False,False,False,False,False,False,False,False,False,False,False,False,False,False
2276,2,True,True,59.0,8.0,1.0,0,59,18.0,156.0,5,360.0,1050.0,690.0,1997,False,False,False,False,True,True,True,True,True,False,False,True,True,True,True,True,True,False,False,False,False,False,False,True,False,False,False,False,False,False,False,False,False,False,False,False,False,False,False,False,False,False,False,False,False,False,False,False,False,False,False,False,False,False,False,False,True,False,False,False,False,False,False,False,False,False,False,False,False,False,False,False,False
74,5,True,True,10.0,1.0,1.0,0,10,1.38,156.0,5,330.0,1050.0,720.0,2008,False,False,False,True,True,False,True,True,True,False,False,True,True,True,False,True,False,True,False,False,False,False,False,False,True,False,False,False,False,False,False,False,False,False,False,False,False,False,False,False,False,False,False,False,False,False,False,False,False,False,False,False,False,False,False,False,False,False,False,False,False,False,False,False,False,False,False,False,False,True,False,False,False
3191,5,True,True,35.0,1.0,4.0,0,35,36.0,72.0,5,510.0,930.0,420.0,2001,False,False,False,False,True,False,False,True,True,False,False,True,True,True,False,True,False,False,False,True,False,False,False,False,False,False,True,False,False,False,False,False,False,False,False,False,False,True,False,False,False,False,False,False,False,False,False,False,False,False,False,False,False,False,False,False,False,False,False,False,False,False,False,False,False,False,False,False,False,False,False,False,False
1812,5,True,True,120.0,8.0,1.0,0,120,24.0,72.0,5,420.0,959.0,539.0,2020,False,False,False,False,True,False,False,True,True,False,False,True,True,True,False,True,True,False,False,False,False,False,False,True,False,False,False,False,False,False,False,False,False,False,False,False,False,False,False,False,False,False,False,False,False,False,False,False,False,False,False,False,False,False,False,False,True,False,False,False,False,False,False,False,False,False,False,False,False,False,False,False,False
1788,1,True,True,12.0,1.0,,0,12,1.38,144.0,5,390.0,1050.0,660.0,2024,False,False,False,True,True,True,True,True,True,False,False,True,True,True,True,False,False,False,True,False,False,False,False,False,True,False,False,False,False,False,True,False,False,False,False,False,False,False,False,False,False,False,False,False,False,False,False,False,False,False,False,False,False,False,False,False,False,False,False,False,False,False,False,False,False,False,False,False,False,False,False,False,False
133,2,True,False,12.0,2.0,1.0,0,,,,,,,,,False,False,False,True,True,True,True,False,False,False,False,False,False,False,False,False,False,False,False,False,False,False,False,False,True,False,False,False,False,False,False,False,False,False,False,False,False,False,False,False,False,False,False,False,False,False,False,False,False,False,False,False,False,False,False,False,False,False,False,False,False,False,False,False,False,False,False,False,False,False,False,False,False
1974,1,True,True,10.0,1.0,,0,10,1.38,96.0,5,360.0,1020.0,660.0,2017,False,False,False,True,True,False,True,True,True,False,False,True,True,True,False,True,False,True,False,False,False,False,False,False,True,False,False,False,False,False,False,False,False,False,False,False,True,False,False,False,False,False,False,False,False,False,False,False,False,False,False,False,False,False,False,False,False,False,False,False,False,False,False,False,False,False,False,False,False,False,False,False,False
890,2,True,True,12.0,10.0,,0,12,1.38,60.0,5,465.0,1005.0,540.0,2024,False,False,False,True,False,False,True,True,True,False,False,True,True,True,False,True,False,False,True,False,False,False,False,False,True,False,False,False,False,False,False,False,False,False,False,False,False,False,False,False,False,False,False,False,False,False,False,False,True,False,False,False,False,False,False,False,False,False,False,False,False,False,False,False,False,False,False,False,False,False,False,False,False
259,1,True,True,150.0,17.0,9.0,0,150,1.38,144.0,6,390.0,1080.0,690.0,2025,False,False,False,True,True,True,True,True,True,True,False,True,True,True,True,True,False,False,False,False,True,False,False,True,False,False,False,False,False,False,False,False,False,False,False,False,False,True,False,False,False,False,False,False,False,False,False,False,False,False,False,False,False,False,False,False,False,False,False,False,False,False,False,False,False,False,False,False,False,False,False,False,False
1341,2,True,True,36.0,5.0,2.0,0,36,1.38,156.0,6,270.0,,,2020,False,False,False,True,True,True,True,True,True,True,False,True,True,True,False,False,True,False,False,False,False,False,False,True,False,False,False,False,False,False,False,False,False,False,False,False,False,False,False,False,False,False,False,False,False,False,False,False,False,False,False,False,False,False,False,False,False,False,False,False,True,False,False,False,False,False,False,False,False,False,False,False,False
816,1,True,True,80.0,5.0,3.0,0,80,1.38,156.0,7,300.0,1260.0,960.0,2011,False,False,False,True,True,True,True,True,True,True,True,True,True,True,True,True,True,False,False,False,False,False,False,True,False,False,False,False,False,False,False,False,False,False,True,False,False,False,False,False,False,False,False,False,False,False,False,False,False,False,False,False,False,False,False,False,False,False,False,False,False,False,False,False,False,False,False,False,False,False,False,False,False
1975,1,True,True,24.0,,2.0,0,24,36.0,72.0,4,480.0,720.0,240.0,2002,False,False,False,False,True,False,False,False,True,False,False,True,True,True,False,True,False,False,False,True,False,False,False,False,False,False,True,False,False,False,True,False,False,False,False,False,False,False,False,False,False,False,False,False,False,False,False,False,False,False,False,False,False,False,False,False,False,False,False,False,False,False,False,False,False,False,False,False,False,False,False,False,False
553,2,True,True,150.0,5.0,,0,150,1.38,156.0,5,420.0,1140.0,720.0,2020,False,False,False,False,True,True,True,True,True,False,False,True,True,True,True,False,True,False,False,False,False,False,False,True,False,False,False,False,False,False,False,False,False,False,False,False,False,False,False,False,False,False,False,False,False,False,False,False,False,False,False,False,False,True,False,False,False,False,False,False,False,False,False,False,False,False,False,False,False,False,False,False,False
2650,1,True,True,120.0,1.0,30.0,0,120,60.0,144.0,5,360.0,1080.0,720.0,2005,False,False,False,False,False,True,False,True,True,False,False,True,True,True,True,True,True,False,False,False,False,False,False,True,False,False,False,False,False,False,False,False,False,False,False,False,False,False,False,False,False,False,False,False,False,False,False,False,False,False,False,False,False,False,False,True,False,False,False,False,False,False,False,False,False,False,False,False,False,False,False,False,False
698,3,True,True,125.0,15.0,3.0,0,125,1.38,156.0,5,390.0,1080.0,690.0,2008,False,False,False,True,True,True,True,True,True,False,False,True,True,True,False,False,True,False,False,False,False,False,False,True,False,False,False,False,False,False,False,False,False,False,False,False,False,True,False,False,False,False,False,False,False,False,False,False,False,False,False,False,False,False,False,False,False,False,False,False,False,False,False,False,False,False,False,False,False,False,False,False,False
2822,3,False,False,,2.0,,0,,,,,,,,,False,False,False,False,True,False,False,False,False,False,False,False,False,False,False,False,False,False,False,False,False,False,False,False,False,False,False,True,False,False,False,False,False,False,False,False,False,False,False,False,False,False,False,False,False,False,False,False,False,False,False,False,False,False,False,False,False,False,False,False,False,False,False,False,False,False,False,False,False,False,False,False,False
2050,3,True,True,120.0,10.0,6.0,0,120,1.38,156.0,5,360.0,1080.0,720.0,2008,False,False,False,True,True,True,True,True,True,False,False,True,True,True,True,True,True,False,False,False,False,False,False,True,False,False,False,False,False,False,False,False,False,False,False,False,False,True,False,False,False,False,False,False,False,False,False,False,False,False,False,False,False,False,False,False,False,False,False,False,False,False,False,False,False,False,False,False,False,False,False,False,False
546,2,True,True,84.0,6.0,6.0,0,84,1.38,144.0,7,0.0,1440.0,1440.0,2025,False,False,False,True,True,True,True,True,True,True,True,True,True,True,True,True,True,False,False,False,False,False,False,True,False,False,False,False,False,False,False,False,False,False,False,False,False,False,False,False,False,False,False,False,False,False,False,False,False,False,False,False,False,False,False,True,False,False,False,False,False,False,False,False,False,False,False,False,False,False,False,False,False
424,1,True,True,10.0,,,0,10,1.38,156.0,5,360.0,1080.0,720.0,2013,False,False,False,False,True,True,True,True,True,False,False,True,True,True,False,True,False,True,False,False,False,False,False,False,True,False,False,False,False,False,False,False,False,False,False,False,False,False,False,False,False,False,False,False,False,False,False,False,False,False,False,False,False,False,False,True,False,False,False,False,False,False,False,False,False,False,False,False,False,False,False,False,False
434,3,False,False,,7.0,,0,,,,,,,,,False,False,False,False,True,False,False,False,False,False,False,False,False,False,False,True,False,False,False,False,False,False,False,False,False,True,False,False,False,False,False,False,False,False,False,False,False,False,False,False,False,False,False,False,False,False,False,False,False,False,False,False,False,False,False,False,False,False,False,False,False,False,False,False,False,False,False,False,False,False,False,False,False
1593,1,True,True,56.0,5.0,5.0,0,56,1.38,156.0,5,360.0,1080.0,720.0,2024,False,False,False,True,True,False,True,True,True,False,False,True,True,True,True,False,False,False,False,False,True,False,False,True,False,False,False,False,False,False,True,False,False,False,False,False,False,False,False,False,False,False,False,False,False,False,False,False,False,False,False,False,False,False,False,False,False,False,False,False,False,False,False,False,False,False,False,False,False,False,False,False,False
574,3,True,True,12.0,4.0,,0,12,1.38,156.0,5,360.0,1080.0,720.0,2024,False,False,False,True,False,False,True,True,True,False,False,True,True,True,False,True,False,False,True,False,False,False,False,False,True,False,False,False,False,False,False,False,False,False,False,False,False,False,False,False,False,False,False,False,False,False,False,False,False,False,False,False,False,False,False,False,False,False,False,False,False,False,False,False,False,False,False,False,False,False,False,True,False
954,3,True,True,12.0,4.0,,0,12,1.38,156.0,5,360.0,1080.0,720.0,2024,False,False,False,True,False,False,True,True,True,False,False,True,True,True,False,True,False,False,True,False,False,False,False,False,True,False,False,False,False,False,False,False,False,False,False,False,False,False,False,False,False,False,False,False,False,False,False,False,False,False,False,False,False,False,False,False,False,False,False,False,False,False,False,False,False,False,False,False,False,False,False,True,False
2904,5,True,True,108.0,39.0,1.0,0,108,1.38,60.0,5,420.0,1050.0,630.0,2021,False,False,False,True,False,False,True,True,True,False,False,True,True,True,False,True,True,False,False,False,False,False,False,False,False,True,False,False,False,False,False,False,False,False,False,False,False,False,False,False,False,False,False,False,False,False,False,False,False,False,False,False,False,False,False,False,True,False,False,False,False,False,False,False,False,False,False,False,False,False,False,False,False
141,1,True,True,96.0,42.0,,0,96,1.38,60.0,5,420.0,1050.0,630.0,2021,False,False,False,True,False,False,True,True,True,False,False,True,True,True,True,True,True,False,False,False,False,False,False,True,False,False,False,False,False,False,False,False,False,False,False,False,False,False,False,False,False,False,False,False,False,False,False,False,False,False,False,False,False,False,False,False,True,False,False,False,False,False,False,False,False,False,False,False,False,False,False,False,False
2441,5,True,True,153.0,36.0,,0,153,1.38,60.0,5,420.0,1050.0,630.0,2021,False,False,False,True,False,False,True,True,True,False,False,True,True,True,True,True,True,False,False,False,False,False,False,False,False,True,False,False,False,False,False,False,False,False,False,False,False,False,False,False,False,False,False,False,False,False,False,False,False,False,False,False,False,False,False,False,True,False,False,False,False,False,False,False,False,False,False,False,False,False,False,False,False
2126,1,True,True,12.0,1.0,,0,12,36.0,72.0,5,480.0,720.0,240.0,2021,False,False,False,False,True,False,False,True,True,False,False,True,True,True,False,True,False,False,False,True,False,False,False,False,False,False,True,False,False,False,False,False,False,False,False,True,False,False,False,False,False,False,False,False,False,False,False,False,False,False,False,False,False,False,False,False,False,False,False,False,False,False,False,False,False,False,False,False,False,False,False,False,False
2503,2,True,True,60.0,10.0,2.0,0,60,1.38,72.0,5,420.0,1080.0,660.0,2001,False,False,False,True,True,False,True,True,True,False,False,True,True,True,False,False,True,False,False,False,False,False,False,True,False,False,False,False,False,False,False,False,False,False,False,False,False,False,False,False,False,False,False,False,False,False,False,False,False,False,False,False,False,False,False,False,True,False,False,False,False,False,False,False,False,False,False,False,False,False,False,False,False
151,2,True,True,135.0,17.0,6.0,0,135,1.38,144.0,5,360.0,1110.0,750.0,2011,False,False,False,True,True,True,True,True,True,False,False,True,True,True,False,True,True,False,False,False,False,False,False,True,False,False,False,False,False,False,False,False,False,False,False,False,False,False,False,False,False,False,False,False,False,False,False,False,False,False,False,False,False,False,False,True,False,False,False,False,False,False,False,False,False,False,False,False,False,False,False,False,False
2353,1,True,True,45.0,6.0,2.0,0,45,1.38,144.0,5,390.0,1080.0,690.0,2022,False,False,False,True,True,True,True,True,True,False,False,True,True,True,True,False,True,False,False,False,False,False,False,True,False,False,False,False,False,False,False,False,False,False,False,False,False,False,False,False,False,False,False,False,False,False,False,False,False,False,False,False,False,False,False,False,True,False,False,False,False,False,False,False,False,False,False,False,False,False,False,False,False
173,1,True,True,268.0,29.0,8.0,0,268,1.38,156.0,5,390.0,1080.0,690.0,2001,False,False,False,True,True,True,True,True,True,False,False,True,True,True,False,True,True,False,False,False,False,False,False,True,False,False,False,False,False,False,False,False,False,False,False,False,False,False,False,False,False,False,False,False,False,False,False,False,False,False,False,False,False,True,False,False,False,False,False,False,False,False,False,False,False,False,False,False,False,False,False,False,False
2602,2,True,True,196.0,15.0,10.0,0,196,1.38,156.0,5,360.0,1080.0,720.0,2024,False,False,False,True,True,True,True,True,True,False,False,True,True,True,False,True,True,False,False,False,False,False,False,True,False,False,False,False,False,False,False,False,False,False,False,False,False,False,False,False,False,False,False,False,False,False,False,False,False,False,False,False,False,False,True,False,False,False,False,False,False,False,False,False,False,False,False,False,False,False,False,False,False
446,2,True,True,55.0,9.0,2.0,0,55,1.38,144.0,5,360.0,1080.0,720.0,2020,False,False,False,True,True,True,True,True,True,False,False,True,True,True,True,False,True,False,False,False,False,False,False,True,False,False,False,False,False,False,False,False,False,False,False,False,False,False,False,False,False,False,False,False,False,False,False,False,False,False,False,False,False,False,False,False,False,False,False,False,False,False,False,True,False,False,False,False,False,False,False,False,False
1765,5,True,True,12.0,2.0,1.0,0,12,1.38,144.0,7,300.0,1200.0,900.0,2007,False,False,False,True,True,True,True,True,True,True,True,True,True,True,True,False,False,False,True,False,False,False,False,False,True,False,False,False,False,False,False,False,False,False,False,False,False,False,False,False,False,False,False,False,False,False,False,True,False,False,False,False,False,False,False,False,False,False,False,False,False,False,False,False,False,False,False,False,False,False,False,False,False
181,4,True,True,52.0,10.0,,0,52,1.38,144.0,5,360.0,1080.0,720.0,2025,False,False,False,True,True,True,True,True,True,False,False,True,True,True,True,False,True,False,False,False,False,False,False,True,False,False,False,False,False,False,False,False,False,False,False,False,False,False,False,False,False,False,False,False,False,False,False,False,False,False,False,False,False,False,False,False,True,False,False,False,False,False,False,False,False,False,False,False,False,False,False,False,False
2490,3,False,False,,,,0,,,,,,,,,False,False,False,False,False,False,True,False,False,False,False,False,False,False,False,True,False,False,False,False,False,False,False,False,False,True,False,False,False,False,False,False,False,False,False,False,False,False,False,False,False,False,False,False,False,False,False,False,False,False,False,False,False,False,False,False,False,False,False,False,False,False,False,False,False,False,False,False,False,False,False,False,False
1875,3,True,True,80.0,10.0,,0,80,36.0,96.0,5,450.0,1050.0,600.0,2001,False,False,False,False,True,False,False,True,True,False,False,True,True,True,True,True,True,False,False,False,False,False,False,False,False,True,False,False,False,False,False,False,False,False,False,False,False,False,False,False,False,False,False,False,False,False,False,False,False,False,False,False,False,False,False,False,False,False,False,False,False,False,False,False,False,False,False,True,False,False,False,False,False
773,5,True,True,60.0,7.0,5.0,0,60,1.38,144.0,5,360.0,1140.0,780.0,2006,False,False,False,True,True,True,True,True,True,False,False,True,True,True,True,False,True,False,False,False,False,False,False,True,False,False,False,False,False,False,False,False,False,False,True,False,False,False,False,False,False,False,False,False,False,False,False,False,False,False,False,False,False,False,False,False,False,False,False,False,False,False,False,False,False,False,False,False,False,False,False,False,False
1911,2,True,True,10.0,1.0,1.0,0,10,1.38,156.0,5,0.0,1440.0,1440.0,2024,False,False,False,False,False,True,True,True,True,False,False,True,True,True,False,True,False,True,False,False,False,False,False,False,True,False,False,False,False,False,False,False,False,False,False,False,False,False,False,False,False,False,False,False,False,False,False,False,False,True,False,False,False,False,False,False,False,False,False,False,False,False,False,False,False,False,False,False,False,False,False,False,False
2065,2,True,True,12.0,1.0,,0,12,1.38,156.0,5,420.0,1020.0,600.0,2025,False,False,False,True,True,False,True,True,True,False,False,True,True,True,False,False,False,False,False,False,False,False,True,False,True,False,False,False,False,False,False,False,False,False,False,False,False,True,False,False,False,False,False,False,False,False,False,False,False,False,False,False,False,False,False,False,False,False,False,False,False,False,False,False,False,False,False,False,False,False,False,False,False
1396,2,True,True,10.0,1.0,,0,10,1.38,156.0,5,420.0,1080.0,660.0,2007,False,False,False,True,True,True,True,True,True,False,False,True,True,True,False,True,False,True,False,False,False,False,False,False,True,False,False,False,False,False,False,False,False,False,False,False,False,False,False,False,False,False,False,False,False,False,False,False,False,False,False,False,False,False,True,False,False,False,False,False,False,False,False,False,False,False,False,False,False,False,False,False,False
1465,1,True,True,60.0,3.0,2.0,0,60,24.0,156.0,5,450.0,1050.0,600.0,2021,False,False,False,False,True,False,False,True,True,False,False,True,True,True,False,True,True,False,False,False,False,False,False,True,False,False,False,False,False,False,False,False,False,False,False,False,False,False,False,False,False,False,False,False,False,False,False,False,False,False,False,False,False,False,False,False,False,False,False,False,False,True,False,False,False,False,False,False,False,False,False,False,False
2725,1,True,True,12.0,3.0,3.0,0,12,1.38,156.0,5,420.0,1080.0,660.0,2013,False,False,False,True,True,True,True,True,True,False,False,True,True,True,False,False,False,False,True,False,False,False,False,False,True,False,False,False,False,False,False,False,False,False,False,False,False,False,False,False,False,False,False,False,False,False,False,False,False,False,False,False,False,False,False,False,False,True,False,False,False,False,False,False,False,False,False,False,False,False,False,False,False
1080,2,True,True,12.0,,1.0,0,12,36.0,72.0,5,480.0,960.0,480.0,2000,False,False,False,False,True,False,False,True,True,False,False,True,True,True,False,False,False,False,False,True,False,False,False,False,False,False,True,False,False,True,False,False,False,False,False,False,False,False,False,False,False,False,False,False,False,False,False,False,False,False,False,False,False,False,False,False,False,False,False,False,False,False,False,False,False,False,False,False,False,False,False,False,False
2228,5,True,True,53.0,8.0,4.0,0,53,1.38,156.0,5,0.0,1440.0,1440.0,2020,False,False,False,True,True,False,True,True,True,False,False,True,True,True,True,True,True,False,False,False,False,False,False,True,False,False,False,False,False,False,False,False,False,False,False,False,False,False,False,False,False,False,False,False,False,False,False,False,False,False,False,False,False,False,False,False,False,False,False,False,False,False,False,False,False,True,False,False,False,False,False,False,False
726,1,True,False,43.0,3.0,1.0,0,,,,,,,,,False,False,False,True,True,True,True,False,False,False,False,False,False,False,True,True,False,False,False,False,False,False,False,True,False,False,False,False,False,False,False,False,False,False,False,False,False,False,False,False,False,False,False,False,False,False,False,False,False,False,False,False,False,False,False,False,False,False,False,False,False,False,False,False,False,False,False,False,False,False,False,False,False
1132,1,True,True,12.0,1.0,2.0,0,12,1.38,156.0,5,390.0,1080.0,690.0,2020,False,False,False,True,False,True,True,True,True,False,False,True,True,True,False,True,False,False,True,False,False,False,False,False,True,False,False,False,False,False,False,False,False,False,False,False,False,False,False,False,False,False,False,False,False,False,False,False,False,False,False,False,False,True,False,False,False,False,False,False,False,False,False,False,False,False,False,False,False,False,False,False,False
2453,3,True,True,275.0,30.0,25.0,1,275,1.38,72.0,5,420.0,1080.0,660.0,2000,True,False,False,True,True,False,True,True,True,False,False,True,True,True,False,True,True,False,False,False,False,False,False,True,False,False,False,False,False,False,False,False,False,False,False,False,False,False,False,False,False,False,False,False,False,False,False,False,False,False,False,False,False,False,False,False,True,False,False,False,False,False,False,False,False,False,False,False,False,False,False,False,False
796,2,True,True,12.0,1.0,,0,12,1.38,156.0,5,450.0,1020.0,570.0,2013,False,False,False,False,True,False,True,True,True,False,False,True,True,True,False,False,False,False,True,False,False,False,False,False,True,False,False,False,False,False,False,False,False,False,False,False,False,False,False,False,False,False,False,False,False,False,False,False,False,False,False,False,False,False,False,False,False,False,False,False,False,False,False,False,False,False,False,False,False,True,False,False,False
2493,2,True,True,35.0,4.0,,0,35,1.38,156.0,6,420.0,1050.0,630.0,1996,False,False,False,True,True,True,True,True,True,True,False,True,True,True,True,True,True,False,False,False,False,False,False,True,False,False,False,False,False,False,False,False,False,False,False,False,False,False,False,False,True,False,False,False,False,False,False,False,False,False,False,False,False,False,False,False,False,False,False,False,False,False,False,False,False,False,False,False,False,False,False,False,False
3096,1,True,True,10.0,1.0,,0,10,1.38,156.0,5,420.0,1050.0,630.0,2001,False,False,False,True,False,False,True,True,True,False,False,True,True,True,False,True,False,True,False,False,False,False,False,False,True,False,False,False,False,False,False,False,False,False,False,False,False,False,False,False,False,False,False,False,False,False,False,False,False,False,False,False,False,False,False,False,False,False,False,False,True,False,False,False,False,False,False,False,False,False,False,False,False
325,1,True,True,150.0,17.0,1.0,0,150,1.38,156.0,5,390.0,1080.0,690.0,1999,False,False,False,True,True,False,True,True,True,False,False,True,True,True,True,True,True,False,False,False,False,False,False,True,False,False,False,False,False,False,False,False,False,False,False,False,False,False,False,False,False,False,False,False,False,False,False,False,False,False,False,False,False,True,False,False,False,False,False,False,False,False,False,False,False,False,False,False,False,False,False,False,False
2014,1,True,True,12.0,1.0,,0,12,1.38,156.0,5,450.0,1050.0,600.0,2025,False,False,False,True,True,True,True,True,True,False,False,True,True,True,False,False,False,False,False,False,False,False,True,False,True,False,False,False,False,False,False,False,False,False,False,False,False,False,False,False,False,False,False,False,False,False,False,False,False,False,False,False,False,False,False,False,False,False,False,False,False,False,False,False,False,False,False,False,False,True,False,False,False
835,2,True,True,10.0,,,0,10,1.38,156.0,5,420.0,1050.0,630.0,2017,False,False,False,True,True,True,True,True,True,False,False,True,True,True,False,False,False,True,False,False,False,False,False,False,True,False,False,False,False,False,False,False,False,False,False,False,False,False,False,False,False,False,False,False,False,False,False,False,False,False,False,False,False,True,False,False,False,False,False,False,False,False,False,False,False,False,False,False,False,False,False,False,False
1813,4,True,True,88.0,15.0,3.0,0,88,1.38,156.0,5,360.0,1080.0,720.0,1997,False,False,False,True,True,True,True,True,True,False,False,True,True,True,True,True,True,False,False,False,False,False,False,True,False,False,False,False,False,False,False,False,False,False,False,False,False,False,False,False,False,False,False,False,False,False,False,False,False,False,False,False,False,False,True,False,False,False,False,False,False,False,False,False,False,False,False,False,False,False,False,False,False
934,1,True,True,115.0,10.0,7.0,0,115,1.38,156.0,5,390.0,1110.0,720.0,2012,False,False,False,True,True,True,True,True,True,False,False,True,True,True,True,False,True,False,False,False,False,False,False,True,False,False,False,False,False,False,False,False,False,False,False,False,False,False,False,False,False,False,False,False,False,False,False,False,False,False,False,False,False,False,False,False,True,False,False,False,False,False,False,False,False,False,False,False,False,False,False,False,False
1057,1,True,True,207.0,13.0,6.0,0,207,1.38,144.0,5,390.0,1080.0,690.0,2011,False,False,False,True,True,True,True,True,True,False,False,True,True,True,True,True,True,False,False,False,False,False,False,True,False,False,False,False,False,False,False,False,False,False,False,False,False,False,False,False,False,False,False,False,False,False,False,False,False,False,False,False,False,False,False,False,True,False,False,False,False,False,False,False,False,False,False,False,False,False,False,False,False
825,1,True,True,90.0,10.0,5.0,1,90,1.38,120.0,5,390.0,1080.0,690.0,2024,False,False,False,True,True,False,True,True,True,False,False,True,True,True,False,True,True,False,False,False,False,False,False,True,False,False,False,False,True,False,False,False,False,False,False,False,False,True,False,False,False,False,False,False,False,False,False,False,False,False,False,False,False,False,False,False,False,False,False,False,False,False,False,False,False,False,False,False,False,False,False,False,False
1718,3,True,True,181.0,30.0,6.0,1,181,1.38,144.0,5,390.0,1110.0,720.0,2020,False,False,False,True,True,True,True,True,True,False,False,True,True,True,False,True,True,False,False,False,False,False,False,True,False,False,False,False,True,False,False,False,False,False,False,False,False,True,False,False,False,False,False,False,False,False,False,False,False,False,False,False,False,False,False,False,False,False,False,False,False,False,False,False,False,False,False,False,False,False,False,False,False
1962,2,True,True,140.0,17.0,3.0,0,140,1.38,144.0,5,360.0,1080.0,720.0,2024,False,False,False,True,True,True,True,True,True,False,False,True,True,True,True,True,True,False,False,False,False,False,False,True,False,False,False,False,False,False,False,False,False,False,False,False,False,True,False,False,False,False,False,False,False,False,False,False,False,False,False,False,False,False,False,False,False,False,False,False,False,False,False,False,False,False,False,False,False,False,False,False,False
2690,3,True,True,80.0,8.0,,0,80,1.38,144.0,5,360.0,1080.0,720.0,2022,False,False,False,True,True,False,True,True,True,False,False,True,True,True,True,True,True,False,False,False,False,False,False,True,False,False,False,False,False,False,False,False,False,False,False,False,False,True,False,False,False,False,False,False,False,False,False,False,False,False,False,False,False,False,False,False,False,False,False,False,False,False,False,False,False,False,False,False,False,False,False,False,False
39,2,True,True,116.0,17.0,6.0,0,116,1.38,144.0,5,360.0,1080.0,720.0,2022,False,False,False,True,True,True,True,True,True,False,False,True,True,True,False,True,True,False,False,False,False,False,False,True,False,False,False,False,False,False,False,False,False,False,False,False,False,True,False,False,False,False,False,False,False,False,False,False,False,False,False,False,False,False,False,False,False,False,False,False,False,False,False,False,False,False,False,False,False,False,False,False,False
1348,2,True,True,10.0,,,0,10,1.38,72.0,5,435.0,1035.0,600.0,2024,False,False,False,False,False,False,True,True,True,False,False,True,True,True,False,False,False,True,False,False,False,False,False,False,True,False,False,False,False,False,False,False,False,False,False,False,False,False,False,False,False,False,False,False,False,False,False,False,False,False,False,False,False,False,False,False,False,False,False,False,False,False,False,False,False,False,False,False,False,True,False,False,False
2312,1,True,True,120.0,6.0,3.0,0,120,1.38,156.0,7,0.0,1440.0,1440.0,2019,False,False,False,True,True,True,True,True,True,True,True,True,True,True,True,False,True,False,False,False,False,False,False,True,False,False,False,False,False,False,False,False,False,False,False,False,False,False,False,False,False,False,False,False,False,False,False,False,False,False,False,False,False,False,False,False,True,False,False,False,False,False,False,False,False,False,False,False,False,False,False,False,False
2293,2,True,True,120.0,21.0,16.0,0,120,1.38,156.0,5,300.0,1140.0,840.0,1997,False,False,False,True,True,True,True,True,True,False,False,True,True,True,True,True,True,False,False,False,False,False,False,True,False,False,False,False,False,False,False,False,False,False,False,False,False,False,False,False,False,False,False,False,False,False,False,False,False,False,False,False,False,False,False,False,False,False,False,False,False,False,False,False,False,False,False,False,False,True,False,False,False
2162,1,True,True,12.0,3.0,2.0,0,12,1.38,156.0,7,360.0,,,2005,False,False,False,True,True,True,True,True,True,True,True,True,True,True,True,True,False,False,True,False,False,False,False,False,True,False,False,False,False,False,False,False,False,False,False,False,False,False,False,False,False,False,False,False,False,False,False,False,False,False,False,False,False,False,False,False,True,False,False,False,False,False,False,False,False,False,False,False,False,False,False,False,False
2763,5,True,True,12.0,,,0,12,1.38,156.0,5,360.0,1080.0,720.0,2017,False,False,False,False,True,False,True,True,True,False,False,True,True,True,False,True,False,False,True,False,False,False,False,False,True,False,False,False,False,False,False,False,False,False,False,False,False,False,False,False,False,False,False,False,False,False,False,False,False,False,False,False,False,False,False,False,False,False,False,False,False,False,False,False,False,False,False,False,False,True,False,False,False
1939,2,True,True,12.0,2.0,,0,12,1.38,156.0,5,390.0,1080.0,690.0,2006,False,False,False,False,True,True,True,True,True,False,False,True,True,True,True,True,False,False,True,False,False,False,False,False,True,False,False,False,False,False,False,False,False,False,True,False,False,False,False,False,False,False,False,False,False,False,False,False,False,False,False,False,False,False,False,False,False,False,False,False,False,False,False,False,False,False,False,False,False,False,False,False,False
443,4,True,True,55.0,9.0,,0,55,1.38,72.0,5,420.0,1080.0,660.0,2006,False,False,False,True,True,False,True,True,True,False,False,True,True,True,True,False,True,False,False,False,False,False,False,True,False,False,False,False,False,False,False,False,False,False,False,False,False,False,False,False,False,False,False,False,False,False,False,False,False,False,False,False,False,False,False,False,True,False,False,False,False,False,False,False,False,False,False,False,False,False,False,False,False
376,1,True,True,30.0,5.0,1.0,0,30,36.0,144.0,5,360.0,1080.0,720.0,2004,False,False,False,False,False,False,False,True,True,False,False,True,True,True,False,False,True,False,False,False,False,False,False,True,False,False,False,False,False,False,False,False,False,False,False,False,False,False,False,False,False,False,True,False,False,False,False,False,False,False,False,False,False,False,False,False,False,False,False,False,False,False,False,False,False,False,False,False,False,False,False,False,False
1128,5,True,True,150.0,35.0,17.0,0,150,1.38,144.0,5,390.0,1080.0,690.0,2022,False,False,False,True,True,False,True,True,True,False,False,True,True,True,False,True,True,False,False,False,False,False,False,True,False,False,False,False,False,False,False,False,False,False,False,False,False,False,False,False,False,False,False,False,False,False,False,False,False,False,False,False,False,False,False,False,True,False,False,False,False,False,False,False,False,False,False,False,False,False,False,False,False
38,3,False,False,,4.0,2.0,0,,,,,,,,,False,False,False,False,True,False,False,False,False,False,False,False,False,False,False,True,False,False,False,False,False,False,False,False,False,True,False,False,False,False,False,False,False,False,False,False,False,False,False,False,False,False,False,False,False,False,False,False,False,False,False,False,False,False,False,False,False,False,False,False,False,False,False,False,False,False,False,False,False,False,False,False,False
2105,1,True,True,10.0,1.0,1.0,0,10,1.38,156.0,7,1320.0,,,2020,False,False,False,False,True,False,True,True,True,True,True,True,True,True,False,False,False,True,False,False,False,False,False,False,True,False,False,False,False,False,False,False,False,False,False,False,False,False,False,False,False,False,False,False,False,False,False,False,False,False,False,False,False,False,False,False,True,False,False,False,False,False,False,False,False,False,False,False,False,False,False,False,False
964,1,True,True,10.0,1.0,,0,10,1.38,156.0,5,450.0,1050.0,600.0,2022,False,False,False,True,False,False,True,True,True,False,False,True,True,True,False,True,False,True,False,False,False,False,False,False,True,False,False,False,False,False,False,False,False,False,False,False,False,False,False,False,False,False,False,False,False,False,False,False,False,False,False,False,False,False,False,False,False,False,False,False,False,False,False,False,False,False,True,False,False,False,False,False,False
813,1,True,True,44.0,6.0,,0,44,1.38,156.0,7,0.0,1440.0,1440.0,2010,False,False,False,True,True,True,True,True,True,True,True,True,True,True,True,True,True,False,False,False,False,False,False,True,False,False,False,False,False,False,False,False,False,False,False,False,False,False,False,False,False,False,False,False,False,False,False,False,False,False,False,False,False,False,False,False,True,False,False,False,False,False,False,False,False,False,False,False,False,False,False,False,False
166,1,True,True,46.0,3.0,1.0,0,46,1.38,144.0,5,360.0,,,2016,False,False,False,True,True,True,True,True,True,False,False,True,True,True,True,False,True,False,False,False,False,False,False,True,False,False,False,False,False,False,False,False,False,False,False,False,False,False,False,False,False,False,False,False,False,False,False,False,False,False,False,False,False,False,False,False,True,False,False,False,False,False,False,False,False,False,False,False,False,False,False,False,False
3163,2,True,True,10.0,1.0,,0,10,1.38,156.0,5,420.0,,,2025,False,False,False,True,True,False,True,True,True,False,False,True,True,True,False,False,False,True,False,False,False,False,False,False,True,False,False,False,False,False,False,False,False,False,False,False,False,False,False,False,False,False,False,False,False,False,False,False,False,False,False,False,False,False,False,False,True,False,False,False,False,False,False,False,False,False,False,False,False,False,False,False,False
427,1,True,True,10.0,1.0,,0,10,1.38,156.0,7,0.0,1440.0,1440.0,2018,False,False,False,False,True,True,True,True,True,True,True,True,True,True,False,False,False,True,False,False,False,False,False,False,True,False,False,False,False,False,False,False,False,False,False,False,False,False,False,False,False,False,False,False,False,False,False,False,False,False,False,False,False,False,False,False,True,False,False,False,False,False,False,False,False,False,False,False,False,False,False,False,False
3208,1,True,True,12.0,1.0,1.0,0,12,1.38,156.0,7,0.0,1440.0,1440.0,2017,False,False,False,True,True,True,True,True,True,True,True,True,True,True,True,False,False,False,True,False,False,False,False,False,True,False,False,False,False,False,False,False,False,False,False,False,False,False,False,False,False,False,False,False,False,False,False,False,False,False,False,False,False,True,False,False,False,False,False,False,False,False,False,False,False,False,False,False,False,False,False,False,False
1480,1,True,True,10.0,1.0,,0,10,1.38,156.0,5,420.0,1050.0,630.0,2002,False,False,False,True,True,False,True,True,True,False,False,True,True,True,False,False,False,True,False,False,False,False,False,False,True,False,False,False,False,False,False,False,False,False,False,False,False,False,False,False,False,False,False,False,False,False,False,False,False,False,False,False,False,False,False,False,True,False,False,False,False,False,False,False,False,False,False,False,False,False,False,False,False
1525,1,True,False,12.0,2.0,,0,,,,,,,,,False,False,False,True,False,False,True,False,False,False,False,False,False,False,True,False,False,False,False,False,False,False,False,False,True,False,False,False,False,False,False,False,False,False,False,False,False,False,False,False,False,False,False,False,False,False,False,False,False,False,False,False,False,False,False,False,False,False,False,False,False,False,False,False,False,False,False,False,False,False,False,False,False
56,3,False,False,,1.0,1.0,0,,,,,,,,,False,False,False,False,True,False,False,False,False,False,False,False,False,False,False,False,False,False,False,False,False,False,False,False,False,False,False,True,False,False,False,False,False,False,False,False,False,False,False,False,False,False,False,False,False,False,False,False,False,False,False,False,False,False,False,False,False,False,False,False,False,False,False,False,False,False,False,False,False,False,False,False,False
2115,5,False,False,,1.0,1.0,0,,,,,,,,,False,False,False,False,True,False,False,False,False,False,False,False,False,False,False,True,False,False,False,False,False,False,False,False,False,False,False,True,False,False,False,False,False,False,False,False,False,False,False,False,False,False,False,False,False,False,False,False,False,False,False,False,False,False,False,False,False,False,False,False,False,False,False,False,False,False,False,False,False,False,False,False,False
89,2,True,True,12.0,2.0,,0,12,1.38,60.0,5,450.0,1050.0,600.0,2023,False,False,False,True,True,False,True,True,True,False,False,True,True,True,False,True,False,False,True,False,False,False,False,False,True,False,False,False,False,False,False,False,False,False,False,False,False,True,False,False,False,False,False,False,False,False,False,False,False,False,False,False,False,False,False,False,False,False,False,False,False,False,False,False,False,False,False,False,False,False,False,False,False
2519,1,True,True,10.0,2.0,2.0,0,10,1.38,144.0,5,390.0,1065.0,675.0,2015,False,False,False,False,False,True,False,True,True,False,False,True,True,True,True,True,False,True,False,False,False,False,False,False,True,False,False,False,False,False,False,False,False,False,False,False,False,True,False,False,False,False,False,False,False,False,False,False,False,False,False,False,False,False,False,False,False,False,False,False,False,False,False,False,False,False,False,False,False,False,False,False,False
2245,2,True,True,150.0,12.0,9.0,0,150,1.38,156.0,5,390.0,1080.0,690.0,2001,False,False,False,True,True,True,True,True,True,False,False,True,True,True,True,True,True,False,False,False,False,False,False,True,False,False,False,False,False,False,False,False,False,False,False,False,False,True,False,False,False,False,False,False,False,False,False,False,False,False,False,False,False,False,False,False,False,False,False,False,False,False,False,False,False,False,False,False,False,False,False,False,False
1075,1,True,True,12.0,1.0,1.0,0,12,1.38,156.0,6,0.0,1440.0,1440.0,2006,False,False,False,True,True,True,True,True,True,True,False,True,True,True,True,True,False,False,True,False,False,False,False,False,True,False,False,False,False,False,False,False,False,False,False,False,False,False,False,False,False,False,False,False,False,False,False,False,False,False,False,False,False,False,False,False,True,False,False,False,False,False,False,False,False,False,False,False,False,False,False,False,False
1825,5,True,True,10.0,1.0,,0,10,1.38,156.0,6,270.0,1200.0,930.0,2010,False,False,False,True,True,False,True,True,True,True,False,True,True,True,False,False,False,True,False,False,False,False,False,False,True,False,False,False,False,False,False,False,False,False,False,False,False,False,False,False,False,False,False,False,False,False,False,False,False,False,False,False,False,False,False,False,False,False,False,False,False,False,False,False,False,False,False,False,False,True,False,False,False
950,3,True,True,80.0,8.0,2.0,1,80,18.0,156.0,5,450.0,1050.0,600.0,1997,True,False,False,False,True,False,True,True,True,False,False,True,True,True,False,True,True,False,False,False,False,False,False,True,False,False,False,False,False,False,False,False,False,False,False,False,False,True,False,False,False,False,False,False,False,False,False,False,False,False,False,False,False,False,False,False,False,False,False,False,False,False,False,False,False,False,False,False,False,False,False,False,False
1694,1,True,True,12.0,1.0,,0,12,1.38,144.0,5,0.0,1440.0,1440.0,2005,False,False,False,True,True,True,True,True,True,False,False,True,True,True,True,True,False,False,True,False,False,False,False,False,True,False,False,False,False,False,False,False,False,False,False,False,False,False,False,False,False,False,False,False,False,False,False,False,False,False,False,False,False,False,False,False,True,False,False,False,False,False,False,False,False,False,False,False,False,False,False,False,False
337,1,True,True,10.0,,,0,10,1.38,156.0,5,420.0,1080.0,660.0,2025,False,False,False,True,True,False,True,True,True,False,False,True,True,True,False,False,False,False,True,False,False,False,False,False,True,False,False,False,False,False,False,False,False,False,False,False,False,False,False,False,False,False,False,False,False,False,False,False,False,False,False,False,False,False,False,False,False,False,False,False,False,False,False,False,False,False,True,False,False,False,False,False,False
548,1,True,True,10.0,,,0,10,1.38,156.0,5,420.0,1080.0,660.0,2018,False,False,False,True,True,False,True,True,True,False,False,True,True,True,False,False,False,True,False,False,False,False,False,False,True,False,False,False,False,False,False,False,False,False,False,True,False,False,False,False,False,False,False,False,False,False,False,False,False,False,False,False,False,False,False,False,False,False,False,False,False,False,False,False,False,False,False,False,False,False,False,False,False
2203,1,True,True,50.0,6.0,4.0,0,50,1.38,132.0,5,450.0,1050.0,600.0,2025,False,False,False,True,True,True,True,True,True,False,False,True,True,True,True,True,True,False,False,False,False,False,False,True,False,False,False,False,False,False,True,False,False,False,False,False,False,False,False,False,False,False,False,False,False,False,False,False,False,False,False,False,False,False,False,False,False,False,False,False,False,False,False,False,False,False,False,False,False,False,False,False,False
2118,1,True,True,12.0,,,0,12,1.38,156.0,5,360.0,1080.0,720.0,2020,False,False,False,True,True,True,True,True,True,False,False,True,True,True,False,False,False,False,True,False,False,False,False,False,True,False,False,False,False,False,False,False,False,False,False,False,False,False,False,False,False,False,False,False,False,False,False,False,False,False,False,False,False,False,False,False,False,False,False,False,False,False,False,False,False,False,False,False,True,False,False,False,False
142,3,False,False,,4.0,2.0,0,,,,,,,,,False,False,False,False,True,False,False,False,False,False,False,False,False,False,False,True,False,False,False,False,False,False,False,False,False,True,False,False,False,False,False,False,False,False,False,False,False,False,False,False,False,False,False,False,False,False,False,False,False,False,False,False,False,False,False,False,False,False,False,False,False,False,False,False,False,False,False,False,False,False,False,False,False
2340,1,True,True,10.0,,,0,10,1.38,156.0,5,435.0,1050.0,615.0,2025,False,False,False,True,True,False,True,True,True,False,False,True,True,True,False,False,False,False,False,False,False,True,False,False,True,False,False,False,False,False,False,False,False,False,False,False,False,False,False,False,False,False,False,False,False,False,False,False,False,False,False,False,False,False,False,False,False,False,False,False,False,False,False,False,False,False,False,False,False,False,False,True,False
1204,1,True,True,10.0,1.0,,0,10,1.38,144.0,5,450.0,1050.0,600.0,2017,False,False,False,True,True,False,True,True,True,False,False,True,True,True,False,False,False,True,False,False,False,False,False,False,True,False,False,False,False,False,False,False,False,False,False,False,False,True,False,False,False,False,False,False,False,False,False,False,False,False,False,False,False,False,False,False,False,False,False,False,False,False,False,False,False,False,False,False,False,False,False,False,False
984,1,True,True,12.0,1.0,,0,12,1.38,156.0,5,450.0,1020.0,570.0,2025,False,False,False,True,True,False,True,True,True,False,False,True,True,True,False,True,False,False,False,False,False,False,True,False,True,False,False,False,False,False,True,False,False,False,False,False,False,False,False,False,False,False,False,False,False,False,False,False,False,False,False,False,False,False,False,False,False,False,False,False,False,False,False,False,False,False,False,False,False,False,False,False,False
1198,5,True,True,10.0,1.0,,0,10,1.38,156.0,5,300.0,1080.0,780.0,2008,False,False,False,True,True,True,True,True,True,False,False,True,True,True,True,True,False,True,False,False,False,False,False,False,True,False,False,False,False,False,False,False,False,False,False,False,False,False,False,False,False,False,False,False,False,False,False,False,False,False,False,False,False,False,False,False,False,False,False,False,False,False,False,True,False,False,False,False,False,False,False,False,False
3242,1,True,True,10.0,1.0,,0,10,1.38,156.0,5,420.0,1080.0,660.0,2000,False,False,False,True,True,False,True,True,True,False,False,True,True,True,False,False,False,True,False,False,False,False,False,False,True,False,False,False,False,False,False,False,False,False,False,False,False,False,False,False,False,False,False,False,False,False,False,False,False,False,False,False,False,False,False,False,True,False,False,False,False,False,False,False,False,False,False,False,False,False,False,False,False
86,3,True,True,11.0,1.0,2.0,0,11,1.38,48.0,5,360.0,1080.0,720.0,2025,False,False,False,True,False,False,True,True,True,False,False,True,True,True,False,False,False,False,False,False,False,False,True,False,False,False,False,True,False,False,False,False,False,False,False,False,False,False,False,False,False,False,False,False,False,False,False,False,False,False,False,False,False,False,False,False,False,False,False,False,True,False,False,False,False,False,False,False,False,False,False,False,False
2499,3,False,False,,11.0,2.0,0,,,,,,,,,False,False,False,False,True,False,False,False,False,False,False,False,False,False,False,True,False,False,False,False,False,False,False,False,False,True,False,False,False,False,False,False,False,False,False,False,False,False,False,False,False,False,False,False,False,False,False,False,False,False,False,False,False,False,False,False,False,False,False,False,False,False,False,False,False,False,False,False,False,False,False,False,False
1987,3,False,False,,4.0,,0,,,,,,,,,False,False,False,False,True,False,False,False,False,False,False,False,False,False,False,True,False,False,False,False,False,False,False,False,False,True,False,False,False,False,False,False,False,False,False,False,False,False,False,False,False,False,False,False,False,False,False,False,False,False,False,False,False,False,False,False,False,False,False,False,False,False,False,False,False,False,False,False,False,False,False,False,False
1262,1,True,True,10.0,1.0,,0,10,1.38,156.0,5,450.0,1050.0,600.0,2012,False,False,False,True,True,True,True,True,True,False,False,True,True,True,False,False,False,True,False,False,False,False,False,False,True,False,False,False,False,False,False,False,True,False,False,False,False,False,False,False,False,False,False,False,False,False,False,False,False,False,False,False,False,False,False,False,False,False,False,False,False,False,False,False,False,False,False,False,False,False,False,False,False
455,1,True,True,150.0,,7.0,0,80,36.0,144.0,5,450.0,1050.0,600.0,2022,False,False,False,False,True,True,False,True,True,False,False,True,True,True,True,True,True,False,False,False,False,False,False,True,False,False,False,False,False,False,False,False,False,True,False,False,False,False,False,False,False,False,False,False,False,False,False,False,False,False,False,False,False,False,False,False,False,False,False,False,False,False,False,False,False,False,False,False,False,False,False,False,False
431,2,True,True,10.0,,,0,10,1.38,144.0,7,0.0,1440.0,1440.0,2012,False,False,False,True,True,True,True,True,True,True,True,True,True,True,True,False,False,True,False,False,False,False,False,False,True,False,False,False,False,False,False,False,False,False,False,False,False,False,False,False,False,False,False,False,False,False,False,False,False,False,False,False,False,False,False,False,False,False,False,False,False,True,False,False,False,False,False,False,False,False,False,False,False
1994,2,True,True,32.0,2.0,1.0,0,32,1.38,144.0,5,360.0,1080.0,720.0,2025,False,False,False,True,False,False,True,True,True,False,False,True,True,True,True,False,False,False,False,False,True,False,False,True,False,False,False,False,False,False,False,False,False,False,False,False,False,False,False,False,False,False,False,False,False,False,False,False,False,False,False,False,False,False,False,False,False,False,False,False,False,False,False,False,False,True,False,False,False,False,False,False,False
1588,2,True,True,12.0,1.0,1.0,0,12,2.0,84.0,5,420.0,1020.0,600.0,2024,False,False,False,False,True,False,False,True,True,False,False,True,True,True,True,True,False,False,True,False,False,False,False,False,True,False,False,False,False,False,True,False,False,False,False,False,False,False,False,False,False,False,False,False,False,False,False,False,False,False,False,False,False,False,False,False,False,False,False,False,False,False,False,False,False,False,False,False,False,False,False,False,False
1707,1,True,True,12.0,,,0,12,1.38,156.0,5,420.0,1080.0,660.0,2008,False,False,False,True,True,False,True,True,True,False,False,True,True,True,False,False,False,False,True,False,False,False,False,False,True,False,False,False,False,False,False,False,False,False,False,False,False,False,True,False,False,False,False,False,False,False,False,False,False,False,False,False,False,False,False,False,False,False,False,False,False,False,False,False,False,False,False,False,False,False,False,False,False
3264,2,True,True,10.0,1.0,,0,10,1.38,156.0,5,360.0,1080.0,720.0,2019,False,False,False,False,True,True,True,True,True,False,False,True,True,True,True,True,False,True,False,False,False,False,False,False,True,False,False,False,False,False,False,False,False,False,False,False,False,False,False,False,False,False,True,False,False,False,False,False,False,False,False,False,False,False,False,False,False,False,False,False,False,False,False,False,False,False,False,False,False,False,False,False,False
2285,1,True,True,10.0,1.0,,0,10,1.38,156.0,5,330.0,1080.0,750.0,2012,False,False,False,True,True,True,True,True,True,False,False,True,True,True,True,True,False,True,False,False,False,False,False,False,True,False,False,False,False,False,True,False,False,False,False,False,False,False,False,False,False,False,False,False,False,False,False,False,False,False,False,False,False,False,False,False,False,False,False,False,False,False,False,False,False,False,False,False,False,False,False,False,False
1466,2,True,True,12.0,,,0,12,1.38,156.0,5,420.0,1080.0,660.0,2006,False,False,False,False,True,True,True,True,True,False,False,True,True,True,False,False,False,False,True,False,False,False,False,False,True,False,False,False,False,False,False,False,False,False,False,False,False,False,True,False,False,False,False,False,False,False,False,False,False,False,False,False,False,False,False,False,False,False,False,False,False,False,False,False,False,False,False,False,False,False,False,False,False
2344,2,True,True,12.0,1.0,,0,12,1.38,156.0,5,450.0,1050.0,600.0,2017,False,False,False,True,True,True,True,True,True,False,False,True,True,True,False,False,False,False,True,False,False,False,False,False,True,False,False,False,False,False,False,False,False,False,False,False,False,True,False,False,False,False,False,False,False,False,False,False,False,False,False,False,False,False,False,False,False,False,False,False,False,False,False,False,False,False,False,False,False,False,False,False,False
239,1,True,True,120.0,12.0,12.0,0,120,1.38,156.0,5,390.0,1080.0,690.0,1999,False,False,False,True,True,True,True,True,True,False,False,True,True,True,True,True,True,False,False,False,False,False,False,True,False,False,False,False,False,False,False,False,False,False,False,False,False,True,False,False,False,False,False,False,False,False,False,False,False,False,False,False,False,False,False,False,False,False,False,False,False,False,False,False,False,False,False,False,False,False,False,False,False
1609,3,False,False,,7.0,,0,,,,,,,,,False,False,False,True,True,False,True,False,False,False,False,False,False,False,True,True,False,False,False,False,False,False,False,False,False,False,False,True,False,False,False,False,False,False,False,False,False,False,False,False,False,False,False,False,False,False,False,False,False,False,False,False,False,False,False,False,False,False,False,False,False,False,False,False,False,False,False,False,False,False,False,False,False
2740,3,True,True,22.0,5.0,,0,22,1.38,36.0,5,480.0,960.0,480.0,2001,False,False,False,True,False,False,True,True,True,False,False,True,True,True,True,True,True,False,False,False,False,False,False,False,False,False,False,True,False,False,False,False,False,False,False,False,False,False,False,False,False,False,False,False,False,False,False,False,True,False,False,False,False,False,False,False,False,False,False,False,False,False,False,False,False,False,False,False,False,False,False,False,False
583,1,True,True,10.0,1.0,,0,10,1.38,144.0,7,0.0,1440.0,1440.0,2014,False,False,False,True,True,True,False,True,True,True,True,True,True,True,False,False,False,True,False,False,False,False,False,False,True,False,False,False,False,False,False,False,False,True,False,False,False,False,False,False,False,False,False,False,False,False,False,False,False,False,False,False,False,False,False,False,False,False,False,False,False,False,False,False,False,False,False,False,False,False,False,False,False
1683,2,True,True,12.0,2.0,,0,12,1.38,156.0,7,0.0,1440.0,1440.0,2024,False,False,False,True,False,False,True,True,True,True,True,True,True,True,False,False,False,False,True,False,False,False,False,False,True,False,False,False,False,False,False,False,False,False,False,False,False,True,False,False,False,False,False,False,False,False,False,False,False,False,False,False,False,False,False,False,False,False,False,False,False,False,False,False,False,False,False,False,False,False,False,False,False
1021,2,True,True,123.0,4.0,,0,123,1.38,156.0,7,0.0,1440.0,1440.0,1999,False,False,False,True,True,True,True,True,True,True,True,True,True,True,True,True,True,False,False,False,False,False,False,True,False,False,False,False,False,False,False,False,False,False,False,False,False,False,False,False,False,False,False,False,False,False,False,False,False,False,False,False,False,False,False,False,True,False,False,False,False,False,False,False,False,False,False,False,False,False,False,False,False
603,1,True,True,10.0,1.0,,0,10,1.38,156.0,5,390.0,1050.0,660.0,2016,False,False,False,True,True,True,True,True,True,False,False,True,True,True,False,False,False,True,False,False,False,False,False,False,True,False,False,False,False,False,False,False,False,False,False,False,False,False,False,False,False,False,False,False,False,False,False,False,False,False,False,False,False,False,False,False,False,False,False,False,False,False,False,True,False,False,False,False,False,False,False,False,False
1798,1,True,True,78.0,4.0,,0,78,1.38,156.0,5,0.0,1440.0,1440.0,2003,False,False,False,True,True,True,True,True,True,False,False,True,True,True,False,False,True,False,False,False,False,False,False,True,False,False,False,False,False,False,False,False,False,False,False,False,False,False,False,False,False,False,False,False,False,False,False,False,False,False,False,False,False,False,False,False,True,False,False,False,False,False,False,False,False,False,False,False,False,False,False,False,False
275,2,True,True,75.0,8.0,2.0,0,75,1.38,144.0,5,390.0,1050.0,660.0,2024,False,False,False,False,True,False,True,True,True,False,False,True,True,True,True,True,True,False,False,False,False,False,False,True,False,False,False,False,False,False,False,False,False,False,False,False,False,False,False,False,False,False,True,False,False,False,False,False,False,False,False,False,False,False,False,False,False,False,False,False,False,False,False,False,False,False,False,False,False,False,False,False,False
672,1,True,True,174.0,20.0,10.0,0,174,1.38,144.0,6,360.0,1080.0,720.0,2019,False,False,False,True,True,True,True,True,True,True,False,True,True,True,False,False,True,False,False,False,False,False,False,True,False,False,False,False,False,False,False,False,False,False,False,False,False,False,False,False,False,False,False,False,False,False,False,False,False,False,False,False,False,False,False,False,True,False,False,False,False,False,False,False,False,False,False,False,False,False,False,False,False
2369,1,True,True,165.0,18.0,10.0,0,165,1.38,156.0,5,360.0,1080.0,720.0,2017,False,False,False,True,True,True,True,True,True,False,False,True,True,True,True,False,True,False,False,False,False,False,False,True,False,False,False,False,False,False,False,False,False,False,False,False,False,False,False,False,False,False,False,False,False,False,False,False,False,False,False,False,False,False,False,False,True,False,False,False,False,False,False,False,False,False,False,False,False,False,False,False,False
1397,2,True,True,12.0,2.0,,0,12,1.38,156.0,5,390.0,1050.0,660.0,2016,False,False,False,True,True,False,True,True,True,False,False,True,True,True,True,True,False,False,True,False,False,False,False,False,True,False,False,False,False,False,False,False,False,False,False,False,False,False,False,False,False,False,False,False,False,False,False,False,False,False,False,False,False,True,False,False,False,False,False,False,False,False,False,False,False,False,False,False,False,False,False,False,False
2509,4,True,True,116.0,20.0,13.0,0,116,1.38,156.0,6,285.0,1380.0,1095.0,2018,False,False,False,True,True,True,True,True,True,True,False,True,True,True,True,True,True,False,False,False,False,False,False,True,False,False,False,False,False,False,False,False,False,False,False,False,False,False,False,False,False,False,False,False,False,False,False,False,False,False,False,False,False,False,False,False,False,False,False,False,False,False,False,False,False,False,False,False,False,True,False,False,False
2710,4,True,True,125.0,12.0,10.0,0,125,1.38,156.0,7,285.0,1380.0,1095.0,2018,False,False,False,True,True,True,True,True,True,True,True,True,True,True,True,True,True,False,False,False,False,False,False,True,False,False,False,False,False,False,False,False,False,False,False,False,False,False,False,False,False,False,False,False,False,False,False,False,False,False,False,False,False,False,False,False,False,False,False,False,False,False,False,False,False,False,False,False,False,True,False,False,False
2367,1,True,True,46.0,5.0,,0,46,1.38,144.0,6,300.0,1380.0,1080.0,2019,False,False,False,True,True,True,True,True,True,True,False,True,True,True,True,False,True,False,False,False,False,False,False,True,False,False,False,False,False,False,False,False,False,False,False,False,False,False,False,False,False,False,False,False,False,False,False,False,False,False,False,False,False,False,False,False,True,False,False,False,False,False,False,False,False,False,False,False,False,False,False,False,False
2382,1,True,True,10.0,1.0,1.0,0,10,1.38,156.0,6,0.0,1440.0,1440.0,2025,False,False,False,False,False,False,True,True,True,True,False,True,True,True,False,True,False,False,False,False,False,False,True,False,True,False,False,False,False,False,False,False,False,False,False,False,False,False,False,False,False,False,False,False,False,False,False,False,False,True,False,False,False,False,False,False,False,False,False,False,False,False,False,False,False,False,False,False,False,False,False,False,False
1230,5,True,True,165.0,20.0,24.0,0,165,1.38,156.0,5,345.0,1110.0,765.0,1997,False,False,False,True,True,True,True,True,True,False,False,True,True,True,True,False,True,False,False,False,False,False,False,True,False,False,False,False,False,False,False,False,False,False,False,False,False,False,False,False,False,False,False,False,False,False,False,False,False,False,False,False,False,False,False,False,False,False,False,False,False,False,False,False,False,False,False,False,False,True,False,False,False
1936,1,True,True,45.0,,3.0,0,45,1.38,72.0,5,510.0,690.0,180.0,1998,False,False,False,False,True,False,True,True,True,False,False,True,True,True,False,False,True,False,False,False,False,False,False,True,False,False,False,False,False,False,False,False,False,False,False,False,False,True,False,False,False,False,False,False,False,False,False,False,False,False,False,False,False,False,False,False,False,False,False,False,False,False,False,False,False,False,False,False,False,False,False,False,False
2167,3,True,True,140.0,7.0,20.0,0,140,1.38,156.0,5,360.0,1080.0,720.0,1997,False,False,False,True,True,False,True,True,True,False,False,True,True,True,True,True,True,False,False,False,False,False,False,True,False,False,False,False,False,False,False,False,False,False,False,False,False,True,False,False,False,False,False,False,False,False,False,False,False,False,False,False,False,False,False,False,False,False,False,False,False,False,False,False,False,False,False,False,False,False,False,False,False
52,4,True,True,12.0,2.0,,0,12,1.38,156.0,5,360.0,1080.0,720.0,2020,False,False,False,True,False,False,True,True,True,False,False,True,True,True,False,False,False,False,True,False,False,False,False,False,True,False,False,False,False,False,False,False,False,False,False,False,False,False,False,False,False,False,False,False,False,False,False,False,False,False,False,False,False,False,False,True,False,False,False,False,False,False,False,False,False,False,False,False,False,False,False,False,False
2434,1,True,True,100.0,18.0,7.0,0,100,1.38,144.0,5,360.0,1080.0,720.0,2017,False,False,False,True,True,True,True,True,True,False,False,True,True,True,True,True,True,False,False,False,False,False,False,True,False,False,False,False,False,False,False,False,False,False,False,False,False,False,False,False,False,False,False,False,False,False,False,False,False,False,False,False,False,False,False,False,False,False,False,False,False,False,False,False,False,False,False,False,True,False,False,False,False
2553,4,True,True,140.0,31.0,7.0,0,140,1.38,156.0,5,390.0,1080.0,690.0,2013,False,False,False,True,True,False,True,True,True,False,False,True,True,True,True,True,True,False,False,False,False,False,False,True,False,False,False,False,False,False,False,False,False,False,False,False,False,False,False,False,False,False,False,False,False,False,False,False,False,False,False,False,False,False,False,False,True,False,False,False,False,False,False,False,False,False,False,False,False,False,False,False,False
1486,1,True,True,10.0,,,0,10,1.38,120.0,5,420.0,990.0,570.0,2023,False,False,False,True,True,False,True,True,True,False,False,True,True,True,False,False,False,True,False,False,False,False,False,False,True,False,False,False,False,False,False,False,False,False,False,False,False,False,False,False,False,False,False,False,True,False,False,False,False,False,False,False,False,False,False,False,False,False,False,False,False,False,False,False,False,False,False,False,False,False,False,False,False
875,2,True,True,60.0,3.0,2.0,0,60,1.38,156.0,5,360.0,1080.0,720.0,2024,False,False,False,True,True,False,True,True,True,False,False,True,True,True,False,True,False,False,False,False,True,False,False,True,False,False,False,False,False,True,False,False,False,False,False,False,False,False,False,False,False,False,False,False,False,False,False,False,False,False,False,False,False,False,False,False,False,False,False,False,False,False,False,False,False,False,False,False,False,False,False,False,False
2452,1,True,True,44.0,8.0,4.0,0,44,1.38,156.0,7,0.0,1440.0,1440.0,2019,False,False,False,True,True,True,True,True,True,True,True,True,True,True,True,True,True,False,False,False,False,False,False,True,False,False,False,False,False,False,False,False,False,False,False,False,False,True,False,False,False,False,False,False,False,False,False,False,False,False,False,False,False,False,False,False,False,False,False,False,False,False,False,False,False,False,False,False,False,False,False,False,False
2963,2,True,True,75.0,3.0,5.0,0,75,1.38,156.0,6,300.0,1320.0,1020.0,2016,False,False,False,True,True,False,True,True,True,True,False,True,True,True,True,True,True,False,False,False,False,False,False,True,False,False,False,False,False,False,False,False,False,False,False,False,False,False,False,False,False,False,False,False,False,False,False,False,False,False,False,False,False,False,False,False,True,False,False,False,False,False,False,False,False,False,False,False,False,False,False,False,False
2176,1,True,True,108.0,8.0,2.0,0,108,1.38,156.0,5,300.0,1200.0,900.0,2022,False,False,False,True,True,True,True,True,True,False,False,True,True,True,True,True,True,False,False,False,False,False,False,True,False,False,False,False,False,False,False,False,False,False,False,False,False,True,False,False,False,False,False,False,False,False,False,False,False,False,False,False,False,False,False,False,False,False,False,False,False,False,False,False,False,False,False,False,False,False,False,False,False
1867,2,True,True,150.0,10.0,6.0,0,150,1.38,156.0,5,390.0,1080.0,690.0,2001,False,False,False,True,True,True,True,True,True,False,False,True,True,True,True,False,True,False,False,False,False,False,False,True,False,False,False,False,False,False,False,False,False,False,False,False,False,False,False,False,False,False,False,False,False,False,False,False,False,False,False,False,False,False,False,False,True,False,False,False,False,False,False,False,False,False,False,False,False,False,False,False,False
1312,2,True,True,168.0,20.0,3.0,0,168,1.38,156.0,5,360.0,1080.0,720.0,2001,False,False,False,True,True,True,True,True,True,False,False,True,True,True,True,True,True,False,False,False,False,False,False,True,False,False,False,False,False,False,False,False,False,False,False,False,False,False,False,False,False,False,False,False,False,False,False,False,False,False,False,False,False,False,False,False,True,False,False,False,False,False,False,False,False,False,False,False,False,False,False,False,False
3100,1,True,True,70.0,5.0,8.0,0,70,36.0,156.0,5,360.0,1080.0,720.0,1997,False,False,False,False,True,True,False,True,True,False,False,True,True,True,True,False,True,False,False,False,False,False,False,True,False,False,False,False,False,False,False,False,False,False,False,False,False,False,False,False,False,False,False,False,True,False,False,False,False,False,False,False,False,False,False,False,False,False,False,False,False,False,False,False,False,False,False,False,False,False,False,False,False
420,2,True,True,150.0,7.0,22.0,0,150,1.38,156.0,5,390.0,1110.0,720.0,2007,False,False,False,True,True,True,True,True,True,False,False,True,True,True,True,True,True,False,False,False,False,False,False,True,False,False,False,False,False,False,False,False,False,False,False,False,False,False,False,False,False,False,False,False,False,False,False,False,False,False,False,False,False,False,False,True,False,False,False,False,False,False,False,False,False,False,False,False,False,False,False,False,False
2614,2,True,True,32.0,1.0,10.0,0,32,1.38,156.0,5,390.0,1080.0,690.0,2013,False,False,False,True,True,True,True,True,True,False,False,True,True,True,False,False,True,False,False,False,False,False,False,True,False,False,False,False,False,False,False,False,False,False,False,False,False,False,False,False,False,False,False,False,True,False,False,False,False,False,False,False,False,False,False,False,False,False,False,False,False,False,False,False,False,False,False,False,False,False,False,False,False
836,5,True,True,160.0,18.0,6.0,0,160,1.38,156.0,5,420.0,1080.0,660.0,2002,False,False,False,True,True,True,True,True,True,False,False,True,True,True,True,True,True,False,False,False,False,False,False,True,False,False,False,False,False,False,False,False,False,False,False,False,False,True,False,False,False,False,False,False,False,False,False,False,False,False,False,False,False,False,False,False,False,False,False,False,False,False,False,False,False,False,False,False,False,False,False,False,False
1439,2,True,True,80.0,3.0,6.0,0,80,36.0,144.0,5,360.0,1080.0,720.0,2015,False,False,False,False,True,True,False,True,True,False,False,True,True,True,True,False,True,False,False,False,False,False,False,True,False,False,False,False,False,False,False,False,False,False,False,False,False,False,False,False,False,False,False,False,False,False,False,False,False,False,False,False,False,False,True,False,False,False,False,False,False,False,False,False,False,False,False,False,False,False,False,False,False
2059,2,True,True,70.0,3.0,6.0,0,70,18.0,156.0,5,360.0,1080.0,720.0,2019,False,False,False,False,True,True,True,True,True,False,False,True,True,True,False,False,True,False,False,False,False,False,False,True,False,False,False,False,False,False,False,False,False,False,False,False,False,False,False,False,False,False,True,False,False,False,False,False,False,False,False,False,False,False,False,False,False,False,False,False,False,False,False,False,False,False,False,False,False,False,False,False,False
1717,1,True,True,225.0,40.0,13.0,0,225,1.38,156.0,5,360.0,1080.0,720.0,2003,False,False,False,True,True,True,True,True,True,False,False,True,True,True,True,True,True,False,False,False,False,False,False,True,False,False,False,False,False,False,False,False,False,False,False,False,False,False,False,False,False,False,False,False,False,False,False,False,False,True,False,False,False,False,False,False,False,False,False,False,False,False,False,False,False,False,False,False,False,False,False,False,False
3251,1,True,True,12.0,,1.0,0,12,36.0,60.0,4,510.0,900.0,390.0,2013,False,False,False,False,True,False,False,False,True,False,False,True,True,True,False,False,False,False,False,True,False,False,False,False,False,False,True,False,False,False,False,False,False,False,False,False,False,False,False,False,False,False,False,False,False,False,False,False,False,False,False,False,False,False,False,False,False,False,False,False,False,False,False,False,False,True,False,False,False,False,False,False,False
3084,3,False,False,,2.0,1.0,0,,,,,,,,,False,False,False,False,True,False,False,False,False,False,False,False,False,False,True,True,False,False,False,False,False,False,False,False,False,False,False,True,False,False,False,False,False,False,False,False,False,False,False,False,False,False,False,False,False,False,False,False,False,False,False,False,False,False,False,False,False,False,False,False,False,False,False,False,False,False,False,False,False,False,False,False,False
2186,1,True,True,12.0,,,0,12,1.38,156.0,7,0.0,1440.0,1440.0,2005,False,False,False,False,True,True,False,True,True,True,True,True,True,True,True,False,False,False,True,False,False,False,False,False,True,False,False,False,False,False,False,False,False,False,False,False,False,False,False,False,False,True,False,False,False,False,False,False,False,False,False,False,False,False,False,False,False,False,False,False,False,False,False,False,False,False,False,False,False,False,False,False,False
70,1,True,False,10.0,1.0,,0,,,,,,,,,False,False,False,True,True,True,True,False,False,False,False,False,False,False,False,False,False,False,False,False,False,False,False,False,True,False,False,False,False,False,False,False,False,False,False,False,False,False,False,False,False,False,False,False,False,False,False,False,False,False,False,False,False,False,False,False,False,False,False,False,False,False,False,False,False,False,False,False,False,False,False,False,False
168,2,True,True,12.0,1.0,,0,12,1.38,96.0,5,450.0,1050.0,600.0,2024,False,False,False,True,True,False,True,True,True,False,False,True,True,True,False,False,False,False,True,False,False,False,False,False,True,False,False,False,False,False,False,False,False,False,False,False,False,False,False,False,False,False,False,False,False,False,False,False,False,False,False,False,False,False,False,True,False,False,False,False,False,False,False,False,False,False,False,False,False,False,False,False,False
2500,2,True,True,120.0,15.0,4.0,0,120,1.38,156.0,5,360.0,1080.0,720.0,2022,False,False,False,True,True,True,True,True,True,False,False,True,True,True,True,True,True,False,False,False,False,False,False,True,False,False,False,False,False,False,False,False,False,False,False,False,False,False,False,False,False,False,False,False,False,False,False,False,False,True,False,False,False,False,False,False,False,False,False,False,False,False,False,False,False,False,False,False,False,False,False,False,False
2044,2,True,True,10.0,1.0,,0,10,1.38,156.0,5,360.0,1080.0,720.0,1996,False,False,False,True,True,True,True,True,True,False,False,True,True,True,False,False,False,True,False,False,False,False,False,False,True,False,False,False,False,False,False,False,False,False,False,False,False,False,False,False,False,False,False,False,False,False,False,False,False,False,False,False,False,False,False,False,True,False,False,False,False,False,False,False,False,False,False,False,False,False,False,False,False
2314,2,True,True,125.0,20.0,14.0,0,125,1.38,144.0,5,390.0,1080.0,690.0,2023,False,False,False,True,True,False,True,True,True,False,False,True,True,True,False,False,True,False,False,False,False,False,False,True,False,False,False,False,False,False,False,False,False,False,False,False,False,False,False,False,False,False,False,False,False,False,False,False,False,False,False,False,False,False,False,False,True,False,False,False,False,False,False,False,False,False,False,False,False,False,False,False,False
1935,1,True,True,10.0,1.0,,0,10,1.38,156.0,7,360.0,1260.0,900.0,2013,False,False,False,True,True,True,True,True,True,True,True,True,True,True,True,False,False,True,False,False,False,False,False,False,True,False,False,False,False,False,False,False,False,False,False,False,False,True,False,False,False,False,False,False,False,False,False,False,False,False,False,False,False,False,False,False,False,False,False,False,False,False,False,False,False,False,False,False,False,False,False,False,False
112,2,True,True,12.0,1.0,,0,12,1.38,156.0,5,300.0,1170.0,870.0,2003,False,False,False,True,True,True,True,True,True,False,False,True,True,True,True,True,False,False,True,False,False,False,False,False,True,False,False,False,False,False,False,False,False,False,False,False,False,False,False,False,False,False,False,False,True,False,False,False,False,False,False,False,False,False,False,False,False,False,False,False,False,False,False,False,False,False,False,False,False,False,False,False,False
3121,1,True,True,10.0,1.0,,0,10,1.38,156.0,7,0.0,1440.0,1440.0,2023,False,False,False,False,False,True,True,True,True,True,True,True,True,True,True,True,False,True,False,False,False,False,False,False,True,False,False,False,False,False,False,False,False,False,False,False,False,False,False,False,False,False,False,False,False,False,False,False,False,False,False,False,False,False,False,False,True,False,False,False,False,False,False,False,False,False,False,False,False,False,False,False,False
1763,2,True,True,117.0,10.0,3.0,0,117,1.38,156.0,7,0.0,1440.0,1440.0,2021,False,False,False,True,True,True,True,True,True,True,True,True,True,True,True,True,True,False,False,False,False,False,False,True,False,False,False,False,False,False,False,False,False,False,True,False,False,False,False,False,False,False,False,False,False,False,False,False,False,False,False,False,False,False,False,False,False,False,False,False,False,False,False,False,False,False,False,False,False,False,False,False,False
3150,2,True,True,10.0,,,0,10,1.38,156.0,5,360.0,1080.0,720.0,2010,False,False,False,True,True,True,True,True,True,False,False,True,True,True,False,True,False,True,False,False,False,False,False,False,True,False,False,False,False,False,False,False,False,False,False,False,False,False,False,False,False,False,False,False,False,False,False,False,False,True,False,False,False,False,False,False,False,False,False,False,False,False,False,False,False,False,False,False,False,False,False,False,False
1719,2,True,True,12.0,,,0,12,1.38,156.0,7,1.0,,,1996,False,False,False,True,True,False,True,True,True,True,True,True,True,True,True,True,False,False,True,False,False,False,False,False,True,False,False,False,False,False,False,False,False,False,False,False,False,False,False,False,False,False,False,False,False,False,False,False,False,False,False,False,False,False,False,False,False,False,False,False,False,False,False,False,False,False,False,False,False,False,True,False,False
1022,4,True,True,124.0,13.0,,0,124,1.38,156.0,5,390.0,1080.0,690.0,2006,False,False,False,True,True,True,True,True,True,False,False,True,True,True,True,True,True,False,False,False,False,False,False,True,False,False,False,False,False,False,False,False,False,False,False,False,False,True,False,False,False,False,False,False,False,False,False,False,False,False,False,False,False,False,False,False,False,False,False,False,False,False,False,False,False,False,False,False,False,False,False,False,False
1896,1,True,True,12.0,,,0,12,1.38,144.0,5,390.0,1050.0,660.0,2017,False,False,False,False,True,True,True,True,True,False,False,True,True,True,True,True,False,False,True,False,False,False,False,False,True,False,False,False,False,False,False,False,False,False,False,False,False,True,False,False,False,False,False,False,False,False,False,False,False,False,False,False,False,False,False,False,False,False,False,False,False,False,False,False,False,False,False,False,False,False,False,False,False
2821,1,True,True,10.0,,,0,10,1.38,156.0,5,360.0,1080.0,720.0,2005,False,False,False,True,False,False,True,True,True,False,False,True,True,True,False,True,False,True,False,False,False,False,False,False,True,False,False,False,False,False,False,False,False,False,False,False,False,True,False,False,False,False,False,False,False,False,False,False,False,False,False,False,False,False,False,False,False,False,False,False,False,False,False,False,False,False,False,False,False,False,False,False,False
1077,1,True,True,43.0,1.0,4.0,0,43,1.38,156.0,5,360.0,1080.0,720.0,2022,False,False,False,True,True,True,True,True,True,False,False,True,True,True,True,True,True,False,False,False,False,False,False,True,False,False,False,False,False,False,True,False,False,False,False,False,False,False,False,False,False,False,False,False,False,False,False,False,False,False,False,False,False,False,False,False,False,False,False,False,False,False,False,False,False,False,False,False,False,False,False,False,False
3181,1,True,True,10.0,,,0,10,1.38,156.0,7,0.0,1440.0,1440.0,2008,False,False,False,True,False,False,True,True,True,True,True,True,True,True,False,False,False,True,False,False,False,False,False,False,True,False,False,False,False,False,False,False,False,False,False,False,False,False,False,False,False,False,False,False,False,False,False,False,False,False,False,False,False,False,False,False,True,False,False,False,False,False,False,False,False,False,False,False,False,False,False,False,False
1256,1,True,True,10.0,1.0,,0,10,1.38,156.0,5,360.0,1170.0,810.0,2019,False,False,False,True,True,True,True,True,True,False,False,True,True,True,False,True,False,True,False,False,False,False,False,False,True,False,False,False,False,False,False,False,False,False,False,False,True,False,False,False,False,False,False,False,False,False,False,False,False,False,False,False,False,False,False,False,False,False,False,False,False,False,False,False,False,False,False,False,False,False,False,False,False
415,1,True,True,10.0,1.0,,0,10,1.38,156.0,7,0.0,1440.0,1440.0,2017,False,False,False,True,True,True,True,True,True,True,True,True,True,True,True,True,False,True,False,False,False,False,False,False,True,False,False,False,False,False,False,False,False,False,False,False,False,False,False,False,False,False,False,False,False,False,False,False,False,False,False,False,False,False,False,False,False,False,False,False,False,False,False,False,False,False,False,False,False,False,True,False,False
2351,1,True,True,10.0,1.0,,0,10,1.38,156.0,5,420.0,1020.0,600.0,2025,False,False,False,True,True,False,True,True,True,False,False,True,True,True,False,False,False,True,False,False,False,False,False,False,True,False,False,False,False,False,False,False,False,False,False,False,False,True,False,False,False,False,False,False,False,False,False,False,False,False,False,False,False,False,False,False,False,False,False,False,False,False,False,False,False,False,False,False,False,False,False,False,False
1344,4,True,True,10.0,1.0,,0,10,1.38,144.0,5,420.0,1020.0,600.0,2024,False,False,False,True,False,False,True,True,True,False,False,True,True,True,False,True,False,True,False,False,False,False,False,False,True,False,False,False,False,False,False,False,False,False,False,False,False,False,False,True,False,False,False,False,False,False,False,False,False,False,False,False,False,False,False,False,False,False,False,False,False,False,False,False,False,False,False,False,False,False,False,False,False
2594,1,True,True,68.0,5.0,1.0,0,68,1.38,156.0,6,300.0,1440.0,1140.0,2009,False,False,False,True,True,True,True,True,True,True,False,True,True,True,True,False,True,False,False,False,False,False,False,True,False,False,False,False,False,False,False,False,False,False,False,False,False,False,False,False,False,False,False,False,False,False,False,False,False,False,False,False,False,False,False,False,True,False,False,False,False,False,False,False,False,False,False,False,False,False,False,False,False
130,1,True,True,29.0,1.0,2.0,0,29,1.38,156.0,6,360.0,1260.0,900.0,2025,False,False,False,False,True,True,False,True,True,True,False,True,True,True,True,False,False,False,False,False,True,False,False,True,False,False,False,False,False,False,False,False,False,False,False,False,False,True,False,False,False,False,False,False,False,False,False,False,False,False,False,False,False,False,False,False,False,False,False,False,False,False,False,False,False,False,False,False,False,False,False,False,False
2036,1,True,True,34.0,6.0,,0,34,1.38,156.0,6,0.0,1440.0,1440.0,2008,False,False,False,False,False,False,False,True,True,True,False,True,True,True,False,False,True,False,False,False,False,False,False,True,False,False,False,False,False,False,False,False,False,False,False,False,False,False,False,False,False,False,False,False,False,False,False,False,False,False,False,False,False,False,False,False,True,False,False,False,False,False,False,False,False,False,False,False,False,False,False,False,False
1828,2,True,True,10.0,,,0,10,1.38,156.0,7,0.0,1440.0,1440.0,2012,False,False,False,True,True,True,True,True,True,True,True,True,True,True,False,False,False,True,False,False,False,False,False,False,True,False,False,False,False,False,True,False,False,False,False,False,False,False,False,False,False,False,False,False,False,False,False,False,False,False,False,False,False,False,False,False,False,False,False,False,False,False,False,False,False,False,False,False,False,False,False,False,False
2605,2,True,True,12.0,1.0,,0,12,1.38,156.0,7,1.0,,,2000,False,False,False,True,True,False,True,True,True,True,True,True,True,True,False,False,False,False,True,False,False,False,False,False,True,False,False,False,False,False,False,False,False,False,False,False,False,False,False,False,False,False,False,False,False,False,False,False,False,False,False,False,False,False,False,False,False,False,False,False,False,False,False,False,False,False,False,False,False,True,False,False,False
1819,2,True,True,12.0,1.0,,0,12,1.38,120.0,5,450.0,1020.0,570.0,2025,False,False,False,True,False,False,True,True,True,False,False,True,True,True,False,True,False,False,True,False,False,False,False,False,True,False,False,False,False,False,False,False,False,False,False,False,False,False,False,False,False,False,False,False,False,False,False,False,False,False,False,False,False,False,False,False,False,False,False,True,False,False,False,False,False,False,False,False,False,False,False,False,False
1337,1,True,True,45.0,4.0,3.0,0,45,1.38,156.0,5,390.0,1080.0,690.0,2003,False,False,False,True,True,True,True,True,True,False,False,True,True,True,True,True,True,False,False,False,False,False,False,True,False,False,False,False,False,False,False,True,False,False,False,False,False,False,False,False,False,False,False,False,False,False,False,False,False,False,False,False,False,False,False,False,False,False,False,False,False,False,False,False,False,False,False,False,False,False,False,False,False
2649,2,True,True,110.0,9.0,6.0,0,110,1.38,156.0,7,390.0,1380.0,990.0,2024,False,False,False,True,True,True,True,True,True,True,True,True,True,True,True,False,True,False,False,False,False,False,False,True,False,False,False,False,False,True,False,False,False,False,False,False,False,False,False,False,False,False,False,False,False,False,False,False,False,False,False,False,False,False,False,False,False,False,False,False,False,False,False,False,False,False,False,False,False,False,False,False,False
165,2,True,True,99.0,4.0,6.0,0,99,1.38,144.0,5,360.0,1140.0,780.0,2018,False,False,False,True,True,True,True,True,True,False,False,True,True,True,True,True,True,False,False,False,False,False,False,True,False,False,False,False,False,False,False,False,False,False,False,False,False,False,False,False,False,False,False,False,False,False,False,False,False,False,False,False,False,False,False,False,True,False,False,False,False,False,False,False,False,False,False,False,False,False,False,False,False
1311,5,True,True,60.0,8.0,3.0,0,60,18.0,156.0,5,390.0,1080.0,690.0,1997,False,False,False,False,True,True,True,True,True,False,False,True,True,True,True,True,True,False,False,False,False,False,False,True,False,False,False,False,False,False,False,False,False,False,False,False,False,True,False,False,False,False,False,False,False,False,False,False,False,False,False,False,False,False,False,False,False,False,False,False,False,False,False,False,False,False,False,False,False,False,False,False,False
3062,2,True,True,50.0,6.0,2.0,0,50,1.38,156.0,5,420.0,1080.0,660.0,1997,False,False,False,True,True,True,True,True,True,False,False,True,True,True,True,True,True,False,False,False,False,False,False,True,False,False,False,False,False,False,False,False,False,False,False,False,False,False,False,False,False,False,False,False,False,False,False,False,False,False,True,False,False,False,False,False,False,False,False,False,False,False,False,False,False,False,False,False,False,False,False,False,False
3038,2,True,True,48.0,3.0,4.0,0,48,24.0,72.0,5,420.0,1080.0,660.0,2024,False,False,False,False,True,False,False,True,True,False,False,True,True,True,False,True,True,False,False,False,False,False,False,True,False,False,False,False,False,False,False,False,False,False,False,False,False,False,False,False,False,False,False,False,False,False,False,False,False,False,False,False,False,False,False,False,True,False,False,False,False,False,False,False,False,False,False,False,False,False,False,False,False
121,2,True,True,60.0,10.0,6.0,0,60,1.38,156.0,5,330.0,1110.0,780.0,2006,False,False,False,True,True,True,True,True,True,False,False,True,True,True,True,True,True,False,False,False,False,False,False,True,False,False,False,False,False,False,False,False,False,True,False,False,False,False,False,False,False,False,False,False,False,False,False,False,False,False,False,False,False,False,False,False,False,False,False,False,False,False,False,False,False,False,False,False,False,False,False,False,False
831,2,True,True,45.0,7.0,1.0,0,45,6.0,144.0,5,330.0,1140.0,810.0,2022,False,False,False,True,True,True,True,True,True,False,False,True,True,True,True,True,True,False,False,False,False,False,False,True,False,False,False,False,False,False,False,False,False,False,False,False,False,False,False,False,False,False,False,False,False,False,False,False,False,True,False,False,False,False,False,False,False,False,False,False,False,False,False,False,False,False,False,False,False,False,False,False,False
2559,3,True,True,24.0,2.0,,0,24,18.0,156.0,5,360.0,1080.0,720.0,2020,False,False,False,False,True,True,True,True,True,False,False,True,True,True,True,True,True,False,False,False,False,False,False,True,False,False,False,False,False,False,False,False,False,True,False,False,False,False,False,False,False,False,False,False,False,False,False,False,False,False,False,False,False,False,False,False,False,False,False,False,False,False,False,False,False,False,False,False,False,False,False,False,False
2826,2,True,True,12.0,1.0,,0,12,36.0,60.0,5,450.0,990.0,540.0,2025,False,False,False,False,True,False,False,True,True,False,False,True,True,True,False,True,False,False,False,True,False,False,False,False,False,False,True,False,False,False,False,False,False,False,False,False,True,False,False,False,False,False,False,False,False,False,False,False,False,False,False,False,False,False,False,False,False,False,False,False,False,False,False,False,False,False,False,False,False,False,False,False,False
78,2,True,True,60.0,4.0,8.0,0,60,18.0,144.0,7,450.0,1440.0,990.0,2016,False,False,False,False,True,True,True,True,True,True,True,True,True,True,True,True,True,False,False,False,False,False,False,True,False,False,False,False,False,False,False,False,False,False,False,False,False,True,False,False,False,False,False,False,False,False,False,False,False,False,False,False,False,False,False,False,False,False,False,False,False,False,False,False,False,False,False,False,False,False,False,False,False
2011,1,True,True,10.0,,,0,10,1.38,156.0,5,420.0,1020.0,600.0,2025,False,False,False,True,True,False,True,True,True,False,False,True,True,True,False,False,False,True,False,False,False,False,False,False,True,False,False,False,False,False,False,False,False,False,False,False,False,False,False,False,False,False,False,False,False,False,False,False,False,False,False,False,False,False,True,False,False,False,False,False,False,False,False,False,False,False,False,False,False,False,False,False,False
655,2,True,True,10.0,1.0,,0,10,12.0,144.0,6,390.0,1110.0,720.0,2023,False,False,False,False,True,True,False,True,True,True,False,True,True,True,False,True,False,True,False,False,False,False,False,False,True,False,False,False,False,False,False,False,False,False,False,False,False,False,False,False,False,False,False,False,False,False,False,False,False,False,False,False,False,False,False,False,True,False,False,False,False,False,False,False,False,False,False,False,False,False,False,False,False
2588,5,True,True,12.0,1.0,1.0,0,12,1.38,156.0,7,1.0,,,2001,False,False,False,True,True,False,True,True,True,True,True,True,True,True,True,True,False,False,True,False,False,False,False,False,True,False,False,False,False,False,False,False,False,False,False,False,False,False,False,False,False,False,False,False,False,False,False,False,False,False,False,False,False,False,False,False,False,False,False,False,False,False,False,False,False,False,False,False,False,False,True,False,False
109,1,True,False,30.0,6.0,1.0,0,,,,,,,,,False,False,False,True,True,False,True,False,False,False,False,False,False,False,False,True,False,False,False,False,False,False,False,True,False,False,False,False,False,False,False,False,False,False,False,False,False,False,False,False,False,False,False,False,False,False,False,False,False,False,False,False,False,False,False,False,False,False,False,False,False,False,False,False,False,False,False,False,False,False,False,False,False
3219,2,True,True,183.0,19.0,10.0,0,183,1.38,144.0,5,420.0,1080.0,660.0,2020,False,False,False,True,True,False,True,True,True,False,False,True,True,True,False,True,True,False,False,False,False,False,False,True,False,False,False,False,False,False,False,False,False,False,False,False,False,False,False,False,False,False,False,False,False,False,False,False,False,True,False,False,False,False,False,False,False,False,False,False,False,False,False,False,False,False,False,False,False,False,False,False,False
2622,2,True,True,87.0,10.0,6.0,0,87,1.38,156.0,5,360.0,1170.0,810.0,2018,False,False,False,True,True,True,True,True,True,False,False,True,True,True,True,False,True,False,False,False,False,False,False,True,False,False,False,False,False,False,False,False,False,False,False,False,False,True,False,False,False,False,False,False,False,False,False,False,False,False,False,False,False,False,False,False,False,False,False,False,False,False,False,False,False,False,False,False,False,False,False,False,False
1891,5,True,True,80.0,8.0,7.0,0,80,1.38,144.0,5,360.0,1080.0,720.0,2019,False,False,False,True,True,True,True,True,True,False,False,True,True,True,True,True,True,False,False,False,False,False,False,True,False,False,False,False,False,False,True,False,False,False,False,False,False,False,False,False,False,False,False,False,False,False,False,False,False,False,False,False,False,False,False,False,False,False,False,False,False,False,False,False,False,False,False,False,False,False,False,False,False
517,1,True,True,10.0,1.0,,0,10,1.38,156.0,5,300.0,1080.0,780.0,2023,False,False,False,True,False,True,True,True,True,False,False,True,True,True,True,True,False,True,False,False,False,False,False,False,True,False,False,False,False,False,False,False,False,False,False,False,False,False,False,False,False,False,False,False,False,False,False,False,False,True,False,False,False,False,False,False,False,False,False,False,False,False,False,False,False,False,False,False,False,False,False,False,False
3262,2,True,True,10.0,1.0,,0,10,1.38,156.0,5,450.0,1080.0,630.0,2007,False,False,False,True,True,True,False,True,True,False,False,True,True,True,False,False,False,True,False,False,False,False,False,False,True,False,False,False,False,False,False,False,False,False,False,False,False,False,False,False,False,False,False,False,False,False,False,False,False,False,False,False,False,False,False,False,False,False,False,False,False,False,False,False,False,False,False,False,False,False,False,True,False
2424,1,True,True,10.0,1.0,,0,10,1.38,156.0,5,390.0,1050.0,660.0,2010,False,False,False,True,True,True,True,True,True,False,False,True,True,True,False,False,False,True,False,False,False,False,False,False,True,False,False,False,False,False,False,False,False,False,False,False,False,True,False,False,False,False,False,False,False,False,False,False,False,False,False,False,False,False,False,False,False,False,False,False,False,False,False,False,False,False,False,False,False,False,False,False,False
2913,2,True,True,67.0,,,0,67,1.38,156.0,5,390.0,1080.0,690.0,2022,False,False,False,True,True,False,True,True,True,False,False,True,True,True,False,True,True,False,False,False,False,False,False,True,False,False,False,False,False,False,False,False,False,False,False,False,False,False,False,False,False,False,False,False,False,False,False,False,False,False,False,False,False,True,False,False,False,False,False,False,False,False,False,False,False,False,False,False,False,False,False,False,False
1163,2,True,True,90.0,13.0,1.0,0,90,1.38,156.0,5,390.0,1080.0,690.0,2017,False,False,False,True,True,True,True,True,True,False,False,True,True,True,True,True,True,False,False,False,False,False,False,True,False,False,False,False,False,False,False,False,False,False,False,False,False,False,False,False,False,False,False,False,False,False,False,False,False,False,False,False,False,False,False,False,True,False,False,False,False,False,False,False,False,False,False,False,False,False,False,False,False
1832,1,True,True,10.0,1.0,,0,10,1.38,156.0,7,0.0,1440.0,1440.0,2009,False,False,False,True,True,True,True,True,True,True,True,True,True,True,True,True,False,True,False,False,False,False,False,False,True,False,False,False,False,False,False,False,False,False,False,False,False,False,False,False,False,False,False,False,False,False,False,False,False,False,False,False,False,False,False,False,True,False,False,False,False,False,False,False,False,False,False,False,False,False,False,False,False
178,2,True,True,12.0,1.0,,0,12,1.38,156.0,5,1.0,,,2001,False,False,False,True,True,True,True,True,True,False,False,True,True,True,False,False,False,False,True,False,False,False,False,False,True,False,False,False,False,False,False,False,False,False,False,False,False,False,False,False,False,False,False,False,False,False,False,False,False,False,False,False,False,False,False,False,False,False,False,False,False,False,False,False,False,False,False,False,False,True,False,False,False
3205,3,True,True,12.0,,2.0,1,12,1.38,156.0,5,360.0,1080.0,720.0,2006,False,False,False,True,True,False,True,True,True,False,False,True,True,True,True,True,False,False,True,False,False,False,False,False,True,False,False,False,True,False,False,False,False,False,False,False,False,True,False,False,False,False,False,False,False,False,False,False,False,False,False,False,False,False,False,False,False,False,False,False,False,False,False,False,False,False,False,False,False,False,False,False,False
1329,1,True,True,10.0,1.0,1.0,0,10,1.38,156.0,7,0.0,1440.0,1440.0,2012,False,False,False,True,True,True,True,True,True,True,True,True,True,True,True,False,False,True,False,False,False,False,False,False,True,False,False,False,False,False,False,False,False,False,False,False,False,False,False,False,False,False,False,False,False,False,False,False,False,False,False,False,False,False,False,False,True,False,False,False,False,False,False,False,False,False,False,False,False,False,False,False,False
2952,2,True,True,10.0,1.0,,0,10,1.38,156.0,5,450.0,1050.0,600.0,2021,False,False,False,True,True,True,True,True,True,False,False,True,True,True,False,True,False,True,False,False,False,False,False,False,True,False,False,False,False,False,False,False,False,False,False,False,False,False,False,False,False,False,False,False,False,False,False,False,False,False,False,False,False,False,False,False,False,False,False,False,False,False,False,False,False,False,True,False,False,False,False,False,False
260,1,True,True,10.0,,,0,10,1.38,144.0,5,390.0,1080.0,690.0,2025,False,False,False,True,True,False,True,True,True,False,False,True,True,True,False,False,False,False,False,False,False,True,False,False,True,False,False,False,False,False,True,False,False,False,False,False,False,False,False,False,False,False,False,False,False,False,False,False,False,False,False,False,False,False,False,False,False,False,False,False,False,False,False,False,False,False,False,False,False,False,False,False,False
2221,1,True,True,12.0,1.0,,0,12,1.38,96.0,5,1140.0,,,2025,False,False,False,True,False,False,True,True,True,False,False,True,True,True,False,True,False,False,False,False,False,False,True,False,True,False,False,False,False,False,False,False,False,False,False,False,False,False,False,False,False,False,False,False,False,False,False,False,False,False,False,False,False,False,False,False,False,False,False,False,False,False,False,False,False,False,False,False,False,False,False,False,True
492,2,True,True,12.0,1.0,,0,12,1.38,156.0,7,0.0,1440.0,1440.0,2022,False,False,False,True,True,True,True,True,True,True,True,True,True,True,False,True,False,False,True,False,False,False,False,False,True,False,False,False,False,False,False,False,False,False,False,False,False,True,False,False,False,False,False,False,False,False,False,False,False,False,False,False,False,False,False,False,False,False,False,False,False,False,False,False,False,False,False,False,False,False,False,False,False
1792,1,True,True,10.0,1.0,1.0,0,10,1.38,156.0,5,390.0,1230.0,840.0,2018,False,False,False,True,True,True,True,True,True,False,False,True,True,True,True,False,False,True,False,False,False,False,False,False,True,False,False,False,False,False,False,False,False,False,False,False,False,False,False,False,False,False,False,False,False,False,False,False,False,False,False,False,False,False,False,False,True,False,False,False,False,False,False,False,False,False,False,False,False,False,False,False,False
1355,1,True,True,12.0,2.0,2.0,0,12,1.38,72.0,5,420.0,1050.0,630.0,2024,False,False,False,True,True,True,True,True,True,False,False,True,True,True,False,False,False,False,True,False,False,False,False,False,True,False,False,False,False,False,False,False,False,False,False,False,False,False,False,False,False,False,False,False,False,False,True,False,False,False,False,False,False,False,False,False,False,False,False,False,False,False,False,False,False,False,False,False,False,False,False,False,False
909,2,True,True,12.0,1.0,1.0,0,12,1.38,156.0,5,420.0,1050.0,630.0,2015,False,False,False,True,False,False,True,True,True,False,False,True,True,True,False,False,False,False,True,False,False,False,False,False,True,False,False,False,False,False,False,False,False,False,False,False,False,False,False,False,False,False,False,False,False,False,True,False,False,False,False,False,False,False,False,False,False,False,False,False,False,False,False,False,False,False,False,False,False,False,False,False,False
2375,2,True,True,12.0,,1.0,0,12,1.38,120.0,5,360.0,1020.0,660.0,2024,False,False,False,True,True,False,True,True,True,False,False,True,True,True,True,False,False,False,True,False,False,False,False,False,True,False,False,False,False,False,False,False,False,False,False,False,False,False,False,False,True,False,False,False,False,False,False,False,False,False,False,False,False,False,False,False,False,False,False,False,False,False,False,False,False,False,False,False,False,False,False,False,False
469,5,True,True,10.0,1.0,,0,10,1.38,156.0,5,420.0,1050.0,630.0,2006,False,False,False,True,True,True,False,True,True,False,False,True,True,True,True,True,False,True,False,False,False,False,False,False,True,False,False,False,False,False,False,False,False,False,False,False,False,False,False,False,False,False,False,False,False,True,False,False,False,False,False,False,False,False,False,False,False,False,False,False,False,False,False,False,False,False,False,False,False,False,False,False,False
1845,2,True,True,50.0,2.0,2.0,0,50,1.38,156.0,6,0.0,1440.0,1440.0,2004,False,False,False,True,True,True,True,True,True,True,False,True,True,True,True,True,True,False,False,False,False,False,False,True,False,False,False,False,False,False,False,False,False,False,False,False,False,False,False,False,False,False,False,False,False,False,False,False,False,False,False,False,False,False,False,False,True,False,False,False,False,False,False,False,False,False,False,False,False,False,False,False,False
2244,1,True,True,12.0,,,0,12,1.38,156.0,5,390.0,1050.0,660.0,2007,False,False,False,True,True,True,True,True,True,False,False,True,True,True,False,False,False,False,True,False,False,False,False,False,True,False,False,False,False,False,False,False,False,False,False,False,False,False,False,False,False,False,False,False,False,False,False,False,False,False,True,False,False,False,False,False,False,False,False,False,False,False,False,False,False,False,False,False,False,False,False,False,False
3269,2,True,True,8.0,,,0,8,1.38,156.0,5,390.0,1080.0,690.0,1998,False,False,False,False,True,False,True,True,True,False,False,True,True,True,True,False,False,True,False,False,False,False,False,False,True,False,False,False,False,False,False,False,True,False,False,False,False,False,False,False,False,False,False,False,False,False,False,False,False,False,False,False,False,False,False,False,False,False,False,False,False,False,False,False,False,False,False,False,False,False,False,False,False
1739,1,True,True,12.0,,,0,12,1.38,144.0,5,420.0,1080.0,660.0,2024,False,False,False,False,True,True,False,True,True,False,False,True,True,True,True,True,False,False,True,False,False,False,False,False,True,False,False,False,False,False,False,False,False,False,False,False,False,False,False,False,False,False,False,False,False,False,False,False,False,False,False,False,False,False,False,False,False,False,False,True,False,False,False,False,False,False,False,False,False,False,False,False,False
136,1,True,True,12.0,2.0,,0,12,36.0,72.0,5,510.0,900.0,390.0,1997,False,False,False,False,True,False,False,True,True,False,False,True,True,True,False,True,False,False,False,True,False,False,False,False,False,False,True,False,False,False,True,False,False,False,False,False,False,False,False,False,False,False,False,False,False,False,False,False,False,False,False,False,False,False,False,False,False,False,False,False,False,False,False,False,False,False,False,False,False,False,False,False,False
2640,1,True,True,12.0,1.0,1.0,0,12,1.38,156.0,5,330.0,1110.0,780.0,1999,False,False,False,True,True,True,True,True,True,False,False,True,True,True,False,False,False,False,True,False,False,False,False,False,True,False,False,False,False,False,False,False,False,False,False,False,False,False,False,False,False,False,False,False,False,False,False,False,False,False,False,False,False,False,False,False,False,False,False,False,False,True,False,False,False,False,False,False,False,False,False,False,False
919,2,True,True,12.0,,,0,12,1.38,156.0,5,420.0,1050.0,630.0,2018,False,False,False,True,True,False,True,True,True,False,False,True,True,True,False,True,False,False,True,False,False,False,False,False,True,False,False,False,False,False,False,False,False,False,False,False,False,True,False,False,False,False,False,False,False,False,False,False,False,False,False,False,False,False,False,False,False,False,False,False,False,False,False,False,False,False,False,False,False,False,False,False,False
2074,5,True,True,12.0,1.0,,0,12,1.38,156.0,5,420.0,1140.0,720.0,2000,False,False,False,True,True,True,True,True,True,False,False,True,True,True,False,True,False,False,True,False,False,False,False,False,True,False,False,False,False,False,False,False,False,True,False,False,False,False,False,False,False,False,False,False,False,False,False,False,False,False,False,False,False,False,False,False,False,False,False,False,False,False,False,False,False,False,False,False,False,False,False,False,False
694,1,True,True,12.0,,,0,12,1.38,156.0,5,360.0,1080.0,720.0,2011,False,False,False,False,True,True,True,True,True,False,False,True,True,True,False,False,False,False,True,False,False,False,False,False,True,False,False,False,False,False,False,False,False,False,False,False,False,False,False,False,False,False,False,False,False,False,False,False,False,False,False,False,False,False,False,False,False,False,True,False,False,False,False,False,False,False,False,False,False,False,False,False,False
2868,1,True,True,10.0,1.0,,0,10,1.38,156.0,5,450.0,1050.0,600.0,1997,False,False,False,True,True,True,True,True,True,False,False,True,True,True,False,False,False,True,False,False,False,False,False,False,True,False,False,False,False,False,False,False,True,False,False,False,False,False,False,False,False,False,False,False,False,False,False,False,False,False,False,False,False,False,False,False,False,False,False,False,False,False,False,False,False,False,False,False,False,False,False,False,False
2181,2,True,True,144.0,16.0,13.0,0,144,1.38,144.0,5,420.0,1080.0,660.0,2011,False,False,False,True,True,False,True,True,True,False,False,True,True,True,True,True,True,False,False,False,False,False,False,True,False,False,False,False,False,False,False,False,False,False,False,False,False,True,False,False,False,False,False,False,False,False,False,False,False,False,False,False,False,False,False,False,False,False,False,False,False,False,False,False,False,False,False,False,False,False,False,False,False
2404,2,True,True,187.0,30.0,17.0,0,187,1.38,156.0,5,390.0,1050.0,660.0,2001,False,False,False,True,True,True,True,True,True,False,False,True,True,True,True,True,True,False,False,False,False,False,False,True,False,False,False,False,False,False,False,False,False,False,False,False,False,True,False,False,False,False,False,False,False,False,False,False,False,False,False,False,False,False,False,False,False,False,False,False,False,False,False,False,False,False,False,False,False,False,False,False,False
689,5,True,True,75.0,5.0,3.0,0,75,1.38,156.0,5,360.0,1080.0,720.0,2021,False,False,False,True,True,True,True,True,True,False,False,True,True,True,True,True,True,False,False,False,False,False,False,True,False,False,False,False,False,False,False,False,False,False,False,False,False,False,False,False,False,False,False,False,False,False,False,False,False,False,False,False,False,False,False,False,True,False,False,False,False,False,False,False,False,False,False,False,False,False,False,False,False
743,3,True,True,100.0,5.0,13.0,1,100,18.0,132.0,5,420.0,1065.0,645.0,2001,False,False,True,False,True,True,True,True,True,False,False,True,True,True,True,True,True,False,False,False,False,False,False,True,False,False,False,False,False,False,False,False,False,False,False,False,False,True,False,False,False,False,False,False,False,False,False,False,False,False,False,False,False,False,False,False,False,False,False,False,False,False,False,False,False,False,False,False,False,False,False,False,False
3055,2,True,True,10.0,1.0,,0,10,1.38,156.0,5,360.0,1080.0,720.0,1997,False,False,False,True,True,True,True,True,True,False,False,True,True,True,False,True,False,True,False,False,False,False,False,False,True,False,False,False,False,False,False,False,False,False,False,False,False,False,False,False,False,False,False,False,False,False,False,False,False,False,False,False,False,False,False,False,True,False,False,False,False,False,False,False,False,False,False,False,False,False,False,False,False
403,2,True,True,180.0,15.0,,0,180,1.38,144.0,5,240.0,1260.0,1020.0,2023,False,False,False,True,True,True,True,True,True,False,False,True,True,True,False,True,True,False,False,False,False,False,False,True,False,False,False,False,False,False,False,False,False,False,True,False,False,False,False,False,False,False,False,False,False,False,False,False,False,False,False,False,False,False,False,False,False,False,False,False,False,False,False,False,False,False,False,False,False,False,False,False,False
670,2,True,True,135.0,18.0,4.0,0,135,1.38,156.0,5,360.0,1080.0,720.0,2003,False,False,False,True,True,True,True,True,True,False,False,True,True,True,True,True,True,False,False,False,False,False,False,True,False,False,False,False,False,False,False,False,False,False,False,False,False,False,False,False,False,False,False,False,False,False,False,False,False,False,False,False,False,False,False,False,False,False,False,False,False,False,False,False,False,True,False,False,False,False,False,False,False
2779,2,True,True,12.0,,1.0,0,12,1.38,96.0,5,330.0,1050.0,720.0,2008,False,False,False,True,True,True,True,True,True,False,False,True,True,True,False,False,False,False,True,False,False,False,False,False,True,False,False,False,False,False,False,False,False,False,False,False,False,False,False,False,False,False,False,False,False,False,False,False,False,False,False,False,False,False,False,False,False,False,False,False,False,True,False,False,False,False,False,False,False,False,False,False,False
1872,2,True,True,53.0,6.0,2.0,0,53,1.38,144.0,5,315.0,1110.0,795.0,2018,False,False,False,True,True,True,True,True,True,False,False,True,True,True,True,False,True,False,False,False,False,False,False,True,False,False,False,False,False,False,False,False,False,False,False,False,False,False,False,False,False,False,False,False,False,False,False,False,False,False,False,False,False,True,False,False,False,False,False,False,False,False,False,False,False,False,False,False,False,False,False,False,False
495,2,True,True,58.0,3.0,,0,58,1.38,144.0,5,300.0,1080.0,780.0,2021,False,False,False,False,True,True,True,True,True,False,False,True,True,True,True,False,True,False,False,False,False,False,False,True,False,False,False,False,False,False,False,False,False,False,False,False,False,False,False,False,False,False,False,False,False,False,False,False,False,False,False,False,False,True,False,False,False,False,False,False,False,False,False,False,False,False,False,False,False,False,False,False,False
671,1,True,True,12.0,1.0,,0,12,1.38,144.0,7,0.0,1440.0,1440.0,2024,False,False,False,True,True,True,True,True,True,True,True,True,True,True,True,False,False,False,True,False,False,False,False,False,True,False,False,False,False,False,False,False,False,False,False,False,False,False,False,False,False,False,False,False,True,False,False,False,False,False,False,False,False,False,False,False,False,False,False,False,False,False,False,False,False,False,False,False,False,False,False,False,False
2803,2,True,True,72.0,8.0,2.0,0,72,1.38,156.0,6,300.0,1380.0,1080.0,2018,False,False,False,True,True,True,True,True,True,True,False,True,True,True,True,False,True,False,False,False,False,False,False,True,False,False,False,False,False,False,False,False,False,False,False,False,False,False,False,False,False,False,False,False,False,False,False,False,False,False,False,False,False,True,False,False,False,False,False,False,False,False,False,False,False,False,False,False,False,False,False,False,False
488,2,True,True,224.0,12.0,1.0,0,224,1.38,144.0,7,300.0,1380.0,1080.0,2020,False,False,False,True,True,True,True,True,True,True,True,True,True,True,True,False,True,False,False,False,False,False,False,True,False,False,False,False,False,False,False,False,False,False,False,False,False,False,False,False,False,False,False,False,False,False,False,False,False,False,False,False,False,False,False,False,True,False,False,False,False,False,False,False,False,False,False,False,False,False,False,False,False
1099,2,True,True,10.0,,,0,10,1.38,156.0,6,360.0,1080.0,720.0,2011,False,False,False,True,True,True,True,True,True,True,False,True,True,True,True,True,False,True,False,False,False,False,False,False,True,False,False,False,False,False,False,False,False,False,False,False,False,False,False,False,False,False,False,False,False,False,False,False,False,False,False,False,False,False,False,False,True,False,False,False,False,False,False,False,False,False,False,False,False,False,False,False,False
1237,5,True,True,206.0,24.0,140.0,0,206,1.38,156.0,5,390.0,1110.0,720.0,2010,False,False,False,True,True,False,True,True,True,False,False,True,True,True,False,True,True,False,False,False,False,False,False,True,False,False,False,False,False,False,False,False,False,False,False,False,False,True,False,False,False,False,False,False,False,False,False,False,False,False,False,False,False,False,False,False,False,False,False,False,False,False,False,False,False,False,False,False,False,False,False,False,False
2275,3,True,True,212.0,22.0,1.0,1,212,1.38,156.0,5,360.0,1080.0,720.0,2006,True,False,False,True,True,True,True,True,True,False,False,True,True,True,False,True,True,False,False,False,False,False,False,True,False,False,False,False,False,False,False,False,False,False,False,False,False,False,False,False,False,False,False,False,False,False,False,False,False,False,False,False,False,False,False,False,True,False,False,False,False,False,False,False,False,False,False,False,False,False,False,False,False
3098,1,True,True,99.0,8.0,4.0,0,99,1.38,144.0,5,330.0,1170.0,840.0,2020,False,False,False,True,True,True,True,True,True,False,False,True,True,True,True,True,True,False,False,False,False,False,False,True,False,False,False,False,False,False,False,False,False,False,False,False,False,False,False,False,False,False,False,False,False,False,False,False,False,False,False,False,False,False,False,False,True,False,False,False,False,False,False,False,False,False,False,False,False,False,False,False,False
91,5,True,True,39.0,7.0,4.0,0,39,1.38,156.0,5,390.0,1080.0,690.0,2024,False,False,False,False,True,True,True,True,True,False,False,True,True,True,False,True,True,False,False,False,False,False,False,True,False,False,False,False,False,False,True,False,False,False,False,False,False,False,False,False,False,False,False,False,False,False,False,False,False,False,False,False,False,False,False,False,False,False,False,False,False,False,False,False,False,False,False,False,False,False,False,False,False
2243,1,True,True,10.0,,1.0,0,10,1.38,156.0,7,0.0,1439.0,1439.0,2008,False,False,False,True,False,True,True,True,True,True,True,True,True,True,True,False,False,True,False,False,False,False,False,False,True,False,False,False,False,False,False,False,False,False,False,False,False,False,False,False,False,False,False,False,False,False,False,False,False,False,False,False,False,False,False,False,True,False,False,False,False,False,False,False,False,False,False,False,False,False,False,False,False
2775,1,True,True,10.0,,,0,10,1.38,156.0,5,450.0,1050.0,600.0,2006,False,False,False,True,True,True,True,True,True,False,False,True,True,True,False,False,False,True,False,False,False,False,False,False,True,False,False,False,False,False,False,False,False,False,False,False,False,False,False,False,False,False,False,False,False,False,False,False,False,False,False,False,False,False,True,False,False,False,False,False,False,False,False,False,False,False,False,False,False,False,False,False,False
512,1,True,True,10.0,1.0,1.0,0,10,1.38,156.0,5,360.0,1080.0,720.0,1997,False,False,False,True,True,True,True,True,True,False,False,True,True,True,False,False,False,True,False,False,False,False,False,False,True,False,False,False,False,False,False,False,False,False,False,False,False,False,False,False,False,False,False,False,False,False,False,False,False,False,False,False,False,False,True,False,False,False,False,False,False,False,False,False,False,False,False,False,False,False,False,False,False
243,1,True,False,12.0,,,0,,,,,,,,,False,False,False,True,True,True,True,False,False,False,False,False,False,False,False,False,False,False,False,False,False,False,False,False,True,False,False,False,False,False,False,False,False,False,False,False,False,False,False,False,False,False,False,False,False,False,False,False,False,False,False,False,False,False,False,False,False,False,False,False,False,False,False,False,False,False,False,False,False,False,False,False,False
1818,2,True,True,12.0,,,0,12,1.38,144.0,7,360.0,1080.0,720.0,2024,False,False,False,True,True,True,True,True,True,True,True,True,True,True,False,True,False,False,True,False,False,False,False,False,True,False,False,False,False,False,False,False,False,False,False,False,False,False,False,False,False,False,False,False,False,False,False,False,False,False,False,False,False,False,False,False,False,False,False,False,False,False,False,False,False,False,False,True,False,False,False,False,False
973,1,True,True,74.0,15.0,,0,74,1.38,120.0,5,405.0,1050.0,645.0,2025,False,False,False,True,True,True,True,True,True,False,False,True,True,True,True,True,False,False,False,False,True,False,False,True,False,False,False,False,False,False,False,False,False,False,False,False,False,False,False,False,False,False,False,True,False,False,False,False,False,False,False,False,False,False,False,False,False,False,False,False,False,False,False,False,False,False,False,False,False,False,False,False,False
73,2,True,True,10.0,,,0,10,1.38,156.0,7,360.0,1080.0,720.0,2001,False,False,False,False,True,True,True,True,True,True,True,True,True,True,False,True,False,True,False,False,False,False,False,False,True,False,False,False,False,False,False,False,False,False,False,False,False,True,False,False,False,False,False,False,False,False,False,False,False,False,False,False,False,False,False,False,False,False,False,False,False,False,False,False,False,False,False,False,False,False,False,False,False
2636,2,True,True,12.0,1.0,1.0,0,12,1.38,156.0,5,300.0,1110.0,810.0,2023,False,False,False,True,True,True,True,True,True,False,False,True,True,True,False,False,False,False,True,False,False,False,False,False,True,False,False,False,False,False,False,False,False,False,False,True,False,False,False,False,False,False,False,False,False,False,False,False,False,False,False,False,False,False,False,False,False,False,False,False,False,False,False,False,False,False,False,False,False,False,False,False,False
1069,1,True,True,10.0,1.0,,0,10,1.38,156.0,5,420.0,1200.0,780.0,2010,False,False,False,False,False,True,False,True,True,False,False,True,True,True,False,True,False,True,False,False,False,False,False,False,True,False,False,False,False,False,False,False,False,False,False,False,False,True,False,False,False,False,False,False,False,False,False,False,False,False,False,False,False,False,False,False,False,False,False,False,False,False,False,False,False,False,False,False,False,False,False,False,False
2935,2,True,True,10.0,1.0,,0,10,1.38,156.0,7,0.0,1440.0,1440.0,2007,False,False,False,True,True,False,True,True,True,True,True,True,True,True,False,False,False,True,False,False,False,False,False,False,True,False,False,False,False,False,False,False,False,False,False,False,False,True,False,False,False,False,False,False,False,False,False,False,False,False,False,False,False,False,False,False,False,False,False,False,False,False,False,False,False,False,False,False,False,False,False,False,False
1971,1,True,True,40.0,1.0,6.0,0,40,36.0,72.0,5,480.0,960.0,480.0,2022,False,False,False,False,True,False,False,True,True,False,False,True,True,True,False,False,False,False,False,True,False,False,False,False,False,False,True,False,False,False,False,False,False,False,False,False,False,True,False,False,False,False,False,False,False,False,False,False,False,False,False,False,False,False,False,False,False,False,False,False,False,False,False,False,False,False,False,False,False,False,False,False,False
654,2,True,True,80.0,10.0,,0,80,36.0,60.0,5,510.0,690.0,180.0,2016,False,False,False,False,True,False,False,True,True,False,False,True,True,True,False,True,False,False,False,True,False,False,False,False,False,False,True,False,False,False,False,False,False,False,False,False,False,False,False,False,False,False,False,False,False,False,False,False,False,False,False,False,False,True,False,False,False,False,False,False,False,False,False,False,False,False,False,False,False,False,False,False,False
1125,5,True,True,75.0,2.0,8.0,0,75,24.0,144.0,5,450.0,1050.0,600.0,1996,False,False,False,False,True,False,False,True,True,False,False,True,True,True,True,True,True,False,False,False,False,False,False,True,False,False,False,False,False,False,False,False,False,False,False,False,False,True,False,False,False,False,False,False,False,False,False,False,False,False,False,False,False,False,False,False,False,False,False,False,False,False,False,False,False,False,False,False,False,False,False,False,False
1404,2,True,True,72.0,5.0,3.0,0,72,1.38,156.0,5,300.0,1440.0,1140.0,2018,False,False,False,True,True,True,True,True,True,False,False,True,True,True,True,True,True,False,False,False,False,False,False,True,False,False,False,False,False,False,False,False,False,False,False,False,False,False,False,False,False,False,False,False,False,False,False,False,False,False,False,False,False,False,False,True,False,False,False,False,False,False,False,False,False,False,False,False,False,False,False,False,False
2771,5,True,True,125.0,4.0,,0,125,36.0,156.0,5,390.0,1080.0,690.0,1996,False,False,False,False,True,True,False,True,True,False,False,True,True,True,True,True,True,False,False,False,False,False,False,True,False,False,False,False,False,False,False,False,False,False,False,False,False,False,False,False,False,False,False,False,False,False,False,False,False,False,False,False,False,False,False,False,True,False,False,False,False,False,False,False,False,False,False,False,False,False,False,False,False
2122,2,True,True,99.0,2.0,,0,99,36.0,156.0,5,390.0,1080.0,690.0,1997,False,False,False,False,True,True,False,True,True,False,False,True,True,True,True,True,True,False,False,False,False,False,False,True,False,False,False,False,False,False,False,False,False,False,False,False,False,False,False,False,False,False,False,False,False,False,False,False,False,False,False,False,False,False,False,False,True,False,False,False,False,False,False,False,False,False,False,False,False,False,False,False,False
1747,2,True,True,124.0,11.0,3.0,0,124,18.0,156.0,5,390.0,1080.0,690.0,1997,False,False,False,False,True,True,True,True,True,False,False,True,True,True,True,True,True,False,False,False,False,False,False,True,False,False,False,False,False,False,False,False,False,False,False,False,False,False,False,False,False,False,False,False,False,False,False,False,False,False,False,False,False,False,False,False,True,False,False,False,False,False,False,False,False,False,False,False,False,False,False,False,False
1948,5,True,True,99.0,4.0,7.0,0,99,36.0,156.0,5,390.0,1080.0,690.0,1998,False,False,False,False,True,True,False,True,True,False,False,True,True,True,True,True,True,False,False,False,False,False,False,True,False,False,False,False,False,False,False,False,False,False,False,False,False,False,False,False,False,False,False,False,False,False,False,False,False,False,False,False,False,False,False,False,True,False,False,False,False,False,False,False,False,False,False,False,False,False,False,False,False
2215,5,True,True,99.0,4.0,2.0,0,99,36.0,156.0,5,390.0,1080.0,690.0,1998,False,False,False,False,True,True,False,True,True,False,False,True,True,True,True,False,True,False,False,False,False,False,False,True,False,False,False,False,False,False,False,False,False,False,False,False,False,False,False,False,False,False,False,False,False,False,False,False,False,False,False,False,False,False,False,False,True,False,False,False,False,False,False,False,False,False,False,False,False,False,False,False,False
3232,3,True,True,150.0,11.0,4.0,0,150,18.0,156.0,5,390.0,1080.0,690.0,2012,False,False,False,False,True,False,True,True,True,False,False,True,True,True,True,True,True,False,False,False,False,False,False,True,False,False,False,False,False,False,False,False,False,False,False,False,False,False,False,False,False,False,False,False,False,False,False,False,False,False,False,False,False,False,False,False,True,False,False,False,False,False,False,False,False,False,False,False,False,False,False,False,False
1370,1,True,True,125.0,8.0,4.0,0,125,18.0,156.0,5,390.0,1080.0,690.0,1996,False,False,False,False,True,True,True,True,True,False,False,True,True,True,True,True,True,False,False,False,False,False,False,True,False,False,False,False,False,False,False,False,False,False,False,False,False,False,False,False,False,False,False,False,False,False,False,False,False,False,False,False,False,False,False,False,True,False,False,False,False,False,False,False,False,False,False,False,False,False,False,False,False
214,2,True,True,90.0,5.0,7.0,0,90,36.0,156.0,5,390.0,1080.0,690.0,1998,False,False,False,False,True,True,False,True,True,False,False,True,True,True,True,True,True,False,False,False,False,False,False,True,False,False,False,False,False,False,False,False,False,False,False,False,False,False,False,False,False,False,False,False,False,False,False,False,False,False,False,False,False,False,False,False,True,False,False,False,False,False,False,False,False,False,False,False,False,False,False,False,False
2948,3,False,False,,1.0,2.0,0,,,,,,,,,False,False,False,False,True,False,False,False,False,False,False,False,False,False,False,True,False,False,False,False,False,False,False,False,False,False,False,True,False,False,False,False,False,False,False,False,False,False,False,False,False,False,False,False,False,False,False,False,False,False,False,False,False,False,False,False,False,False,False,False,False,False,False,False,False,False,False,False,False,False,False,False,False
2041,1,True,True,50.0,,3.0,0,50,36.0,72.0,4,900.0,1080.0,180.0,2021,False,False,False,False,True,False,False,True,True,False,False,True,True,False,True,True,True,False,False,False,False,False,False,True,False,False,False,False,False,False,False,False,False,False,False,False,False,False,False,False,False,False,False,False,False,False,False,False,False,False,False,False,False,False,False,True,False,False,False,False,False,False,False,False,False,False,False,False,False,False,False,False,False
2426,2,True,True,10.0,,,0,10,1.38,156.0,7,0.0,1440.0,1440.0,2014,False,False,False,True,True,True,True,True,True,True,True,True,True,True,False,True,False,True,False,False,False,False,False,False,True,False,False,False,False,False,False,False,False,False,False,False,False,False,False,False,False,False,False,False,False,False,False,False,False,False,False,False,False,True,False,False,False,False,False,False,False,False,False,False,False,False,False,False,False,False,False,False,False
2320,2,True,True,10.0,1.0,1.0,0,10,1.38,156.0,5,450.0,990.0,540.0,2020,False,False,False,True,True,False,True,True,True,False,False,True,True,True,False,False,False,True,False,False,False,False,False,False,True,False,False,False,False,False,False,False,False,False,False,False,False,False,False,False,False,False,False,False,False,False,False,False,False,True,False,False,False,False,False,False,False,False,False,False,False,False,False,False,False,False,False,False,False,False,False,False,False
1175,5,True,True,10.0,1.0,,1,10,1.38,156.0,7,0.0,1440.0,1440.0,2018,False,False,False,False,True,True,True,True,True,True,True,True,True,True,True,False,False,True,False,False,False,False,False,False,True,False,False,False,True,False,False,False,False,False,False,False,False,True,False,False,False,False,False,False,False,False,False,False,False,False,False,False,False,False,False,False,False,False,False,False,False,False,False,False,False,False,False,False,False,False,False,False,False
3,4,True,True,140.0,2.0,4.0,0,140,36.0,156.0,5,390.0,1200.0,810.0,2000,False,False,False,False,True,False,False,True,True,False,False,True,True,True,True,True,True,False,False,False,False,False,False,True,False,False,False,False,False,False,False,False,False,False,False,False,False,True,False,False,False,False,False,False,False,False,False,False,False,False,False,False,False,False,False,False,False,False,False,False,False,False,False,False,False,False,False,False,False,False,False,False,False
1314,5,True,True,10.0,,,0,10,1.38,156.0,7,0.0,1440.0,1440.0,2007,False,False,False,True,True,True,True,True,True,True,True,True,True,True,True,False,False,True,False,False,False,False,False,False,True,False,False,False,False,False,False,False,False,False,False,False,False,False,False,False,False,False,True,False,False,False,False,False,False,False,False,False,False,False,False,False,False,False,False,False,False,False,False,False,False,False,False,False,False,False,False,False,False
2592,1,True,True,200.0,9.0,2.0,0,200,1.38,156.0,5,390.0,1080.0,690.0,2021,False,False,False,True,True,True,True,True,True,False,False,True,True,True,True,False,True,False,False,False,False,False,False,True,False,False,False,False,False,False,False,False,False,False,False,False,False,True,False,False,False,False,False,False,False,False,False,False,False,False,False,False,False,False,False,False,False,False,False,False,False,False,False,False,False,False,False,False,False,False,False,False,False
1710,2,True,True,99.0,8.0,,0,99,1.38,156.0,7,0.0,1440.0,1440.0,2025,False,False,False,True,True,True,True,True,True,True,True,True,True,True,True,True,True,False,False,False,False,False,False,True,False,False,False,False,False,False,False,False,False,False,False,False,False,False,False,False,False,False,False,False,False,False,False,False,False,False,False,False,False,False,False,False,True,False,False,False,False,False,False,False,False,False,False,False,False,False,False,False,False
2565,2,True,True,10.0,,,0,10,1.38,156.0,5,420.0,1080.0,660.0,2012,False,False,False,True,True,False,True,True,True,False,False,True,True,True,False,False,False,True,False,False,False,False,False,False,True,False,False,False,False,False,False,False,False,False,False,False,False,True,False,False,False,False,False,False,False,False,False,False,False,False,False,False,False,False,False,False,False,False,False,False,False,False,False,False,False,False,False,False,False,False,False,False,False
3015,2,True,True,114.0,,,0,114,1.38,156.0,5,390.0,1080.0,690.0,2006,False,False,False,True,True,True,True,True,True,False,False,True,True,True,True,True,True,False,False,False,False,False,False,True,False,False,False,False,False,False,False,False,False,False,False,False,False,True,False,False,False,False,False,False,False,False,False,False,False,False,False,False,False,False,False,False,False,False,False,False,False,False,False,False,False,False,False,False,False,False,False,False,False
311,2,True,True,50.0,6.0,,0,50,1.38,156.0,5,390.0,1080.0,690.0,2022,False,False,False,True,True,True,True,True,True,False,False,True,True,True,True,True,True,False,False,False,False,False,False,True,False,False,False,False,False,False,False,False,False,False,False,False,False,True,False,False,False,False,False,False,False,False,False,False,False,False,False,False,False,False,False,False,False,False,False,False,False,False,False,False,False,False,False,False,False,False,False,False,False
262,2,True,True,50.0,16.0,5.0,0,50,1.38,156.0,7,0.0,1440.0,1440.0,2015,False,False,False,True,True,True,True,True,True,True,True,True,True,True,True,True,True,False,False,False,False,False,False,True,False,False,False,False,False,False,False,False,False,False,False,False,False,True,False,False,False,False,False,False,False,False,False,False,False,False,False,False,False,False,False,False,False,False,False,False,False,False,False,False,False,False,False,False,False,False,False,False,False
2201,1,True,True,10.0,,,0,10,1.38,156.0,3,360.0,1260.0,900.0,2025,False,False,False,False,False,False,False,True,False,True,True,False,False,False,False,True,False,False,False,False,False,True,False,False,True,False,False,False,False,False,False,False,False,False,False,False,False,False,False,False,False,False,False,False,False,False,False,False,False,False,False,False,False,False,False,False,True,False,False,False,False,False,False,False,False,False,False,False,False,False,False,False,False
661,2,True,True,146.0,15.0,5.0,0,146,1.38,144.0,5,390.0,1050.0,660.0,2023,False,False,False,True,True,True,True,True,True,False,False,True,True,True,True,True,True,False,False,False,False,False,False,True,False,False,False,False,False,False,False,False,False,False,False,False,False,False,False,False,False,False,False,False,False,False,False,False,False,False,False,False,False,False,False,False,True,False,False,False,False,False,False,False,False,False,False,False,False,False,False,False,False
1549,1,True,True,177.0,18.0,10.0,0,177,1.38,144.0,5,360.0,1080.0,720.0,2022,False,False,False,True,True,True,True,True,True,False,False,True,True,True,True,True,True,False,False,False,False,False,False,True,False,False,False,False,False,False,False,False,False,False,False,False,False,False,False,False,False,False,False,False,False,False,False,False,False,False,False,False,False,False,False,False,True,False,False,False,False,False,False,False,False,False,False,False,False,False,False,False,False
748,2,True,True,159.0,15.0,2.0,0,159,1.38,144.0,5,360.0,1095.0,735.0,2018,False,False,False,True,True,False,True,True,True,False,False,True,True,True,True,True,True,False,False,False,False,False,False,True,False,False,False,False,False,False,False,False,False,False,False,False,False,False,False,False,False,False,False,False,False,False,False,False,False,False,False,False,False,False,False,False,True,False,False,False,False,False,False,False,False,False,False,False,False,False,False,False,False
2896,1,True,True,212.0,10.0,6.0,0,212,1.38,144.0,5,360.0,1110.0,750.0,2018,False,False,False,True,True,False,True,True,True,False,False,True,True,True,True,False,True,False,False,False,False,False,False,True,False,False,False,False,False,False,False,False,False,False,False,False,False,False,False,False,False,False,False,False,False,False,False,False,False,False,False,False,False,False,False,False,True,False,False,False,False,False,False,False,False,False,False,False,False,False,False,False,False
1356,3,True,True,90.0,7.0,18.0,1,90,1.38,72.0,5,390.0,1080.0,690.0,2022,True,False,False,True,True,False,True,True,True,False,False,True,True,True,True,True,True,False,False,False,False,False,False,True,False,False,False,False,False,False,False,False,False,False,False,False,False,False,False,False,False,False,False,False,False,False,False,False,False,False,False,False,False,False,False,False,True,False,False,False,False,False,False,False,False,False,False,False,False,False,False,False,False
68,1,True,True,27.0,1.0,,0,27,36.0,72.0,5,510.0,930.0,420.0,1998,False,False,False,False,True,False,False,True,True,False,False,True,True,True,False,True,False,False,False,True,False,False,False,False,False,False,True,False,False,False,False,False,False,True,False,False,False,False,False,False,False,False,False,False,False,False,False,False,False,False,False,False,False,False,False,False,False,False,False,False,False,False,False,False,False,False,False,False,False,False,False,False,False
3125,2,True,True,61.0,5.0,1.0,0,61,1.38,144.0,5,360.0,1080.0,720.0,2024,False,False,False,True,True,True,True,True,True,False,False,True,True,True,True,True,True,False,False,False,False,False,False,True,False,False,False,False,False,False,False,False,False,False,False,False,False,False,False,False,False,False,False,False,False,False,False,False,False,False,False,False,False,False,False,False,False,False,False,False,False,False,False,False,False,False,False,False,False,False,False,False,True
456,2,True,True,70.0,7.0,7.0,0,70,1.38,156.0,5,300.0,1080.0,780.0,2002,False,False,False,True,True,True,True,True,True,False,False,True,True,True,False,True,True,False,False,False,False,False,False,True,False,False,False,False,False,False,False,False,False,False,False,False,False,False,False,False,False,False,False,False,False,False,False,False,False,False,False,False,False,False,False,False,False,False,False,False,False,False,False,False,False,False,False,False,False,False,False,False,True
2939,2,True,True,12.0,3.0,4.0,0,12,1.38,156.0,5,330.0,1080.0,750.0,2013,False,False,False,True,True,True,True,True,True,False,False,True,True,True,True,True,False,False,True,False,False,False,False,False,True,False,False,False,False,False,False,False,False,False,False,False,False,False,False,False,False,False,False,False,False,False,False,False,False,False,False,True,False,False,False,False,False,False,False,False,False,False,False,False,False,False,False,False,False,False,False,False,False
1203,2,True,True,107.0,9.0,,0,107,1.38,108.0,5,360.0,1170.0,810.0,2024,False,False,False,True,True,True,True,True,True,False,False,True,True,True,True,True,True,False,False,False,False,False,False,True,False,False,False,False,False,False,False,False,False,False,False,False,False,False,False,False,False,True,False,False,False,False,False,False,False,False,False,False,False,False,False,False,False,False,False,False,False,False,False,False,False,False,False,False,False,False,False,False,False
2432,2,True,True,12.0,3.0,3.0,0,12,1.38,144.0,5,330.0,1080.0,750.0,2016,False,False,False,True,True,True,True,True,True,False,False,True,True,True,True,True,False,False,True,False,False,False,False,False,True,False,False,False,False,False,False,False,False,False,False,False,False,False,False,False,False,False,False,False,False,False,False,False,False,False,False,True,False,False,False,False,False,False,False,False,False,False,False,False,False,False,False,False,False,False,False,False,False
2898,1,True,True,40.0,5.0,1.0,0,40,36.0,72.0,5,450.0,1050.0,600.0,2023,False,False,False,False,True,False,False,True,True,False,False,True,True,True,True,True,True,False,False,False,False,False,False,True,False,False,False,False,False,False,False,False,False,False,False,False,False,False,False,False,False,False,False,False,False,False,False,False,False,True,False,False,False,False,False,False,False,False,False,False,False,False,False,False,False,False,False,False,False,False,False,False,False
2099,2,True,True,12.0,,,0,12,1.38,156.0,7,360.0,1080.0,720.0,2009,False,False,False,True,True,True,True,True,True,True,True,True,True,True,True,True,False,False,True,False,False,False,False,False,True,False,False,False,False,False,False,False,False,False,False,False,False,False,False,False,False,False,False,False,False,True,False,False,False,False,False,False,False,False,False,False,False,False,False,False,False,False,False,False,False,False,False,False,False,False,False,False,False
2152,1,True,True,24.0,1.0,,0,24,36.0,60.0,4,480.0,720.0,240.0,2022,False,False,False,False,True,False,False,False,True,False,False,True,True,True,False,True,False,False,False,True,False,False,False,False,False,False,True,False,False,False,False,False,False,False,False,False,False,False,False,False,False,False,False,False,False,False,False,False,False,False,False,False,False,False,False,False,False,False,False,False,True,False,False,False,False,False,False,False,False,False,False,False,False
482,1,True,True,10.0,,1.0,0,10,1.38,156.0,7,0.0,1440.0,1440.0,2004,False,False,False,True,True,True,True,True,True,True,True,True,True,True,True,True,False,False,True,False,False,False,False,False,True,False,False,False,False,False,False,False,False,False,False,False,False,False,False,False,False,False,False,False,False,False,False,False,False,False,False,False,False,False,False,False,True,False,False,False,False,False,False,False,False,False,False,False,False,False,False,False,False
2467,1,True,True,142.0,24.0,4.0,0,142,1.38,144.0,5,390.0,1080.0,690.0,2010,False,False,False,True,True,True,True,True,True,False,False,True,True,True,False,False,True,False,False,False,False,False,False,True,False,False,False,False,False,False,False,False,False,False,False,False,False,False,False,False,False,False,False,False,False,False,False,False,False,False,False,False,False,True,False,False,False,False,False,False,False,False,False,False,False,False,False,False,False,False,False,False,False
3057,1,True,True,90.0,6.0,6.0,0,90,1.38,156.0,5,330.0,1080.0,750.0,2003,False,False,False,True,True,True,True,True,True,False,False,True,True,True,True,False,True,False,False,False,False,False,False,True,False,False,False,False,False,False,False,False,False,False,False,False,False,False,False,False,False,False,False,False,False,False,False,False,False,False,False,False,False,False,False,False,False,False,False,True,False,False,False,False,False,False,False,False,False,False,False,False,False
3063,4,True,True,100.0,15.0,6.0,1,100,1.38,156.0,5,390.0,1080.0,690.0,1996,True,False,False,True,True,False,True,True,True,False,False,True,True,True,True,True,True,False,False,False,False,False,False,True,False,False,False,False,False,False,False,False,False,False,False,False,False,True,False,False,False,False,False,False,False,False,False,False,False,False,False,False,False,False,False,False,False,False,False,False,False,False,False,False,False,False,False,False,False,False,False,False,False
2976,2,True,True,12.0,,,0,12,1.38,156.0,7,0.0,1440.0,1440.0,2013,False,False,False,False,False,False,False,True,True,True,True,True,True,True,False,False,False,False,True,False,False,False,False,False,True,False,False,False,False,False,False,False,False,False,False,False,False,False,False,False,False,False,False,False,False,False,False,False,False,False,False,False,False,False,False,False,True,False,False,False,False,False,False,False,False,False,False,False,False,False,False,False,False
1561,2,True,True,98.0,20.0,2.0,0,98,1.38,156.0,5,360.0,1080.0,720.0,2016,False,False,False,True,True,True,True,True,True,False,False,True,True,True,True,False,True,False,False,False,False,False,False,True,False,False,False,False,False,False,False,False,False,False,False,False,False,False,False,False,False,False,False,False,False,False,False,False,False,False,False,False,False,True,False,False,False,False,False,False,False,False,False,False,False,False,False,False,False,False,False,False,False
1836,3,True,True,98.0,16.0,2.0,0,98,1.38,156.0,5,390.0,1080.0,690.0,2017,False,False,False,True,True,True,True,True,True,False,False,True,True,True,True,False,True,False,False,False,False,False,False,True,False,False,False,False,False,False,False,False,False,False,False,False,False,True,False,False,False,False,False,False,False,False,False,False,False,False,False,False,False,False,False,False,False,False,False,False,False,False,False,False,False,False,False,False,False,False,False,False,False
1554,2,True,True,12.0,1.0,1.0,0,12,1.38,156.0,7,330.0,1350.0,1020.0,2019,False,False,False,True,True,True,True,True,True,True,True,True,True,True,True,True,False,False,True,False,False,False,False,False,True,False,False,False,False,False,False,False,False,False,False,False,False,False,False,False,False,False,False,False,True,False,False,False,False,False,False,False,False,False,False,False,False,False,False,False,False,False,False,False,False,False,False,False,False,False,False,False,False
2448,2,True,True,10.0,1.0,,0,10,1.38,156.0,5,360.0,1080.0,720.0,2025,False,False,False,True,True,True,True,True,True,False,False,True,True,True,True,True,False,True,False,False,False,False,False,False,False,False,False,False,False,False,False,False,False,False,False,False,False,False,False,False,False,False,False,False,False,False,False,False,False,True,False,False,False,False,False,False,False,False,False,False,False,False,False,False,False,False,False,False,False,False,False,False,False
2191,2,True,True,12.0,,1.0,0,12,1.38,156.0,5,480.0,1050.0,570.0,2019,False,False,False,False,True,True,True,True,True,False,False,True,True,True,False,True,False,False,True,False,False,False,False,False,False,False,False,False,False,False,False,False,False,False,False,False,False,False,False,False,False,False,True,False,False,False,False,False,False,False,False,False,False,False,False,False,False,False,False,False,False,False,False,False,False,False,False,False,False,False,False,False,False
1507,1,True,True,10.0,1.0,,0,10,1.38,156.0,7,0.0,1440.0,1440.0,2007,False,False,False,True,True,True,True,True,True,True,True,True,True,True,True,False,False,True,False,False,False,False,False,False,True,False,False,False,False,False,False,False,False,False,False,False,False,False,False,False,False,False,False,False,False,False,False,False,False,False,False,False,False,False,False,False,True,False,False,False,False,False,False,False,False,False,False,False,False,False,False,False,False
2093,2,True,True,10.0,1.0,,0,10,1.38,156.0,5,420.0,1050.0,630.0,2013,False,False,False,True,True,True,True,True,True,False,False,True,True,True,True,False,False,True,False,False,False,False,False,False,True,False,False,False,False,False,False,False,False,False,False,False,False,True,False,False,False,False,False,False,False,False,False,False,False,False,False,False,False,False,False,False,False,False,False,False,False,False,False,False,False,False,False,False,False,False,False,False,False
1471,5,True,True,12.0,,,0,12,1.38,156.0,5,420.0,1050.0,630.0,2019,False,False,False,True,True,True,True,True,True,False,False,True,True,True,True,False,False,False,True,False,False,False,False,False,True,False,False,False,False,False,False,False,False,False,False,False,False,False,False,False,False,False,False,False,False,False,False,False,False,False,False,False,False,False,False,False,False,False,False,False,False,False,False,False,False,False,False,True,False,False,False,False,False
1768,1,True,True,12.0,,,0,12,1.38,156.0,5,420.0,1080.0,660.0,2025,False,False,False,False,False,False,False,True,True,False,False,True,True,True,False,False,False,False,False,False,False,False,True,False,True,False,False,False,False,False,False,False,False,False,False,False,False,False,False,False,False,True,False,False,False,False,False,False,False,False,False,False,False,False,False,False,False,False,False,False,False,False,False,False,False,False,False,False,False,False,False,False,False
510,2,True,True,40.0,9.0,,0,40,1.38,156.0,5,360.0,1170.0,810.0,2019,False,False,False,True,True,True,True,True,True,False,False,True,True,True,True,True,True,False,False,False,False,False,False,True,False,False,False,False,False,False,False,False,False,False,False,False,False,False,False,False,False,False,False,False,False,False,False,False,False,False,False,False,False,False,False,False,True,False,False,False,False,False,False,False,False,False,False,False,False,False,False,False,False
572,1,True,True,10.0,,,0,10,1.38,156.0,5,360.0,1080.0,720.0,1998,False,False,False,True,True,True,True,True,True,False,False,True,True,True,False,False,False,True,False,False,False,False,False,False,True,False,False,False,False,False,False,False,False,False,False,False,False,False,False,False,False,False,False,False,False,True,False,False,False,False,False,False,False,False,False,False,False,False,False,False,False,False,False,False,False,False,False,False,False,False,False,False,False
2985,1,True,True,55.0,9.0,1.0,0,55,1.38,156.0,5,360.0,1080.0,720.0,2023,False,False,False,True,True,False,True,True,True,False,False,True,True,True,False,True,True,False,False,False,False,False,False,True,False,False,False,False,False,False,False,False,False,False,False,False,False,True,False,False,False,False,False,False,False,False,False,False,False,False,False,False,False,False,False,False,False,False,False,False,False,False,False,False,False,False,False,False,False,False,False,False,False
2178,1,True,True,10.0,,,0,10,1.38,120.0,5,450.0,1050.0,600.0,2025,False,False,False,True,False,True,True,True,True,False,False,True,True,True,False,False,False,False,False,False,False,True,False,False,True,False,False,False,False,False,False,False,False,False,False,False,False,False,False,False,False,False,False,False,False,False,False,False,False,False,False,False,False,False,True,False,False,False,False,False,False,False,False,False,False,False,False,False,False,False,False,False,False
2051,3,True,True,122.0,20.0,2.0,0,122,1.38,144.0,7,0.0,1440.0,1440.0,2012,False,False,False,True,True,True,True,True,True,True,True,True,True,True,True,True,True,False,False,False,False,False,False,True,False,False,False,False,False,False,False,False,False,False,False,False,False,True,False,False,False,False,False,False,False,False,False,False,False,False,False,False,False,False,False,False,False,False,False,False,False,False,False,False,False,False,False,False,False,False,False,False,False
1871,2,True,True,45.0,6.0,,0,45,1.38,156.0,7,345.0,1215.0,870.0,2024,False,False,False,True,True,True,True,True,True,True,True,True,True,True,False,False,True,False,False,False,False,False,False,True,False,False,False,False,False,False,True,False,False,False,False,False,False,False,False,False,False,False,False,False,False,False,False,False,False,False,False,False,False,False,False,False,False,False,False,False,False,False,False,False,False,False,False,False,False,False,False,False,False
3177,3,True,True,35.0,7.0,,0,35,1.38,156.0,5,360.0,1080.0,720.0,2021,False,False,False,True,True,True,True,True,True,False,False,True,True,True,True,True,True,False,False,False,False,False,False,True,False,False,False,False,False,False,False,False,False,False,False,False,False,False,False,False,False,False,False,False,False,False,False,False,False,False,False,False,False,False,False,False,True,False,False,False,False,False,False,False,False,False,False,False,False,False,False,False,False
188,1,True,True,50.0,6.0,2.0,0,50,1.38,156.0,5,420.0,1080.0,660.0,2024,False,False,False,True,True,True,True,True,True,False,False,True,True,True,True,True,False,False,False,False,True,False,False,True,False,False,False,False,False,False,False,False,False,False,False,False,False,False,False,False,False,False,False,False,False,False,False,False,False,False,False,False,False,False,False,False,False,True,False,False,False,False,False,False,False,False,False,False,False,False,False,False,False
2696,1,True,True,12.0,,1.0,0,12,1.38,144.0,6,360.0,1080.0,720.0,2019,False,False,False,True,True,True,True,True,True,True,False,True,True,True,False,False,False,False,True,False,False,False,False,False,True,False,False,False,False,False,True,False,False,False,False,False,False,False,False,False,False,False,False,False,False,False,False,False,False,False,False,False,False,False,False,False,False,False,False,False,False,False,False,False,False,False,False,False,False,False,False,False,False
1808,2,True,True,56.0,4.0,3.0,0,56,1.38,144.0,5,300.0,1140.0,840.0,2021,False,False,False,True,True,False,True,True,True,False,False,True,True,True,True,True,True,False,False,False,False,False,False,True,False,False,False,False,False,False,False,False,False,False,False,False,False,False,False,False,False,False,False,False,False,False,False,False,False,False,False,False,True,False,False,False,False,False,False,False,False,False,False,False,False,False,False,False,False,False,False,False,False
126,5,True,True,30.0,3.0,1.0,0,30,36.0,60.0,5,450.0,1050.0,600.0,2005,False,False,False,False,True,True,False,True,True,False,False,True,True,True,True,True,True,False,False,False,False,False,False,True,False,False,False,False,False,False,False,False,False,False,False,False,False,True,False,False,False,False,False,False,False,False,False,False,False,False,False,False,False,False,False,False,False,False,False,False,False,False,False,False,False,False,False,False,False,False,False,False,False
2792,1,True,True,60.0,3.0,6.0,0,60,60.0,156.0,5,450.0,1080.0,630.0,2025,False,False,False,False,False,True,False,True,True,False,False,True,True,True,True,True,True,False,False,False,False,False,False,True,False,False,False,False,False,False,False,False,False,False,False,False,False,True,False,False,False,False,False,False,False,False,False,False,False,False,False,False,False,False,False,False,False,False,False,False,False,False,False,False,False,False,False,False,False,False,False,False,False
278,1,True,True,75.0,6.0,4.0,0,75,1.38,156.0,5,360.0,1080.0,720.0,2022,False,False,False,True,True,True,True,True,True,False,False,True,True,True,True,True,True,False,False,False,False,False,False,True,False,False,False,False,False,False,False,False,False,False,False,False,False,False,False,False,False,False,False,False,False,False,False,False,False,False,False,False,False,False,False,False,False,False,False,False,False,False,True,False,False,False,False,False,False,False,False,False,False
1265,5,True,True,71.0,,2.0,0,71,1.38,156.0,7,330.0,1080.0,750.0,2024,False,False,False,True,True,True,True,True,True,True,True,True,True,True,True,True,True,False,False,False,False,False,False,True,False,False,False,False,False,False,False,False,False,False,False,False,False,False,False,False,False,False,False,False,False,False,False,False,False,True,False,False,False,False,False,False,False,False,False,False,False,False,False,False,False,False,False,False,False,False,False,False,False
2005,1,True,True,20.0,2.0,1.0,0,20,1.38,72.0,5,360.0,1080.0,720.0,2025,False,False,False,True,False,False,True,True,True,False,False,True,True,True,True,False,True,False,False,False,False,False,False,True,False,False,False,False,False,False,False,False,False,False,False,False,False,False,False,False,False,False,False,False,False,False,False,False,False,False,True,False,False,False,False,False,False,False,False,False,False,False,False,False,False,False,False,False,False,False,False,False,False
18,2,True,True,12.0,,1.0,0,12,1.38,156.0,7,0.0,1440.0,1440.0,2008,False,False,False,True,True,True,True,True,True,True,True,True,True,True,True,False,False,False,True,False,False,False,False,False,True,False,False,False,False,False,False,False,False,False,False,False,False,False,False,False,False,False,False,False,False,False,False,False,False,True,False,False,False,False,False,False,False,False,False,False,False,False,False,False,False,False,False,False,False,False,False,False,False
1901,2,True,True,135.0,10.0,4.0,0,135,1.38,144.0,5,360.0,1080.0,720.0,2019,False,False,False,True,True,False,True,True,True,False,False,True,True,True,True,False,True,False,False,False,False,False,False,True,False,False,False,False,False,False,False,False,False,False,False,False,False,False,False,False,False,False,False,False,False,False,False,False,False,False,False,False,False,False,False,False,False,False,False,False,False,False,False,False,False,True,False,False,False,False,False,False,False
1794,1,True,True,12.0,1.0,1.0,0,12,1.38,156.0,7,360.0,1080.0,720.0,2020,False,False,False,False,True,True,True,True,True,True,True,True,True,True,False,False,False,False,True,False,False,False,False,False,True,False,False,False,False,False,True,False,False,False,False,False,False,False,False,False,False,False,False,False,False,False,False,False,False,False,False,False,False,False,False,False,False,False,False,False,False,False,False,False,False,False,False,False,False,False,False,False,False
2232,2,True,True,10.0,1.0,,0,10,1.38,156.0,5,390.0,1110.0,720.0,2014,False,False,False,True,True,False,True,True,True,False,False,True,True,True,False,False,False,True,False,False,False,False,False,False,True,False,False,False,False,False,False,False,False,False,False,False,False,True,False,False,False,False,False,False,False,False,False,False,False,False,False,False,False,False,False,False,False,False,False,False,False,False,False,False,False,False,False,False,False,False,False,False,False
2955,1,True,True,270.0,38.0,10.0,0,270,1.38,156.0,5,360.0,1080.0,720.0,2025,False,False,False,True,True,True,True,True,True,False,False,True,True,True,True,True,True,False,False,False,False,False,False,True,False,False,False,False,False,False,False,False,False,False,False,True,False,False,False,False,False,False,False,False,False,False,False,False,False,False,False,False,False,False,False,False,False,False,False,False,False,False,False,False,False,False,False,False,False,False,False,False,False
858,1,True,True,10.0,,,0,10,1.38,156.0,5,360.0,1080.0,720.0,2025,False,False,False,False,True,True,True,True,True,False,False,True,True,True,True,True,False,True,False,False,False,False,False,False,True,False,False,False,False,False,False,False,False,False,False,False,False,False,False,False,False,False,True,False,False,False,False,False,False,False,False,False,False,False,False,False,False,False,False,False,False,False,False,False,False,False,False,False,False,False,False,False,False
1852,2,True,True,70.0,7.0,4.0,0,60,1.38,156.0,7,360.0,1380.0,1020.0,2022,False,False,False,True,True,True,True,True,True,True,True,True,True,True,True,True,True,False,False,False,False,False,False,True,False,False,False,False,False,False,False,False,False,False,False,False,False,False,False,False,False,False,False,False,False,False,False,False,False,False,False,False,False,True,False,False,False,False,False,False,False,False,False,False,False,False,False,False,False,False,False,False,False
2866,1,True,True,152.0,14.0,13.0,0,152,1.38,156.0,5,390.0,1080.0,690.0,2020,False,False,False,True,True,True,True,True,True,False,False,True,True,True,True,True,True,False,False,False,False,False,False,True,False,False,False,False,False,False,True,False,False,False,False,False,False,False,False,False,False,False,False,False,False,False,False,False,False,False,False,False,False,False,False,False,False,False,False,False,False,False,False,False,False,False,False,False,False,False,False,False,False
2027,2,True,True,94.0,,,0,94,1.38,156.0,5,390.0,1080.0,690.0,2002,False,False,False,False,True,False,True,True,True,False,False,True,True,True,True,True,True,False,False,False,False,False,False,True,False,False,False,False,False,False,False,False,False,False,False,False,False,False,False,False,False,False,False,False,False,False,False,False,False,False,False,False,False,False,False,False,True,False,False,False,False,False,False,False,False,False,False,False,False,False,False,False,False
1442,3,True,True,18.0,6.0,,0,18,1.38,72.0,5,360.0,1020.0,660.0,2025,False,False,False,True,False,False,True,True,True,False,False,True,True,True,False,True,True,False,False,False,False,False,False,True,False,False,False,False,False,False,False,False,False,False,False,False,False,False,False,False,False,False,False,False,False,False,False,False,False,False,False,False,False,False,False,False,False,False,False,False,False,False,False,False,False,False,False,True,False,False,False,False,False
1402,1,True,True,10.0,1.0,,0,10,2.99,144.0,5,420.0,1020.0,600.0,2025,False,False,False,False,True,True,True,True,True,False,False,True,True,True,True,False,False,True,False,False,False,False,False,False,True,False,False,False,False,False,True,False,False,False,False,False,False,False,False,False,False,False,False,False,False,False,False,False,False,False,False,False,False,False,False,False,False,False,False,False,False,False,False,False,False,False,False,False,False,False,False,False,False
2443,2,True,True,12.0,1.0,1.0,0,12,1.38,156.0,5,420.0,1140.0,720.0,2012,False,False,False,True,True,True,True,True,True,False,False,True,True,True,False,True,False,False,True,False,False,False,False,False,True,False,False,False,False,False,True,False,False,False,False,False,False,False,False,False,False,False,False,False,False,False,False,False,False,False,False,False,False,False,False,False,False,False,False,False,False,False,False,False,False,False,False,False,False,False,False,False,False
478,1,True,True,10.0,1.0,1.0,0,10,1.38,156.0,7,0.0,1440.0,1440.0,2017,False,False,False,True,True,True,True,True,True,True,True,True,True,True,True,False,False,True,False,False,False,False,False,False,True,False,False,False,False,False,False,False,False,False,False,False,False,False,False,False,False,False,False,False,False,False,False,False,False,False,False,False,False,False,False,False,True,False,False,False,False,False,False,False,False,False,False,False,False,False,False,False,False
2492,2,True,True,12.0,1.0,1.0,0,12,1.38,156.0,7,0.0,1440.0,1440.0,2006,False,False,False,True,True,True,True,True,True,True,True,True,True,True,True,True,False,False,True,False,False,False,False,False,True,False,False,False,False,False,False,False,False,False,False,False,False,False,False,False,False,False,False,False,False,False,False,False,False,False,False,False,False,False,False,False,True,False,False,False,False,False,False,False,False,False,False,False,False,False,False,False,False
2061,5,True,True,10.0,1.0,,0,10,1.38,156.0,6,0.0,1440.0,1440.0,2018,False,False,False,True,True,True,True,True,True,True,False,True,True,True,True,True,False,True,False,False,False,False,False,False,True,False,False,False,False,False,False,False,False,False,False,False,False,False,False,False,False,False,False,False,False,False,False,False,False,True,False,False,False,False,False,False,False,False,False,False,False,False,False,False,False,False,False,False,False,False,False,False,False
2149,1,True,True,12.0,1.0,4.0,0,12,1.38,156.0,7,0.0,1440.0,1440.0,2003,False,False,False,True,True,True,True,True,True,True,True,True,True,True,True,True,False,False,True,False,False,False,False,False,True,False,False,False,False,False,False,False,False,False,False,False,False,False,False,False,False,False,False,False,False,False,False,False,False,False,False,False,False,True,False,False,False,False,False,False,False,False,False,False,False,False,False,False,False,False,False,False,False
316,5,True,True,79.0,11.0,6.0,0,79,1.38,156.0,5,390.0,1080.0,690.0,2020,False,False,False,True,True,True,True,True,True,False,False,True,True,True,True,True,True,False,False,False,False,False,False,True,False,False,False,False,False,False,False,False,False,False,False,False,False,True,False,False,False,False,False,False,False,False,False,False,False,False,False,False,False,False,False,False,False,False,False,False,False,False,False,False,False,False,False,False,False,False,False,False,False
644,5,True,True,150.0,12.0,9.0,0,150,1.38,156.0,7,300.0,1200.0,900.0,2015,False,False,False,True,True,True,True,True,True,True,True,True,True,True,True,True,True,False,False,False,False,False,False,True,False,False,False,False,False,False,False,False,False,True,False,False,False,False,False,False,False,False,False,False,False,False,False,False,False,False,False,False,False,False,False,False,False,False,False,False,False,False,False,False,False,False,False,False,False,False,False,False,False
2436,2,True,True,60.0,13.0,2.0,0,120,1.38,156.0,5,330.0,1080.0,750.0,2008,False,False,False,True,True,True,True,True,True,False,False,True,True,True,True,False,True,False,False,False,False,False,False,True,False,False,False,False,False,False,False,False,False,False,False,False,False,False,False,False,False,False,False,False,False,False,False,False,False,False,False,False,False,False,False,False,False,False,False,False,False,False,False,False,False,False,False,False,False,True,False,False,False
2427,2,True,True,10.0,1.0,,0,10,1.38,156.0,5,330.0,1080.0,750.0,2006,False,False,False,False,True,True,True,True,True,False,False,True,True,True,True,False,False,True,False,False,False,False,False,False,True,False,False,False,False,False,False,False,False,False,False,False,False,False,False,False,False,False,False,False,False,False,False,False,False,False,False,False,False,False,True,False,False,False,False,False,False,False,False,False,False,False,False,False,False,False,False,False,False
1161,1,True,True,144.0,20.0,10.0,0,144,1.38,144.0,5,390.0,1080.0,690.0,2022,False,False,False,True,True,True,True,True,True,False,False,True,True,True,False,False,True,False,False,False,False,False,False,True,False,False,False,False,False,False,False,False,False,False,False,False,False,False,False,False,False,False,False,False,False,False,False,False,False,False,False,False,False,False,False,False,True,False,False,False,False,False,False,False,False,False,False,False,False,False,False,False,False
1079,3,True,True,99.0,14.0,2.0,1,99,1.38,156.0,5,360.0,1080.0,720.0,2002,False,True,False,True,True,False,True,True,True,False,False,True,True,True,True,False,True,False,False,False,False,False,False,True,False,False,False,False,False,False,False,False,False,False,False,False,False,False,False,False,False,False,False,False,False,False,False,False,False,False,False,False,False,False,False,False,True,False,False,False,False,False,False,False,False,False,False,False,False,False,False,False,False
2790,3,True,True,130.0,25.0,,1,160,1.38,156.0,5,360.0,1080.0,720.0,2009,False,True,False,True,True,True,True,True,True,False,False,True,True,True,True,True,True,False,False,False,False,False,False,True,False,False,False,False,False,False,False,False,False,False,False,False,False,False,False,False,False,False,False,False,False,False,False,False,False,False,False,False,False,True,False,False,False,False,False,False,False,False,False,False,False,False,False,False,False,False,False,False,False
506,2,True,True,135.0,20.0,8.0,0,135,1.38,144.0,5,300.0,1200.0,900.0,2023,False,False,False,True,True,True,True,True,True,False,False,True,True,True,True,True,True,False,False,False,False,False,False,True,False,False,False,False,False,False,False,False,False,False,True,False,False,False,False,False,False,False,False,False,False,False,False,False,False,False,False,False,False,False,False,False,False,False,False,False,False,False,False,False,False,False,False,False,False,False,False,False,False
2934,2,True,True,12.0,2.0,,0,12,1.38,156.0,5,450.0,1050.0,600.0,2025,False,False,False,True,True,True,True,True,True,False,False,True,True,True,False,True,False,False,True,False,False,False,False,False,True,False,False,False,False,False,False,False,False,False,False,False,False,False,False,False,False,False,False,False,False,False,False,False,False,False,False,False,False,False,False,True,False,False,False,False,False,False,False,False,False,False,False,False,False,False,False,False,False
2874,1,True,True,161.0,17.0,2.0,0,161,1.38,144.0,5,360.0,1080.0,720.0,2022,False,False,False,True,True,True,True,True,True,False,False,True,True,True,True,True,True,False,False,False,False,False,False,True,False,False,False,False,False,False,False,False,False,False,False,False,False,False,False,False,False,False,False,False,False,False,False,False,False,False,False,False,False,False,False,False,True,False,False,False,False,False,False,False,False,False,False,False,False,False,False,False,False
247,1,True,True,12.0,1.0,,0,12,1.38,156.0,5,420.0,1080.0,660.0,2018,False,False,False,True,True,False,True,True,True,False,False,True,True,True,False,False,False,False,True,False,False,False,False,False,True,False,False,False,False,False,False,False,False,False,False,False,False,False,False,False,False,False,False,False,False,False,False,False,False,False,False,False,False,False,False,False,False,False,False,False,False,False,False,False,False,False,False,False,False,False,False,True,False
215,1,True,True,12.0,2.0,2.0,0,12,1.38,156.0,5,360.0,1080.0,720.0,2021,False,False,False,False,True,False,False,True,True,False,False,True,True,True,False,True,False,False,True,False,False,False,False,False,True,False,False,False,False,False,False,False,False,False,False,False,False,False,False,False,False,False,False,False,False,False,False,False,False,False,True,False,False,False,False,False,False,False,False,False,False,False,False,False,False,False,False,False,False,False,False,False,False
2055,2,True,True,10.0,,,0,10,1.38,156.0,5,360.0,1020.0,660.0,2020,False,False,False,False,False,True,True,True,True,False,False,True,True,True,False,True,False,True,False,False,False,False,False,False,True,False,False,False,False,False,False,False,False,False,False,False,False,False,False,False,False,False,True,False,False,False,False,False,False,False,False,False,False,False,False,False,False,False,False,False,False,False,False,False,False,False,False,False,False,False,False,False,False
1133,5,True,True,12.0,1.0,,0,12,1.38,156.0,5,420.0,1080.0,660.0,2024,False,False,False,False,True,True,True,True,True,False,False,True,True,True,False,True,False,False,True,False,False,False,False,False,True,False,False,False,False,False,False,False,False,False,False,False,False,False,False,False,False,False,False,False,False,False,False,False,False,False,False,False,False,True,False,False,False,False,False,False,False,False,False,False,False,False,False,False,False,False,False,False,False
1714,4,True,True,165.0,3.0,,0,165,1.38,144.0,5,330.0,1140.0,810.0,2004,False,False,False,False,True,True,True,True,True,False,False,True,True,True,True,False,True,False,False,False,False,False,False,True,False,False,False,False,False,False,False,False,True,False,False,False,False,False,False,False,False,False,False,False,False,False,False,False,False,False,False,False,False,False,False,False,False,False,False,False,False,False,False,False,False,False,False,False,False,False,False,False,False
3156,1,True,True,95.0,2.0,2.0,0,95,1.38,156.0,5,360.0,1110.0,750.0,2009,False,False,False,True,True,True,True,True,True,False,False,True,True,True,True,True,True,False,False,False,False,False,False,True,False,False,False,False,False,False,False,True,False,False,False,False,False,False,False,False,False,False,False,False,False,False,False,False,False,False,False,False,False,False,False,False,False,False,False,False,False,False,False,False,False,False,False,False,False,False,False,False,False
373,1,True,True,12.0,1.0,2.0,0,12,18.0,120.0,5,420.0,1080.0,660.0,2023,False,False,False,False,True,True,False,True,True,False,False,True,True,True,False,False,False,False,True,False,False,False,False,False,True,False,False,False,False,False,False,False,False,False,False,True,False,False,False,False,False,False,False,False,False,False,False,False,False,False,False,False,False,False,False,False,False,False,False,False,False,False,False,False,False,False,False,False,False,False,False,False,False
590,1,True,True,12.0,2.0,1.0,0,12,1.38,156.0,5,390.0,1080.0,690.0,2021,False,False,False,True,True,False,True,True,True,False,False,True,True,True,True,False,False,False,True,False,False,False,False,False,True,False,False,False,False,False,False,False,False,False,False,False,False,False,False,False,False,False,False,False,False,False,False,False,False,False,False,False,False,False,False,True,False,False,False,False,False,False,False,False,False,False,False,False,False,False,False,False,False
2613,2,True,True,12.0,1.0,1.0,0,12,1.38,156.0,7,0.0,1440.0,1440.0,2025,False,False,False,True,False,True,True,True,True,True,True,True,True,True,False,False,False,False,True,False,False,False,False,False,True,False,False,False,False,False,False,False,False,False,False,False,False,False,False,False,False,False,False,False,False,False,False,False,False,False,False,False,False,False,False,False,True,False,False,False,False,False,False,False,False,False,False,False,False,False,False,False,False
2250,1,True,True,60.0,2.0,,0,60,1.38,156.0,6,360.0,1260.0,900.0,2025,False,False,False,True,True,True,True,True,True,True,False,True,True,True,True,False,False,False,False,False,True,False,False,True,False,False,False,False,False,False,False,False,False,False,False,False,False,False,False,False,False,False,False,False,False,False,False,False,False,False,False,False,False,False,False,False,True,False,False,False,False,False,False,False,False,False,False,False,False,False,False,False,False
1982,1,True,True,65.0,8.0,5.0,0,65,1.38,156.0,5,390.0,1050.0,660.0,2012,False,False,False,True,True,True,True,True,True,False,False,True,True,True,True,True,True,False,False,False,False,False,False,True,False,False,False,False,False,False,False,False,False,False,False,False,False,False,False,False,False,True,False,False,False,False,False,False,False,False,False,False,False,False,False,False,False,False,False,False,False,False,False,False,False,False,False,False,False,False,False,False,False
1064,5,True,True,10.0,1.0,,0,10,1.38,156.0,5,360.0,1080.0,720.0,2017,False,False,False,True,True,False,True,True,True,False,False,True,True,True,False,True,False,True,False,False,False,False,False,False,True,False,False,False,False,False,False,False,False,False,False,False,False,False,False,False,False,False,False,False,False,False,False,False,False,False,False,False,False,False,False,False,False,False,False,False,False,False,False,False,False,False,False,True,False,False,False,False,False
2194,5,True,True,12.0,1.0,2.0,0,12,1.38,156.0,7,0.0,1440.0,1440.0,2017,False,False,False,True,True,True,True,True,True,True,True,True,True,True,False,True,False,False,True,False,False,False,False,False,True,False,False,False,False,False,False,False,False,False,False,False,False,False,False,False,False,False,False,False,False,False,False,False,False,False,False,False,False,False,False,False,False,False,False,False,False,False,False,False,False,False,False,False,False,False,True,False,False
2007,2,True,True,30.0,4.0,2.0,0,30,1.38,144.0,6,360.0,1140.0,780.0,2025,False,False,False,True,True,True,True,True,True,True,False,True,True,True,False,False,True,False,False,False,False,False,False,True,False,False,False,False,False,False,False,False,False,False,False,False,False,False,False,False,False,False,False,False,False,False,False,False,False,False,False,False,False,False,False,False,False,False,False,False,False,False,False,True,False,False,False,False,False,False,False,False,False
113,2,True,True,10.0,1.0,,0,10,1.38,156.0,5,450.0,1050.0,600.0,2008,False,False,False,True,True,True,True,True,True,False,False,True,True,True,False,True,False,True,False,False,False,False,False,False,True,False,False,False,False,False,False,False,False,False,False,False,False,False,False,False,False,False,False,False,False,False,False,False,False,False,False,False,False,False,False,False,True,False,False,False,False,False,False,False,False,False,False,False,False,False,False,False,False
910,1,True,True,8.0,1.0,,0,8,1.38,156.0,5,360.0,1080.0,720.0,2025,False,False,False,False,True,False,True,True,True,False,False,True,True,True,True,True,False,False,False,False,False,True,False,False,True,False,False,False,False,False,False,False,False,False,False,False,False,False,False,False,False,False,False,False,False,False,False,False,False,False,False,False,False,False,False,False,True,False,False,False,False,False,False,False,False,False,False,False,False,False,False,False,False
818,1,True,True,99.0,4.0,2.0,0,99,1.38,156.0,6,360.0,1440.0,1080.0,2021,False,False,False,True,True,True,True,True,True,True,False,True,True,True,True,False,True,False,False,False,False,False,False,True,False,False,False,False,False,False,False,False,False,False,False,False,False,False,False,False,False,False,False,False,False,False,False,False,False,False,False,False,False,False,False,False,True,False,False,False,False,False,False,False,False,False,False,False,False,False,False,False,False
2713,2,True,True,56.0,8.0,,0,56,1.38,156.0,6,360.0,,,2015,False,False,False,True,True,True,True,True,True,True,False,True,True,True,True,True,True,False,False,False,False,False,False,True,False,False,False,False,False,False,False,False,False,False,False,False,False,False,False,False,False,False,False,False,False,False,False,False,False,False,False,False,False,False,False,False,True,False,False,False,False,False,False,False,False,False,False,False,False,False,False,False,False
1787,1,True,True,185.0,6.0,17.0,0,185,18.0,156.0,5,420.0,1080.0,660.0,2001,False,False,False,False,True,True,True,True,True,False,False,True,True,True,True,True,True,False,False,False,False,False,False,True,False,False,False,False,False,False,False,False,False,False,False,False,False,True,False,False,False,False,False,False,False,False,False,False,False,False,False,False,False,False,False,False,False,False,False,False,False,False,False,False,False,False,False,False,False,False,False,False,False
2020,4,True,True,53.0,7.0,,0,53,1.38,84.0,5,390.0,1050.0,660.0,2024,False,False,False,True,True,False,True,True,True,False,False,True,True,True,True,True,True,False,False,False,False,False,False,True,False,False,False,False,False,False,True,False,False,False,False,False,False,False,False,False,False,False,False,False,False,False,False,False,False,False,False,False,False,False,False,False,False,False,False,False,False,False,False,False,False,False,False,False,False,False,False,False,False
123,1,True,True,8.0,1.0,,0,8,1.38,144.0,5,360.0,1080.0,720.0,2020,False,False,False,False,True,True,True,True,True,False,False,True,True,True,False,False,False,True,False,False,False,False,False,False,True,False,False,False,False,False,False,False,False,False,False,False,False,False,False,False,False,False,False,False,False,False,False,False,False,True,False,False,False,False,False,False,False,False,False,False,False,False,False,False,False,False,False,False,False,False,False,False,False
2095,1,True,True,60.0,15.0,,0,60,1.38,156.0,7,360.0,1080.0,720.0,2022,False,False,False,True,True,True,True,True,True,True,True,True,True,True,True,True,True,False,False,False,False,False,False,True,False,False,False,False,False,False,False,False,False,False,False,False,False,False,False,False,False,False,False,False,False,False,False,False,False,False,False,False,False,False,False,False,True,False,False,False,False,False,False,False,False,False,False,False,False,False,False,False,False
1173,1,True,True,125.0,12.0,4.0,0,125,30.0,144.0,5,390.0,1080.0,690.0,1997,False,False,False,False,True,False,False,True,True,False,False,True,True,True,False,False,True,False,False,False,False,False,False,True,False,False,False,False,False,False,False,False,False,False,False,False,False,False,False,False,False,False,False,False,False,False,False,False,False,False,False,False,False,False,False,False,True,False,False,False,False,False,False,False,False,False,False,False,False,False,False,False,False
893,2,True,True,10.0,1.0,,0,10,1.38,156.0,5,420.0,1050.0,630.0,2011,False,False,False,True,True,True,True,True,True,False,False,True,True,True,True,False,False,True,False,False,False,False,False,False,True,False,False,False,False,False,False,False,False,False,False,False,False,False,False,False,False,False,False,False,False,False,False,False,False,False,False,False,False,True,False,False,False,False,False,False,False,False,False,False,False,False,False,False,False,False,False,False,False
1335,1,True,True,10.0,2.0,,0,10,1.38,156.0,7,0.0,1440.0,1440.0,2024,False,False,False,True,True,True,True,True,True,True,True,True,True,True,True,False,False,False,True,False,False,False,False,False,True,False,False,False,False,False,False,False,False,False,False,False,False,False,False,False,False,False,False,False,False,False,False,False,False,False,False,False,False,False,False,False,True,False,False,False,False,False,False,False,False,False,False,False,False,False,False,False,False
641,3,True,True,37.0,5.0,,1,37,1.38,156.0,5,360.0,1080.0,720.0,2003,False,False,False,True,True,False,True,True,True,False,False,True,True,True,True,True,True,False,False,False,False,False,False,True,False,False,False,False,True,False,False,False,False,False,False,False,False,False,False,False,False,False,False,False,False,False,False,False,False,False,False,False,False,False,False,False,True,False,False,False,False,False,False,False,False,False,False,False,False,False,False,False,False
2416,5,True,True,76.0,10.0,2.0,0,70,1.38,156.0,7,300.0,1440.0,1140.0,2001,False,False,False,True,True,True,True,True,True,True,True,True,True,True,True,False,True,False,False,False,False,False,False,True,False,False,False,False,False,False,False,False,False,False,False,False,False,False,False,False,False,False,False,False,False,False,False,False,False,False,False,False,False,False,False,False,True,False,False,False,False,False,False,False,False,False,False,False,False,False,False,False,False
2143,1,True,True,80.0,6.0,,0,80,1.38,156.0,7,0.0,1440.0,1440.0,2012,False,False,False,True,True,True,True,True,True,True,True,True,True,True,True,True,True,False,False,False,False,False,False,True,False,False,False,False,False,False,False,False,False,False,True,False,False,False,False,False,False,False,False,False,False,False,False,False,False,False,False,False,False,False,False,False,False,False,False,False,False,False,False,False,False,False,False,False,False,False,False,False,False
1856,2,True,True,12.0,1.0,,0,12,1.38,156.0,5,420.0,1080.0,660.0,2024,False,False,False,True,True,False,True,True,True,False,False,True,True,True,False,False,False,False,True,False,False,False,False,False,True,False,False,False,False,False,True,False,False,False,False,False,False,False,False,False,False,False,False,False,False,False,False,False,False,False,False,False,False,False,False,False,False,False,False,False,False,False,False,False,False,False,False,False,False,False,False,False,False
1635,2,True,True,109.0,12.0,1.0,0,109,1.38,144.0,5,300.0,1200.0,900.0,2024,False,False,False,True,True,True,True,True,True,False,False,True,True,True,True,True,True,False,False,False,False,False,False,True,False,False,False,False,False,False,False,False,False,False,False,False,False,False,False,False,False,False,False,False,False,False,False,False,False,False,False,False,False,False,False,False,True,False,False,False,False,False,False,False,False,False,False,False,False,False,False,False,False
3075,1,True,True,110.0,9.0,1.0,0,110,1.38,156.0,7,0.0,1440.0,1440.0,2020,False,False,False,True,True,True,True,True,True,True,True,True,True,True,True,False,True,False,False,False,False,False,False,True,False,False,False,False,False,False,False,False,False,False,False,False,False,False,False,False,False,False,False,False,False,False,False,False,False,False,False,False,False,False,False,False,True,False,False,False,False,False,False,False,False,False,False,False,False,False,False,False,False
2727,1,True,True,12.0,1.0,1.0,0,12,1.38,120.0,5,420.0,1080.0,660.0,2025,False,False,False,True,True,False,True,True,True,False,False,True,True,True,False,True,False,False,False,False,False,False,True,False,True,False,False,False,False,False,False,False,False,False,True,False,False,False,False,False,False,False,False,False,False,False,False,False,False,False,False,False,False,False,False,False,False,False,False,False,False,False,False,False,False,False,False,False,False,False,False,False,False
253,2,True,True,105.0,12.0,3.0,0,105,1.38,156.0,5,390.0,1110.0,720.0,2017,False,False,False,True,True,True,True,True,True,False,False,True,True,True,True,True,True,False,False,False,False,False,False,True,False,False,False,False,False,False,False,False,False,False,False,False,False,False,False,False,False,False,False,False,False,False,False,False,False,False,False,False,False,True,False,False,False,False,False,False,False,False,False,False,False,False,False,False,False,False,False,False,False
3008,1,True,True,10.0,1.0,,0,10,1.38,156.0,5,420.0,1080.0,660.0,2025,False,False,False,True,True,True,True,True,True,False,False,True,True,True,False,False,False,False,False,False,False,True,False,False,True,False,False,False,False,False,False,False,False,False,False,False,False,False,False,False,False,False,False,False,False,False,False,False,False,False,False,False,False,False,True,False,False,False,False,False,False,False,False,False,False,False,False,False,False,False,False,False,False
536,2,True,True,150.0,17.0,1.0,0,150,1.38,144.0,5,360.0,1080.0,720.0,2024,False,False,False,True,True,True,True,True,True,False,False,True,True,True,True,True,True,False,False,False,False,False,False,True,False,False,False,False,False,False,False,False,False,False,False,False,False,True,False,False,False,False,False,False,False,False,False,False,False,False,False,False,False,False,False,False,False,False,False,False,False,False,False,False,False,False,False,False,False,False,False,False,False
3187,1,True,True,10.0,1.0,,0,10,1.38,156.0,5,420.0,1080.0,660.0,2025,False,False,False,True,True,False,False,True,True,False,False,True,True,True,False,False,False,False,False,False,False,True,False,False,True,False,False,False,False,False,False,False,False,False,False,False,False,True,False,False,False,False,False,False,False,False,False,False,False,False,False,False,False,False,False,False,False,False,False,False,False,False,False,False,False,False,False,False,False,False,False,False,False
2842,2,True,True,12.0,1.0,,0,12,1.38,144.0,7,0.0,1440.0,1440.0,2025,False,False,False,True,True,True,True,True,True,True,True,True,True,True,False,True,False,False,True,False,False,False,False,False,True,False,False,False,False,False,False,False,False,False,False,True,False,False,False,False,False,False,False,False,False,False,False,False,False,False,False,False,False,False,False,False,False,False,False,False,False,False,False,False,False,False,False,False,False,False,False,False,False
1762,1,True,True,10.0,1.0,1.0,0,10,1.38,156.0,7,0.0,1440.0,1440.0,2025,False,False,False,False,True,True,True,True,True,True,True,True,True,True,True,True,False,True,False,False,False,False,False,False,True,False,False,False,False,False,False,False,False,False,False,False,False,False,False,False,False,False,False,False,False,False,False,False,False,False,False,False,False,False,False,False,True,False,False,False,False,False,False,False,False,False,False,False,False,False,False,False,False
645,1,True,True,30.0,2.0,2.0,0,30,1.38,144.0,5,420.0,1080.0,660.0,2025,False,False,False,True,True,False,True,True,True,False,False,True,True,True,True,False,True,False,False,False,False,False,False,True,False,False,False,False,False,False,True,False,False,False,False,False,False,False,False,False,False,False,False,False,False,False,False,False,False,False,False,False,False,False,False,False,False,False,False,False,False,False,False,False,False,False,False,False,False,False,False,False,False
785,1,True,True,12.0,1.0,,0,12,1.38,156.0,5,360.0,1050.0,690.0,2014,False,False,False,False,False,False,True,True,True,False,False,True,True,True,False,False,False,False,True,False,False,False,False,False,True,False,False,False,False,False,False,False,False,False,False,False,False,False,False,False,False,False,False,False,False,False,False,False,False,False,False,False,False,True,False,False,False,False,False,False,False,False,False,False,False,False,False,False,False,False,False,False,False
250,1,True,True,10.0,1.0,,0,10,1.38,156.0,5,420.0,1080.0,660.0,2025,False,False,False,True,True,True,True,True,True,False,False,True,True,True,False,False,False,False,False,False,False,True,False,False,True,False,False,False,False,False,False,False,False,False,False,False,False,False,False,False,False,False,False,False,False,False,False,False,False,False,False,False,False,False,True,False,False,False,False,False,False,False,False,False,False,False,False,False,False,False,False,False,False
219,1,True,True,12.0,,,0,12,1.38,156.0,5,420.0,1020.0,600.0,2006,False,False,False,True,True,True,True,True,True,False,False,True,True,True,False,False,False,False,True,False,False,False,False,False,True,False,False,False,False,False,False,False,False,False,False,False,False,False,False,False,False,False,False,False,False,False,False,False,False,False,False,False,False,False,False,False,True,False,False,False,False,False,False,False,False,False,False,False,False,False,False,False,False
1844,2,True,True,183.0,15.0,6.0,0,183,1.38,144.0,5,390.0,1080.0,690.0,2025,False,False,False,True,True,True,True,True,True,False,False,True,True,True,True,False,True,False,False,False,False,False,False,True,False,False,False,False,False,False,False,False,False,False,False,False,False,False,False,False,False,False,False,False,False,False,False,False,False,False,False,False,False,False,False,False,True,False,False,False,False,False,False,False,False,False,False,False,False,False,False,False,False
959,2,True,True,235.0,37.0,15.0,0,235,1.38,156.0,5,390.0,1080.0,690.0,1997,False,False,False,True,True,True,True,True,True,False,False,True,True,True,False,True,True,False,False,False,False,False,False,True,False,False,False,False,False,False,False,False,False,False,False,False,False,False,False,False,False,False,False,False,False,False,False,False,False,False,False,False,False,False,False,False,True,False,False,False,False,False,False,False,False,False,False,False,False,False,False,False,False
2608,1,True,True,10.0,1.0,,0,10,1.38,156.0,5,360.0,1110.0,750.0,2017,False,False,False,False,True,True,True,True,True,False,False,True,True,True,False,False,False,True,False,False,False,False,False,False,True,False,False,False,False,False,False,False,False,False,False,False,False,False,False,False,False,False,False,False,False,False,False,False,False,True,False,False,False,False,False,False,False,False,False,False,False,False,False,False,False,False,False,False,False,False,False,False,False
1284,1,True,True,129.0,6.0,,0,129,1.38,156.0,6,300.0,1200.0,900.0,2021,False,False,False,False,True,True,True,True,True,True,False,True,True,True,True,True,True,False,False,False,False,False,False,True,False,False,False,False,False,False,False,False,False,False,False,False,False,True,False,False,False,False,False,False,False,False,False,False,False,False,False,False,False,False,False,False,False,False,False,False,False,False,False,False,False,False,False,False,False,False,False,False,False
2735,1,True,True,10.0,1.0,,0,10,1.38,144.0,7,300.0,1200.0,900.0,2023,False,False,False,True,False,True,True,True,True,True,True,True,True,True,False,False,False,True,False,False,False,False,False,False,True,False,False,False,False,False,False,False,False,False,False,False,False,False,False,False,False,False,False,False,False,False,False,False,False,True,False,False,False,False,False,False,False,False,False,False,False,False,False,False,False,False,False,False,False,False,False,False,False
2255,2,True,True,140.0,10.0,15.0,0,140,1.38,144.0,5,390.0,1080.0,690.0,2018,False,False,False,True,True,True,True,True,True,False,False,True,True,True,True,True,True,False,False,False,False,False,False,True,False,False,False,False,False,False,False,False,False,False,False,False,False,True,False,False,False,False,False,False,False,False,False,False,False,False,False,False,False,False,False,False,False,False,False,False,False,False,False,False,False,False,False,False,False,False,False,False,False
348,3,True,True,12.0,,3.0,0,12,1.38,156.0,7,0.0,1440.0,1440.0,2012,False,False,False,True,True,False,True,True,True,True,True,True,True,True,True,True,False,False,True,False,False,False,False,False,True,False,False,False,False,False,False,False,False,False,False,False,False,False,False,False,False,False,False,False,False,False,False,False,False,False,False,False,False,False,False,False,False,False,False,False,False,False,False,False,False,False,False,False,False,True,False,False,False
3020,2,True,True,12.0,1.0,,0,12,1.38,156.0,5,450.0,1050.0,600.0,2021,False,False,False,True,True,True,True,True,True,False,False,True,True,True,False,False,False,False,True,False,False,False,False,False,True,False,False,False,False,False,True,False,False,False,False,False,False,False,False,False,False,False,False,False,False,False,False,False,False,False,False,False,False,False,False,False,False,False,False,False,False,False,False,False,False,False,False,False,False,False,False,False,False
956,1,True,True,12.0,,,0,12,1.38,156.0,5,420.0,1050.0,630.0,2007,False,False,False,False,True,True,True,True,True,False,False,True,True,True,False,True,False,False,True,False,False,False,False,False,True,False,False,False,False,False,False,False,False,False,False,False,False,True,False,False,False,False,False,False,False,False,False,False,False,False,False,False,False,False,False,False,False,False,False,False,False,False,False,False,False,False,False,False,False,False,False,False,False
1185,1,True,True,12.0,,,0,12,1.38,156.0,5,420.0,1080.0,660.0,2003,False,False,False,True,True,False,True,True,True,False,False,True,True,True,False,True,False,False,True,False,False,False,False,False,True,False,False,False,False,False,False,False,False,False,False,False,False,False,False,False,False,False,False,False,False,False,False,False,False,True,False,False,False,False,False,False,False,False,False,False,False,False,False,False,False,False,False,False,False,False,False,False,False
467,2,True,True,10.0,1.0,,0,10,1.38,156.0,7,0.0,1440.0,1440.0,2001,False,False,False,True,True,True,True,True,True,True,True,True,True,True,True,True,False,True,False,False,False,False,False,False,True,False,False,False,False,False,False,False,False,False,False,False,False,False,False,False,False,False,False,False,False,False,False,False,False,False,False,False,False,False,False,False,False,False,False,False,False,True,False,False,False,False,False,False,False,False,False,False,False
1791,1,True,True,29.0,3.0,5.0,0,29,1.38,144.0,5,330.0,1110.0,780.0,2025,False,False,False,True,True,True,True,True,True,False,False,True,True,True,False,False,True,False,False,False,False,False,False,True,False,False,False,False,False,False,False,False,False,False,False,False,False,False,False,False,False,False,False,False,False,False,False,False,False,False,False,False,False,False,False,False,False,False,True,False,False,False,False,False,False,False,False,False,False,False,False,False,False
520,5,True,True,104.0,10.0,6.0,0,104,1.38,156.0,7,360.0,1200.0,840.0,2023,False,False,False,True,True,True,True,True,True,True,True,True,True,True,True,True,True,False,False,False,False,False,False,True,False,False,False,False,False,False,False,False,False,True,False,False,False,False,False,False,False,False,False,False,False,False,False,False,False,False,False,False,False,False,False,False,False,False,False,False,False,False,False,False,False,False,False,False,False,False,False,False,False
1997,5,True,True,12.0,2.0,,0,12,1.38,156.0,7,360.0,1080.0,720.0,2023,False,False,False,True,True,False,True,True,True,True,True,True,True,True,False,False,False,False,True,False,False,False,False,False,True,False,False,False,False,False,False,False,False,False,False,False,False,True,False,False,False,False,False,False,False,False,False,False,False,False,False,False,False,False,False,False,False,False,False,False,False,False,False,False,False,False,False,False,False,False,False,False,False
625,1,True,True,12.0,2.0,1.0,0,12,1.38,156.0,5,450.0,1050.0,600.0,2000,False,False,False,True,True,True,True,True,True,False,False,True,True,True,False,False,False,False,True,False,False,False,False,False,True,False,False,False,False,False,False,False,False,False,False,False,False,True,False,False,False,False,False,False,False,False,False,False,False,False,False,False,False,False,False,False,False,False,False,False,False,False,False,False,False,False,False,False,False,False,False,False,False
1920,1,True,True,12.0,1.0,,0,12,3.0,120.0,5,420.0,1020.0,600.0,2024,False,False,False,False,True,True,True,True,True,False,False,True,True,True,False,True,False,False,True,False,False,False,False,False,True,False,False,False,False,False,False,False,False,False,False,False,False,False,False,False,False,False,False,True,False,False,False,False,False,False,False,False,False,False,False,False,False,False,False,False,False,False,False,False,False,False,False,False,False,False,False,False,False
2366,3,True,True,92.0,4.0,1.0,0,92,1.38,144.0,5,330.0,1050.0,720.0,2025,False,False,False,True,True,True,True,True,True,False,False,True,True,True,False,True,True,False,False,False,False,False,False,True,False,False,False,False,False,False,False,False,False,False,False,False,False,True,False,False,False,False,False,False,False,False,False,False,False,False,False,False,False,False,False,False,False,False,False,False,False,False,False,False,False,False,False,False,False,False,False,False,False
2560,2,True,True,155.0,12.0,5.0,0,155,1.38,156.0,5,390.0,1080.0,690.0,2001,False,False,False,True,True,True,True,True,True,False,False,True,True,True,True,True,True,False,False,False,False,False,False,True,False,False,False,False,False,False,False,False,False,False,False,False,False,False,False,False,False,False,False,False,False,False,False,False,False,True,False,False,False,False,False,False,False,False,False,False,False,False,False,False,False,False,False,False,False,False,False,False,False
2410,2,True,True,10.0,1.0,,0,10,1.38,156.0,5,330.0,1260.0,930.0,2025,False,False,False,True,True,True,True,True,True,False,False,True,True,True,True,False,False,True,False,False,False,False,False,False,True,False,False,False,False,False,False,False,False,False,False,False,False,False,False,False,False,False,False,False,False,False,False,False,False,False,False,False,False,False,False,False,True,False,False,False,False,False,False,False,False,False,False,False,False,False,False,False,False
483,1,True,False,10.0,2.0,,0,,,,,,,,,False,False,False,False,True,False,True,False,False,False,False,False,False,False,False,False,False,False,False,False,False,False,False,False,True,False,False,False,False,False,False,False,False,False,False,False,False,False,False,False,False,False,False,False,False,False,False,False,False,False,False,False,False,False,False,False,False,False,False,False,False,False,False,False,False,False,False,False,False,False,False,False,False
1350,4,True,True,10.0,1.0,1.0,0,10,1.38,156.0,5,360.0,1080.0,720.0,2023,False,False,False,True,True,True,True,True,True,False,False,True,True,True,False,False,False,True,False,False,False,False,False,False,True,False,False,False,False,False,False,False,False,False,False,False,False,False,False,False,False,False,False,False,False,False,False,False,False,True,False,False,False,False,False,False,False,False,False,False,False,False,False,False,False,False,False,False,False,False,False,False,False
751,1,True,True,10.0,,,0,10,1.38,156.0,6,300.0,1080.0,780.0,2005,False,False,False,True,True,True,True,True,True,True,False,True,True,True,False,True,False,True,False,False,False,False,False,False,True,False,False,False,False,False,False,False,False,False,False,False,False,True,False,False,False,False,False,False,False,False,False,False,False,False,False,False,False,False,False,False,False,False,False,False,False,False,False,False,False,False,False,False,False,False,False,False,False
1826,5,True,True,150.0,27.0,2.0,0,150,1.38,132.0,5,420.0,1050.0,630.0,2018,False,False,False,True,True,False,True,True,True,False,False,True,True,True,False,False,True,False,False,False,False,False,False,True,False,False,False,False,False,False,False,False,False,False,False,False,False,False,False,False,False,False,False,False,False,False,False,False,False,False,False,False,False,True,False,False,False,False,False,False,False,False,False,False,False,False,False,False,False,False,False,False,False
1054,1,True,True,52.0,8.0,6.0,0,52,1.38,156.0,5,240.0,1380.0,1140.0,2024,False,False,False,True,True,False,True,True,True,False,False,True,True,True,True,False,True,False,False,False,False,False,False,True,False,False,False,False,False,False,False,False,False,False,False,False,False,False,False,True,False,False,False,False,False,False,False,False,False,False,False,False,False,False,False,False,False,False,False,False,False,False,False,False,False,False,False,False,False,False,False,False,False
124,1,True,True,10.0,,,0,10,1.38,156.0,6,0.0,1440.0,1440.0,2008,False,False,False,True,True,False,True,True,True,True,False,True,True,True,False,False,False,True,False,False,False,False,False,False,True,False,False,False,False,False,False,False,False,False,False,False,False,False,False,False,False,False,False,False,False,False,False,False,False,False,False,False,False,False,False,False,True,False,False,False,False,False,False,False,False,False,False,False,False,False,False,False,False
2568,3,False,False,,15.0,2.0,0,,,,,,,,,False,False,False,True,False,False,True,False,False,False,False,False,False,False,False,True,False,False,False,False,False,False,False,False,False,True,False,False,False,False,False,False,False,False,False,False,False,False,False,False,False,False,False,False,False,False,False,False,False,False,False,False,False,False,False,False,False,False,False,False,False,False,False,False,False,False,False,False,False,False,False,False,False
3240,1,True,True,105.0,8.0,2.0,0,105,1.38,144.0,5,360.0,1080.0,720.0,2018,False,False,False,True,True,True,True,True,True,False,False,True,True,True,True,False,True,False,False,False,False,False,False,True,False,False,False,False,False,False,False,False,False,False,False,False,False,False,False,False,False,False,False,False,False,False,False,False,False,False,False,False,False,False,False,False,True,False,False,False,False,False,False,False,False,False,False,False,False,False,False,False,False
343,1,True,True,153.0,10.0,2.0,0,153,1.38,156.0,5,360.0,1080.0,720.0,2022,False,False,False,True,True,True,True,True,True,False,False,True,True,True,False,False,True,False,False,False,False,False,False,True,False,False,False,False,False,False,False,False,False,False,False,False,False,False,False,False,False,False,False,False,False,False,False,False,False,False,False,False,False,False,False,False,True,False,False,False,False,False,False,False,False,False,False,False,False,False,False,False,False
647,1,True,True,119.0,13.0,,0,119,1.38,156.0,5,360.0,1080.0,720.0,2024,False,False,False,True,True,True,True,True,True,False,False,True,True,True,True,True,True,False,False,False,False,False,False,True,False,False,False,False,False,False,False,False,False,False,False,False,False,False,False,False,False,False,False,False,False,False,False,False,False,False,False,False,False,False,False,False,True,False,False,False,False,False,False,False,False,False,False,False,False,False,False,False,False
1751,2,True,True,145.0,10.0,6.0,0,55,1.38,156.0,5,0.0,1440.0,1440.0,2003,False,False,False,True,True,True,True,True,True,False,False,True,True,True,True,True,True,False,False,False,False,False,False,True,False,False,False,False,False,False,False,False,False,False,False,False,False,False,True,False,False,False,False,False,False,False,False,False,False,False,False,False,False,False,False,False,False,False,False,False,False,False,False,False,False,False,False,False,False,False,False,False,False
220,3,True,True,225.0,9.0,4.0,1,225,1.38,144.0,5,390.0,1110.0,720.0,2025,True,False,False,True,True,True,True,True,True,False,False,True,True,True,True,True,True,False,False,False,False,False,False,True,False,False,False,False,False,False,False,False,False,False,False,False,False,False,False,False,False,False,False,False,False,False,False,False,False,False,False,False,False,True,False,False,False,False,False,False,False,False,False,False,False,False,False,False,False,False,False,False,False
194,3,True,True,183.0,13.0,6.0,1,183,1.38,156.0,5,360.0,1080.0,720.0,2018,True,False,False,True,True,True,True,True,True,False,False,True,True,True,True,False,True,False,False,False,False,False,False,True,False,False,False,False,False,False,False,False,False,False,False,False,False,False,False,False,False,False,False,False,False,False,False,False,False,False,False,False,False,False,False,False,True,False,False,False,False,False,False,False,False,False,False,False,False,False,False,False,False
131,5,True,True,140.0,10.0,2.0,0,140,18.0,156.0,5,360.0,1080.0,720.0,1997,False,False,False,False,True,True,True,True,True,False,False,True,True,True,True,True,True,False,False,False,False,False,False,True,False,False,False,False,False,False,False,False,False,False,False,False,False,False,False,False,False,False,False,False,False,False,False,False,False,False,False,False,False,False,False,False,False,False,False,True,False,False,False,False,False,False,False,False,False,False,False,False,False
1016,5,True,True,24.0,2.0,5.0,0,24,1.38,156.0,5,510.0,1050.0,540.0,2003,False,False,False,True,False,False,True,True,True,False,False,True,True,True,True,True,True,False,False,False,False,False,False,False,False,False,False,True,False,False,False,False,False,False,False,False,False,True,False,False,False,False,False,False,False,False,False,False,False,False,False,False,False,False,False,False,False,False,False,False,False,False,False,False,False,False,False,False,False,False,False,False,False
1926,2,True,True,10.0,1.0,,0,10,1.38,156.0,5,330.0,1140.0,810.0,2012,False,False,False,True,True,True,True,True,True,False,False,True,True,True,False,False,False,True,False,False,False,False,False,False,True,False,False,False,False,False,False,False,False,False,False,False,False,False,False,False,False,False,False,False,False,False,False,False,False,False,False,False,False,True,False,False,False,False,False,False,False,False,False,False,False,False,False,False,False,False,False,False,False
2836,1,True,True,10.0,,,0,10,1.38,156.0,5,450.0,1020.0,570.0,2022,False,False,False,True,True,True,True,True,True,False,False,True,True,True,False,False,False,True,False,False,False,False,False,False,True,False,False,False,False,False,False,False,False,False,False,False,False,False,False,False,False,False,False,False,False,False,False,False,False,False,False,False,False,False,False,False,True,False,False,False,False,False,False,False,False,False,False,False,False,False,False,False,False
2496,1,True,True,44.0,6.0,1.0,0,44,1.38,144.0,5,360.0,1080.0,720.0,2022,False,False,False,True,False,True,True,True,True,False,False,True,True,True,True,True,True,False,False,False,False,False,False,True,False,False,False,False,False,False,True,False,False,False,False,False,False,False,False,False,False,False,False,False,False,False,False,False,False,False,False,False,False,False,False,False,False,False,False,False,False,False,False,False,False,False,False,False,False,False,False,False,False
863,5,True,True,12.0,,,0,12,1.38,156.0,7,300.0,1380.0,1080.0,2012,False,False,False,True,True,False,True,True,True,True,True,True,True,True,True,False,False,False,True,False,False,False,False,False,True,False,False,False,False,False,False,False,False,False,True,False,False,False,False,False,False,False,False,False,False,False,False,False,False,False,False,False,False,False,False,False,False,False,False,False,False,False,False,False,False,False,False,False,False,False,False,False,False
2150,5,True,True,10.0,1.0,,0,10,1.38,156.0,7,0.0,1440.0,1440.0,2010,False,False,False,True,True,True,True,True,True,True,True,True,True,True,True,False,False,True,False,False,False,False,False,False,True,False,False,False,False,False,False,False,False,False,False,False,False,False,False,False,False,False,False,False,False,False,False,False,False,False,False,False,False,False,False,False,False,False,False,False,False,False,False,False,False,False,False,True,False,False,False,False,False
3103,1,True,True,10.0,1.0,,0,10,1.38,156.0,7,0.0,1440.0,1440.0,2009,False,False,False,True,True,True,True,True,True,True,True,True,True,True,False,False,False,False,True,False,False,False,False,False,True,False,False,False,False,False,False,False,False,False,False,False,False,False,False,False,False,False,False,False,True,False,False,False,False,False,False,False,False,False,False,False,False,False,False,False,False,False,False,False,False,False,False,False,False,False,False,False,False
387,2,True,True,72.0,8.0,4.0,0,72,1.38,144.0,7,0.0,1440.0,1440.0,2013,False,False,False,True,True,True,True,True,True,True,True,True,True,True,True,False,True,False,False,False,False,False,False,True,False,False,False,False,False,False,False,False,False,False,False,False,False,False,False,False,False,False,False,False,False,False,False,False,False,False,False,False,False,True,False,False,False,False,False,False,False,False,False,False,False,False,False,False,False,False,False,False,False
1773,2,True,True,10.0,1.0,1.0,0,10,1.38,156.0,7,0.0,1440.0,1440.0,2020,False,False,False,True,False,True,True,True,True,True,True,True,True,True,False,True,False,True,False,False,False,False,False,False,True,False,False,False,False,False,False,False,False,False,False,False,False,False,False,False,False,False,False,False,False,False,False,False,False,True,False,False,False,False,False,False,False,False,False,False,False,False,False,False,False,False,False,False,False,False,False,False,False
2662,5,True,True,12.0,1.0,3.0,0,12,1.38,156.0,6,420.0,1020.0,600.0,1996,False,False,False,True,False,False,True,True,True,True,False,True,True,True,True,True,True,False,False,False,False,False,False,False,False,False,False,True,False,False,False,False,False,False,False,False,False,True,False,False,False,False,False,False,False,False,False,False,False,False,False,False,False,False,False,False,False,False,False,False,False,False,False,False,False,False,False,False,False,False,False,False,False
3267,2,True,True,76.0,4.0,,0,76,1.38,144.0,5,360.0,1080.0,720.0,2011,False,False,False,True,True,True,True,True,True,False,False,True,True,True,True,True,True,False,False,False,False,False,False,True,False,False,False,False,False,False,False,False,False,False,False,False,False,False,False,False,True,False,False,False,False,False,False,False,False,False,False,False,False,False,False,False,False,False,False,False,False,False,False,False,False,False,False,False,False,False,False,False,False
1941,5,True,True,62.0,4.0,4.0,0,62,1.38,156.0,5,270.0,1080.0,810.0,2003,False,False,False,True,True,True,True,True,True,False,False,True,True,True,False,False,True,False,False,False,False,False,False,True,False,False,False,False,False,False,False,False,False,False,False,False,False,False,False,False,False,False,False,False,False,False,False,False,False,False,False,False,False,False,False,False,False,False,False,True,False,False,False,False,False,False,False,False,False,False,False,False,False
2538,2,True,True,38.0,5.0,1.0,0,38,1.38,144.0,5,360.0,1080.0,720.0,2020,False,False,False,True,True,True,True,True,True,False,False,True,True,True,True,False,True,False,False,False,False,False,False,True,False,False,False,False,False,False,False,False,False,False,False,False,False,True,False,False,False,False,False,False,False,False,False,False,False,False,False,False,False,False,False,False,False,False,False,False,False,False,False,False,False,False,False,False,False,False,False,False,False
3023,1,True,True,12.0,1.0,2.0,0,12,1.38,156.0,6,300.0,1110.0,810.0,2001,False,False,False,True,True,True,True,True,True,True,False,True,True,True,False,False,False,False,True,False,False,False,False,False,True,False,False,False,False,False,False,False,False,False,False,False,False,True,False,False,False,False,False,False,False,False,False,False,False,False,False,False,False,False,False,False,False,False,False,False,False,False,False,False,False,False,False,False,False,False,False,False,False
3053,2,True,True,122.0,8.0,13.0,0,122,1.38,156.0,5,330.0,1110.0,780.0,1996,False,False,False,True,True,True,True,True,True,False,False,True,True,True,True,True,True,False,False,False,False,False,False,True,False,False,False,False,False,False,False,False,False,False,False,False,False,False,False,False,False,False,False,False,False,False,False,False,False,False,False,False,False,False,False,True,False,False,False,False,False,False,False,False,False,False,False,False,False,False,False,False,False
668,2,True,True,220.0,10.0,4.0,0,220,1.38,144.0,5,360.0,1080.0,720.0,2023,False,False,False,True,True,True,True,True,True,False,False,True,True,True,True,True,True,False,False,False,False,False,False,True,False,False,False,False,False,False,False,False,False,False,False,False,False,False,False,False,False,False,False,False,False,False,False,False,False,False,False,False,False,False,False,False,True,False,False,False,False,False,False,False,False,False,False,False,False,False,False,False,False
2514,3,True,True,120.0,8.0,1.0,0,120,1.38,156.0,5,360.0,1110.0,750.0,2002,False,False,False,True,True,True,True,True,True,False,False,True,True,True,True,False,True,False,False,False,False,False,False,True,False,False,False,False,False,False,False,False,False,False,False,False,False,True,False,False,False,False,False,False,False,False,False,False,False,False,False,False,False,False,False,False,False,False,False,False,False,False,False,False,False,False,False,False,False,False,False,False,False
