provider_id,qr_rating,days_open,earliest_open,latest_close,weekly_hours,total_capacity,n_monitoring_visits,n_visits_with_noncompliance,avg_compliance_pct,has_substantiated_complaints,n_complaint_findings,age_infants_0_11_months,age_preschool_24_48_months_2_4_yrs,age_school_age_5_years_older,age_toddlers_12_23_months_1yr,factype_child_care_center,factype_family_child_care_home,tag_accepts_subsidy,tag_daytime_hours,tag_drop_in,tag_evening_hours,tag_overnight_hours,tag_school_vacation_only,tag_school_year_only,tag_summer_only,tag_weekend_hours,tag_year_round
2373,1,6,345,1140,73.25,12,9,2,98.04,False,,True,True,True,True,False,True,True,True,False,False,False,False,False,False,True,True
1137,1,5,450,1050,50.0,11,11,1,99.41,False,,True,True,False,True,False,True,False,True,False,False,False,False,False,False,False,True
1156,1,5,360,1080,60.0,7,7,2,98.32,False,,True,True,True,True,False,True,True,True,False,False,False,False,False,False,False,True
1766,3,5,270,1410,95.0,12,10,2,98.24,False,,True,True,True,True,False,True,True,True,False,True,False,False,False,False,False,False
1994,3,5,420,1050,52.5,12,10,2,98.75,False,,False,True,True,True,False,True,True,True,False,False,False,False,False,False,False,True
1522,1,5,435,1080,53.75,7,9,0,100.0,False,,True,True,True,True,False,True,False,True,False,True,False,False,False,False,False,True
865,4,7,450,1440,115.5,12,8,0,100.0,False,,True,True,True,True,False,True,True,True,False,True,False,False,False,False,False,True
972,1,5,330,1080,62.5,7,11,0,100.0,False,,True,True,True,True,False,True,True,True,False,False,False,False,False,False,False,True
411,3,5,360,1080,60.0,7,13,1,99.1,False,,True,True,True,True,False,True,True,True,False,True,False,False,False,False,False,True
1514,1,5,390,1080,57.5,7,11,0,100.0,False,,True,True,True,True,False,True,True,True,False,False,False,True,False,True,False,False
251,1,5,360,1080,60.0,7,9,1,99.07,True,1,True,True,True,True,False,True,False,True,False,False,False,False,False,False,False,True
1208,1,5,360,1080,60.0,7,8,3,96.82,False,,True,True,True,True,False,True,False,True,False,False,False,False,False,False,False,True
457,1,5,360,1080,60.0,7,7,1,99.05,False,,True,True,False,True,False,True,False,True,False,False,False,False,False,False,False,True
738,1,5,420,1050,52.5,7,10,8,91.46,False,,True,True,True,True,False,True,False,True,False,False,False,False,False,False,False,True
1146,3,7,300,1080,91.0,12,23,5,97.07,True,7,True,True,True,True,False,True,True,True,False,False,False,False,False,False,True,True
1042,1,5,420,1080,55.0,7,14,4,98.24,False,,True,True,True,True,False,True,True,True,False,False,False,False,False,False,False,True
787,1,5,390,1050,55.0,12,9,0,99.35,False,,True,True,True,True,False,True,False,True,False,False,False,False,False,False,False,True
453,5,5,450,1020,47.5,12,10,1,99.41,False,,True,True,True,True,False,True,True,True,False,False,False,False,False,False,False,True
2504,3,5,450,1020,47.5,12,9,1,99.31,False,,True,True,True,True,False,True,True,True,False,False,False,False,False,False,False,True
1125,1,5,390,1080,57.5,7,10,0,100.0,False,,True,True,True,True,False,True,False,True,False,False,False,False,False,False,False,True
253,4,5,360,1020,22.5,12,26,2,99.55,False,,True,True,True,True,False,True,True,True,False,False,False,False,False,False,False,True
1731,1,5,420,1020,50.0,7,9,0,100.0,False,,False,True,True,True,False,True,False,True,False,False,False,False,False,False,False,True
1065,3,5,420,1050,52.5,12,11,0,100.0,False,,True,True,True,True,False,True,True,True,False,False,False,False,False,False,False,True
2226,2,5,330,1050,60.0,7,9,0,100.0,False,,True,True,True,True,False,True,True,True,False,True,False,False,False,False,False,True
641,1,5,390,1050,55.0,12,12,6,93.32,False,,True,True,True,True,False,True,False,True,False,False,False,False,False,False,False,True
1044,1,5,420,1050,52.5,7,11,0,100.0,False,,True,True,True,True,False,True,False,True,False,False,False,False,False,False,False,True
387,1,5,450,1020,47.5,7,13,2,97.15,False,,True,True,True,True,False,True,False,True,False,False,False,False,False,False,False,True
44,1,5,390,990,50.0,7,9,0,100.0,False,,True,True,True,True,False,True,False,True,False,False,False,False,False,False,False,True
221,1,5,390,1080,57.5,7,11,0,100.0,False,,True,True,True,True,False,True,True,True,False,False,False,False,False,False,False,False
1565,1,5,420,1050,52.5,12,10,1,99.41,False,,True,True,True,True,False,True,False,True,False,False,False,False,False,False,False,True
41,2,5,420,1050,52.5,7,10,4,96.25,False,,True,True,True,True,False,True,True,True,False,False,False,False,False,False,False,True
2395,2,5,420,1020,50.0,7,8,1,99.17,False,,True,True,True,True,False,True,True,True,False,False,False,False,False,False,False,True
1978,1,5,420,1050,52.5,12,9,6,94.84,False,,False,True,True,True,False,True,False,True,False,False,False,False,False,False,False,True
1372,1,5,420,1080,55.0,7,13,3,98.18,False,,True,True,True,True,False,True,False,True,False,False,False,False,False,False,False,True
2525,1,5,360,1020,55.0,7,10,1,99.38,False,,True,True,True,True,False,True,False,True,False,False,False,False,False,False,False,True
2008,1,5,360,1080,60.0,7,8,0,100.0,False,,True,True,True,True,False,True,False,True,False,False,False,False,False,False,False,True
1743,2,5,360,1080,60.0,7,8,0,100.0,False,,True,True,True,True,False,True,False,True,False,False,False,False,False,False,False,True
551,4,5,420,1020,50.0,12,9,2,97.38,False,,True,True,True,True,False,True,True,True,False,False,False,False,False,False,False,True
969,2,5,420,1050,52.5,7,10,0,100.0,False,,True,True,True,True,False,True,True,True,False,False,False,False,False,False,False,True
2253,1,5,420,1080,55.0,7,9,5,91.57,False,,True,True,True,True,False,True,False,True,False,True,False,False,False,False,False,True
724,1,5,345,1080,61.25,7,10,0,100.0,False,,True,True,True,True,False,True,False,True,False,False,False,False,False,False,False,True
1296,1,5,450,1050,50.0,7,11,4,97.58,False,,True,True,True,True,False,True,False,True,False,False,False,False,False,False,False,True
549,1,5,450,1050,50.0,7,10,4,97.57,False,,True,True,True,True,False,True,True,True,False,False,False,False,False,False,False,True
1673,1,5,390,990,50.0,12,9,1,97.92,False,,True,True,True,True,False,True,False,True,False,False,False,False,False,False,False,True
857,2,4,450,990,36.0,12,10,0,100.0,False,,True,True,True,True,False,True,False,True,False,False,False,False,False,False,False,True
282,4,5,420,1080,55.0,12,9,5,91.72,False,,True,True,True,True,False,True,True,True,False,False,False,False,False,False,False,True
884,1,5,420,1050,52.5,7,12,2,98.33,False,,False,True,True,True,False,True,True,True,False,False,False,False,False,False,False,True
1152,1,5,420,1050,52.5,7,12,8,93.54,False,,False,True,True,True,False,True,False,True,False,False,False,False,False,False,False,True
932,4,5,420,1050,52.5,12,16,0,100.0,False,,False,True,True,True,False,True,True,True,False,False,False,False,False,False,False,True
716,2,5,420,1050,52.5,7,10,0,100.0,False,,True,True,True,True,False,True,False,True,False,False,False,False,False,False,False,True
374,1,5,480,1050,47.5,7,10,1,98.82,False,,True,True,False,True,False,True,False,True,False,False,False,False,False,False,False,False
1063,4,5,360,1080,60.0,12,10,4,96.88,False,,True,True,True,True,False,True,True,True,False,False,False,False,False,False,False,True
1183,1,5,450,1050,50.0,7,9,0,100.0,False,,True,True,True,True,False,True,True,True,False,False,False,False,False,False,False,True
985,1,6,360,1080,72.0,12,13,2,98.53,False,,True,True,True,True,False,True,True,True,False,False,False,False,False,False,False,True
2131,1,5,435,1020,48.75,7,10,0,100.0,False,,False,True,True,True,False,True,False,True,False,False,False,False,False,False,False,True
1418,1,5,465,1035,47.5,7,9,2,97.87,False,,True,True,True,True,False,True,False,True,False,False,False,False,False,False,False,True
1679,4,5,450,1020,47.5,12,13,4,98.13,False,,True,True,True,True,False,True,True,True,False,False,False,False,False,False,False,False
1246,1,5,450,1050,50.0,7,10,1,99.41,False,,True,True,True,True,False,True,True,True,False,False,False,False,False,False,False,True
1188,1,5,420,1020,50.0,12,12,6,94.27,False,,True,True,True,True,False,True,True,True,False,False,False,False,False,False,False,True
955,1,5,0,1439,119.92,7,10,3,98.12,False,,True,True,True,True,False,True,False,True,False,True,True,False,False,False,False,True
1857,3,5,420,1080,55.0,12,13,1,99.48,False,,True,True,True,True,False,True,True,True,False,False,False,False,False,False,False,True
14,3,5,360,1080,60.0,12,9,1,99.31,False,,True,True,True,True,False,True,True,True,False,False,False,False,False,False,False,True
192,3,5,360,1080,60.0,12,10,2,98.24,False,,True,True,True,True,False,True,True,True,False,False,False,False,False,False,False,False
2085,1,5,420,1020,50.0,12,7,3,95.84,False,,True,True,True,True,False,True,False,True,False,False,False,False,False,False,False,True
2228,2,5,390,1050,55.0,7,9,0,100.0,False,,True,True,True,True,False,True,True,True,False,False,False,False,False,False,False,False
1576,4,5,360,360,0.0,10,14,0,100.0,False,,True,True,True,True,False,True,True,True,False,True,False,False,False,False,False,True
113,4,5,510,1890,80.0,12,13,2,98.55,True,,True,True,False,True,False,True,True,True,False,False,False,False,False,False,False,True
401,2,5,450,1050,50.0,7,8,0,100.0,False,,False,True,True,True,False,True,True,True,False,False,False,False,False,False,False,True
517,5,5,360,1170,67.5,12,9,1,99.35,False,,True,True,True,False,False,True,True,True,False,True,False,False,False,False,False,True
1616,2,6,240,1170,84.5,7,11,1,98.93,False,,True,True,True,True,False,True,True,True,False,True,False,False,False,False,True,True
448,4,5,360,1080,60.0,10,11,2,98.93,False,,True,True,True,True,False,True,True,True,False,True,False,False,False,False,False,True
1356,1,3,450,1050,30.0,12,9,0,100.0,False,,True,True,True,True,False,True,False,True,False,False,False,False,False,False,False,True
601,1,5,420,1020,50.0,7,10,4,96.94,False,,True,True,True,True,False,True,False,True,False,False,False,False,False,False,False,True
1870,1,5,450,1050,50.0,7,8,0,100.0,False,,True,False,False,True,False,True,False,True,False,False,False,False,False,False,False,True
1120,1,5,465,1020,46.25,7,12,5,94.72,False,,True,True,False,True,False,True,False,True,False,False,False,False,False,False,False,True
250,4,5,450,1020,47.5,7,12,1,99.48,False,,True,True,True,True,False,True,True,True,False,False,False,False,False,False,False,True
960,1,5,360,1080,60.0,7,13,5,97.32,False,,True,True,True,True,False,True,False,True,False,False,False,False,False,False,False,True
1203,1,5,465,1035,47.5,7,9,0,100.0,False,,True,True,True,True,False,True,False,True,False,False,False,False,False,False,False,True
1224,4,5,300,1080,65.0,12,12,0,100.0,False,,True,True,True,True,False,True,True,True,False,False,False,False,False,False,False,True
975,1,5,360,1080,60.0,12,7,1,98.32,False,,True,True,True,True,False,True,False,True,False,False,False,False,False,False,False,True
2220,4,5,450,1020,47.5,12,10,0,100.0,False,,True,True,True,True,False,True,True,True,False,False,False,False,False,False,False,True
388,2,5,360,1080,60.0,12,13,3,98.61,False,,True,True,True,True,False,True,True,True,False,True,False,False,False,False,False,True
263,4,5,360,1080,60.0,12,8,1,99.26,False,,True,True,True,True,False,True,True,True,False,False,False,False,False,False,False,True
2144,4,5,360,1020,55.0,12,9,0,100.0,False,,True,True,True,True,False,True,True,True,False,False,False,False,False,False,False,True
661,1,7,360,1080,84.0,12,10,1,99.41,False,,True,True,True,True,False,True,False,True,False,True,True,False,False,False,True,True
2149,4,5,420,1050,52.5,11,13,0,100.0,False,,True,True,True,True,False,True,True,True,False,True,False,False,False,False,False,True
1718,1,5,420,1050,52.5,7,9,0,100.0,False,,True,True,True,True,False,True,False,True,False,False,False,False,False,False,False,True
741,3,5,360,1080,60.0,12,16,1,99.63,False,,True,True,True,True,False,True,False,True,False,False,False,False,False,False,False,True
638,4,5,360,1080,60.0,7,9,2,97.66,False,,True,True,True,True,False,True,True,True,False,False,False,False,False,False,False,True
182,1,5,450,1050,50.0,7,10,2,98.75,False,,True,True,True,True,False,True,False,True,False,False,False,False,False,False,False,True
75,1,5,450,1050,50.0,12,8,2,98.53,False,,True,True,True,True,False,True,False,True,False,False,False,False,False,False,False,True
2159,4,5,390,1050,55.0,12,10,2,98.82,False,,True,True,True,True,False,True,True,True,False,False,False,False,False,False,False,True
1413,4,5,420,1050,52.5,12,9,2,98.69,False,,True,True,True,True,False,True,True,True,False,False,False,False,False,False,False,True
19,3,5,360,1440,90.0,12,7,2,95.24,False,,True,True,True,True,False,True,True,True,False,True,True,False,False,False,True,False
2412,4,5,390,1050,55.0,12,8,1,98.53,False,,True,True,True,True,False,True,True,True,False,False,False,False,False,False,False,True
122,1,5,420,1005,48.75,7,6,0,100.0,False,,True,True,True,True,False,True,False,True,False,False,False,False,True,False,False,False
1769,3,5,300,1020,60.0,12,9,1,98.15,False,,True,True,True,True,False,True,True,True,False,True,False,False,False,False,False,True
142,1,5,360,1080,60.0,7,9,1,99.35,False,,True,True,True,True,False,True,False,True,False,False,False,False,False,False,False,True
1361,1,5,360,1080,60.0,12,8,1,99.16,False,,True,True,True,True,False,True,True,True,False,False,False,False,False,False,False,True
708,5,4,450,1035,39.0,12,9,0,100.0,False,,False,True,True,True,False,True,True,True,False,False,False,False,False,False,False,True
1219,1,5,420,1050,52.5,7,8,0,100.0,False,,True,True,True,True,False,True,False,True,False,False,False,False,False,False,False,True
397,2,5,450,1050,50.0,12,11,2,97.86,False,,True,True,True,True,False,True,False,True,False,True,False,False,False,False,False,True
82,4,5,360,1800,117.5,12,8,3,97.79,False,,True,True,True,True,False,True,True,True,False,False,True,False,False,False,False,True
1741,3,7,0,1439,167.88,7,13,0,100.0,False,,True,True,True,True,False,True,True,True,False,True,True,False,False,False,True,True
1164,1,5,420,1080,55.0,7,9,0,100.0,False,,True,True,False,True,False,True,False,True,False,True,False,False,False,False,False,True
2438,2,5,360,1080,60.0,7,8,4,94.56,False,,True,True,True,True,False,True,True,True,False,False,False,False,False,False,False,True
1409,1,5,360,1080,60.0,12,10,0,100.0,False,,True,True,True,True,False,True,False,True,False,False,False,False,False,False,False,True
377,4,5,420,1020,50.0,12,9,1,97.53,False,,True,True,True,True,False,True,True,True,False,False,False,False,False,False,False,True
466,4,5,360,990,52.5,12,10,3,93.79,False,,True,True,True,True,False,True,True,True,False,False,False,False,False,False,False,True
1532,4,5,360,1080,60.0,12,9,2,98.04,False,,False,True,True,True,False,True,True,True,False,False,False,False,False,False,False,True
2337,5,5,390,1050,55.0,12,14,0,100.0,False,,True,True,True,True,False,True,True,True,False,False,False,False,False,False,False,True
565,1,5,360,1080,60.0,7,10,4,97.61,False,,True,True,True,True,False,True,True,True,False,False,False,False,False,False,False,True
2054,3,5,390,1080,57.5,12,11,1,99.47,False,,True,True,True,True,False,True,True,True,False,True,False,False,False,False,False,True
815,1,5,390,990,50.0,7,8,0,100.0,False,,False,True,True,False,False,True,False,True,False,False,False,False,True,False,False,False
620,4,5,420,1050,52.5,12,10,0,100.0,False,,True,True,True,True,False,True,True,True,False,False,False,False,False,False,False,False
11,4,5,450,1050,50.0,12,14,3,97.9,False,,True,True,True,True,False,True,True,True,False,False,False,False,False,False,False,True
703,4,5,465,960,41.25,7,11,2,98.86,False,,True,True,True,True,False,True,True,True,False,False,False,False,False,False,False,False
1800,1,5,450,1050,50.0,7,10,1,99.41,False,,True,True,False,True,False,True,True,True,False,False,False,False,False,False,False,True
1471,1,5,420,1050,52.5,7,8,2,98.33,False,,True,True,False,True,False,True,False,True,False,False,False,False,False,False,False,True
277,5,5,360,1170,67.5,12,9,1,99.35,False,,True,True,True,True,False,True,True,True,False,False,False,False,False,False,False,True
1568,1,5,390,1770,115.0,7,10,2,98.26,False,,True,True,True,True,False,True,False,True,False,False,False,False,False,False,False,False
309,1,5,450,990,45.0,7,9,0,100.0,False,,True,True,True,True,False,True,True,True,False,False,False,False,False,False,False,True
1860,1,5,450,960,42.5,12,7,4,96.59,False,,True,True,True,True,False,True,True,True,False,False,False,False,False,False,False,True
769,1,5,300,1035,61.25,7,8,2,98.44,False,,True,True,True,True,False,True,True,True,False,False,False,False,False,False,False,True
1151,1,5,420,1050,52.5,12,11,5,96.22,False,,True,True,True,True,False,True,False,True,False,False,False,False,False,False,False,True
1311,1,5,420,1080,55.0,12,9,4,96.8,False,,True,True,True,True,False,True,False,True,False,False,False,False,False,False,False,False
1665,4,5,420,1020,50.0,12,9,0,100.0,False,,True,True,True,True,False,True,False,True,False,False,False,False,False,False,False,True
1856,4,5,390,1080,57.5,12,15,1,99.47,False,,True,True,True,True,False,True,True,True,False,True,False,False,False,False,False,True
339,2,5,450,1050,50.0,12,10,0,100.0,False,,True,True,True,True,False,True,True,True,False,False,False,False,False,False,False,True
1029,1,5,465,1035,47.5,7,10,0,100.0,False,,True,True,True,True,False,True,False,True,False,False,False,False,False,False,False,True
354,2,5,450,1050,50.0,12,13,1,98.96,False,,True,True,True,True,False,True,False,True,False,False,False,False,False,False,False,True
1530,5,5,360,1080,60.0,12,13,0,100.0,False,,True,True,True,True,False,True,True,True,False,False,False,False,False,False,False,True
1428,2,5,420,1050,52.5,12,10,0,100.0,False,,False,True,True,True,False,True,False,True,False,False,False,False,False,False,False,True
2087,4,5,450,1050,50.0,12,12,1,99.51,True,3,True,True,True,True,False,True,False,True,False,False,False,False,False,False,False,True
1070,3,5,360,1080,60.0,12,9,1,98.61,False,,False,True,True,True,False,True,True,True,False,False,False,False,False,False,False,True
2501,1,5,450,1020,47.5,7,9,1,99.26,False,,True,True,True,True,False,True,False,True,False,False,False,False,False,False,False,True
2046,1,5,420,1080,55.0,12,9,1,99.31,False,,True,True,True,True,False,True,False,True,False,False,False,False,False,False,False,True
1032,3,5,450,1020,47.5,7,10,0,100.0,False,,False,True,True,False,False,True,True,True,False,False,False,False,False,False,False,True
2134,2,5,450,1050,50.0,7,11,1,99.39,False,,False,True,True,True,False,True,True,True,False,False,False,False,False,False,False,True
5,3,5,240,1200,80.0,12,10,0,100.0,False,,True,True,True,True,False,True,True,True,False,True,False,False,False,False,False,True
2049,4,5,390,1020,52.5,12,17,8,94.49,True,5,True,True,True,True,False,True,True,True,False,False,False,False,False,False,False,True
1227,4,5,330,1050,60.0,12,10,0,100.0,False,,True,True,True,True,False,True,True,True,False,False,False,False,False,False,False,True
2328,4,5,360,1080,60.0,12,9,0,100.0,False,,True,True,True,True,False,True,True,True,False,True,False,False,False,False,False,True
32,4,5,300,1020,60.0,12,8,0,100.0,False,,False,True,True,True,False,True,True,True,False,True,True,False,False,False,False,True
1817,5,5,360,1080,60.0,12,10,1,98.89,False,,False,True,True,True,False,True,True,True,False,True,False,False,False,False,False,True
318,3,5,420,960,45.0,12,17,12,88.29,False,,True,True,True,True,False,True,True,True,False,False,False,False,False,False,False,True
1469,4,5,450,1020,47.5,12,9,1,99.35,False,,True,True,True,True,False,True,True,True,False,False,False,False,False,False,False,True
80,4,5,360,1080,60.0,12,12,2,98.89,False,,True,True,True,True,False,True,True,True,False,True,False,False,False,False,False,True
1071,2,5,420,1080,55.0,7,9,0,100.0,False,,False,True,True,True,False,True,True,True,False,False,False,False,False,False,False,True
2280,2,5,330,1050,60.0,12,12,3,98.5,False,,True,True,True,True,False,True,True,True,False,False,False,False,False,False,False,True
939,1,5,450,1050,50.0,7,13,3,98.29,False,,True,True,False,True,False,True,False,True,False,False,False,False,False,False,False,False
1347,2,5,240,1170,77.5,7,11,3,98.3,False,,True,True,True,True,False,True,True,True,False,False,False,False,False,False,False,True
1756,4,7,360,1439,125.88,12,12,3,98.4,False,,True,True,True,True,False,True,True,True,False,True,False,False,False,False,True,True
1491,3,5,360,1080,60.0,12,11,1,98.93,False,,True,True,True,True,False,True,True,True,False,True,True,False,False,False,False,True
299,4,7,0,1439,95.88,7,10,0,100.0,False,,True,True,True,True,False,True,True,True,False,True,False,False,False,False,False,True
1863,5,5,330,1350,85.0,12,12,1,97.86,False,,True,True,True,True,False,True,True,True,False,False,False,False,False,False,False,True
1712,4,5,420,1050,52.5,12,10,1,99.41,False,,True,True,True,True,False,True,True,True,False,False,False,False,False,False,False,True
1937,1,5,330,1050,60.0,7,9,1,99.31,False,,True,True,True,True,False,True,True,True,False,True,False,False,False,False,False,True
825,1,5,420,1050,52.5,7,10,4,96.24,False,,True,True,False,True,False,True,False,True,False,False,False,False,False,False,False,True
1213,1,5,450,990,45.0,12,11,1,98.4,False,,False,True,True,True,False,True,False,True,False,False,False,False,False,False,False,True
1225,5,5,360,1080,60.0,12,13,1,99.55,True,1,True,True,True,True,False,True,True,True,False,True,False,False,False,False,True,True
2078,3,5,360,1050,57.5,12,12,2,98.4,False,,True,True,True,True,False,True,True,True,False,False,False,False,False,False,False,True
2208,4,5,420,1020,50.0,7,9,0,100.0,False,,True,True,True,True,False,True,True,True,False,False,False,False,False,False,False,True
56,1,5,450,1050,50.0,7,14,1,99.52,False,,True,True,True,True,False,True,False,True,False,False,False,False,False,False,False,True
2213,2,5,390,1050,55.0,7,11,4,93.32,False,,True,True,True,True,False,True,True,True,False,False,False,False,False,False,False,True
428,1,5,360,1050,57.5,12,9,0,100.0,False,,True,True,True,True,False,True,False,True,False,False,False,False,False,False,False,True
1084,5,6,345,1050,65.25,12,10,0,100.0,False,,True,True,True,True,False,True,True,True,False,False,False,False,False,False,True,True
2009,1,5,330,1080,62.5,7,9,0,100.0,False,,False,True,True,True,False,True,False,True,False,False,False,False,False,False,False,True
792,4,5,420,1080,55.0,12,13,1,99.55,False,,True,True,True,True,False,True,True,True,False,False,False,False,False,False,False,True
475,4,5,480,900,35.0,12,13,2,98.64,False,,True,True,True,True,False,True,True,True,False,True,False,False,False,False,True,True
1261,4,5,420,1050,52.5,12,11,1,99.47,False,,True,True,True,True,False,True,True,True,False,False,False,False,False,False,False,True
1659,4,5,420,1050,52.5,12,11,1,99.47,False,,False,True,True,False,False,True,True,True,False,False,False,False,False,False,False,True
2377,4,5,420,1050,52.5,12,8,0,100.0,False,,True,True,True,True,False,True,True,True,False,False,False,False,False,False,False,True
1629,2,5,360,1080,60.0,7,12,4,96.91,False,,False,True,True,True,False,True,True,True,False,False,False,False,False,False,False,True
2040,5,5,360,1200,70.0,12,10,4,97.65,False,,True,True,True,True,False,True,True,True,False,True,False,False,False,False,False,True
891,1,5,360,1050,57.5,7,12,0,100.0,False,,True,True,True,True,False,True,False,True,False,False,False,False,False,False,False,True
1858,1,5,450,990,45.0,7,10,0,100.0,False,,True,True,True,True,False,True,False,True,False,False,False,False,False,False,False,True
2227,4,5,360,1320,80.0,12,10,3,98.16,False,,True,True,True,True,False,True,True,True,False,False,False,False,False,False,False,True
2130,1,5,450,1035,48.75,12,10,1,98.89,False,,True,True,True,True,False,True,False,True,False,False,False,False,False,False,False,False
1695,4,5,0,1439,119.92,12,11,0,100.0,False,,False,True,True,True,False,True,True,True,False,True,True,False,False,False,False,True
906,4,5,0,1439,119.92,12,9,0,100.0,False,,True,True,True,True,False,True,True,True,False,True,True,False,False,False,False,True
20,1,5,390,1050,55.0,12,10,3,97.64,False,,True,True,True,True,False,True,True,True,False,False,False,False,False,False,False,True
180,4,7,390,990,70.0,12,6,0,100.0,False,,False,True,True,False,False,True,True,True,False,True,False,False,False,False,True,True
1542,4,5,390,1440,87.5,12,14,0,100.0,False,,True,True,True,True,False,True,True,True,False,True,False,False,False,False,False,True
1920,1,5,450,1050,50.0,7,8,1,99.22,False,,True,True,True,True,False,True,False,True,False,False,False,False,False,False,False,True
2532,5,5,480,1020,45.0,12,10,0,100.0,False,,True,True,False,True,False,True,True,True,False,False,False,False,False,False,False,True
1319,1,3,450,960,25.5,7,9,1,99.31,False,,True,True,True,True,False,True,False,True,False,False,False,False,False,False,False,True
2484,4,5,420,1050,52.5,7,11,2,97.83,False,,True,True,True,True,False,True,False,True,False,False,False,False,False,False,False,True
1762,3,5,420,1050,52.5,12,14,1,99.58,False,,True,True,True,True,False,True,True,True,False,False,False,False,False,False,False,True
1343,1,5,420,1050,52.5,12,10,5,96.25,False,,True,True,True,True,False,True,False,True,False,False,False,False,False,False,False,True
2524,1,5,360,1080,60.0,7,10,0,100.0,False,,True,True,True,True,False,True,False,True,False,False,False,False,False,False,False,True
578,1,5,390,990,50.0,7,10,0,100.0,False,,True,True,True,True,False,True,False,True,False,False,False,False,False,False,False,True
57,1,5,360,1080,60.0,7,10,1,99.38,False,,True,True,True,True,False,True,False,True,False,False,False,False,False,False,False,True
2199,1,5,420,1050,52.5,12,9,0,100.0,False,,True,True,True,True,False,True,True,True,False,False,False,False,False,False,False,True
956,1,5,360,1080,60.0,12,10,0,100.0,False,,True,True,True,True,False,True,True,True,False,True,False,False,False,False,False,True
1797,1,5,480,960,40.0,7,9,2,97.22,False,,True,True,True,True,False,True,False,True,False,False,False,False,False,False,False,True
584,4,5,420,1050,52.5,12,8,1,98.53,False,,True,True,True,True,False,True,True,True,False,False,False,False,False,False,False,False
523,4,5,360,1080,60.0,12,11,1,99.47,False,,True,True,False,True,False,True,True,True,False,False,False,False,False,False,False,True
711,5,5,450,1050,50.0,12,9,0,100.0,False,,True,True,True,True,False,True,True,True,False,False,False,False,False,False,False,True
2263,1,5,450,1050,48.5,7,9,0,100.0,False,,True,True,True,True,False,True,False,True,False,False,False,False,False,False,False,True
1255,1,5,420,1020,50.0,7,11,2,98.79,False,,True,True,False,True,False,True,False,True,False,False,False,False,False,False,False,True
1904,1,5,390,1050,55.0,12,9,1,98.61,False,,True,True,True,True,False,True,False,True,False,False,False,False,False,False,False,True
837,4,5,360,1080,60.0,7,10,3,95.98,False,,True,True,False,True,False,True,False,True,False,False,False,False,False,False,False,True
1894,4,5,420,1020,50.0,7,12,3,96.65,False,,False,True,True,True,False,True,True,True,False,False,False,False,False,False,False,True
2047,1,5,450,1065,51.25,7,9,0,100.0,False,,True,True,True,True,False,True,False,True,False,False,False,False,False,False,False,True
2469,5,5,390,1050,55.0,12,10,0,100.0,False,,True,True,True,True,False,True,True,True,False,False,False,False,False,False,False,True
1293,1,5,360,1080,60.0,7,9,1,99.31,False,,True,True,True,True,False,True,False,True,False,False,False,False,False,False,False,True
2487,3,5,900,1050,12.5,12,8,3,97.79,False,,False,True,True,False,False,True,True,True,False,False,False,False,False,False,False,True
1314,4,5,360,1050,57.5,12,13,0,100.0,False,,True,True,True,True,False,True,True,True,False,True,False,False,False,False,False,True
184,1,5,420,960,45.0,7,9,0,100.0,False,,True,True,True,True,False,True,True,True,False,False,False,False,False,False,False,True
187,1,5,420,990,47.5,7,9,1,99.35,False,,True,True,False,True,False,True,False,True,False,False,False,False,False,False,False,False
405,1,5,420,1050,52.5,12,6,0,100.0,False,,True,True,True,True,False,True,False,True,False,False,False,False,False,False,False,True
864,2,5,0,1439,119.92,12,12,3,96.21,False,,True,True,True,True,False,True,True,True,False,True,True,False,False,False,True,True
1488,5,5,390,1050,55.0,12,10,2,97.06,False,,True,True,True,True,False,True,True,True,False,False,False,False,False,False,False,True
777,1,5,420,1020,50.0,7,9,1,99.26,False,,True,True,True,True,False,True,False,True,False,False,False,False,False,False,False,True
398,1,5,450,1020,47.5,7,8,0,100.0,False,,False,True,True,True,False,True,True,True,False,False,False,False,False,False,False,True
1373,4,5,420,1080,55.0,7,10,1,99.23,False,,True,True,False,True,False,True,True,True,False,False,False,False,False,False,False,True
2268,3,5,390,1080,57.5,12,10,2,97.5,False,,True,True,True,True,False,True,True,True,False,False,False,False,False,False,False,True
2017,1,5,330,1050,60.0,12,12,5,94.17,False,,True,True,True,True,False,True,True,True,False,True,False,False,False,False,False,True
1902,4,7,0,1439,167.88,12,11,1,98.93,False,,True,True,True,True,False,True,True,True,False,True,True,False,False,False,False,True
990,1,4,450,1020,38.0,7,8,0,100.0,False,,True,False,False,True,False,True,False,True,False,False,False,False,False,False,False,True
207,3,5,390,1050,55.0,12,10,3,97.06,False,,True,True,True,True,False,True,True,True,False,False,False,False,False,False,False,True
329,3,5,360,1110,62.5,7,13,4,97.71,True,,True,True,True,True,False,True,True,True,False,True,False,False,False,False,False,True
135,4,5,360,1080,60.0,12,12,0,100.0,False,,True,True,True,True,False,True,True,True,False,False,False,False,False,False,False,True
71,1,5,360,1140,65.0,12,9,3,92.48,False,,True,True,True,True,False,True,True,True,False,True,False,False,False,False,False,True
1546,4,5,390,1050,55.0,12,9,0,100.0,False,,True,True,True,True,False,True,True,True,False,True,False,False,False,False,False,True
2320,1,4,435,1035,40.0,7,9,1,98.69,False,,True,True,True,True,False,True,False,True,False,False,False,False,False,False,False,True
327,2,6,360,1200,80.0,7,9,0,100.0,False,,True,True,True,True,False,True,True,True,False,True,False,False,False,False,False,True
1421,1,5,420,1020,50.0,7,11,1,98.18,False,,True,True,False,True,False,True,False,True,False,False,False,False,False,False,False,True
1067,1,5,465,960,41.25,7,9,0,100.0,False,,False,True,True,True,False,True,False,True,False,False,False,False,False,False,False,True
2502,3,5,360,1080,60.0,12,9,0,100.0,False,,True,True,True,True,False,True,True,True,False,False,False,False,False,False,False,True
177,5,7,360,1080,84.0,12,10,0,100.0,False,,True,True,True,True,False,True,True,True,False,False,False,False,False,False,False,True
1792,4,5,435,1050,51.25,7,12,0,100.0,False,,True,True,True,True,False,True,True,True,False,False,False,False,False,False,False,True
173,1,5,360,1080,60.0,7,10,0,100.0,False,,True,True,True,True,False,True,True,True,False,True,False,False,False,False,False,True
259,4,5,450,1050,50.0,12,17,0,100.0,False,,True,True,True,True,False,True,True,True,False,False,False,False,False,False,False,True
58,3,7,0,1439,167.88,12,11,4,96.66,False,,True,True,True,True,False,True,True,True,False,True,True,False,False,False,True,True
812,1,5,450,1050,50.0,12,11,3,96.54,False,,True,True,True,True,False,True,True,True,False,False,False,False,False,False,False,False
1905,5,5,420,990,47.5,12,11,1,99.43,False,,True,True,False,True,False,True,True,True,False,False,False,False,False,False,False,True
1864,4,5,450,1035,48.75,11,14,0,100.0,False,,True,True,True,True,False,True,True,True,False,False,False,False,False,False,False,True
1554,4,5,420,1050,52.5,12,12,2,99.48,False,,True,True,True,True,False,True,True,True,False,False,False,False,False,False,False,True
1487,4,5,360,1080,60.0,12,15,0,100.0,False,,True,True,True,True,False,True,True,True,False,True,True,False,False,False,False,True
1503,1,5,420,1050,52.5,7,8,2,98.39,False,,True,True,True,True,False,True,False,True,False,False,False,False,False,False,False,True
1031,4,6,0,0,0.0,12,13,0,100.0,False,,True,True,True,True,False,True,True,True,False,True,True,False,False,False,True,True
2249,4,5,360,1260,75.0,12,18,0,100.0,False,,True,True,True,True,False,True,True,True,False,True,False,False,False,False,False,True
2537,1,5,450,1050,50.0,12,8,0,100.0,False,,True,True,True,True,False,True,False,True,False,False,False,False,False,False,False,True
2055,5,5,450,1050,50.0,12,12,0,100.0,False,,True,True,True,True,False,True,True,True,False,False,False,False,False,False,False,True
1506,2,5,450,1080,52.5,7,8,0,100.0,False,,True,True,True,True,False,True,False,True,False,False,False,False,False,False,False,True
2221,5,5,420,1050,52.5,12,9,0,100.0,False,,True,True,True,True,False,True,True,True,False,False,False,False,False,False,False,True
316,1,5,420,1020,50.0,12,12,2,97.44,False,,False,True,True,True,False,True,True,True,False,False,False,False,False,False,False,True
2542,4,5,420,1050,52.5,12,8,1,99.26,False,,True,True,True,True,False,True,True,True,False,False,False,False,False,False,False,True
694,1,4,360,1080,48.0,7,10,1,99.38,True,2,True,True,True,True,False,True,True,True,False,True,False,False,False,False,False,True
621,4,5,360,1080,60.0,12,11,3,97.76,False,,True,True,True,True,False,True,False,True,False,False,False,False,False,False,False,True
772,1,5,420,990,47.5,12,11,0,100.0,False,,True,True,True,True,False,True,False,True,False,False,False,False,False,False,False,True
2104,1,5,420,1050,52.5,7,12,2,97.4,False,,True,True,False,True,False,True,False,True,False,False,False,False,False,False,False,True
577,3,5,450,990,45.0,7,8,1,99.17,False,,True,True,True,True,False,True,False,True,False,False,False,False,True,False,False,False
1752,4,5,360,1410,87.5,12,11,0,100.0,False,,True,True,True,True,False,True,True,True,False,True,False,False,False,False,False,True
1331,5,5,405,1050,53.75,12,12,0,100.0,False,,True,True,True,True,False,True,True,True,False,False,False,False,False,False,False,True
1023,3,5,390,1050,55.0,7,9,0,100.0,False,,True,True,True,True,False,True,True,True,False,False,False,False,False,False,False,True
2357,1,5,450,1050,50.0,7,11,3,96.72,False,,True,True,True,True,False,True,False,True,False,False,False,False,False,False,False,True
419,2,5,360,1080,60.0,12,11,0,100.0,False,,True,True,True,True,False,True,False,True,False,False,False,False,False,False,False,True
465,4,6,360,1440,108.0,12,8,0,100.0,False,,True,True,True,True,False,True,True,True,False,True,False,False,False,False,False,True
347,4,5,330,1439,92.42,12,11,5,87.87,False,,True,True,True,True,False,True,True,True,False,True,False,False,False,False,False,True
210,4,5,360,1439,89.92,12,9,1,98.69,False,,True,True,True,True,False,True,True,True,False,True,False,False,False,False,False,True
214,2,5,300,1080,65.0,7,9,1,98.61,False,,True,True,True,True,False,True,True,True,False,True,False,False,False,False,False,True
128,4,6,360,1020,58.5,12,11,0,100.0,False,,True,True,True,True,False,True,True,True,False,False,False,False,False,False,True,True
1557,1,5,360,1080,60.0,12,9,2,96.84,False,,True,True,True,True,False,True,True,True,False,False,False,False,False,False,False,True
988,5,5,450,1770,62.0,12,13,1,99.1,False,,True,True,False,True,False,True,True,True,False,True,False,False,False,False,False,True
1040,1,5,450,1050,50.0,12,9,3,96.73,False,,True,True,True,True,False,True,False,True,False,False,False,False,False,False,False,True
805,2,5,420,1050,52.5,12,22,0,100.0,False,,False,False,True,False,False,True,False,True,False,True,False,False,False,False,False,True
155,3,5,390,1080,57.5,12,9,3,98.0,False,,True,True,True,True,False,True,True,True,False,False,False,False,False,False,False,True
1350,4,5,360,1050,57.5,12,9,3,97.39,False,,True,True,True,True,False,True,True,True,False,False,False,False,False,False,False,True
407,1,5,360,1050,57.5,7,11,1,99.43,False,,True,True,True,True,False,True,False,True,False,False,False,False,False,False,False,True
1239,1,2,480,720,8.0,7,11,1,98.12,False,,True,True,True,True,False,True,False,True,False,False,False,False,False,False,False,True
2366,3,5,360,1080,60.0,12,11,0,100.0,False,,True,True,True,True,False,True,True,True,False,False,False,False,False,False,False,True
1127,1,5,420,1050,52.5,11,9,0,100.0,False,,True,True,True,True,False,True,False,True,False,False,False,False,False,False,False,True
375,4,5,360,1080,60.0,7,12,2,98.99,False,,True,True,True,True,False,True,True,True,False,True,False,False,False,False,False,True
1277,4,5,450,1050,50.0,12,10,0,100.0,False,,True,True,True,True,False,True,True,True,False,False,False,False,False,False,False,True
782,1,5,360,1080,60.0,7,6,1,98.96,False,,True,True,True,True,False,True,True,True,False,True,False,False,False,False,False,True
116,1,5,330,1050,60.0,12,14,8,82.96,True,1,True,True,True,True,False,True,True,True,False,False,False,False,False,False,False,True
1309,1,5,360,1860,122.5,12,11,0,100.0,False,,False,True,True,True,False,True,True,True,False,True,True,False,False,False,False,True
1499,3,5,390,1080,57.5,12,13,1,99.55,False,,True,True,True,True,False,True,True,True,False,False,False,False,False,False,False,True
817,4,6,360,1380,65.0,12,14,3,98.74,False,,True,True,True,True,False,True,True,True,False,True,False,False,False,False,False,False
194,4,5,420,1080,55.0,12,9,3,97.39,False,,False,True,True,False,False,True,True,True,False,False,False,False,False,False,False,True
2232,2,5,450,1020,47.5,7,9,0,100.0,False,,False,True,True,True,False,True,True,True,False,False,False,False,False,False,False,True
216,1,5,420,990,47.5,7,9,1,99.31,False,,True,True,True,True,False,True,False,True,False,False,False,False,False,False,False,True
1395,1,5,420,1020,50.0,7,10,1,99.41,False,,True,True,True,True,False,True,False,True,False,False,False,False,False,False,False,True
1793,1,5,420,1050,51.5,12,10,1,98.53,False,,True,True,True,True,False,True,False,True,False,False,False,False,False,False,False,True
519,5,7,330,1320,115.5,12,11,0,100.0,False,,True,True,True,True,False,True,True,True,False,True,False,False,False,False,True,True
688,5,7,330,1320,106.5,12,11,1,98.77,False,,True,True,True,True,False,True,True,True,False,True,False,False,False,False,True,True
1197,3,7,0,1439,167.88,12,9,1,98.29,False,,True,True,True,True,False,True,True,True,False,True,True,False,False,False,True,True
982,2,5,420,1020,50.0,12,20,8,93.11,False,,True,True,True,True,False,True,True,True,False,False,False,False,False,False,False,True
1022,5,5,360,1290,77.5,12,13,0,100.0,False,,True,True,True,True,False,True,True,True,False,True,False,False,False,False,False,False
1280,1,2,480,960,16.0,7,10,2,96.25,False,,True,True,False,True,False,True,False,True,False,False,False,False,True,False,False,False
1299,4,5,360,1440,90.0,12,12,0,100.0,False,,True,True,True,True,False,True,True,True,False,False,False,False,False,False,False,True
2157,4,7,0,1439,167.88,12,14,1,99.58,False,,True,True,True,True,False,True,True,True,False,True,True,False,False,False,True,True
2301,5,7,390,1320,108.5,12,11,1,99.47,False,,True,True,True,True,False,True,True,True,False,False,False,False,False,False,False,True
1449,3,5,420,1050,52.5,12,10,4,97.65,False,,True,True,True,True,False,True,True,True,False,False,False,False,False,False,False,True
2471,1,4,450,1020,38.0,7,10,0,100.0,False,,True,True,True,True,False,True,False,True,False,False,False,False,False,False,False,True
1184,1,5,450,1050,50.0,12,8,2,95.83,False,,True,True,True,True,False,True,False,True,False,False,False,False,False,False,False,True
1496,1,5,420,1050,52.5,7,5,1,95.29,False,,True,True,True,True,False,True,False,True,False,False,False,False,False,False,False,True
3,5,5,300,1080,65.0,7,14,2,99.16,False,,True,True,True,True,False,True,True,True,False,True,True,False,False,False,True,True
673,5,5,450,1080,52.5,12,8,0,100.0,False,,True,True,True,True,False,True,True,True,False,False,False,False,False,False,False,True
132,4,5,390,1080,57.5,12,10,3,97.65,False,,True,True,True,True,False,True,True,True,False,True,False,False,False,False,False,True
69,3,5,360,1080,60.0,12,8,3,97.75,False,,True,True,True,True,False,True,False,True,False,False,False,False,False,False,False,True
847,4,5,0,1439,119.92,12,12,0,100.0,False,,False,True,True,True,False,True,True,True,False,False,False,False,False,False,False,True
2468,1,5,420,1050,52.5,7,9,2,98.61,False,,False,True,True,True,False,True,False,True,False,False,False,False,False,False,False,True
2467,1,5,420,1050,52.5,7,13,2,99.1,False,,True,True,True,True,False,True,False,True,False,False,False,False,False,False,False,True
1397,1,5,420,1020,50.0,7,9,1,99.26,False,,True,True,True,True,False,True,False,True,False,False,False,False,False,False,False,True
509,5,5,360,1110,62.5,12,11,2,98.9,False,,True,True,True,True,False,True,True,True,False,False,False,False,False,False,False,False
2061,1,5,390,1050,55.0,7,9,4,97.18,False,,True,True,True,True,False,True,False,True,False,False,False,False,False,False,False,True
1525,1,5,405,1050,53.75,12,9,2,95.96,False,,True,True,True,True,False,True,False,True,False,False,False,False,False,False,False,True
968,3,5,330,1080,62.5,12,11,5,93.98,False,,True,True,True,True,False,True,True,True,False,False,False,False,False,False,False,True
1991,1,5,450,1050,50.0,12,9,3,97.46,False,,True,True,True,True,False,True,False,True,False,False,False,False,False,False,False,True
2096,4,5,420,990,47.5,12,11,0,100.0,False,,True,True,True,True,False,True,False,True,False,False,False,False,False,False,False,True
2246,1,5,360,1080,60.0,12,11,7,92.45,False,,False,True,True,True,False,True,False,True,False,False,False,False,False,False,False,True
1685,3,5,390,1140,62.5,12,11,1,99.47,False,,True,True,True,True,False,True,True,True,False,True,False,False,False,False,True,True
859,1,5,450,1050,50.0,7,9,0,100.0,False,,True,True,False,True,False,True,False,True,False,False,False,False,False,False,False,True
998,4,5,390,1050,55.0,12,9,1,99.31,False,,True,True,True,True,False,True,True,True,False,False,False,False,False,False,False,True
829,1,5,390,1080,57.5,7,12,3,96.52,False,,False,True,True,True,False,True,False,True,False,False,False,False,False,False,False,True
781,2,5,360,1380,85.0,7,18,4,96.59,False,,True,True,True,True,False,True,True,True,False,False,False,False,False,False,False,True
290,3,5,495,1050,46.25,7,9,2,98.69,False,,True,True,False,True,False,True,True,True,False,False,False,False,False,False,False,True
1730,1,5,450,1030,48.33,7,9,1,99.26,False,,True,True,False,True,False,True,False,True,False,False,False,False,False,False,False,True
1346,4,5,450,1020,47.5,12,12,4,98.04,False,,True,True,True,True,False,True,True,True,False,False,False,False,False,False,False,True
242,4,5,300,1050,62.5,12,11,0,100.0,False,,True,True,True,True,False,True,True,True,False,False,False,False,False,False,False,False
2343,4,5,360,1050,57.5,12,12,0,100.0,False,,True,True,True,True,False,True,True,True,False,False,False,False,False,False,False,True
603,1,5,420,1050,52.5,12,10,3,98.12,False,,True,True,True,True,False,True,False,True,False,False,False,False,False,False,False,True
784,4,5,450,1020,47.5,12,9,1,99.35,False,,True,True,True,True,False,True,True,True,False,False,False,False,False,False,False,True
2553,4,5,0,1439,119.92,12,9,0,100.0,False,,True,True,True,True,False,True,True,True,False,True,True,False,False,False,False,True
1250,5,5,360,1440,90.0,12,10,0,100.0,False,,True,True,True,True,False,True,True,True,False,True,True,False,False,False,False,True
1871,1,5,450,1050,50.0,7,14,7,94.16,False,,True,True,False,True,False,True,False,True,False,False,False,False,False,False,False,True
179,1,5,360,1080,60.0,7,11,6,91.96,False,,True,True,True,True,False,True,True,True,False,False,False,False,False,False,False,True
1170,3,5,330,1140,67.5,12,11,1,99.47,False,,True,True,True,True,False,True,True,True,False,False,False,False,False,False,False,True
2383,3,5,360,1080,60.0,7,16,0,100.0,False,,True,True,True,True,False,True,True,True,False,False,False,False,False,False,False,True
1260,4,7,360,1440,71.0,12,6,1,99.02,False,,True,True,True,True,False,True,True,False,False,True,False,False,False,False,False,True
778,2,5,360,1425,88.75,7,9,3,95.92,False,,True,True,True,True,False,True,True,True,False,True,False,False,False,False,False,True
1783,3,7,0,0,0.0,12,11,4,97.86,False,,True,True,True,True,False,True,True,True,False,True,True,False,False,False,True,True
834,1,5,450,1050,50.0,7,10,2,98.0,False,,True,True,False,True,False,True,False,True,False,False,False,False,False,False,False,True
449,5,7,0,0,0.0,12,9,0,100.0,False,,True,True,True,True,False,True,True,True,False,True,True,False,False,False,True,True
1891,1,5,450,1050,50.0,7,9,2,98.04,False,,False,True,True,True,False,True,False,True,False,False,False,False,False,False,False,True
1575,3,5,420,1020,50.0,12,9,1,98.69,False,,True,True,True,True,False,True,True,True,False,False,False,False,False,False,False,True
1537,4,5,360,1230,72.5,12,9,0,100.0,False,,True,True,True,True,False,True,True,True,False,True,False,False,False,False,False,True
225,3,5,390,1050,55.0,12,10,7,84.32,False,,True,True,True,True,False,True,True,True,False,True,False,False,False,False,False,True
1381,5,6,360,1440,108.0,12,10,0,100.0,False,,True,True,True,True,False,True,True,True,False,True,False,False,False,False,True,True
321,1,5,445,1050,49.08,7,11,0,100.0,False,,True,True,True,True,False,True,False,True,False,False,False,False,False,False,False,True
219,1,5,450,1050,50.0,7,1,0,100.0,False,,False,True,True,True,False,True,False,True,False,False,False,False,False,False,False,True
1770,1,5,390,1020,52.5,7,10,4,95.15,False,,True,True,True,True,False,True,False,True,False,False,False,False,False,False,False,True
1938,1,5,900,1110,17.5,7,8,6,94.67,False,,True,True,True,True,False,True,True,True,False,True,False,False,False,False,False,True
1688,1,5,450,1050,50.0,12,13,2,98.64,False,,True,True,True,True,False,True,False,True,False,False,False,False,False,False,False,True
160,1,5,450,1050,50.0,12,10,0,100.0,False,,True,True,True,True,False,True,False,True,False,False,False,False,False,False,False,True
384,5,6,390,1110,68.5,12,7,0,100.0,False,,True,True,True,True,False,True,True,True,False,True,False,False,False,False,True,True
1656,2,5,450,1050,50.0,12,10,0,100.0,False,,True,True,True,True,False,True,True,True,False,False,False,False,False,False,False,True
667,3,6,0,1439,102.42,12,13,0,100.0,False,,True,True,True,True,False,True,True,True,False,False,False,False,False,False,False,True
2083,4,5,390,1140,62.5,12,16,2,99.22,False,,True,True,True,True,False,True,True,True,False,False,False,False,False,False,False,True
856,3,5,330,1050,60.0,12,9,2,98.0,False,,True,True,False,True,False,True,True,True,False,True,False,False,False,False,False,True
2239,3,5,360,1080,60.0,12,8,1,99.26,False,,False,True,True,True,False,True,True,True,False,False,False,False,False,False,False,True
890,4,5,360,1200,70.0,12,7,0,100.0,False,,True,True,True,True,False,True,True,True,False,False,False,False,False,False,False,True
2492,1,5,420,1050,52.5,7,9,0,100.0,False,,True,True,True,True,False,True,False,True,False,False,False,False,False,False,False,True
1885,1,5,420,1080,55.0,7,10,5,97.02,False,,True,True,True,True,False,True,False,True,False,True,False,False,False,False,False,True
1781,3,5,420,1020,50.0,7,9,1,99.31,False,,True,True,True,True,False,True,False,True,False,False,False,False,False,False,False,True
1853,4,7,0,1439,167.88,12,12,0,100.0,False,,True,True,True,True,False,True,True,True,False,True,True,False,False,False,True,True
571,2,5,420,1050,52.5,7,9,0,100.0,False,,True,True,True,True,False,True,False,True,False,False,False,False,False,False,False,True
271,1,5,420,990,47.5,7,9,1,99.26,False,,True,True,True,True,False,True,True,True,False,False,False,False,False,False,False,True
2306,4,5,360,1080,60.0,12,9,1,99.31,False,,True,True,True,True,False,True,True,True,False,True,False,False,False,False,False,False
2255,4,5,420,1080,54.0,12,9,4,97.39,False,,True,True,True,True,False,True,True,True,False,False,False,False,False,False,True,True
165,1,5,420,1020,50.0,7,17,4,95.87,False,,True,True,True,True,False,True,True,True,False,False,False,False,False,False,False,True
2004,3,5,300,1440,95.0,7,10,1,99.41,False,,True,True,True,True,False,True,True,True,False,True,False,False,False,False,True,True
676,5,5,360,1260,75.0,12,11,2,98.86,False,,True,True,True,True,False,True,True,True,False,True,False,False,False,False,False,True
2451,4,5,0,1439,119.92,12,13,0,100.0,False,,True,True,True,True,False,True,True,True,False,True,True,False,False,False,False,True
993,1,5,450,1050,50.0,7,10,5,94.96,False,,True,True,True,True,False,True,False,True,False,False,False,False,False,False,False,True
2277,2,5,360,1200,70.0,7,10,1,99.26,True,2,True,True,True,True,False,True,True,True,False,False,False,False,False,False,False,True
881,5,5,450,1050,50.0,12,10,0,100.0,False,,True,True,True,True,False,True,True,True,False,True,False,False,False,False,False,True
1581,4,5,450,1020,47.5,12,8,0,100.0,False,,True,True,True,True,False,True,True,True,False,False,False,False,False,False,False,True
634,4,5,420,990,47.5,12,12,1,99.48,False,,True,True,True,True,False,True,True,True,False,False,False,False,False,False,False,False
1485,1,5,420,1020,50.0,7,11,1,99.43,False,,True,True,False,True,False,True,False,True,False,False,False,False,False,False,False,True
2089,1,5,420,1050,51.5,12,7,0,100.0,False,,True,True,True,True,False,True,False,True,False,False,False,False,False,False,False,True
564,1,5,390,1050,55.0,12,9,3,95.26,False,,True,True,True,True,False,True,False,True,False,False,False,False,False,False,False,True
1613,3,5,330,1050,60.0,12,9,2,98.65,False,,True,True,True,True,False,True,True,True,False,False,False,False,False,False,False,True
1859,1,5,450,1050,50.0,7,9,0,100.0,False,,False,True,True,True,False,True,False,True,False,False,False,False,False,False,False,True
2291,1,5,450,1920,62.0,7,10,5,90.6,False,,True,True,True,True,False,True,False,True,False,False,False,False,False,False,False,True
412,4,5,360,1080,60.0,7,9,0,100.0,False,,True,True,True,True,False,True,True,True,False,False,False,False,False,False,False,True
1118,1,5,450,1035,48.75,7,9,1,99.26,False,,False,True,True,True,False,True,False,True,False,False,False,False,False,False,False,True
795,4,5,390,1080,57.5,12,9,0,100.0,True,2,True,True,True,True,False,True,True,True,False,False,False,False,False,False,False,True
2002,5,5,360,1080,60.0,12,8,0,100.0,False,,True,True,True,True,False,True,True,True,False,False,False,False,False,False,False,True
2027,1,5,450,1050,50.0,7,10,3,97.02,False,,True,True,True,True,False,True,False,True,False,False,False,False,False,False,False,True
1602,3,6,360,1260,90.0,12,15,5,92.6,False,,True,True,True,True,False,True,True,True,False,True,True,False,False,False,False,True
152,4,7,0,0,0.0,12,15,2,99.22,False,,True,True,True,True,False,True,True,True,False,True,True,False,False,False,True,True
1892,5,5,360,1050,57.5,12,7,0,100.0,False,,True,True,True,True,False,True,True,True,False,True,False,False,False,False,False,False
1599,4,5,360,1020,55.0,12,15,2,99.22,True,1,True,True,True,True,False,True,True,True,False,False,False,False,False,False,False,True
438,5,7,390,1440,122.5,12,12,1,99.51,False,,True,True,True,True,False,True,True,True,False,True,False,False,False,False,False,True
1230,1,5,450,1050,50.0,7,4,0,100.0,False,,True,True,True,True,False,True,False,True,False,False,False,False,False,False,False,True
1119,1,5,480,990,42.5,12,9,0,100.0,False,,True,True,True,True,False,True,True,True,False,False,False,False,False,False,False,True
1123,4,5,345,1410,88.75,12,13,1,99.55,False,,True,True,True,True,False,True,True,True,False,True,False,False,False,False,True,True
163,1,5,450,960,42.5,7,10,7,91.32,False,,True,True,True,True,False,True,False,True,False,False,False,False,False,False,False,True
2298,3,5,450,1035,48.75,12,8,1,99.26,False,,True,True,True,True,False,True,True,True,False,False,False,False,False,False,False,True
735,2,5,450,1020,47.5,7,10,0,100.0,False,,True,True,True,True,False,True,False,True,False,False,False,False,False,False,False,True
672,2,7,360,1080,84.0,7,11,1,99.43,False,,True,True,True,True,False,True,True,True,False,False,False,False,False,False,False,True
2237,1,5,390,1020,52.5,7,12,0,100.0,False,,True,True,True,True,False,True,False,True,False,False,False,False,False,False,False,True
424,5,5,390,1050,55.0,12,11,1,99.47,True,3,True,True,True,True,False,True,True,True,False,False,False,False,False,False,False,True
1407,1,4,540,900,24.0,7,16,1,99.61,False,,True,True,True,True,False,True,False,True,False,False,False,False,False,False,False,True
452,1,5,420,1020,50.0,12,9,3,97.46,False,,True,True,True,True,False,True,True,True,False,False,False,False,False,False,False,True
60,5,5,450,1050,50.0,12,10,0,100.0,False,,True,True,True,True,False,True,True,True,False,False,False,False,False,False,False,True
983,4,5,390,1050,55.0,12,13,1,99.52,False,,True,True,True,True,False,True,True,True,False,False,False,False,False,False,False,True
223,1,5,420,1050,52.5,7,9,0,100.0,False,,True,True,True,True,False,True,False,True,False,False,False,False,False,False,False,True
930,1,5,450,1050,50.0,7,9,2,97.92,False,,True,True,True,True,False,True,False,True,False,False,False,False,False,False,False,True
212,4,5,430,1050,51.67,12,12,0,100.0,False,,False,True,True,True,False,True,True,True,False,False,False,False,False,False,False,True
1849,2,5,0,1439,119.92,7,14,4,96.43,False,,True,True,True,True,False,True,True,True,False,True,True,False,False,False,False,True
1272,1,5,360,1020,55.0,7,10,7,95.0,False,,True,False,False,True,False,True,False,True,False,False,False,False,False,False,False,True
386,4,5,0,1080,12.0,7,9,4,94.73,False,,True,True,True,True,False,True,True,True,False,True,True,False,False,False,False,True
811,1,6,420,1035,61.5,7,9,8,90.44,False,,True,True,False,True,False,True,True,True,False,False,True,False,False,False,False,True
170,5,5,390,1050,55.0,12,8,0,100.0,False,,False,True,True,True,False,True,True,True,False,False,False,False,False,False,False,True
1129,2,6,360,1380,102.0,7,10,4,92.02,False,,True,True,True,True,False,True,False,True,False,True,False,False,False,False,False,True
1931,5,5,450,1050,50.0,12,12,0,100.0,False,,True,True,False,True,False,True,True,True,False,False,False,False,False,False,False,True
2416,1,5,450,1050,50.0,7,11,1,99.43,False,,True,True,True,True,False,True,False,True,False,False,False,False,False,False,False,True
1668,3,5,360,1080,60.0,12,14,3,98.37,False,,True,True,True,True,False,True,True,True,False,True,False,False,False,False,False,True
218,1,5,390,1770,115.0,12,12,6,94.31,False,,True,True,True,True,False,True,False,True,False,False,False,False,False,False,False,True
1104,4,5,420,1050,52.5,12,10,0,100.0,False,,True,True,True,True,False,True,True,True,False,False,False,False,False,False,False,True
739,4,5,300,1439,94.92,12,11,0,100.0,False,,True,True,True,True,False,True,True,True,False,True,False,False,False,False,False,True
2173,4,5,360,1080,60.0,12,9,0,100.0,False,,True,True,True,True,False,True,True,True,False,False,False,False,False,False,False,True
1010,1,5,450,1050,50.0,7,9,4,97.26,False,,True,True,True,True,False,True,False,True,False,False,False,False,False,False,False,True
325,4,5,420,1260,70.0,12,11,0,100.0,False,,True,True,True,True,False,True,True,True,False,True,False,False,False,False,True,True
1374,2,4,420,1140,48.0,7,13,1,99.55,False,,True,True,True,True,False,True,True,True,False,True,False,False,False,False,False,True
1678,1,5,420,1050,52.5,7,9,2,98.69,False,,False,True,False,True,False,True,False,True,False,False,False,False,False,False,False,True
503,1,5,450,1020,47.5,7,10,3,96.95,True,1,True,True,True,True,False,True,True,True,False,False,False,False,False,False,False,True
2119,1,5,420,1020,50.0,7,8,3,80.75,True,1,False,True,True,False,False,True,False,True,False,False,False,False,False,False,False,True
1049,3,5,420,1230,67.5,12,13,0,100.0,False,,True,True,True,True,False,True,True,True,False,True,False,False,False,False,False,True
2021,2,5,330,1050,60.0,7,10,0,100.0,False,,True,True,True,True,False,True,False,True,False,False,False,False,False,False,False,True
2540,5,5,450,1050,50.0,12,8,0,100.0,False,,False,True,True,True,False,True,True,True,False,False,False,False,False,False,False,False
2479,1,5,420,1020,50.0,12,13,7,87.15,False,,True,True,False,True,False,True,False,True,False,False,False,False,False,False,False,True
1266,1,5,450,1050,50.0,12,11,0,100.0,False,,True,True,True,True,False,True,False,True,False,False,False,False,False,False,False,True
1035,1,5,450,1050,50.0,7,9,0,100.0,False,,True,True,True,True,False,True,False,True,False,False,False,False,False,False,False,True
1131,1,5,480,1020,45.0,12,12,0,100.0,False,,True,True,True,True,False,True,False,True,False,False,False,False,False,False,False,True
2041,1,5,450,1050,50.0,7,12,4,97.31,False,,True,True,False,True,False,True,False,True,False,False,False,False,False,False,False,True
1977,1,5,450,1050,50.0,7,11,0,100.0,False,,False,True,True,True,False,True,False,True,False,True,False,False,False,False,False,True
1750,4,7,390,1410,104.0,12,10,1,99.41,False,,True,True,True,True,False,True,True,True,False,True,False,False,False,False,True,True
1495,1,5,390,1050,53.5,12,13,1,99.55,False,,False,True,True,False,False,True,False,True,False,False,False,False,False,False,False,True
346,3,5,420,1020,50.0,12,9,1,99.35,False,,True,True,True,True,False,True,True,True,False,False,False,False,False,False,False,True
1733,3,5,420,1020,50.0,12,13,5,96.05,False,,False,True,False,True,False,True,False,True,False,False,False,False,False,False,False,True
2379,1,5,405,1050,53.75,7,10,2,98.75,False,,True,True,True,True,False,True,False,True,False,False,False,False,False,False,False,True
1967,4,5,390,1020,52.5,7,11,1,90.91,False,,True,True,True,True,False,True,True,True,False,False,False,False,False,False,False,True
2099,1,5,450,990,45.0,7,9,4,94.43,False,,True,True,True,True,False,True,False,True,False,False,False,False,False,False,False,True
1927,2,5,0,1439,119.92,7,9,0,100.0,False,,True,True,True,True,False,True,False,True,False,True,True,False,False,False,True,True
1340,4,5,420,1050,52.5,12,13,2,98.56,False,,True,True,True,True,False,True,True,True,False,False,False,False,False,False,False,True
2462,3,5,330,1080,62.5,12,11,5,87.07,False,,True,True,True,True,False,True,True,True,False,True,False,False,False,False,False,True
1961,1,5,420,1050,52.5,12,9,2,97.49,False,,True,True,True,True,False,True,False,True,False,False,False,False,False,False,False,True
108,1,5,360,1050,57.5,12,8,3,95.62,False,,True,True,True,True,False,True,False,True,False,False,False,False,False,False,False,True
2335,4,5,420,1080,55.0,12,10,3,96.01,False,,True,True,True,True,False,True,True,True,False,False,False,False,False,False,False,True
2097,1,5,450,1050,50.0,7,10,0,100.0,False,,True,True,True,True,False,True,False,True,False,False,False,False,False,False,False,True
505,1,5,450,1050,50.0,7,9,2,97.08,False,,True,True,False,True,False,True,False,True,False,False,False,False,False,False,False,True
2443,2,5,480,1020,45.0,7,9,1,98.61,False,,True,False,False,True,False,True,False,True,False,False,False,False,False,False,False,True
970,1,5,450,1050,50.0,7,9,0,100.0,False,,True,True,True,True,False,True,False,True,False,False,False,False,False,False,False,True
2347,1,5,450,1050,50.0,7,12,9,83.23,False,,True,True,True,True,False,True,False,True,False,False,False,False,False,False,False,True
2164,1,5,450,1050,50.0,7,16,0,100.0,False,,True,True,True,True,False,True,False,True,False,False,False,False,False,False,False,True
1901,1,5,420,1050,52.5,12,9,0,100.0,False,,False,True,True,True,False,True,False,True,False,False,False,False,False,False,False,True
1176,1,5,360,1080,60.0,7,17,3,98.83,False,,True,True,True,True,False,True,True,True,False,False,False,False,False,False,False,True
348,1,5,420,1020,50.0,7,9,0,100.0,False,,True,True,True,True,False,True,False,True,False,False,False,False,False,False,False,True
1254,1,5,450,1050,50.0,7,10,1,99.38,False,,True,True,True,True,False,True,False,True,False,False,False,False,False,False,False,True
2396,1,5,390,1080,57.5,7,9,0,100.0,False,,True,True,False,True,False,True,False,True,False,False,False,False,False,False,False,True
1598,1,5,420,1050,52.5,7,14,2,99.11,False,,True,False,False,True,False,True,False,True,False,False,False,False,False,False,False,True
2476,5,5,450,1050,50.0,12,9,0,100.0,False,,True,True,True,True,False,True,True,True,False,False,False,False,False,False,False,True
681,1,5,450,1020,47.5,12,10,3,98.24,False,,True,True,True,True,False,True,False,True,False,False,False,False,False,False,False,True
119,2,5,390,1065,56.25,7,13,2,98.58,False,,True,False,False,True,False,True,False,True,False,False,False,False,False,False,False,True
1382,1,5,360,1080,60.0,7,11,1,99.39,False,,True,True,True,True,False,True,False,True,False,True,False,False,False,False,False,True
545,2,5,0,1439,119.92,12,17,3,98.92,False,,True,True,False,True,False,True,True,True,False,True,True,False,False,False,False,True
994,5,5,450,1050,50.0,12,14,2,99.1,False,,True,True,True,True,False,True,True,True,False,False,False,False,False,False,False,True
1603,2,5,420,960,45.0,7,9,0,100.0,False,,True,True,True,True,False,True,True,True,False,False,False,False,False,False,False,True
1078,1,5,420,1050,52.5,7,10,3,97.5,False,,True,True,True,True,False,True,True,True,False,False,False,False,False,False,False,True
395,1,5,450,1050,50.0,12,9,3,97.39,False,,True,True,True,True,False,True,False,True,False,False,False,False,False,False,False,True
743,1,5,300,1725,104.0,7,21,12,87.29,False,,True,True,True,True,False,True,False,True,False,True,True,False,False,False,False,True
926,3,5,450,1020,47.5,7,8,0,100.0,False,,True,True,True,True,False,True,False,True,False,False,False,False,False,False,False,True
2365,1,5,450,1050,50.0,7,12,5,95.76,False,,True,True,True,True,False,True,False,True,False,False,False,False,False,False,False,True
2497,1,5,420,1040,51.67,12,10,2,98.24,False,,True,True,True,True,False,True,False,True,False,False,False,False,False,False,False,True
2179,1,5,360,1080,60.0,7,9,0,100.0,False,,True,True,True,True,False,True,False,True,False,False,False,False,False,False,False,True
2324,1,5,420,990,47.5,7,11,1,97.33,False,,True,True,False,True,False,True,False,True,False,False,False,False,False,False,False,True
2071,4,6,480,1170,61.0,12,14,0,100.0,False,,True,True,True,True,False,True,True,True,False,True,False,False,False,False,False,True
2518,1,5,450,1050,50.0,7,1,0,100.0,False,,True,True,True,True,False,True,False,True,False,False,False,False,False,False,False,True
416,1,5,450,1050,50.0,12,15,1,99.26,False,,True,True,True,True,False,True,False,True,False,False,False,False,False,False,False,True
249,1,5,420,1080,55.0,7,9,6,92.69,False,,True,True,True,True,False,True,False,True,False,False,False,False,False,False,False,True
2191,4,5,360,1439,89.92,12,9,2,96.19,False,,True,True,True,True,False,True,True,True,False,True,False,False,False,False,False,True
1716,1,5,420,1050,52.5,7,9,2,98.61,False,,True,True,True,True,False,True,False,True,False,False,False,False,False,False,False,True
2073,1,5,420,1020,50.0,12,9,7,92.58,False,,True,True,True,True,False,True,False,True,False,False,False,False,False,False,False,True
609,1,5,360,1080,60.0,7,9,1,99.31,False,,True,True,True,True,False,True,False,True,False,False,False,False,False,False,False,True
472,4,5,420,1050,52.5,7,10,3,98.12,False,,True,True,True,True,False,True,True,True,False,False,False,False,False,False,False,True
2114,2,5,420,1050,51.5,7,9,2,98.61,False,,True,True,True,True,False,True,False,True,False,False,False,False,False,False,False,True
1358,2,5,360,1050,57.5,7,6,0,100.0,False,,True,True,False,True,False,True,False,True,False,False,False,False,False,False,False,True
1117,1,5,420,1080,55.0,12,11,0,100.0,False,,True,True,True,True,False,True,False,True,False,False,False,False,False,False,False,True
233,1,5,420,1080,49.0,7,9,3,96.39,False,,True,True,True,True,False,True,False,True,False,False,False,False,False,False,False,True
2342,4,5,390,1050,55.0,12,11,1,99.41,False,,True,True,True,True,False,True,True,True,False,True,False,False,False,False,False,True
1292,1,5,390,1050,55.0,7,9,0,100.0,False,,True,True,True,True,False,True,False,True,False,False,False,False,False,False,False,True
554,1,5,420,1050,52.5,7,9,0,100.0,False,,True,True,True,True,False,True,False,True,False,False,False,False,False,False,False,True
1430,3,5,360,1080,60.0,12,18,1,99.65,False,,True,True,True,True,False,True,True,True,False,True,False,False,False,False,False,True
53,1,5,390,1050,55.0,7,9,1,99.26,False,,True,True,True,True,False,True,False,True,False,False,False,False,False,False,False,True
749,4,5,360,1080,60.0,12,13,2,96.87,True,3,True,True,True,True,False,True,True,False,False,False,False,False,False,False,False,True
2458,1,5,450,1020,47.5,7,10,1,99.41,False,,True,True,True,True,False,True,False,True,False,True,False,False,False,False,False,True
1621,4,5,390,990,50.0,12,10,0,100.0,False,,True,True,True,True,False,True,True,True,False,False,False,False,False,False,False,True
986,4,5,360,1020,55.0,12,9,0,100.0,False,,True,True,True,True,False,True,True,True,False,False,False,False,False,False,False,True
1854,5,5,450,1020,47.5,12,12,1,99.51,False,,True,True,False,True,False,True,True,True,False,False,False,False,False,False,False,True
586,1,5,480,1020,45.0,12,9,1,99.31,False,,True,True,True,True,False,True,False,True,False,False,False,False,False,False,False,True
166,1,5,420,1050,52.5,7,11,11,82.29,False,,False,True,False,True,False,True,False,True,False,False,False,False,False,False,False,True
2107,5,6,360,1020,64.0,12,7,0,100.0,False,,False,True,True,True,False,True,True,True,False,True,False,False,False,False,True,False
2042,4,5,450,990,45.0,12,11,2,98.82,False,,True,True,True,True,False,True,True,True,False,False,False,False,False,False,False,True
2305,1,5,420,1050,52.5,7,10,5,93.42,True,1,True,True,True,True,False,True,True,True,False,False,False,False,False,False,False,True
828,3,5,360,1050,57.5,7,10,3,98.2,False,,True,True,True,True,False,True,True,True,False,False,False,False,False,False,False,True
567,1,5,480,1020,45.0,7,9,2,97.78,False,,False,True,True,True,False,True,False,True,False,False,False,False,False,False,False,True
1180,1,7,0,1439,167.88,7,13,3,96.26,False,,True,True,True,True,False,True,True,True,False,True,True,False,False,False,True,True
2499,4,5,390,1290,75.0,12,10,0,100.0,False,,True,True,True,True,False,True,True,True,False,False,False,False,False,False,False,True
1034,1,5,450,1050,50.0,7,9,0,100.0,False,,False,True,True,True,False,True,False,True,False,False,False,False,False,False,False,True
1996,3,5,420,1080,55.0,7,13,2,98.97,True,2,True,True,True,True,False,True,True,True,False,False,False,False,False,False,False,True
1594,1,5,420,1070,54.17,7,9,0,100.0,False,,True,True,True,True,False,True,False,True,False,False,False,False,False,False,False,True
979,1,5,420,1020,50.0,7,9,2,98.61,False,,True,True,True,True,False,True,False,True,False,False,False,False,False,False,False,True
1058,5,5,360,1080,60.0,12,10,0,100.0,False,,True,True,True,True,False,True,True,True,False,False,False,False,False,False,False,True
2406,4,5,420,1050,52.5,12,7,1,99.16,False,,False,True,True,True,False,True,True,True,False,False,False,False,False,False,False,True
1302,5,5,0,1439,119.92,12,10,0,100.0,False,,True,True,True,True,False,True,True,True,False,True,True,False,False,False,False,True
1861,3,5,480,960,40.0,12,1,0,100.0,False,,False,False,True,False,False,True,True,True,False,False,False,False,False,False,False,True
2136,4,5,450,1035,48.75,12,10,0,100.0,False,,True,True,True,True,False,True,True,True,False,False,False,False,False,False,False,True
2274,4,5,360,1080,60.0,12,10,3,98.24,False,,True,True,True,True,False,True,True,True,False,False,False,False,False,False,False,True
649,2,5,360,1440,90.0,7,10,1,98.67,False,,True,True,True,True,False,True,True,True,False,True,False,False,False,False,False,True
147,1,5,420,1020,50.0,7,10,0,99.38,False,,True,True,True,True,False,True,False,True,False,False,False,False,True,False,False,False
2010,3,5,330,1380,87.5,12,17,3,98.16,False,,True,True,True,True,False,True,True,True,False,True,False,False,False,False,False,True
1360,5,5,540,1080,45.0,12,11,0,100.0,False,,True,True,True,True,False,True,True,True,False,True,False,False,False,False,False,True
151,4,7,360,1080,84.0,12,9,0,100.0,False,,False,True,False,True,False,True,True,True,False,False,False,False,False,False,False,True
408,1,5,420,1020,50.0,7,10,8,88.37,False,,True,True,True,True,False,True,False,True,False,False,False,False,False,False,False,True
2068,3,5,420,1050,52.5,12,13,0,100.0,True,1,False,True,True,True,False,True,True,True,False,False,False,False,False,False,False,True
231,3,5,450,1050,50.0,7,13,5,96.12,False,,True,True,True,True,False,True,True,True,False,False,False,False,False,False,False,True
389,4,5,420,1050,52.5,12,9,0,100.0,False,,True,True,True,True,False,True,True,True,False,False,False,False,False,False,False,False
2445,1,5,420,1050,52.5,12,10,2,98.79,False,,True,True,False,True,False,True,True,True,False,True,False,False,False,False,False,True
1108,1,5,420,1050,52.5,7,11,2,98.33,False,,True,True,True,True,False,True,False,True,False,False,False,False,False,False,False,True
2417,4,5,450,960,42.5,7,10,4,97.5,False,,False,True,True,True,False,True,True,True,False,False,False,False,False,False,False,True
302,4,5,360,1020,55.0,12,12,1,99.51,False,,True,True,True,True,False,True,True,True,False,False,False,False,False,False,False,True
843,4,5,360,1080,60.0,12,12,3,98.5,False,,True,True,True,True,False,True,True,True,False,False,False,False,False,False,False,True
1566,1,5,390,1080,57.5,7,9,0,100.0,False,,True,True,True,True,False,True,False,True,False,False,False,False,False,False,False,True
51,1,5,465,1035,47.5,7,9,1,98.61,False,,True,True,True,True,False,True,False,True,False,False,False,False,False,False,False,True
637,4,5,405,1065,55.0,12,9,1,99.35,False,,True,True,True,True,False,True,True,True,False,False,False,False,False,False,False,True
1026,4,5,360,990,52.0,12,11,1,99.47,False,,True,True,True,True,False,True,True,True,False,False,False,False,False,False,False,True
1588,1,5,420,1050,52.5,7,10,4,96.67,False,,True,True,False,True,False,True,False,True,False,False,False,False,False,False,False,True
1274,1,5,450,1035,48.5,7,8,0,100.0,False,,True,True,True,True,False,True,False,True,False,False,False,False,False,False,False,True
1759,1,5,420,1005,48.5,7,6,1,98.96,False,,True,True,True,True,False,True,False,True,False,False,False,False,True,False,False,False
298,1,5,450,990,45.0,7,13,3,97.62,False,,True,True,False,True,False,True,False,True,False,False,False,False,False,False,False,True
1810,1,5,390,1020,52.5,7,8,3,96.92,False,,True,True,True,True,False,True,False,True,False,False,False,False,False,False,False,True
1818,3,5,420,1020,50.0,12,9,4,95.38,False,,True,True,True,True,False,True,True,True,False,False,False,False,False,False,False,True
1807,1,5,420,1080,55.0,7,10,2,98.2,False,,True,True,True,True,False,True,False,True,False,False,False,False,False,False,False,True
877,1,5,420,1080,55.0,7,10,5,96.47,False,,True,True,True,True,False,True,False,True,False,False,False,False,False,False,False,True
1686,1,5,420,1050,52.5,7,9,0,100.0,False,,False,True,True,True,False,True,False,True,False,False,False,False,False,False,False,True
188,1,5,450,1050,50.0,7,10,1,99.33,False,,True,True,True,True,False,True,False,True,False,False,False,False,False,False,False,True
1431,1,5,450,1050,50.0,7,10,5,92.29,False,,True,True,True,True,False,True,False,True,False,False,False,False,False,False,False,False
1341,1,5,420,1050,52.5,7,8,1,98.53,False,,True,True,True,True,False,True,False,False,False,False,False,False,False,False,False,True
2236,1,5,420,1050,52.5,7,8,4,93.33,False,,True,True,False,True,False,True,False,True,False,False,False,False,False,False,False,True
1217,4,7,360,1200,98.0,12,10,2,97.5,False,,True,True,False,True,False,True,True,True,False,True,False,False,False,False,True,True
101,1,6,300,1380,106.0,7,5,1,98.82,False,,True,True,True,True,False,True,False,True,False,True,False,False,False,False,True,True
768,1,5,420,1080,55.0,12,10,4,96.32,False,,True,True,True,True,False,True,False,True,False,False,False,False,False,False,False,False
1545,1,5,390,1050,55.0,12,9,1,99.35,False,,True,True,True,True,False,True,False,True,False,False,False,False,False,False,False,True
2247,4,5,450,1050,50.0,12,11,0,100.0,False,,True,True,True,True,False,True,False,True,False,False,False,False,False,False,False,True
52,4,5,300,1080,65.0,12,9,0,100.0,False,,True,True,True,True,False,True,True,True,False,False,False,False,False,False,False,True
469,4,5,360,1440,90.0,12,11,1,98.93,True,2,True,True,True,True,False,True,True,True,False,True,False,False,False,False,False,False
1917,3,6,360,1380,102.0,12,12,3,97.42,False,,True,True,True,True,False,True,True,True,False,True,False,False,False,False,True,True
1122,2,5,420,1050,52.5,7,9,0,100.0,False,,True,True,True,True,False,True,False,True,False,False,False,False,False,False,False,True
1798,1,5,450,990,45.0,12,14,0,100.0,False,,True,True,False,True,False,True,False,True,False,False,False,False,False,False,False,True
613,1,5,435,1050,51.25,7,8,1,99.17,False,,True,True,True,True,False,True,False,True,False,False,False,False,False,False,False,True
952,1,5,450,1020,47.5,7,8,0,100.0,False,,False,True,True,False,False,True,False,True,False,False,False,False,False,False,False,True
1787,4,5,300,1020,60.0,12,14,0,100.0,False,,True,True,True,True,False,True,True,True,False,True,False,False,False,False,False,True
1501,4,5,420,1140,60.0,12,10,1,99.41,False,,False,True,True,True,False,True,True,True,False,False,False,False,False,False,False,True
293,1,5,390,1080,57.5,7,9,0,100.0,False,,True,True,True,True,False,True,False,True,False,False,False,False,False,False,False,True
1195,4,5,360,1200,70.0,12,10,0,100.0,False,,False,True,True,False,False,True,True,True,False,True,False,False,False,False,False,True
1521,5,7,0,0,0.0,12,21,1,99.72,False,,True,True,True,True,False,True,True,True,False,True,True,False,False,False,False,True
2082,5,5,420,1020,50.0,12,11,3,97.76,True,2,True,True,True,True,False,True,True,True,False,False,False,False,False,False,False,True
702,1,5,435,1050,51.25,7,8,0,100.0,False,,True,True,True,True,False,True,False,True,False,False,False,False,False,False,False,True
860,2,6,180,1440,126.0,12,13,4,94.34,True,3,True,True,True,True,False,True,True,True,False,True,True,False,False,False,True,True
1201,4,5,390,1080,57.5,12,9,1,99.31,False,,True,True,True,True,False,True,False,True,False,False,False,False,False,False,False,True
1145,1,5,450,1020,47.5,7,8,2,98.33,False,,True,True,False,True,False,True,False,True,False,False,False,False,False,False,False,True
1649,4,7,450,990,63.0,12,12,2,98.58,False,,False,True,True,True,False,True,True,True,False,False,False,False,False,False,False,True
680,5,7,360,1320,112.0,12,14,2,98.74,False,,True,True,True,True,False,True,True,True,False,True,False,False,False,False,True,True
1671,4,5,390,1110,60.0,12,11,2,97.65,False,,True,True,True,True,False,True,True,True,False,False,False,False,False,False,False,True
800,2,5,420,1020,50.0,7,6,1,98.96,False,,True,True,False,True,False,True,False,True,False,False,False,False,True,False,False,False
352,1,5,450,1050,50.0,7,9,2,98.69,False,,True,True,False,True,False,True,True,True,False,False,False,False,False,False,False,True
2176,1,5,450,1050,50.0,7,9,5,94.39,False,,True,True,True,True,False,True,False,True,False,False,False,False,False,False,False,True
2188,1,5,420,1050,52.5,7,10,0,100.0,False,,True,True,True,True,False,True,False,True,False,False,False,False,False,False,False,True
629,1,5,450,990,45.0,7,9,0,100.0,False,,True,True,False,True,False,True,False,True,False,False,False,False,False,False,False,True
2330,4,5,420,1050,52.5,12,9,2,98.56,False,,True,True,True,True,False,True,True,True,False,False,False,False,False,False,False,True
1775,1,5,450,1020,47.5,12,11,2,98.46,False,,True,True,True,True,False,True,False,True,False,False,False,False,False,False,False,True
171,1,5,420,1020,50.0,7,12,6,95.04,False,,True,False,False,True,False,True,False,True,False,False,False,False,False,False,False,True
162,1,5,450,1050,50.0,7,11,3,96.43,False,,True,True,False,True,False,True,False,True,False,True,False,False,False,False,False,True
157,5,5,450,1020,47.5,12,12,1,98.61,False,,True,True,True,True,False,True,True,True,False,False,False,False,False,False,False,True
2510,4,5,360,1320,80.0,12,12,2,97.19,False,,True,True,True,True,False,True,True,True,False,False,False,False,False,False,False,True
1388,4,5,420,1050,52.5,12,10,3,96.95,False,,True,True,True,True,False,True,True,True,False,False,False,False,False,False,False,True
1465,1,5,420,1080,55.0,7,9,0,100.0,False,,True,True,True,True,False,True,True,True,False,False,False,False,False,False,False,True
645,5,5,465,1035,47.5,12,12,1,99.48,True,2,True,True,True,True,False,True,True,True,False,False,False,False,False,False,False,True
1745,5,5,420,990,47.5,12,9,1,98.04,False,,False,True,True,True,False,True,True,True,False,False,False,False,False,False,False,True
2409,1,5,420,1080,53.0,7,9,3,98.04,False,,True,True,True,True,False,True,False,True,False,False,False,False,False,False,False,True
1500,4,5,330,1080,62.5,12,11,3,97.86,False,,True,True,True,True,False,True,True,True,False,False,False,False,False,False,False,True
810,1,5,420,1020,50.0,7,9,4,97.08,False,,True,True,False,True,False,True,False,True,False,False,False,False,False,False,False,True
976,1,5,450,1050,50.0,7,10,0,100.0,False,,True,True,False,True,False,True,False,True,False,False,False,False,False,False,False,True
2102,4,5,420,1020,50.0,12,11,3,97.64,False,,True,True,True,True,False,True,True,True,False,False,False,False,False,False,False,True
1561,4,7,360,1080,84.0,12,10,2,98.24,False,,True,True,True,True,False,True,True,True,False,True,False,False,False,False,False,True
1753,4,6,330,1425,109.5,12,13,2,97.74,False,,True,True,True,True,False,True,True,True,False,True,False,False,False,False,False,True
1480,4,5,360,1110,62.5,12,12,4,96.36,True,1,True,True,True,True,False,True,True,True,False,True,False,False,False,False,False,True
258,1,5,450,1050,50.0,7,10,6,93.31,False,,True,True,True,True,False,True,True,True,False,False,False,False,False,False,False,True
798,1,5,420,1020,50.0,7,10,0,100.0,False,,True,True,True,True,False,True,False,True,False,False,False,False,False,False,False,True
2271,4,7,360,360,0.0,12,15,4,98.01,False,,True,True,True,True,False,True,True,True,False,True,True,False,False,False,True,True
513,5,5,420,1020,50.0,12,10,0,100.0,False,,True,True,True,True,False,True,True,True,False,False,False,False,False,False,False,True
2100,4,5,450,1710,57.0,12,9,0,100.0,False,,True,True,False,True,False,True,True,True,False,False,False,False,False,False,False,True
532,5,6,360,1380,91.0,12,10,0,100.0,False,,True,True,True,True,False,True,True,True,False,True,False,False,False,False,True,True
1923,3,5,450,1110,55.0,12,13,3,96.56,False,,True,True,True,True,False,True,True,True,False,False,False,False,False,False,False,True
2185,1,5,360,1020,55.0,7,15,5,89.98,False,,True,True,True,True,False,True,False,True,False,False,False,False,False,False,False,True
175,1,5,390,1050,55.0,12,9,4,95.06,False,,True,True,True,True,False,True,False,True,False,False,False,False,False,False,False,True
1866,1,5,450,1035,48.75,7,8,0,100.0,False,,False,True,True,True,False,True,False,True,False,False,False,False,False,False,False,True
25,4,5,420,1020,50.0,12,9,0,100.0,False,,False,True,True,True,False,True,True,True,False,False,False,False,False,False,False,True
1973,1,5,435,990,46.25,12,6,1,98.04,False,,True,True,True,True,False,True,False,True,False,False,False,False,True,False,False,False
1400,4,5,420,1020,50.0,12,8,0,100.0,False,,True,True,True,True,False,True,True,True,False,False,False,False,False,False,False,True
791,2,5,360,1080,60.0,7,14,1,99.55,False,,True,True,True,True,False,True,True,True,False,True,False,False,False,False,True,True
527,3,6,360,1080,72.0,12,6,0,100.0,False,,True,True,True,True,False,True,True,True,False,False,False,False,False,False,False,True
195,2,5,390,1440,86.0,12,12,0,100.0,False,,True,True,False,True,False,True,False,True,False,False,False,False,False,False,False,True
1990,5,5,300,1140,70.0,12,12,1,99.51,False,,True,True,False,True,False,True,True,True,False,True,True,False,False,False,True,True
104,2,5,420,1050,52.5,12,11,5,94.74,False,,True,True,True,True,False,True,True,True,False,False,False,False,False,False,False,True
2022,1,5,360,1020,55.0,7,12,3,97.26,True,1,True,True,True,True,False,True,True,True,False,False,False,False,False,False,False,True
1772,1,5,450,1050,50.0,12,12,2,99.02,False,,True,True,True,True,False,True,False,True,False,False,False,False,False,False,False,True
1385,1,5,390,1050,55.0,7,8,4,94.53,False,,True,True,True,True,False,True,False,True,False,False,False,False,False,False,False,True
2195,4,5,360,1080,60.0,12,9,2,97.12,False,,True,True,True,True,False,True,True,True,False,False,False,False,False,False,False,True
2074,4,5,330,1080,62.5,12,9,1,99.35,False,,True,True,True,True,False,True,True,True,False,False,False,False,False,False,False,True
940,2,5,420,990,47.5,7,8,3,97.66,False,,True,True,True,True,False,True,True,True,False,False,False,False,False,False,False,True
528,4,5,420,1020,50.0,12,15,1,99.61,False,,True,True,True,True,False,True,False,True,False,False,False,False,False,False,False,True
2158,5,5,420,1080,55.0,12,10,0,100.0,False,,True,True,True,True,False,True,True,True,False,False,False,False,False,False,False,True
393,2,5,420,1050,52.5,12,10,0,100.0,False,,True,True,True,True,False,True,True,True,False,True,False,False,False,False,False,True
154,4,6,0,0,0.0,12,10,1,99.41,False,,True,True,True,True,False,True,True,True,False,True,True,False,False,False,True,True
1907,2,5,360,720,30.0,7,17,2,99.0,False,,True,True,True,True,False,True,False,True,False,True,False,False,False,False,False,True
1135,4,7,0,1439,167.88,12,9,0,100.0,False,,True,True,True,True,False,True,True,True,False,True,True,False,False,False,False,True
478,5,7,0,1439,155.88,12,9,0,100.0,False,,True,True,True,True,False,True,True,True,False,True,True,False,False,False,True,True
608,3,5,360,1020,55.0,7,2,0,100.0,False,,True,True,False,True,False,True,True,True,False,False,False,False,False,False,False,True
2115,1,5,390,1050,55.0,7,7,1,98.98,False,,True,True,True,True,False,True,False,True,False,False,False,False,False,False,False,True
510,5,6,360,1260,85.0,12,14,0,99.55,False,,True,True,True,True,False,True,True,True,False,True,False,False,False,False,False,True
1700,5,5,420,1020,50.0,12,12,1,98.25,False,,True,True,True,True,False,True,True,True,False,False,False,False,False,False,False,True
1541,1,5,420,1020,50.0,7,9,0,100.0,False,,True,True,True,True,False,True,True,True,False,True,True,False,False,False,True,True
1657,4,7,0,1439,167.88,7,16,0,100.0,False,,True,True,True,True,False,True,True,True,False,True,True,False,False,False,True,True
2381,5,5,420,1050,52.5,12,10,0,100.0,False,,True,True,True,True,False,True,True,True,False,False,False,False,False,False,False,True
1899,4,5,360,1050,57.5,7,14,1,99.55,False,,True,True,True,True,False,True,True,True,False,False,False,False,False,False,False,True
594,1,5,450,1050,50.0,7,10,5,95.07,False,,True,True,False,True,False,True,False,True,False,False,False,False,False,False,False,True
904,1,5,300,1050,62.5,7,10,3,97.5,False,,True,True,True,True,False,True,False,True,False,False,False,False,False,False,False,True
2426,3,5,390,1140,62.5,12,5,2,96.47,False,,True,True,True,True,False,True,True,True,False,True,False,False,False,False,False,True
1262,2,5,450,1080,52.5,7,8,4,92.65,False,,True,True,False,True,False,True,True,True,False,False,False,False,False,False,False,True
780,4,7,390,1860,117.0,12,12,4,96.57,False,,True,True,True,True,False,True,True,True,False,True,True,False,False,False,False,True
2521,4,5,420,1050,52.5,7,7,2,96.37,False,,True,True,True,True,False,True,False,True,False,False,False,False,True,False,False,False
1698,5,5,450,990,45.0,12,11,0,100.0,False,,True,True,False,True,False,True,True,True,False,False,False,False,False,False,False,True
269,1,5,420,1035,51.25,7,11,1,98.86,False,,True,True,False,True,False,True,False,True,False,False,False,False,True,False,False,False
415,1,5,360,1080,60.0,7,7,1,99.05,False,,True,True,True,True,False,True,False,True,False,False,False,False,False,False,False,True
2018,1,5,510,870,30.0,12,7,4,94.48,False,,False,True,True,False,False,True,False,True,False,False,False,False,True,False,False,False
2019,5,7,360,1080,84.0,12,10,0,100.0,False,,True,True,True,True,False,True,True,True,False,True,False,False,False,False,True,True
1524,1,5,450,1050,50.0,12,11,1,99.41,False,,True,True,False,True,False,True,False,True,False,False,False,False,False,False,False,True
2076,1,5,450,1050,49.5,7,9,2,98.61,False,,False,True,True,False,False,True,True,True,False,False,False,False,False,False,False,True
1321,4,5,360,1080,60.0,12,9,0,100.0,False,,True,True,True,True,False,True,True,True,False,False,False,False,False,False,False,True
783,1,5,450,1050,50.0,7,9,2,97.95,False,,True,True,True,True,False,True,True,True,False,False,False,False,False,False,False,True
291,1,5,420,1065,53.75,12,8,0,100.0,False,,True,True,False,True,False,True,False,True,False,False,False,False,False,False,False,True
337,1,5,420,1035,51.25,7,10,2,98.79,False,,True,True,False,True,False,True,False,True,False,False,False,False,False,False,False,True
575,1,5,420,1080,55.0,12,9,3,98.04,False,,True,True,False,True,False,True,False,True,False,False,False,False,False,False,False,True
1222,1,5,360,1050,57.0,7,9,2,98.61,False,,True,True,True,True,False,True,False,True,False,False,False,False,False,False,False,True
168,4,7,360,1440,126.0,12,12,0,100.0,False,,True,True,True,True,False,True,True,True,False,True,True,False,False,False,False,True
1221,1,5,420,1050,52.5,7,12,1,99.48,False,,True,True,True,True,False,True,False,True,False,False,False,False,False,False,False,True
2094,1,5,450,990,45.0,7,10,1,98.24,False,,True,True,False,True,False,True,True,True,False,False,False,False,False,False,False,True
1163,4,5,420,1050,52.5,7,7,0,100.0,False,,True,True,True,True,False,True,True,True,False,False,False,False,False,False,False,True
326,1,5,360,1080,60.0,7,10,2,98.79,False,,True,True,False,True,False,True,False,False,False,False,False,False,False,False,False,True
1200,4,5,420,1050,52.5,12,9,1,99.35,False,,True,True,True,True,False,True,True,True,False,False,False,False,False,False,False,True
767,4,7,390,1200,94.5,12,11,5,94.65,False,,True,True,True,True,False,True,True,True,False,True,False,False,False,False,True,True
701,1,5,420,1020,50.0,7,12,1,98.61,False,,True,True,True,True,False,True,False,True,False,False,False,False,False,False,False,True
1064,1,5,330,1020,57.5,7,10,6,95.73,False,,True,True,False,True,False,True,False,True,False,False,False,False,False,False,False,True
2463,4,5,420,1050,52.5,12,10,0,100.0,False,,False,True,True,True,False,True,True,True,False,False,False,False,False,False,False,True
849,1,5,420,1050,52.5,7,9,0,100.0,False,,True,True,True,True,False,True,False,True,False,False,False,False,False,False,False,True
208,1,5,420,1740,110.0,12,8,0,100.0,False,,True,True,True,True,False,True,False,True,False,True,True,False,False,False,False,True
1811,1,5,360,1080,60.0,12,8,1,98.44,False,,True,True,True,True,False,True,False,True,False,False,False,False,False,False,False,True
13,4,5,405,1050,53.75,12,8,1,99.22,False,,True,True,True,True,False,True,True,True,False,False,False,False,False,False,False,True
1464,1,5,420,1080,55.0,12,9,0,100.0,False,,True,True,True,True,False,True,True,True,False,False,False,False,False,False,False,True
2088,1,5,420,1050,52.5,7,12,6,94.98,True,1,True,True,True,True,False,True,False,True,False,False,False,False,False,False,False,True
1284,4,5,420,1020,50.0,7,11,1,99.47,False,,True,True,True,True,False,True,True,True,False,False,False,False,False,False,False,True
313,4,5,420,990,47.5,12,9,1,99.35,False,,False,True,True,True,False,True,True,True,False,False,False,False,False,False,False,True
1794,1,4,465,1020,37.0,7,9,0,100.0,False,,True,True,True,True,False,True,False,True,False,False,False,False,False,False,False,True
1426,2,5,360,1260,75.0,7,7,1,99.11,False,,True,True,True,True,False,True,True,True,False,True,False,False,False,False,False,True
206,4,5,420,960,45.0,12,11,3,97.15,False,,True,True,True,True,False,True,True,True,False,False,False,False,False,False,False,True
323,1,5,420,1050,52.5,7,10,0,100.0,False,,True,True,False,True,False,True,False,True,False,False,False,False,False,False,False,True
444,5,5,420,1020,50.0,12,11,1,99.47,False,,True,True,True,True,False,True,True,True,False,False,False,False,False,False,False,True
700,4,5,390,1020,52.5,12,10,1,99.41,False,,True,True,True,True,False,True,True,True,False,False,False,False,False,False,False,True
2482,1,5,450,1050,50.0,7,8,4,95.48,False,,True,True,True,True,False,True,False,True,False,True,False,False,False,False,False,True
633,4,5,0,0,0.0,12,10,2,98.2,False,,True,True,True,True,False,True,True,True,False,False,False,False,False,False,False,True
2369,4,5,450,1050,50.0,12,10,3,98.16,False,,False,True,True,True,False,True,True,True,False,False,False,False,False,False,False,True
176,4,5,390,1439,87.42,11,9,0,100.0,False,,True,True,True,True,False,True,True,True,False,True,False,False,False,False,False,True
1481,5,5,420,1020,50.0,12,10,0,100.0,False,,True,True,True,True,False,True,True,True,False,False,False,False,False,False,False,True
2230,1,5,450,960,42.5,12,10,6,90.28,True,1,True,True,False,True,False,True,False,True,False,False,False,False,False,False,False,True
662,4,5,390,1080,57.5,12,11,7,90.33,False,,False,True,True,True,False,True,True,True,False,False,False,False,False,False,False,True
1054,2,5,360,1080,60.0,7,10,4,97.46,False,,True,True,True,True,False,True,True,True,False,False,False,False,False,False,False,True
120,4,7,0,1439,133.9,12,12,0,100.0,False,,True,True,True,True,False,True,True,True,False,True,True,False,False,False,True,True
627,4,6,390,1740,117.0,12,17,7,95.46,True,2,True,True,True,True,False,True,True,True,False,True,False,False,False,False,False,True
1825,2,5,450,1020,47.5,7,10,0,100.0,False,,True,True,True,True,False,True,True,True,False,False,False,False,False,False,False,True
1432,4,5,360,1020,55.0,12,9,3,98.04,False,,True,True,True,True,False,True,True,True,False,False,False,False,False,False,False,True
928,1,5,420,1050,52.5,7,12,9,82.8,False,,True,True,True,True,False,True,False,True,False,False,False,False,False,False,False,True
506,2,5,420,1050,52.5,7,12,2,99.02,False,,True,True,True,True,False,True,True,True,False,False,False,False,False,False,False,True
1976,4,5,330,1080,62.5,12,8,0,100.0,False,,True,True,True,True,False,True,True,True,False,False,False,False,False,False,False,True
1519,3,5,420,960,45.0,12,10,0,100.0,False,,True,True,False,True,False,True,True,True,False,False,False,False,False,False,False,True
2064,1,5,435,1050,51.25,7,12,5,92.88,False,,True,True,True,True,False,True,False,True,False,False,False,False,False,False,False,True
1012,1,5,420,1020,49.0,7,11,0,100.0,False,,True,True,True,True,False,True,False,True,False,False,False,False,False,False,False,True
1327,1,5,450,1020,47.5,7,9,3,97.3,False,,False,True,True,True,False,True,False,True,False,False,False,False,False,False,False,True
821,4,5,420,1020,50.0,12,19,4,97.79,True,1,True,True,True,True,False,True,True,True,False,True,False,False,False,False,False,True
468,4,5,360,1080,60.0,12,10,0,100.0,False,,False,True,True,True,False,True,True,True,False,False,False,False,False,False,False,True
345,3,5,420,1020,50.0,7,10,2,98.2,False,,True,True,True,True,False,True,False,True,False,False,False,False,False,False,False,True
268,5,5,390,1170,65.0,12,11,0,100.0,False,,True,True,True,True,False,True,True,True,False,False,False,False,False,False,False,True
413,5,5,450,1050,50.0,12,10,2,98.79,False,,True,True,True,True,False,True,True,True,False,False,False,False,False,False,False,True
2523,4,5,450,1080,52.5,12,11,6,87.83,True,1,True,True,False,True,False,True,True,True,False,False,False,False,False,False,False,True
1182,1,5,390,1050,55.0,7,10,2,98.16,False,,True,True,False,True,False,True,False,False,False,False,False,False,False,False,False,True
1450,1,5,420,1050,52.5,12,11,0,100.0,False,,True,True,True,True,False,True,False,True,False,False,False,False,False,False,False,True
2026,5,7,300,1439,118.92,12,19,1,99.07,True,6,True,True,True,True,False,True,True,True,False,True,False,False,False,False,True,True
2163,1,5,390,1080,57.5,12,10,1,99.35,False,,True,True,True,True,False,True,False,True,False,False,False,False,False,False,False,True
2196,4,5,360,1080,48.0,12,10,1,99.41,True,1,True,True,True,True,False,True,True,True,False,False,False,False,False,False,False,True
342,4,4,480,1020,36.0,12,12,1,99.51,True,4,True,True,True,True,False,True,True,True,False,False,False,False,False,False,False,True
2275,4,5,360,1410,87.5,12,10,0,100.0,False,,True,True,True,True,False,True,True,True,False,True,False,False,False,False,False,True
2450,1,5,450,1020,47.5,7,12,3,95.2,True,2,False,True,True,False,False,True,False,True,False,False,False,False,False,False,False,True
12,4,5,390,1050,55.0,12,11,4,97.35,False,,True,True,True,True,False,True,True,True,False,False,False,False,False,False,False,True
555,3,5,360,1080,60.0,12,9,3,98.04,False,,True,True,True,True,False,True,True,True,False,False,False,False,False,False,False,True
1596,4,5,450,1050,50.0,12,8,1,99.22,False,,False,True,True,True,False,True,True,True,False,False,False,False,False,False,False,True
1760,3,5,390,1110,60.0,12,6,0,100.0,False,,True,True,True,True,False,True,True,True,False,False,False,False,False,False,False,True
2428,1,4,540,1080,36.0,7,9,2,96.64,False,,True,True,False,True,False,True,True,True,False,False,False,False,False,False,False,True
1187,4,5,390,1320,77.5,12,10,4,96.91,False,,True,True,True,True,False,True,True,False,False,True,False,False,False,False,False,True
1646,2,5,420,1110,53.5,7,9,1,99.21,False,,True,True,True,True,False,True,True,True,False,False,False,False,False,False,False,True
733,1,5,420,1020,50.0,12,9,0,100.0,False,,True,True,True,True,False,True,False,True,False,False,False,False,False,False,False,True
2453,3,5,450,1050,50.0,7,10,2,98.79,False,,True,True,True,True,False,True,True,True,False,False,False,False,False,False,False,True
896,1,5,450,1050,50.0,12,10,3,97.64,False,,True,True,True,True,False,True,False,True,False,False,False,False,False,False,False,True
751,1,5,360,1080,60.0,7,10,1,99.41,True,1,True,True,True,True,False,True,False,True,False,False,False,False,False,False,False,True
1014,2,5,420,990,47.5,7,11,5,93.25,False,,True,True,False,True,False,True,True,True,False,False,False,False,False,False,False,True
127,4,5,450,930,40.0,12,7,2,95.04,False,,True,True,False,True,False,True,True,True,False,False,False,False,True,False,False,False
174,1,5,420,1020,50.0,7,8,2,97.08,False,,True,True,True,True,False,True,False,True,False,False,False,False,False,False,False,True
1606,4,5,420,1020,50.0,12,10,0,100.0,False,,True,True,True,True,False,True,True,True,False,False,False,False,False,False,False,True
1677,1,5,360,1080,60.0,12,10,0,100.0,False,,True,True,True,True,False,True,False,True,False,False,False,False,False,False,False,True
1547,1,5,420,1050,52.5,7,11,3,98.18,False,,True,True,True,True,False,True,False,True,False,False,False,False,False,False,False,True
1652,2,5,360,1020,55.0,7,10,0,100.0,False,,False,True,False,False,False,True,True,True,False,False,False,False,False,False,False,True
297,4,5,390,1080,57.5,12,12,0,100.0,False,,True,True,True,True,False,True,True,True,False,False,False,False,False,False,False,True
1424,4,5,330,1050,60.0,12,10,1,98.82,False,,True,True,True,True,False,True,False,True,False,False,False,False,False,False,False,True
1204,1,5,480,900,35.0,12,10,1,99.41,False,,False,True,True,True,False,True,False,True,False,False,False,False,False,False,False,True
1627,1,5,450,1050,50.0,12,8,6,90.42,False,,True,True,True,True,False,True,False,False,False,False,False,False,False,False,False,True
102,4,5,450,1050,50.0,12,15,6,95.66,True,4,True,True,False,True,False,True,True,True,False,False,False,False,False,False,False,True
2422,4,5,450,1080,52.5,12,13,0,100.0,False,,True,True,True,True,False,True,True,True,False,False,False,False,False,False,False,True
2244,4,5,360,1080,60.0,12,12,0,100.0,False,,True,True,True,True,False,True,True,True,False,False,False,False,False,False,False,True
368,5,5,510,990,40.0,12,12,1,99.51,False,,False,True,True,False,False,True,True,True,False,False,False,False,False,False,False,True
1564,2,5,450,1050,50.0,7,10,3,98.12,False,,True,True,True,True,False,True,True,True,False,False,False,False,False,False,False,True
2358,2,5,420,1020,50.0,7,8,3,97.7,False,,True,True,True,True,False,True,True,True,False,False,False,False,False,False,False,True
2495,4,5,450,1020,47.5,12,10,1,98.77,False,,False,True,True,True,False,True,True,True,False,False,False,False,False,False,False,True
704,3,5,420,1065,53.75,7,11,0,100.0,False,,False,True,False,True,False,True,True,True,False,False,False,False,False,False,False,True
1579,4,5,420,1140,48.0,12,11,3,94.8,False,,True,True,True,True,False,True,True,True,False,False,False,False,False,False,False,True
612,4,5,390,1050,55.0,12,9,0,100.0,False,,True,True,True,True,False,True,True,True,False,True,False,False,False,False,True,True
138,4,5,450,1020,47.5,12,11,2,96.91,True,1,True,True,True,True,False,True,True,True,False,False,False,False,False,False,False,True
109,1,5,420,1050,52.5,11,13,0,100.0,False,,True,True,True,True,False,True,True,True,False,False,False,False,False,False,False,True
1804,1,5,420,1080,55.0,7,12,0,100.0,False,,True,True,True,True,False,True,False,True,False,False,False,False,False,False,False,True
2491,1,6,480,960,48.0,7,9,1,99.26,False,,True,True,True,True,False,True,False,True,False,False,False,False,False,False,False,True
540,3,5,360,1080,60.0,12,11,4,96.79,False,,True,True,True,True,False,True,True,True,False,False,False,False,False,False,False,True
7,2,5,390,1080,57.5,7,8,0,98.33,False,,True,True,True,True,False,True,True,True,False,False,False,False,False,False,False,True
72,4,5,405,1050,18.75,12,14,3,97.03,False,,True,True,True,True,False,True,True,True,False,True,False,False,False,False,False,True
2058,1,5,420,1020,50.0,7,9,3,97.08,False,,True,True,True,True,False,True,False,True,False,False,False,False,False,False,False,True
99,3,7,360,1080,77.0,12,11,3,97.86,False,,True,True,False,True,False,True,True,True,False,False,False,False,False,False,True,True
2030,1,5,450,1050,50.0,7,10,0,100.0,False,,False,True,False,True,False,True,False,True,False,False,False,False,False,False,False,True
1890,1,5,360,1020,55.0,7,9,2,98.61,False,,True,True,True,True,False,True,False,True,False,False,False,False,False,False,False,True
595,1,5,405,1005,50.0,12,11,0,100.0,False,,True,True,True,True,False,True,False,True,False,False,False,False,False,False,False,True
2478,5,5,360,1440,90.0,12,14,0,100.0,False,,True,True,True,True,False,True,True,True,False,True,False,False,False,False,False,True
285,1,5,360,1080,60.0,7,8,1,99.22,False,,True,True,True,True,False,True,False,True,False,False,False,False,False,False,False,True
1394,5,1,360,1080,12.0,12,7,1,99.16,False,,True,True,True,True,False,True,True,True,False,False,False,False,False,False,False,True
624,4,7,360,1440,126.0,12,29,6,98.07,False,,False,True,True,False,False,True,True,True,False,True,False,False,False,False,True,True
1334,1,5,450,1020,47.5,7,10,2,96.08,False,,True,True,True,True,False,True,False,True,False,False,False,False,False,False,False,True
529,5,7,360,360,0.0,12,9,1,98.77,False,,True,True,True,True,False,True,True,True,False,True,True,False,False,False,True,True
1172,4,1,420,1020,10.0,12,14,0,100.0,False,,True,True,True,True,False,True,True,False,False,False,False,False,False,False,True,True
889,4,7,300,1410,129.5,12,14,0,100.0,False,,True,True,True,True,False,True,True,True,False,False,False,False,False,False,False,True
740,1,5,420,1050,52.5,7,9,3,97.78,False,,True,True,True,True,False,True,False,True,False,False,False,False,False,False,False,True
600,2,5,420,1050,52.5,7,8,0,100.0,False,,True,True,True,True,False,True,False,True,False,False,False,False,False,False,False,True
1243,1,5,420,1050,52.5,7,10,0,100.0,False,,True,True,True,True,False,True,False,True,False,False,False,False,False,False,False,True
1427,1,5,390,1050,55.0,7,9,1,99.31,False,,True,True,False,True,False,True,False,True,False,False,False,False,False,False,False,True
875,4,7,330,1439,129.38,12,29,2,98.94,True,3,True,True,True,True,False,True,True,True,False,True,False,False,False,False,True,True
2231,1,5,465,990,43.75,7,10,1,99.38,False,,True,True,False,True,False,True,False,True,False,False,False,False,False,False,False,True
1237,1,5,450,990,45.0,7,6,2,97.92,False,,False,True,False,False,False,True,False,True,False,False,False,False,True,False,False,False
1376,4,5,420,1020,50.0,12,9,0,100.0,False,,True,True,True,True,False,True,True,True,False,False,False,False,False,False,False,True
758,3,7,0,720,24.0,7,4,0,100.0,False,,True,True,True,True,False,True,True,True,False,True,False,False,False,False,False,True
2032,4,5,420,1020,50.0,12,13,4,96.05,False,,True,True,True,True,False,True,True,True,False,False,False,False,False,False,False,True
1600,5,6,450,960,48.0,12,9,0,100.0,False,,True,True,True,True,False,True,True,True,False,False,False,False,False,False,False,True
573,3,5,450,1050,50.0,12,12,1,99.51,False,,False,True,True,False,False,True,False,True,False,False,False,False,False,False,False,True
1191,4,5,420,1439,84.92,12,18,2,98.75,True,2,True,True,True,True,False,True,False,True,False,True,False,False,False,False,False,True
1017,1,5,450,1050,50.0,7,9,0,100.0,False,,True,True,False,True,False,True,False,True,False,False,False,False,False,False,False,True
414,4,5,360,1080,60.0,12,14,0,100.0,False,,True,True,True,True,False,True,True,True,False,False,False,False,False,False,False,True
1553,4,5,390,1080,57.5,12,11,0,100.0,False,,False,True,False,True,False,True,True,True,False,False,False,False,False,False,False,True
1929,4,5,930,1050,10.0,12,11,0,100.0,False,,True,True,True,True,False,True,True,True,False,False,False,False,False,False,False,True
1574,4,6,300,1440,114.0,12,13,2,98.69,False,,True,True,True,True,False,True,True,True,False,True,False,False,False,False,True,True
1229,4,5,360,1080,60.0,12,12,1,99.51,False,,True,True,True,True,False,True,True,True,False,False,False,False,False,False,False,True
490,4,5,420,1080,55.0,12,12,0,100.0,False,,True,True,True,True,False,True,True,True,False,False,False,False,False,False,False,True
744,2,5,420,1080,55.0,12,9,0,100.0,False,,True,True,True,True,False,True,False,True,False,True,False,False,False,False,False,True
1411,5,7,0,1439,143.92,12,12,2,99.02,False,,True,True,True,True,False,True,True,True,False,True,False,False,False,False,False,True
1515,4,5,420,1020,50.0,12,12,1,99.51,False,,True,True,True,True,False,True,True,True,False,False,False,False,False,False,False,True
809,4,5,420,1050,52.5,12,11,0,100.0,False,,True,True,True,True,False,True,True,True,False,False,False,False,False,False,False,True
1473,4,5,420,1050,52.5,12,13,2,99.1,False,,True,True,True,True,False,True,True,True,False,False,False,False,False,False,False,True
2070,4,5,390,1440,87.5,12,15,7,95.13,False,,True,True,True,True,False,True,True,True,False,True,False,False,False,False,False,True
2086,2,5,390,1080,57.5,7,10,8,85.97,False,,True,True,True,True,False,True,True,True,False,False,False,False,False,False,False,True
1353,5,7,360,1080,84.0,12,7,0,100.0,False,,True,True,True,True,False,True,True,True,False,False,False,False,False,False,False,True
459,2,6,330,1470,114.0,7,19,7,92.08,True,2,True,True,True,True,False,True,True,True,False,True,True,False,False,False,True,True
1704,4,7,480,1200,84.0,12,29,13,79.88,True,7,True,True,True,True,False,True,True,True,False,True,False,False,False,False,True,True
2359,4,5,390,1050,55.0,7,11,0,100.0,False,,True,True,False,True,False,True,True,True,False,False,False,False,False,False,False,True
1848,4,5,360,1080,60.0,12,9,3,96.88,False,,True,True,True,True,False,True,True,True,False,False,False,False,False,False,False,True
819,2,7,360,1440,114.0,7,9,0,100.0,False,,True,True,True,True,False,True,True,True,False,True,False,False,False,False,False,True
1061,4,5,450,960,42.5,7,11,0,100.0,False,,True,True,True,True,False,True,True,True,False,False,False,False,False,False,False,True
1815,4,7,360,1440,126.0,12,25,5,98.25,True,1,True,True,True,True,False,True,True,True,False,True,True,False,False,False,True,True
27,4,5,360,1020,55.0,12,12,1,99.41,False,,False,True,True,False,False,True,True,True,False,False,False,False,False,False,False,True
776,3,6,480,1020,54.0,12,12,3,97.02,False,,True,True,True,True,False,True,True,True,False,True,True,False,False,False,False,True
24,2,5,420,1080,55.0,7,11,4,94.81,False,,True,True,True,True,False,True,False,True,False,False,False,False,False,False,False,True
2150,4,5,390,1050,55.0,12,10,0,100.0,False,,True,True,True,True,False,True,True,True,False,False,False,False,False,False,False,True
279,4,5,360,1080,60.0,12,11,2,98.93,False,,True,True,True,True,False,True,True,True,False,False,False,False,False,False,False,True
630,4,5,450,750,25.0,12,9,0,100.0,False,,False,True,True,True,False,True,False,True,False,False,False,False,False,False,False,True
895,3,5,450,990,45.0,7,8,0,100.0,False,,True,True,True,True,False,True,True,True,False,False,False,False,False,False,False,True
1572,2,5,450,1050,50.0,12,16,1,98.03,True,3,True,True,True,True,False,True,False,True,False,False,False,False,False,False,False,True
2555,2,6,360,1080,71.0,7,11,5,95.34,False,,True,True,True,True,False,True,True,True,False,False,False,False,False,False,True,True
295,1,5,420,1020,50.0,12,10,0,100.0,False,,True,True,False,True,False,True,False,True,False,False,False,False,False,False,False,True
2405,4,5,420,1050,52.5,12,12,5,94.37,False,,True,True,True,True,False,True,True,True,False,False,False,False,False,False,False,True
1240,4,5,420,1050,52.5,12,9,2,97.79,False,,True,True,True,True,False,True,True,True,False,False,False,False,False,False,False,True
1562,1,5,420,1050,52.5,7,14,8,94.94,False,,True,True,True,True,False,True,False,True,False,False,False,False,False,False,False,True
2441,1,4,450,1050,40.0,7,8,0,100.0,False,,True,True,True,True,False,True,False,True,False,False,False,False,False,False,False,True
1829,1,5,435,960,43.75,7,6,0,100.0,False,,True,True,False,True,False,True,False,True,False,False,False,False,True,False,False,False
684,4,6,360,1439,107.9,12,11,1,99.47,False,,True,True,True,True,False,True,True,True,False,True,False,False,False,False,False,True
2209,5,6,0,1439,143.9,12,19,4,95.75,False,,True,True,True,True,False,True,True,True,False,True,False,False,False,False,True,True
2548,2,5,0,1439,119.92,12,28,10,94.05,True,2,True,True,True,True,False,True,True,True,False,False,False,False,False,False,False,True
1138,2,4,450,990,36.0,12,12,1,99.51,False,,True,True,False,True,False,True,True,True,False,False,False,False,False,False,False,True
2346,4,5,300,1380,90.0,12,11,1,98.93,True,1,True,True,True,True,False,True,True,True,False,True,False,False,False,False,False,True
589,5,5,420,1080,55.0,12,14,0,100.0,False,,True,True,False,True,False,True,True,True,False,False,False,False,False,False,False,True
1451,4,5,360,1080,60.0,12,10,1,99.41,False,,True,True,True,True,False,True,True,True,False,False,False,False,False,False,False,True
2201,4,5,360,1050,57.5,12,10,0,100.0,False,,True,True,True,True,False,True,True,True,False,False,False,False,False,False,False,True
973,4,5,420,1080,55.0,12,18,9,89.35,False,,True,True,False,True,False,True,True,True,False,False,False,False,False,False,False,True
1626,5,5,420,1080,55.0,12,11,0,100.0,False,,True,True,True,True,False,True,True,True,False,False,False,False,False,False,False,True
1228,3,5,390,1020,52.5,12,21,1,99.44,False,,False,True,True,True,False,True,True,True,False,True,True,False,False,False,True,True
1910,5,5,450,1020,47.5,12,13,3,95.25,False,,True,True,True,True,False,True,True,True,False,True,False,False,False,False,False,True
200,1,5,360,1050,57.5,7,9,1,98.69,False,,True,True,True,True,False,True,False,True,False,False,False,False,False,False,False,True
306,4,7,0,1439,167.88,12,11,2,98.36,False,,True,True,True,True,False,True,True,True,False,True,True,False,False,False,True,True
63,4,6,360,1380,101.0,12,14,3,97.48,False,,True,True,True,True,False,True,True,True,False,True,False,False,False,False,False,True
92,4,5,360,1080,60.0,12,13,1,99.55,False,,True,True,True,True,False,True,True,True,False,False,False,False,False,False,False,True
382,2,5,360,1050,57.5,12,12,2,98.58,False,,True,True,True,True,False,True,True,True,False,True,False,False,False,False,False,True
1523,2,5,450,1020,47.5,12,10,0,100.0,False,,True,True,False,True,False,True,False,True,False,False,False,False,False,False,False,True
2389,4,5,360,1439,89.92,12,12,1,99.51,False,,True,True,True,True,False,True,True,True,False,True,True,False,False,False,False,True
2294,2,5,420,1080,55.0,7,18,1,99.61,False,,True,True,True,True,False,True,True,True,False,False,False,False,False,False,False,True
489,2,7,390,1439,61.42,7,14,0,100.0,False,,False,True,True,True,False,True,True,False,False,True,False,False,False,False,True,True
1676,1,5,450,1050,49.5,7,9,3,97.96,False,,False,True,True,True,False,True,True,True,False,False,False,False,False,False,False,True
149,2,5,360,1080,60.0,12,11,2,96.69,False,,True,True,True,True,False,True,True,True,False,False,False,False,False,False,False,True
591,4,5,420,990,47.5,12,12,1,99.47,False,,True,True,True,True,False,True,True,True,False,False,False,False,False,False,False,True
1235,3,5,450,1050,50.0,7,7,0,100.0,False,,False,True,True,False,False,True,True,True,False,False,False,False,False,False,False,True
2364,4,5,360,1020,55.0,7,10,3,98.08,False,,True,True,True,True,False,True,True,True,False,False,False,False,False,False,False,True
455,2,5,420,1050,52.5,7,6,0,100.0,False,,True,True,True,True,False,True,True,True,False,False,False,False,False,False,False,True
2529,4,7,0,0,0.0,12,14,3,98.74,False,,True,True,True,True,False,True,True,True,False,True,True,False,False,False,True,True
2446,2,5,360,1020,55.0,9,8,3,95.8,False,,True,True,True,True,False,True,True,True,False,False,False,False,False,False,False,True
580,5,5,360,1440,90.0,12,10,3,95.88,False,,True,True,True,True,False,True,True,True,False,False,False,False,False,False,False,True
1979,4,5,390,1380,82.5,12,8,1,99.26,False,,True,True,True,True,False,True,True,True,False,True,False,False,False,False,False,True
241,2,5,360,1320,80.0,7,12,7,91.68,True,3,True,True,True,True,False,True,True,True,False,True,False,False,False,False,False,True
2052,4,5,330,750,35.0,12,32,3,99.11,True,4,True,True,True,True,False,True,True,True,False,True,True,False,False,False,True,True
126,4,5,420,1050,52.5,12,14,0,100.0,False,,False,True,True,True,False,True,True,True,False,False,False,False,False,False,False,True
1312,5,5,300,1440,95.0,12,8,0,100.0,False,,True,True,True,True,False,True,True,True,False,True,False,False,False,False,False,True
1883,4,5,390,1050,55.0,7,13,2,99.01,False,,True,True,True,True,False,True,True,True,False,False,False,False,False,False,False,True
651,3,5,450,1050,50.0,7,9,1,99.26,False,,False,True,True,True,False,True,True,True,False,False,False,False,False,False,False,True
1577,5,5,420,1380,76.0,12,10,1,98.82,False,,True,True,True,True,False,True,True,True,False,True,False,False,False,False,False,True
1056,4,5,420,1080,55.0,12,13,0,100.0,False,,True,True,True,True,False,True,True,True,False,False,False,False,False,False,False,True
2146,4,2,495,1230,21.5,12,22,1,99.55,False,,False,True,True,False,False,True,False,True,False,False,False,False,False,False,False,True
2311,1,5,360,1080,60.0,7,12,4,96.26,False,,True,True,True,True,False,True,False,True,False,False,False,False,False,False,False,True
2493,1,5,390,1050,53.0,7,10,4,96.87,True,2,True,True,True,True,False,True,True,True,False,False,False,False,False,False,False,True
2248,4,5,450,1050,50.0,12,9,0,100.0,False,,False,True,False,True,False,True,False,True,False,False,False,False,False,False,False,True
35,4,7,0,1439,167.88,12,8,1,98.61,False,,True,True,True,True,False,True,True,True,False,True,True,False,False,False,False,True
1075,2,6,360,1380,95.0,7,17,1,99.65,False,,True,True,True,True,False,True,True,True,False,True,False,False,False,False,False,True
1479,1,5,450,1020,47.5,7,12,5,90.79,False,,True,True,False,True,False,True,False,True,False,False,False,False,False,False,False,True
669,5,5,390,1080,57.5,12,15,1,97.78,True,1,True,True,True,True,False,True,True,True,False,False,False,False,False,False,False,True
2006,3,5,420,1020,50.0,12,4,0,100.0,False,,True,True,True,True,False,True,False,True,False,False,False,False,False,False,False,True
2137,4,4,450,1320,58.0,12,9,1,99.35,False,,False,True,True,False,False,True,True,True,False,False,False,False,False,False,False,True
1674,1,5,450,1050,50.0,7,9,0,100.0,False,,True,True,True,True,False,True,False,True,False,False,False,False,False,False,False,True
131,2,5,390,1050,55.0,7,10,3,96.08,False,,True,True,True,True,False,True,True,True,False,False,False,False,False,False,False,True
1761,4,5,420,990,47.5,12,10,3,95.26,False,,True,True,True,True,False,True,True,True,False,False,False,False,False,False,False,True
1701,4,5,450,1320,72.5,12,9,1,98.69,False,,True,True,True,True,False,True,True,True,False,True,False,False,False,False,False,True
442,4,5,0,0,0.0,12,13,0,100.0,False,,True,True,True,True,False,True,True,True,False,True,True,False,False,False,False,True
2339,4,5,465,945,40.0,12,12,0,100.0,False,,True,True,True,True,False,True,True,True,False,False,False,False,False,False,False,True
1403,5,5,360,1080,55.0,7,8,0,100.0,False,,True,False,False,True,False,True,True,True,False,False,False,False,False,False,False,True
2024,4,5,360,1200,70.0,12,14,0,100.0,False,,True,True,True,True,False,True,True,True,False,True,False,False,False,False,False,True
1549,1,5,480,990,42.5,7,11,5,95.74,False,,True,True,False,True,False,True,True,True,False,False,False,False,False,False,False,True
1526,1,5,450,1050,50.0,7,13,1,99.52,False,,True,True,True,True,False,True,False,True,False,False,False,False,False,False,False,True
190,4,5,420,1050,52.5,12,10,1,99.35,False,,False,True,True,True,False,True,True,True,False,False,False,False,False,False,False,True
1615,4,5,540,840,25.0,10,11,0,100.0,False,,False,True,True,False,False,True,True,True,False,False,False,False,False,False,False,True
91,4,5,360,1080,60.0,12,19,0,100.0,False,,True,True,True,True,False,True,True,True,False,False,False,False,False,False,False,True
804,4,5,1080,1920,70.0,12,13,0,100.0,False,,True,True,True,True,False,True,True,True,False,True,False,False,False,False,False,True
1999,2,5,420,1050,52.5,12,15,4,96.93,False,,True,True,True,True,False,True,True,True,False,False,False,False,False,False,False,True
451,5,5,300,1140,70.0,12,11,0,100.0,False,,True,True,True,True,False,True,True,True,False,True,False,False,False,False,False,True
1721,4,5,390,1080,57.5,12,16,3,98.04,False,,False,True,True,False,False,True,True,True,False,False,False,False,False,False,False,True
479,5,7,420,1350,108.5,12,13,2,98.64,False,,True,True,True,True,False,True,True,True,False,False,False,False,False,False,False,True
458,4,5,360,1440,90.0,12,9,1,99.31,False,,True,True,True,True,False,True,True,True,False,False,False,False,False,False,False,True
1045,2,5,405,960,46.25,7,9,3,96.61,False,,True,True,False,True,False,True,False,True,False,False,False,False,False,False,False,True
28,4,5,330,1050,60.0,12,12,4,96.16,False,,True,True,True,True,False,True,True,True,False,False,False,False,False,False,False,True
2433,1,4,420,1020,40.0,7,14,0,100.0,False,,False,True,False,True,False,True,False,True,False,False,False,False,False,False,False,True
1628,4,5,450,1020,47.5,12,14,0,100.0,False,,False,True,False,True,False,True,True,True,False,False,False,False,False,False,False,True
2550,5,5,360,1080,60.0,12,7,0,100.0,False,,True,True,True,True,False,True,True,True,False,False,False,False,False,False,False,True
654,2,5,0,1439,114.43,12,29,7,95.56,True,2,True,True,True,True,False,True,True,True,False,True,True,False,False,False,False,True
418,4,5,360,1260,75.0,7,13,0,100.0,False,,True,True,True,True,False,True,True,True,False,True,False,False,False,False,False,True
84,4,5,360,1080,60.0,12,13,2,99.1,False,,True,True,True,True,False,True,True,True,False,False,False,False,False,False,False,True
1802,4,5,420,1020,50.0,12,9,4,93.9,False,,True,True,True,True,False,True,True,True,False,False,False,False,False,False,False,True
2333,4,5,435,1035,50.0,12,12,1,98.53,False,,True,True,False,True,False,True,True,True,False,False,False,False,False,False,False,True
552,2,5,405,1020,51.25,12,11,2,97.83,False,,False,True,True,False,False,True,True,True,False,False,False,False,False,False,False,True
2490,1,5,420,1050,52.5,12,15,7,95.69,False,,True,True,True,True,False,True,True,True,False,False,False,False,False,False,False,True
1527,1,5,420,1050,52.5,7,9,2,98.56,False,,True,True,False,True,False,True,False,True,False,False,False,False,False,False,False,True
2182,2,5,900,1440,45.0,7,15,0,100.0,False,,False,True,True,False,False,True,True,False,False,True,False,False,False,False,False,True
237,4,5,390,1440,87.5,12,14,0,100.0,False,,True,True,True,True,False,True,True,True,False,True,False,False,False,False,False,True
2349,3,7,0,1439,155.88,12,12,3,98.04,False,,True,True,True,True,False,True,True,True,False,False,False,False,False,False,False,True
105,4,5,420,1020,50.0,12,12,2,97.52,False,,True,True,True,True,False,True,True,True,False,False,False,False,False,False,False,True
433,2,5,360,1380,85.0,12,14,2,97.85,False,,True,True,True,True,False,True,True,True,False,True,False,False,False,False,False,True
647,4,5,405,1050,53.75,12,13,3,97.53,False,,True,True,False,True,False,True,True,True,False,False,False,False,False,False,False,True
2338,2,5,480,2520,62.0,7,18,1,99.35,False,,False,True,True,False,False,True,True,False,False,True,True,False,False,False,False,True
247,4,5,360,1080,56.0,12,10,0,100.0,False,,True,True,True,True,False,True,True,True,False,True,False,False,False,False,False,True
790,4,5,420,1020,50.0,9,9,1,99.31,False,,True,True,True,True,False,True,True,True,False,False,False,False,False,False,False,True
2066,4,5,300,1080,65.0,12,11,2,97.52,False,,True,True,True,True,False,True,True,True,False,False,False,False,False,False,False,True
1767,4,5,450,1080,52.5,12,15,0,100.0,False,,False,True,True,True,False,True,True,True,False,False,False,False,False,False,False,True
2243,3,6,390,1380,78.5,12,13,0,100.0,False,,False,True,True,False,False,True,True,False,False,True,False,False,False,False,False,True
628,4,5,360,1380,85.0,12,9,0,100.0,False,,True,True,True,True,False,True,True,True,False,False,False,False,False,False,False,True
1886,4,5,390,1080,57.5,7,16,8,91.28,False,,True,True,True,True,False,True,False,True,False,False,False,False,False,False,True,True
1631,2,5,420,1065,53.75,7,6,0,100.0,False,,True,True,True,True,False,True,True,True,False,False,False,False,False,False,False,True
2033,5,7,0,1439,167.88,12,9,0,100.0,False,,True,True,True,True,False,True,True,True,False,True,True,False,False,False,True,True
1283,4,4,0,1440,8.0,7,14,0,100.0,False,,True,True,True,True,False,True,True,False,False,True,True,False,False,False,True,True
747,2,6,360,1799,131.92,7,11,1,99.39,True,1,True,True,True,True,False,True,True,True,False,True,True,False,False,False,True,True
2392,2,5,390,1080,57.5,12,13,3,98.59,False,,True,True,True,True,False,True,False,True,False,False,False,False,False,False,False,True
941,4,5,450,1050,50.0,12,12,1,99.51,False,,True,True,True,True,False,True,True,True,False,False,False,False,False,False,False,True
1008,5,5,450,1020,47.5,12,12,2,98.53,False,,True,True,True,True,False,True,True,True,False,False,False,False,False,False,False,True
1680,4,5,420,1140,60.0,12,18,5,97.11,False,,True,True,True,True,False,True,True,True,False,True,False,False,False,False,False,True
2251,2,5,420,1065,53.25,7,9,1,99.31,False,,False,True,True,True,False,True,False,True,False,False,False,False,False,False,False,True
1111,2,5,360,1320,80.0,7,18,2,99.02,False,,True,True,True,True,False,True,True,True,False,True,False,False,False,False,True,True
376,4,5,390,1080,57.5,10,17,0,100.0,False,,True,True,True,True,False,True,True,True,False,False,False,False,False,False,False,True
719,4,5,360,1080,60.0,12,12,4,98.04,False,,True,True,True,True,False,True,True,True,False,False,False,False,False,False,False,True
1354,4,6,360,1380,93.5,12,13,2,99.1,False,,True,True,True,True,False,True,True,True,False,True,False,False,False,False,True,True
826,4,5,360,1080,60.0,11,19,0,100.0,True,1,True,True,True,True,False,True,True,True,False,False,False,False,False,False,False,True
2457,1,5,450,1050,50.0,7,5,1,98.82,False,,True,True,False,True,False,True,True,True,False,False,False,False,False,False,False,True
2515,1,5,480,1020,45.0,7,9,1,98.52,False,,True,True,False,True,False,True,False,True,False,False,False,False,False,False,False,True
78,1,5,450,1035,48.75,7,10,1,99.33,False,,True,True,False,True,False,True,False,True,False,False,False,False,False,False,False,True
848,4,5,450,1050,50.0,12,15,4,96.93,False,,True,True,True,True,False,True,True,True,False,False,False,False,False,False,False,True
1635,4,5,390,1260,72.5,10,12,1,99.48,False,,True,True,True,True,False,True,True,True,False,False,False,False,False,False,False,True
921,5,5,420,1320,75.0,12,12,2,99.02,False,,True,True,True,True,False,True,True,True,False,True,False,False,False,False,False,True
570,5,7,360,1380,109.0,12,24,6,97.57,True,4,True,True,True,True,False,True,True,True,False,False,False,False,False,False,True,True
47,5,5,330,1140,67.5,12,12,0,100.0,False,,True,True,True,True,False,True,True,True,False,False,False,False,False,False,False,True
550,1,5,390,1050,55.0,11,11,0,100.0,False,,True,True,False,True,False,True,False,True,False,False,False,False,False,False,False,True
2155,2,5,450,1020,47.5,7,12,0,100.0,False,,True,True,True,True,False,True,True,True,False,False,False,False,False,False,False,True
874,2,5,360,1080,60.0,7,18,4,98.63,False,,True,True,True,True,False,True,True,True,False,False,False,False,False,False,False,True
1318,1,5,360,1050,57.5,7,11,2,98.83,True,2,True,True,True,True,False,True,False,True,False,False,False,False,False,False,False,True
1612,4,5,0,1439,119.92,9,15,1,99.61,False,,True,True,True,True,False,True,True,True,False,False,False,False,False,False,True,True
1015,1,5,420,1020,50.0,7,10,0,100.0,False,,True,True,True,True,False,True,True,True,False,False,False,False,False,False,False,True
317,4,5,450,1020,42.5,7,11,0,100.0,False,,True,True,True,True,False,True,True,True,False,False,False,False,False,False,False,True
43,4,7,480,1020,63.0,12,21,5,97.32,False,,True,True,True,True,False,True,True,True,False,True,False,False,False,False,False,True
1047,3,4,465,1035,38.0,12,11,1,99.43,False,,True,True,True,True,False,True,True,True,False,False,False,False,False,False,False,True
100,4,5,300,1440,95.0,11,13,2,98.64,False,,True,True,True,True,False,True,True,True,False,True,False,False,False,False,False,True
2140,4,5,465,1050,47.25,7,10,0,100.0,False,,True,True,True,True,False,True,False,True,False,False,False,False,False,False,False,True
2543,2,7,300,1380,106.0,7,14,0,100.0,False,,True,True,True,True,False,True,True,True,False,True,False,False,False,False,False,True
2105,2,7,360,1200,98.0,7,17,5,94.15,True,2,True,True,True,True,False,True,True,True,False,True,False,False,False,False,False,True
2053,3,5,450,930,40.0,12,7,0,100.0,False,,True,True,False,True,False,True,True,True,False,False,False,False,True,False,False,False
1552,5,6,360,1395,103.5,12,17,1,99.63,False,,True,True,True,True,False,True,True,True,False,True,False,False,False,False,True,True
1326,5,5,450,1020,47.5,12,14,0,100.0,False,,True,True,False,True,False,True,True,True,False,False,False,False,False,False,False,True
314,2,6,0,0,0.0,7,11,3,97.25,False,,True,True,True,True,False,True,True,True,False,False,False,False,False,False,False,True
604,4,5,450,1050,50.0,12,16,2,98.85,False,,True,True,True,True,False,True,True,True,False,False,False,False,False,False,False,True
2447,2,5,360,1080,60.0,12,15,0,100.0,False,,True,True,True,True,False,True,True,True,False,False,False,False,False,False,False,True
1256,5,5,360,1020,55.0,12,12,2,99.02,False,,True,True,True,True,False,True,True,True,False,True,False,False,False,False,False,True
364,2,5,360,1140,65.0,7,10,2,98.16,False,,True,True,True,True,False,True,True,True,False,True,False,False,False,False,False,True
2321,4,5,465,1035,47.5,12,9,1,99.35,False,,True,True,True,True,False,True,True,True,False,False,False,False,False,False,False,True
1161,4,5,450,1050,50.0,12,16,2,98.9,False,,True,True,True,True,False,True,True,True,False,False,False,False,False,False,False,True
498,4,6,420,1560,114.0,12,17,4,97.58,False,,True,True,False,True,False,True,True,True,False,True,False,False,False,False,True,True
1096,1,5,480,1020,45.0,7,15,4,98.33,False,,True,True,True,True,False,True,False,True,False,False,False,False,False,False,False,True
2376,4,5,420,1080,55.0,12,14,4,96.92,False,,True,True,True,True,False,True,True,True,False,True,True,False,False,False,False,True
370,4,5,390,1440,87.5,12,16,1,98.9,False,,True,True,True,True,False,True,True,True,False,False,False,False,False,False,False,True
1852,1,5,360,1080,60.0,7,11,2,97.58,False,,True,True,True,True,False,True,False,True,False,False,False,False,False,False,False,True
2473,4,5,470,1020,45.83,12,12,2,98.99,False,,True,True,True,True,False,True,True,True,False,False,False,False,False,False,False,True
1873,4,5,390,1080,57.5,12,17,4,98.2,False,,True,True,False,True,False,True,True,True,False,False,False,False,False,False,False,True
362,4,5,360,1320,80.0,12,22,1,98.99,True,2,True,True,True,True,False,True,True,True,False,True,False,False,False,False,False,True
1094,2,5,360,1020,55.0,7,26,2,99.52,False,,True,True,True,True,False,True,True,False,False,True,False,False,False,False,False,True
2067,2,5,420,1380,80.0,12,18,6,97.37,False,,False,True,True,True,False,True,True,True,False,True,False,False,False,False,False,True
887,1,5,420,1020,50.0,7,10,3,96.83,False,,True,True,True,True,False,True,False,True,False,False,False,False,False,False,False,True
1101,4,5,420,990,45.5,12,15,3,98.08,False,,True,True,True,True,False,True,True,True,False,True,True,False,False,False,False,True
862,2,5,330,900,47.5,7,19,7,88.52,False,,True,True,True,True,False,True,True,True,False,False,False,False,False,False,False,True
1365,1,4,420,1050,42.0,7,10,0,100.0,False,,True,False,False,True,False,True,False,True,False,True,False,False,False,False,False,True
2424,2,5,0,1439,107.92,7,22,6,97.25,False,,True,True,True,True,False,True,True,True,False,True,True,False,False,False,False,True
340,1,5,360,1050,57.5,7,15,3,98.01,False,,True,True,False,True,False,True,False,True,False,False,False,False,False,False,False,True
923,2,5,420,1020,50.0,7,7,0,100.0,False,,True,True,True,True,False,True,True,True,False,False,False,False,False,False,False,True
1018,4,5,0,1439,119.92,12,13,2,99.07,False,,True,True,True,True,False,True,True,True,False,False,False,False,False,False,False,True
1236,4,7,360,1380,106.5,7,17,2,99.29,False,,True,True,True,True,False,True,True,True,False,True,False,False,False,False,False,True
2368,1,5,360,1050,57.5,7,13,0,100.0,False,,True,True,False,True,False,True,False,True,False,False,False,False,False,False,False,True
239,1,4,480,980,33.33,7,11,2,98.86,False,,True,True,True,True,False,True,False,True,False,False,False,False,False,False,False,True
557,1,5,450,1080,52.5,7,11,1,99.43,False,,False,True,True,True,False,True,False,True,False,True,False,False,False,False,False,True
755,4,7,360,1440,126.0,12,19,5,96.75,False,,True,True,True,True,False,True,True,True,False,True,False,False,False,False,False,True
1005,3,5,450,1050,49.0,12,11,0,100.0,False,,True,True,False,True,False,True,True,True,False,False,False,False,False,False,False,True
470,1,5,450,1050,50.0,7,10,4,93.53,False,,True,True,False,True,False,True,False,True,False,False,False,False,False,False,False,True
1758,2,5,360,1439,89.92,7,19,1,96.88,False,,True,True,True,True,False,True,True,True,False,False,False,False,False,False,False,True
1702,4,5,300,1080,65.0,12,14,0,100.0,False,,True,True,True,True,False,True,True,True,False,False,False,False,False,False,False,True
1455,4,5,450,1050,49.5,12,12,2,98.99,False,,True,True,False,True,False,True,True,True,False,False,False,False,False,False,False,True
934,1,5,450,1770,62.0,7,14,4,95.92,False,,True,True,True,True,False,True,False,True,False,False,False,False,False,False,False,True
198,4,5,360,1110,62.5,12,11,2,98.93,False,,True,True,True,True,False,True,True,True,False,True,False,False,False,False,False,True
300,2,5,450,945,41.25,12,10,0,100.0,False,,True,True,True,True,False,True,True,True,False,False,False,False,True,False,False,False
971,4,5,360,1110,62.5,12,19,3,99.02,False,,True,True,True,True,False,True,True,True,False,False,False,False,False,False,False,True
569,4,5,480,960,40.0,12,11,3,96.72,False,,True,True,True,True,False,True,True,True,False,False,False,False,False,False,False,True
193,1,5,450,990,45.0,7,11,0,100.0,False,,False,True,False,True,False,True,False,True,False,False,False,False,False,False,False,True
2205,5,6,390,1080,65.5,12,16,1,99.61,False,,True,True,True,True,False,True,True,True,False,True,False,False,False,False,True,True
1477,1,5,450,1065,51.25,7,12,3,98.53,False,,True,True,False,True,False,True,False,True,False,True,False,False,False,False,False,True
1714,4,5,465,1050,48.75,12,15,0,100.0,False,,True,True,True,True,False,True,True,True,False,False,False,False,False,False,False,True
1691,4,5,420,1050,52.5,12,13,1,99.52,False,,True,True,True,True,False,True,True,True,False,False,False,False,False,False,False,True
2295,2,7,390,1440,103.5,12,7,0,100.0,False,,True,True,True,True,False,True,True,True,False,False,False,False,False,False,False,True
2331,2,5,360,1439,89.92,7,28,5,97.9,False,,True,True,True,True,False,True,True,True,False,True,False,False,False,False,False,True
1077,5,5,360,1020,55.0,12,12,1,99.48,False,,True,True,True,True,False,True,True,True,False,False,False,False,False,False,False,True
2062,1,5,420,1050,52.5,7,8,2,98.44,False,,True,True,False,True,False,True,False,True,False,False,False,False,False,False,False,True
1778,4,5,360,1380,85.0,11,16,1,96.88,True,1,True,True,True,True,False,True,False,True,False,False,False,False,False,False,False,True
1158,1,5,450,1050,50.0,12,13,1,99.55,False,,True,True,True,True,False,True,False,True,False,False,False,False,False,False,False,True
2031,4,5,360,1080,60.0,12,14,0,100.0,False,,True,True,True,True,False,True,True,True,False,False,False,False,False,False,False,True
1919,4,5,450,1080,52.5,12,18,5,97.96,False,,True,True,True,True,False,True,True,True,False,True,False,False,False,False,False,True
2112,1,5,420,1140,60.0,7,13,2,99.04,False,,False,True,True,False,False,True,False,True,False,False,False,False,False,False,False,True
2362,1,5,450,1050,50.0,7,10,1,98.75,False,,False,True,True,True,False,True,False,True,False,False,False,False,False,False,False,True
4,1,5,540,1080,45.0,7,11,1,99.47,False,,True,True,True,True,False,True,True,True,False,False,False,False,False,False,False,True
2520,1,7,360,360,0.0,7,12,0,100.0,False,,False,True,True,True,False,True,False,True,False,True,True,False,False,False,True,True
2266,1,5,450,990,44.5,7,6,2,95.96,False,,True,True,True,True,False,True,False,True,False,True,False,False,False,False,False,True
117,2,5,390,1080,57.5,7,8,1,99.22,False,,True,True,True,True,False,True,True,True,False,False,False,False,False,False,False,True
2432,3,5,420,1080,55.0,7,9,4,94.51,False,,True,True,True,True,False,True,True,True,False,False,False,False,False,False,False,True
710,5,5,390,1110,58.0,12,13,2,98.59,False,,False,True,True,True,False,True,True,True,False,True,False,False,False,False,False,True
679,2,5,360,1020,55.0,7,8,0,100.0,False,,True,True,True,True,False,True,True,True,False,True,True,False,False,False,False,True
1269,2,5,1260,1800,45.0,12,16,0,100.0,False,,True,True,True,True,False,True,True,False,False,True,True,False,False,False,False,True
2452,5,7,330,1140,86.5,12,5,0,100.0,False,,True,True,True,True,False,True,True,True,False,False,False,False,False,False,True,True
1895,4,5,450,1050,50.0,12,13,1,98.64,False,,False,True,True,True,False,True,True,True,False,False,False,False,False,False,False,True
935,1,5,430,1010,48.33,12,7,0,100.0,False,,True,True,True,True,False,True,False,True,False,False,False,False,False,False,False,True
2116,1,5,465,945,40.0,7,9,0,100.0,False,,True,True,False,True,False,True,False,True,False,False,False,False,True,False,False,False
1732,2,5,390,1050,55.0,7,12,7,94.13,False,,True,True,True,True,False,True,True,True,False,False,False,False,False,False,False,True
1349,1,5,420,1080,55.0,7,12,2,98.4,False,,True,True,True,True,False,True,False,True,False,False,False,False,False,False,False,True
2354,4,5,420,1050,52.5,12,15,0,100.0,False,,True,True,True,True,False,True,True,True,False,True,False,False,False,False,False,True
1855,3,5,360,1080,60.0,9,11,0,100.0,False,,True,True,True,True,False,True,True,True,False,True,False,False,False,False,False,True
358,4,5,510,930,33.5,7,14,2,99.05,True,3,False,True,True,False,False,True,True,True,False,False,False,False,True,False,False,False
516,1,5,420,1050,52.5,12,8,1,98.53,False,,True,True,True,True,False,True,True,True,False,True,False,False,False,False,False,True
841,2,5,360,1439,89.92,12,14,2,99.16,False,,True,True,True,True,False,True,True,True,False,True,False,False,False,False,False,True
2481,4,5,360,1080,60.0,12,12,2,98.58,False,,True,True,True,True,False,True,True,True,False,True,False,False,False,False,False,True
2132,4,5,420,1020,50.0,12,11,0,100.0,False,,True,True,True,True,False,True,False,True,False,False,False,False,False,False,False,True
521,4,7,360,1439,125.88,12,18,1,99.35,True,1,True,True,True,True,False,True,True,True,False,True,False,False,False,False,False,True
1159,1,5,435,930,41.25,7,7,1,99.11,False,,True,True,True,True,False,True,False,True,False,False,False,False,True,False,False,False
1735,1,5,420,1080,55.0,7,9,2,97.34,False,,False,True,True,False,False,True,False,True,False,False,False,False,False,False,False,True
1416,4,5,390,1080,57.5,7,17,6,92.66,True,1,True,True,True,True,False,True,True,True,False,False,False,False,False,False,False,True
2356,1,5,420,1020,50.0,7,10,4,97.42,False,,True,True,True,True,False,True,False,True,False,False,False,False,False,False,False,True
713,4,5,420,1380,80.0,12,11,3,97.42,False,,True,True,True,True,False,True,True,True,False,True,False,False,False,False,False,True
1287,1,5,390,1050,55.0,7,4,3,93.21,False,,True,True,False,True,False,True,True,True,False,False,False,False,False,False,False,True
597,4,5,420,990,47.5,12,10,1,98.24,False,,False,True,False,True,False,True,True,True,False,False,False,False,False,False,False,True
656,1,5,480,990,42.5,7,9,0,100.0,False,,True,True,True,True,False,True,False,True,False,False,False,False,False,False,False,True
2265,5,5,315,1110,66.25,12,16,6,93.86,True,2,True,True,True,True,False,True,True,True,False,False,False,False,False,False,False,True
1139,1,5,480,1020,45.0,7,15,6,94.71,True,2,True,True,True,True,False,True,False,True,False,False,False,False,False,False,False,True
391,1,5,450,1020,47.5,12,13,1,98.29,False,,True,True,True,True,False,True,False,True,False,False,False,False,False,False,False,True
1458,4,5,360,1080,60.0,10,15,1,99.61,False,,True,True,True,True,False,True,True,True,False,False,False,False,False,False,False,True
1771,1,4,450,930,32.0,7,8,3,96.92,False,,False,True,True,False,False,True,False,True,False,False,False,False,False,False,False,True
1278,4,5,390,1050,55.0,12,12,0,100.0,False,,True,True,False,True,False,True,True,True,False,False,False,False,False,False,False,True
150,4,7,0,1439,167.88,12,11,0,100.0,False,,True,True,True,True,False,True,True,True,False,True,True,False,False,False,True,True
2124,4,5,300,1380,56.0,12,12,0,100.0,False,,True,True,True,True,False,True,True,True,False,False,False,False,False,False,False,True
1983,4,5,300,1380,90.0,12,6,0,100.0,False,,True,True,True,True,False,True,True,True,False,True,False,False,False,False,False,True
40,2,5,420,1080,55.0,12,6,0,100.0,False,,True,True,True,True,False,True,False,True,False,False,False,False,False,False,False,True
2394,1,7,390,1170,86.0,7,9,1,98.61,False,,True,True,True,True,False,True,False,True,False,True,True,False,False,False,True,True
1004,2,5,240,1380,95.0,7,12,5,89.67,True,7,True,True,True,True,False,True,True,True,False,True,False,False,False,False,False,True
2178,4,6,360,1080,66.0,12,7,0,100.0,False,,True,True,True,True,False,True,False,True,False,False,False,False,False,False,False,True
1367,1,5,420,1050,52.5,7,13,7,93.51,False,,True,True,False,True,False,True,False,True,False,False,False,False,False,False,False,True
824,1,5,420,1050,52.5,7,7,0,100.0,False,,True,True,False,True,False,True,False,True,False,False,False,False,False,False,False,True
2090,3,5,390,1050,55.0,12,12,3,97.55,False,,True,True,True,True,False,True,True,True,False,False,False,False,False,False,False,True
813,2,5,360,1200,70.0,7,11,4,93.7,False,,True,True,True,True,False,True,True,True,False,True,False,False,False,False,False,True
808,1,5,390,1050,53.5,7,8,1,98.53,False,,True,True,True,True,False,True,False,True,False,False,False,False,False,False,False,True
1085,2,5,360,1080,60.0,7,11,2,98.93,False,,True,True,False,True,False,True,True,True,False,False,False,False,False,False,False,True
1930,2,7,0,1439,131.88,7,9,0,100.0,False,,True,True,True,True,False,True,True,True,False,True,True,False,False,False,True,True
1751,2,5,360,1080,60.0,7,13,0,100.0,False,,True,True,True,True,False,True,True,True,False,False,False,False,False,False,False,True
111,2,5,450,960,42.5,7,9,2,98.61,False,,True,True,False,True,False,True,False,True,False,False,False,False,True,False,False,False
726,4,5,390,1080,57.5,12,12,1,98.81,True,3,True,True,False,True,False,True,True,True,False,False,False,False,False,False,False,True
328,4,6,360,1080,68.0,12,9,2,95.68,False,,True,True,True,True,False,True,True,True,False,True,False,False,False,False,True,True
1786,4,5,390,1110,60.0,12,7,2,96.67,False,,True,True,True,True,False,True,True,True,False,True,False,False,False,False,False,True
161,4,6,360,1440,108.0,12,12,1,99.44,False,,True,True,True,True,False,True,True,True,False,True,True,False,False,False,True,True
648,1,5,420,1020,50.0,7,9,2,98.69,False,,True,True,True,True,False,True,False,True,False,False,False,False,False,False,False,True
2344,1,5,420,1020,50.0,7,7,1,99.05,False,,True,True,False,True,False,True,False,True,False,False,False,False,False,False,False,True
1467,2,5,390,1050,55.0,7,9,0,100.0,False,,True,True,True,True,False,True,True,True,False,False,False,False,False,False,False,True
2212,1,5,450,990,45.0,7,5,0,100.0,False,,False,True,False,True,False,True,False,True,False,False,False,False,False,False,False,True
997,2,6,360,1080,63.0,7,11,2,95.95,False,,True,True,True,True,False,True,True,True,False,False,False,False,False,False,False,True
2037,1,5,420,990,47.5,7,6,2,95.04,False,,False,True,True,False,False,True,False,True,False,False,False,False,False,False,False,True
1779,2,4,540,810,18.0,7,21,0,100.0,False,,False,True,True,True,False,True,True,True,False,False,False,False,True,False,False,False
526,1,5,360,1080,60.0,7,8,0,100.0,False,,True,True,True,True,False,True,True,True,False,False,False,False,False,False,False,True
2152,4,5,360,1200,70.0,12,10,0,100.0,False,,True,True,True,True,False,True,True,True,False,True,False,False,False,False,False,True
2166,1,5,420,1050,52.5,7,7,1,99.11,False,,True,True,True,True,False,True,False,True,False,False,False,False,False,False,False,True
508,3,5,360,1080,58.75,12,6,1,98.96,False,,True,True,True,True,False,True,True,True,False,False,False,False,False,False,False,True
409,1,5,450,1050,50.0,7,9,4,97.3,False,,True,True,True,True,False,True,False,True,False,False,False,False,False,False,False,True
583,2,5,480,1080,50.0,7,12,1,99.38,False,,True,True,True,True,False,True,True,True,False,False,False,False,False,False,False,True
1989,1,5,360,1080,60.0,7,6,1,97.06,False,,True,True,True,True,False,True,False,True,False,True,False,False,False,False,False,True
288,2,5,420,1200,65.0,7,14,0,100.0,False,,True,True,True,True,False,True,True,True,False,True,False,False,False,False,False,True
240,4,5,300,1439,94.92,12,8,0,100.0,False,,True,True,True,True,False,True,True,True,False,True,False,False,False,False,True,True
1147,1,5,300,1080,65.0,7,12,4,89.16,True,2,True,True,True,True,False,True,False,True,False,False,False,False,False,False,False,True
590,2,5,360,1380,85.0,7,13,0,100.0,False,,True,True,True,True,False,True,True,True,False,True,False,False,False,False,False,True
722,4,5,390,1110,45.0,12,8,0,100.0,False,,True,True,True,True,False,True,True,True,False,True,False,False,False,False,True,True
1189,1,5,360,1080,60.0,7,7,3,94.46,False,,True,True,True,True,False,True,False,True,False,False,False,False,False,False,False,True
937,2,5,450,930,40.0,7,9,2,89.63,True,1,True,True,False,True,False,True,True,True,False,False,False,False,True,False,False,False
657,2,5,900,1440,45.0,7,7,2,93.75,False,,True,True,True,True,False,True,False,True,False,True,False,False,False,False,False,True
1623,4,5,300,1080,62.0,7,13,0,100.0,False,,True,True,False,True,False,True,True,True,False,True,False,False,False,False,True,True
474,4,5,360,1110,62.5,12,17,3,98.4,False,,True,True,True,True,False,True,True,True,False,True,False,False,False,False,False,True
1186,1,6,420,1050,63.0,7,7,0,100.0,False,,True,True,False,True,False,True,False,True,False,False,False,False,False,False,False,True
2060,4,5,300,1440,95.0,12,19,4,96.85,True,4,True,True,True,True,False,True,True,True,True,True,False,False,False,False,False,True
220,1,5,390,1050,54.5,7,9,2,98.61,False,,True,True,True,True,False,True,False,True,False,True,False,False,False,False,False,True
1528,4,5,420,990,47.5,12,11,0,100.0,False,,True,True,True,True,False,True,True,True,False,False,False,False,False,False,False,True
547,4,7,360,1380,119.0,12,10,0,100.0,False,,True,True,True,True,False,True,True,True,True,True,False,False,False,False,False,True
1788,1,5,465,1050,48.75,7,6,1,96.67,False,,True,True,True,True,False,True,False,True,False,False,False,False,False,False,False,True
1601,2,6,0,1439,131.92,7,10,2,93.68,False,,True,True,True,True,False,True,True,True,False,True,False,False,False,False,False,True
98,3,5,360,1380,85.0,12,4,0,100.0,False,,True,True,True,True,False,True,True,True,False,True,False,False,False,False,False,True
294,4,5,390,1050,55.0,12,7,2,98.27,False,,True,True,False,True,False,True,True,True,False,False,False,False,False,False,False,True
74,4,5,435,1050,51.25,12,8,1,98.53,False,,True,True,True,True,False,True,False,True,False,False,False,False,False,False,False,True
2103,1,5,450,1020,47.5,7,7,4,93.67,False,,True,True,True,True,False,True,False,True,False,False,False,False,False,False,False,True
45,1,5,420,1020,50.0,7,8,0,100.0,False,,True,True,True,True,False,True,False,True,False,False,False,False,False,False,False,True
1264,1,5,360,1080,60.0,7,14,1,99.58,False,,False,True,True,False,False,True,False,True,False,True,False,False,False,False,False,True
853,1,5,420,1080,55.0,7,6,1,98.89,False,,True,True,False,True,False,True,False,True,False,True,False,False,False,False,False,True
312,1,5,420,1050,52.5,7,7,0,100.0,False,,True,True,True,True,False,True,False,True,False,False,False,False,False,False,False,True
2059,3,6,420,1140,72.0,7,8,0,100.0,False,,False,True,True,True,False,True,True,True,False,True,False,False,False,False,True,True
2194,1,5,420,1050,52.5,12,9,2,97.7,False,,True,True,True,True,False,True,False,True,False,False,False,False,False,False,False,True
1614,2,5,420,1050,52.5,7,5,1,97.65,False,,True,True,True,True,False,True,True,True,False,False,False,False,False,False,False,True
2391,1,5,360,1050,57.5,7,7,0,100.0,False,,True,True,True,True,False,True,False,True,False,False,False,False,False,False,False,True
1446,2,5,390,1380,82.5,7,7,1,99.05,False,,True,True,True,True,False,True,True,True,False,True,False,False,False,False,False,True
495,1,5,420,1080,55.0,7,8,0,100.0,False,,False,True,True,True,False,True,False,True,False,False,False,False,False,False,False,True
2404,1,5,450,1050,49.5,12,8,1,99.22,False,,True,True,False,True,False,True,False,True,False,False,False,False,False,False,False,True
1669,1,5,450,960,42.5,7,6,1,95.83,False,,False,True,False,False,False,True,False,True,False,False,False,False,True,False,False,False
1366,3,5,420,1380,80.0,12,7,0,100.0,False,,True,True,False,True,False,True,True,True,False,True,False,False,False,False,False,True
491,4,5,450,1020,47.5,7,6,3,92.48,False,,True,True,False,True,False,True,True,True,False,False,False,False,False,False,False,True
252,3,5,330,1170,70.0,12,6,2,97.17,False,,True,True,True,True,False,True,True,True,False,True,False,False,False,False,False,True
392,1,5,480,1020,45.0,7,7,0,100.0,False,,True,True,True,True,False,True,False,True,False,False,False,False,False,False,False,True
659,1,5,420,1020,50.0,7,7,1,98.96,False,,True,True,True,True,False,True,False,True,False,False,False,False,False,False,False,True
1435,1,5,450,1050,50.0,12,7,2,95.89,False,,True,True,True,True,False,True,False,True,False,False,False,False,False,False,False,True
1838,2,5,360,1410,87.5,7,9,0,100.0,False,,True,True,True,True,False,True,True,True,False,True,False,False,False,False,False,True
1928,2,5,360,1020,55.0,7,5,0,100.0,False,,True,True,True,True,False,True,True,True,False,False,False,False,False,False,False,True
2044,5,6,420,1035,55.25,12,6,0,100.0,False,,True,True,True,True,False,True,True,True,False,False,False,False,False,False,True,True
2270,2,5,360,1439,89.92,12,8,0,100.0,False,,True,True,True,True,False,True,True,True,False,True,False,False,False,False,False,True
1636,2,6,420,1140,72.0,7,9,1,99.21,False,,True,True,True,True,False,True,False,True,False,True,False,False,False,False,False,True
1638,1,6,360,1050,69.0,7,2,0,100.0,False,,True,True,True,True,False,True,False,True,False,False,False,False,False,False,True,True
1342,3,5,390,1050,55.0,12,9,0,100.0,False,,True,True,True,True,False,True,True,True,True,False,False,False,False,False,False,True
635,2,5,420,1050,52.5,7,6,0,100.0,False,,True,True,True,True,False,True,True,True,False,False,False,False,False,False,False,True
619,2,5,300,1380,90.0,7,9,0,100.0,False,,True,True,False,True,False,True,True,True,False,True,False,False,False,False,False,True
402,3,5,420,1020,50.0,7,6,1,97.92,False,,True,True,False,True,False,True,True,True,False,False,False,False,False,False,False,True
1897,1,5,420,1140,60.0,7,7,2,94.29,False,,True,True,True,True,False,True,True,True,False,False,False,False,False,False,False,True
2341,3,5,450,1050,50.0,7,7,0,100.0,False,,True,True,False,True,False,True,True,True,False,False,False,False,False,False,False,True
1663,1,5,420,1050,52.5,7,7,3,94.79,False,,True,True,True,True,False,True,False,True,False,False,False,False,False,False,False,True
1275,1,5,420,1080,55.0,12,8,0,100.0,False,,True,True,True,True,False,True,False,True,False,False,False,False,False,False,False,True
1582,1,5,360,1080,60.0,12,4,1,98.44,False,,True,True,True,True,False,True,False,True,False,True,False,False,False,False,False,True
1567,2,5,360,1080,60.0,7,6,0,100.0,False,,True,True,True,True,False,True,True,True,False,False,False,False,False,False,False,True
2257,4,5,450,1020,47.5,12,8,0,100.0,False,,True,True,True,True,False,True,True,True,False,False,False,False,False,False,False,True
1703,4,5,0,0,0.0,12,7,1,99.16,False,,True,True,True,True,False,True,True,True,False,True,True,False,False,False,False,True
1399,1,5,420,1035,51.25,7,8,1,92.86,True,1,True,True,True,True,False,True,False,True,False,False,False,False,False,False,False,True
689,2,7,360,1260,99.0,7,9,1,99.31,False,,True,True,True,True,False,True,True,True,False,True,False,False,False,False,False,True
686,2,7,0,1439,167.88,7,7,4,89.93,False,,True,True,False,True,False,True,True,True,False,True,True,False,False,False,True,True
1634,1,5,360,1080,60.0,7,6,2,96.0,False,,True,True,True,True,False,True,False,True,False,False,False,False,False,False,False,True
361,1,5,420,1050,52.5,7,4,0,100.0,False,,True,True,True,True,False,True,False,True,False,True,False,False,False,False,False,True
561,4,5,360,1080,60.0,12,6,0,100.0,False,,True,True,True,True,False,True,True,True,False,True,True,False,False,False,False,True
1658,4,5,240,1080,70.0,12,5,0,100.0,False,,True,True,True,True,False,True,True,True,False,False,False,False,False,False,False,True
558,3,5,360,1080,60.0,7,5,0,100.0,False,,True,True,True,True,False,True,True,True,False,True,False,False,False,False,False,True
1850,3,5,390,1020,52.5,7,4,1,97.06,False,,True,True,True,True,False,True,True,True,False,False,False,False,False,False,False,True
2546,1,5,450,1050,50.0,7,5,0,100.0,False,,False,True,True,False,False,True,False,True,False,False,False,False,False,False,False,True
1175,2,5,360,1080,60.0,7,3,3,84.26,False,,True,True,True,True,False,True,True,True,False,True,False,False,False,False,False,True
697,1,5,450,1050,50.0,7,5,0,100.0,False,,False,True,True,True,False,True,False,True,False,False,False,False,False,False,False,True
1882,2,6,390,1110,60.0,7,5,0,100.0,False,,False,True,True,True,False,True,True,True,False,False,False,False,False,False,False,True
2269,1,5,360,1080,60.0,7,7,1,98.32,True,2,True,True,True,True,False,True,False,True,False,False,False,False,False,False,False,True
2317,2,5,360,1080,60.0,7,5,0,100.0,False,,True,True,True,True,False,True,True,True,False,False,False,False,False,False,False,True
1493,2,6,360,1140,75.0,7,2,0,100.0,False,,True,True,True,True,False,True,True,True,False,True,True,False,False,False,True,True
2165,3,5,480,1080,50.0,7,6,0,100.0,False,,True,True,True,True,False,True,True,True,False,True,False,False,False,False,False,True
2536,1,5,360,1080,60.0,7,5,0,100.0,False,,True,True,True,True,False,True,False,True,False,False,False,False,False,False,False,True
272,1,5,420,1020,50.0,7,5,2,95.49,False,,True,True,True,True,False,True,True,True,False,False,False,False,False,False,False,True
1384,1,5,420,1050,52.5,7,6,0,100.0,False,,True,True,True,True,False,True,False,True,False,False,False,False,False,False,False,True
2375,4,5,450,1170,60.0,12,3,1,98.04,False,,True,True,True,True,False,True,True,True,False,False,False,False,False,False,False,True
535,1,5,450,1080,52.5,7,4,0,100.0,False,,False,True,True,True,False,True,False,True,False,False,False,False,False,False,False,True
1024,1,5,450,1050,50.0,7,8,2,98.48,True,1,True,True,True,True,False,True,False,True,False,False,False,False,False,False,False,True
1608,4,5,420,1050,52.5,7,5,1,98.82,False,,True,True,True,True,False,True,True,True,False,False,False,False,False,False,False,True
1998,1,5,360,1050,57.5,7,5,1,96.0,False,,True,True,True,True,False,True,True,True,False,True,False,False,False,False,False,True
2187,2,5,450,1050,50.0,7,11,2,95.69,False,,True,True,True,True,False,True,True,True,False,False,False,False,False,False,False,True
2203,2,5,360,1080,48.0,7,5,2,96.86,False,,True,True,True,True,False,True,True,True,False,False,False,False,False,False,False,True
1846,2,5,360,360,0.0,7,4,0,100.0,False,,True,True,True,True,False,True,True,True,False,True,True,False,False,False,True,True
1276,2,7,360,1080,78.0,7,7,0,100.0,False,,True,True,True,True,False,True,True,True,False,False,False,False,False,False,False,True
592,3,5,360,1080,60.0,7,6,1,99.02,False,,True,True,True,True,False,True,True,True,False,True,False,False,False,False,False,True
133,4,5,420,1080,55.0,12,4,0,100.0,False,,True,True,True,True,False,True,True,True,False,False,False,False,False,False,False,True
2508,1,5,480,960,40.0,7,4,0,100.0,False,,True,True,False,True,False,True,False,True,False,False,False,False,False,False,False,True
2361,1,5,450,1020,47.5,7,4,0,100.0,False,,True,True,True,True,False,True,False,True,False,False,False,False,False,False,False,True
232,1,5,450,1020,47.5,7,6,1,89.81,True,1,True,True,True,True,False,True,False,True,False,False,False,False,False,False,False,True
1726,1,5,420,990,47.5,7,4,0,100.0,False,,True,True,True,True,False,True,False,True,False,False,False,False,False,False,False,True
2189,3,5,390,1320,73.5,7,3,0,100.0,False,,True,True,True,True,False,True,True,True,False,True,False,False,False,False,False,True
1144,1,5,420,1050,52.5,7,5,1,98.82,False,,True,True,True,True,False,True,False,True,False,True,False,False,False,False,False,True
1872,1,5,420,1080,55.0,7,4,0,100.0,False,,False,True,True,False,False,True,True,True,False,False,False,False,False,False,False,True
1196,1,5,420,1050,52.5,7,4,0,100.0,False,,True,True,False,True,False,True,False,True,False,False,False,False,False,False,False,True
951,1,5,420,1785,65.75,12,4,0,100.0,False,,True,True,True,True,False,True,False,True,False,False,False,False,False,False,False,True
2007,1,5,420,990,47.5,7,2,2,93.75,False,,True,True,True,True,False,True,False,True,False,False,False,False,False,False,False,True
1324,1,5,390,1020,52.5,7,4,1,98.33,False,,True,True,True,True,False,True,False,True,False,False,False,False,False,False,False,True
1507,3,5,360,1050,57.5,7,4,1,98.53,False,,True,True,True,True,False,True,False,True,False,False,False,False,False,False,False,True
963,1,5,360,990,52.5,7,3,1,97.92,False,,True,True,True,True,False,True,False,True,False,False,False,False,False,False,False,True
614,2,7,300,1440,133.0,7,3,0,100.0,False,,True,True,True,True,False,True,True,True,False,True,False,False,False,False,True,True
445,1,7,300,1080,91.0,7,3,0,100.0,False,,True,True,True,True,False,True,False,True,False,True,False,False,False,False,False,True
1922,1,5,390,870,40.0,7,3,1,98.04,False,,True,True,True,True,False,True,False,True,False,False,False,False,False,False,False,True
1560,2,5,420,1080,66.0,7,4,0,100.0,False,,True,True,True,True,False,True,False,True,False,True,False,False,False,False,False,True
548,4,5,300,1080,65.0,12,2,0,100.0,False,,True,True,True,True,False,True,True,True,False,False,False,False,False,False,False,True
1578,1,5,360,1080,60.0,7,4,0,100.0,False,,True,True,False,True,False,True,False,True,True,True,False,False,False,False,False,True
2028,3,6,390,1080,69.0,7,1,0,100.0,False,,True,True,True,True,False,True,False,True,False,True,False,False,False,False,False,True
924,1,5,420,1080,55.0,7,2,0,100.0,False,,True,True,False,True,False,True,False,True,False,False,False,False,False,False,False,True
695,1,5,420,960,45.0,7,3,0,100.0,False,,False,True,True,False,False,True,False,True,False,False,False,False,False,False,False,True
1558,2,6,360,1440,108.0,7,2,1,97.06,False,,True,True,True,True,False,True,True,True,False,False,False,False,False,False,False,True
2075,1,7,360,1800,84.0,7,2,0,100.0,False,,True,True,True,True,False,True,False,True,False,True,True,False,False,False,True,True
1540,1,6,360,1080,72.0,7,2,0,100.0,False,,False,False,False,False,False,True,False,True,False,False,False,False,False,False,False,True
918,1,7,510,1440,52.0,7,1,0,100.0,False,,True,True,True,True,False,True,False,True,False,True,False,False,False,False,False,True
954,4,5,420,1020,50.0,12,5,3,92.65,False,,True,True,True,True,False,True,True,True,False,False,False,False,False,False,False,True
344,1,5,420,1050,52.5,7,3,0,100.0,False,,True,True,False,True,False,True,False,True,False,False,False,False,False,False,False,True
431,1,5,420,1050,52.5,7,2,0,100.0,False,,True,True,True,True,False,True,False,True,False,False,False,False,False,False,False,True
1653,1,5,450,1050,50.0,7,2,1,80.0,False,,False,True,False,False,False,True,False,True,False,False,False,False,False,False,False,True
410,1,5,360,1080,50.0,12,,,,False,,True,True,False,True,False,True,False,True,False,False,False,False,False,False,False,True
390,1,5,450,1050,50.0,12,2,0,100.0,False,,True,True,True,True,False,True,False,True,False,False,False,False,False,False,False,True
261,5,5,360,1020,55.0,12,1,0,100.0,False,,True,True,True,True,False,True,True,True,False,False,False,False,False,False,False,True
995,1,5,450,1050,50.0,7,1,1,93.33,False,,True,True,True,True,False,True,False,True,False,False,False,False,False,False,False,True
1516,1,5,450,1050,50.0,7,1,1,93.75,False,,True,True,True,True,False,True,False,True,False,False,False,False,False,False,False,True
1470,1,5,480,1020,45.0,7,3,3,75.15,True,1,False,True,True,False,False,True,False,True,False,False,False,False,False,False,False,True
1591,1,5,450,1050,50.0,7,2,0,100.0,False,,True,True,False,True,False,True,False,True,False,False,False,False,False,False,False,True
1211,2,5,390,1050,55.0,7,1,0,100.0,False,,True,True,True,True,False,True,False,True,False,False,False,False,False,False,False,True
2363,1,5,360,1080,60.0,7,,,,False,,True,True,False,True,False,True,False,True,False,True,False,False,False,False,False,True
1739,1,5,450,1050,50.0,7,1,0,100.0,False,,True,True,True,True,False,True,False,True,False,False,False,False,False,False,False,True
766,1,5,420,960,45.0,7,1,0,100.0,False,,True,True,True,True,False,True,False,True,False,False,False,False,False,False,False,True
919,2,5,300,1080,65.0,7,2,2,93.73,False,,True,True,False,True,False,True,False,True,False,False,False,False,False,False,False,True
2225,5,5,405,1080,56.25,185,9,3,99.15,False,,True,True,True,True,True,False,True,True,False,False,False,False,False,False,False,True
1946,1,5,420,1080,55.0,120,11,7,94.27,False,,False,True,True,False,True,False,False,True,False,False,False,False,False,False,False,True
450,4,5,390,1050,55.0,75,17,6,98.37,True,2,True,True,True,True,True,False,True,True,False,False,False,False,False,False,False,True
771,4,5,330,1080,62.5,85,17,7,97.29,True,2,True,True,True,True,True,False,True,True,False,False,False,False,False,False,False,True
1062,4,5,420,1080,55.0,90,14,3,99.2,False,,True,True,True,True,True,False,True,True,False,False,False,False,False,False,False,True
1089,3,5,450,930,40.0,32,9,0,100.0,True,4,False,True,True,False,True,False,False,True,False,False,False,False,True,False,False,False
1498,2,5,405,1050,53.75,165,11,0,100.0,False,,True,True,True,True,True,False,False,True,False,False,False,False,False,False,False,True
2410,4,5,390,1020,52.5,120,12,3,99.36,False,,False,True,True,False,True,False,True,True,False,False,False,False,False,False,False,True
1478,5,5,420,1050,52.5,212,7,0,100.0,False,,True,True,True,True,True,False,True,True,False,False,False,False,False,False,False,True
107,2,5,360,1080,60.0,120,8,3,98.42,False,,True,True,True,True,True,False,False,True,False,False,False,False,False,False,False,True
115,5,5,420,1050,52.5,120,14,0,100.0,True,2,True,True,True,True,True,False,True,True,False,True,False,False,False,False,False,True
1490,3,5,465,900,36.25,23,8,3,98.78,False,,False,True,True,False,True,False,False,True,False,False,False,False,True,False,False,False
1438,3,5,450,1050,50.0,95,18,0,100.0,True,2,True,True,True,True,True,False,True,True,False,False,False,False,False,False,False,True
471,4,5,480,900,35.0,57,11,3,98.56,False,,False,True,True,False,True,False,False,True,False,False,False,False,True,False,False,False
292,3,5,450,840,31.5,25,6,2,99.1,False,,False,True,False,False,True,False,False,True,False,False,False,False,True,False,False,False
1322,4,5,390,1080,57.5,95,16,5,98.4,False,,True,True,True,True,True,False,True,True,False,False,False,False,False,False,False,False
2444,4,5,420,1020,85.0,150,10,2,99.43,False,,True,True,False,True,True,False,True,True,False,False,False,False,True,False,False,True
2051,3,5,465,930,38.75,25,6,0,100.0,False,,False,True,False,False,True,False,False,True,False,False,False,False,True,False,False,False
1713,4,5,450,1050,50.0,150,19,9,98.19,True,6,True,True,True,True,True,False,True,True,False,False,False,False,False,False,False,True
1589,4,5,420,1050,52.5,10,13,2,99.57,False,,True,True,True,True,True,False,True,True,False,False,False,False,True,False,False,False
1130,3,5,450,930,40.0,30,9,1,99.68,False,,True,True,True,True,True,False,False,True,False,False,False,False,False,False,False,True
1935,3,5,450,930,40.0,77,9,5,97.53,False,,True,True,True,True,True,False,False,True,False,False,False,False,False,False,False,True
1086,5,5,360,1080,60.0,78,14,7,94.27,True,2,True,True,True,True,True,False,True,True,False,False,False,False,False,False,False,True
2151,5,5,390,1080,57.5,146,14,1,99.82,True,1,False,True,True,False,True,False,True,True,False,False,False,False,False,False,False,True
2014,4,5,450,870,35.0,75,9,1,99.17,False,,False,True,True,False,True,False,False,True,False,False,False,False,False,False,False,True
677,3,5,450,930,40.0,37,8,1,99.65,False,,True,True,True,True,True,False,False,False,False,False,False,False,True,False,False,False
76,3,5,450,900,37.5,78,6,4,97.32,False,,False,True,True,False,True,False,False,True,False,False,False,False,True,False,False,False
543,5,5,450,930,40.0,25,12,1,99.32,True,1,True,True,False,True,True,False,False,True,False,False,False,False,True,False,False,False
1828,3,5,480,840,30.0,88,10,3,98.58,False,,True,True,True,True,True,False,False,False,False,False,False,False,False,False,False,True
2512,5,5,465,1050,48.75,50,6,0,100.0,False,,False,True,True,False,True,False,False,True,False,False,False,False,True,False,False,False
1875,5,5,420,1080,55.0,98,11,7,92.84,False,,True,True,True,True,True,False,True,True,False,False,False,False,False,False,False,True
1666,3,5,480,900,35.0,25,6,2,98.72,False,,False,True,True,False,True,False,False,True,False,False,False,False,True,False,False,False
729,2,5,330,1080,62.5,200,36,8,99.14,True,6,True,True,True,True,True,False,True,True,True,False,False,False,False,False,False,True
1544,4,5,420,1050,52.5,30,9,2,99.43,False,,True,True,True,True,True,False,True,True,False,False,False,False,False,False,False,True
33,5,5,390,1080,57.5,120,12,7,98.13,False,,True,True,True,True,True,False,True,True,False,False,False,False,False,False,False,True
980,5,5,450,1020,47.5,38,6,3,98.61,False,,False,True,True,False,True,False,False,True,False,False,False,False,True,False,False,False
646,5,5,360,1080,60.0,114,17,5,97.31,True,3,True,True,True,True,True,False,True,True,False,False,False,False,False,False,False,True
1934,5,5,360,1080,60.0,99,17,4,98.97,False,,True,True,True,True,True,False,True,True,False,False,False,False,False,False,False,True
779,3,4,450,930,32.0,27,7,4,97.66,False,,False,True,True,False,True,False,False,True,False,False,False,False,True,False,False,False
1437,5,5,390,1080,57.5,108,25,4,99.12,True,7,True,True,True,True,True,False,True,True,False,False,False,False,False,False,False,True
1486,1,5,450,1050,50.0,50,14,8,97.59,True,2,False,True,True,True,True,False,False,True,False,False,False,False,False,False,False,True
349,5,5,360,1080,60.0,110,21,6,99.03,True,1,True,True,True,True,True,False,True,True,False,False,False,False,False,False,False,True
2448,4,5,360,1050,57.5,90,13,2,99.42,False,,True,True,True,True,True,False,True,True,False,False,False,False,False,False,False,True
1476,4,5,390,1080,57.5,94,15,1,99.83,True,1,False,True,True,True,True,False,True,True,False,False,False,False,False,False,False,True
2420,5,5,360,1080,60.0,112,13,0,100.0,False,,True,True,True,True,True,False,True,True,False,False,False,False,False,False,False,True
1348,5,5,390,1080,57.5,111,13,3,99.21,False,,True,True,True,True,True,False,True,True,False,False,False,False,False,False,False,True
447,3,5,390,1050,55.0,60,13,4,98.22,False,,True,True,True,True,True,False,True,True,False,False,False,False,False,False,False,False
653,5,5,420,1080,55.0,60,14,4,99.09,False,,True,True,False,True,True,False,True,True,False,False,False,False,False,False,False,True
260,3,5,450,960,42.5,19,7,0,100.0,False,,False,True,True,False,True,False,False,False,False,False,False,False,True,False,False,False
1988,5,5,360,1080,60.0,99,12,2,99.57,False,,False,True,True,True,True,False,True,True,False,False,False,False,False,False,False,True
2145,4,5,450,990,45.0,120,12,2,99.31,True,2,True,True,True,True,True,False,True,True,False,False,False,False,False,False,False,True
2299,5,5,390,1080,57.5,150,11,2,99.3,False,,True,True,True,True,True,False,True,True,False,False,False,False,False,False,False,True
1888,2,5,360,1080,60.0,60,25,8,97.33,True,9,True,True,True,True,True,False,True,True,False,False,False,False,False,False,False,True
631,4,5,375,1095,60.0,115,11,4,98.72,True,1,True,True,True,True,True,False,True,True,False,False,False,False,False,False,False,True
1444,4,5,360,1080,60.0,130,16,3,98.5,False,,True,True,True,True,True,False,True,True,False,False,False,False,False,False,False,True
1821,4,5,360,1080,60.0,137,25,6,99.18,False,,True,True,True,True,True,False,True,True,False,False,False,False,False,False,False,True
55,4,5,360,1080,60.0,132,12,3,97.87,False,,True,True,True,True,True,False,True,True,False,False,False,False,False,False,False,True
2091,4,5,450,900,37.5,35,6,2,99.07,False,,False,True,True,False,True,False,False,True,False,False,False,False,False,False,False,True
671,4,5,420,960,45.0,60,8,2,99.36,False,,False,True,True,False,True,False,True,True,False,False,False,False,False,False,False,True
1434,5,5,390,1110,60.0,120,30,8,94.01,True,15,True,True,True,True,True,False,True,True,False,False,False,False,False,False,False,True
500,4,5,470,900,35.83,125,10,2,99.42,False,,True,True,False,True,True,False,False,True,False,False,False,False,False,False,False,True
725,5,5,240,1080,70.0,260,14,1,99.82,False,,True,True,True,True,True,False,True,True,False,True,False,False,False,False,False,True
574,4,5,480,840,30.0,20,6,1,99.55,False,,False,True,True,False,True,False,False,False,False,False,False,False,True,False,False,False
2380,5,5,390,1080,57.5,103,22,1,99.88,False,,True,True,True,True,True,False,True,True,False,False,False,False,False,False,False,True
1410,5,5,345,1140,66.25,312,14,0,100.0,False,,True,True,True,True,True,False,True,True,False,True,False,False,False,False,False,True
1879,3,5,390,1050,55.0,45,9,0,100.0,False,,True,True,True,True,True,False,True,True,False,False,False,False,False,False,False,True
2020,4,5,450,720,22.5,20,8,1,99.36,False,,True,True,True,True,True,False,False,True,False,False,False,False,False,False,False,True
1233,3,5,450,930,40.0,45,8,0,100.0,False,,False,True,True,False,True,False,False,False,False,False,False,False,True,False,False,False
1711,5,5,420,1050,52.5,82,8,1,99.36,False,,False,True,True,True,True,False,True,True,False,False,False,False,False,False,False,True
2326,4,5,360,1050,57.5,45,8,3,98.92,False,,True,True,True,True,True,False,True,True,False,False,False,False,False,False,False,True
427,3,5,455,915,38.33,37,6,1,99.49,False,,False,True,True,False,True,False,False,True,False,False,False,False,True,False,False,False
357,5,5,390,1050,55.0,160,14,0,100.0,False,,True,True,True,True,True,False,True,True,False,False,False,False,False,False,False,True
1289,5,5,450,1050,50.0,40,6,3,98.13,False,,False,True,True,False,True,False,False,True,False,False,False,False,True,False,False,False
2238,5,5,360,1080,60.0,110,8,0,100.0,False,,True,True,True,True,True,False,True,True,False,False,False,False,False,False,False,True
922,5,5,450,990,45.0,37,15,0,100.0,True,3,False,True,True,True,True,False,True,True,False,False,False,False,True,False,False,False
943,4,5,330,1050,60.0,25,10,4,98.06,False,,True,True,True,True,True,False,True,True,False,False,False,False,False,False,False,True
320,4,5,390,1035,53.75,110,20,0,100.0,True,4,True,True,True,True,True,False,True,True,False,False,False,False,False,False,False,True
423,4,5,510,870,30.0,80,10,1,98.65,False,,False,True,True,False,True,False,False,True,False,False,False,False,True,False,False,False
622,5,6,360,1439,99.92,195,21,1,99.76,True,3,True,True,True,True,True,False,True,True,False,True,True,False,False,False,True,True
839,4,5,420,960,45.0,60,6,2,99.15,False,,True,True,False,True,True,False,True,True,False,False,False,False,False,False,False,False
2388,3,5,480,900,35.0,17,7,4,97.79,False,,False,True,False,False,True,False,False,False,False,False,False,False,True,False,False,False
134,5,5,360,1080,60.0,90,18,2,99.41,True,1,True,True,True,True,True,False,True,True,False,False,False,False,False,False,False,True
1642,4,5,360,1080,60.0,150,24,10,97.99,True,9,True,True,True,True,True,False,True,True,False,False,False,False,False,False,False,True
124,5,5,300,1080,65.0,89,17,0,100.0,True,2,True,True,True,True,True,False,True,True,False,False,False,False,False,False,False,True
2234,5,5,330,1080,62.5,80,20,1,99.49,True,1,True,True,True,True,True,False,True,True,False,False,False,False,False,False,False,True
816,4,5,360,1080,60.0,128,23,6,99.0,True,3,True,True,True,True,True,False,True,True,False,False,False,False,False,False,False,True
2272,5,5,390,1050,55.0,40,9,2,99.43,False,,False,True,True,False,True,False,True,True,False,False,False,False,False,False,False,True
796,4,5,540,900,30.0,35,6,2,99.07,False,,False,True,True,False,True,False,False,False,False,False,False,False,True,False,False,False
493,5,5,390,1080,57.5,142,28,0,100.0,True,4,True,True,True,True,True,False,True,True,False,False,False,False,False,False,False,False
1218,4,5,390,1080,57.5,135,15,0,100.0,True,1,True,True,True,True,True,False,True,True,False,False,False,False,False,False,False,True
1737,5,5,390,1080,57.5,130,33,2,99.77,True,7,True,True,True,True,True,False,True,True,False,False,False,False,False,False,False,True
197,4,5,390,1020,52.5,75,7,2,99.27,False,,False,True,True,False,True,False,True,True,False,False,False,False,False,False,False,False
678,5,5,390,1080,57.5,120,19,0,100.0,True,1,True,True,True,True,True,False,True,True,False,False,False,False,False,False,False,True
1263,5,5,390,1080,57.5,120,11,1,99.55,True,1,True,True,True,True,True,False,True,True,False,False,False,False,False,False,False,True
1338,4,5,450,870,35.0,52,15,2,99.66,True,4,False,True,True,False,True,False,True,True,False,False,False,False,False,False,False,True
563,5,5,435,1050,51.25,35,9,0,100.0,False,,True,True,True,True,True,False,True,True,False,False,False,False,False,False,False,True
1518,5,5,360,1080,60.0,69,6,1,99.57,False,,True,True,True,True,True,False,True,True,False,False,False,False,False,False,False,False
1199,5,5,360,1080,60.0,165,10,0,100.0,False,,True,True,True,True,True,False,True,True,False,False,False,False,False,False,False,True
95,5,5,420,1050,52.5,90,10,1,99.74,False,,True,True,True,True,True,False,True,True,False,False,False,False,False,False,False,True
644,5,5,420,1050,52.5,160,21,0,100.0,True,5,True,True,True,True,True,False,True,True,False,False,False,False,False,False,False,True
840,3,5,360,1080,28.75,80,6,0,100.0,False,,False,True,True,False,True,False,True,True,False,False,False,False,True,False,False,False
1789,3,5,360,1080,60.0,40,5,0,100.0,False,,False,True,True,False,True,False,True,True,False,False,False,False,True,False,False,False
322,5,5,420,1050,52.5,140,16,0,100.0,False,,True,True,True,True,True,False,True,True,False,False,False,False,False,False,False,True
514,1,5,420,1080,25.0,100,8,1,99.34,False,,False,False,True,False,True,False,False,False,False,True,False,False,True,False,False,False
763,5,5,390,1080,57.5,173,21,0,100.0,True,1,True,True,True,True,True,False,True,True,False,False,False,False,False,False,False,True
1664,3,4,360,1080,48.0,30,5,0,100.0,False,,False,True,True,False,True,False,True,True,False,False,False,False,True,False,False,False
1355,3,5,360,1080,28.75,50,6,1,99.57,False,,False,True,True,False,True,False,True,True,False,False,False,False,True,False,False,False
2056,4,5,390,1050,55.0,98,10,4,98.72,True,1,False,True,True,False,True,False,True,True,False,False,False,False,False,False,False,True
1216,5,5,435,1050,61.5,170,16,5,98.66,False,,True,True,False,True,True,False,True,True,False,False,False,False,False,False,False,True
97,1,5,450,1050,50.0,105,12,7,97.25,True,2,True,True,True,True,True,False,False,True,False,False,False,False,False,False,False,True
1619,3,5,360,1080,60.0,30,10,1,99.74,False,,True,True,True,True,True,False,True,True,False,False,False,False,False,False,False,True
1661,2,5,450,1050,50.0,165,11,3,99.0,False,,True,True,True,True,True,False,True,True,False,False,False,False,False,False,False,True
903,4,5,390,1050,55.0,40,8,0,100.0,False,,True,True,True,True,True,False,True,True,False,False,False,False,False,False,False,True
2093,5,5,435,975,45.0,128,9,1,99.68,False,,True,True,True,True,True,False,True,True,False,False,False,False,False,False,False,True
1844,5,5,465,1050,48.75,186,9,4,98.51,False,,False,True,True,True,True,False,False,True,False,False,False,False,False,False,False,True
883,3,5,390,1080,23.75,140,10,1,99.7,True,1,False,True,True,False,True,False,True,True,False,False,False,False,True,False,False,False
440,3,5,390,1080,25.0,140,6,0,100.0,False,,False,True,True,False,True,False,True,False,False,False,False,False,True,False,False,False
1155,4,5,450,1040,49.17,33,10,2,99.22,True,1,True,True,False,True,True,False,False,True,False,False,False,False,False,False,False,True
1414,4,5,390,1210,37.42,120,6,1,99.52,False,,False,True,True,False,True,False,True,True,False,False,False,False,True,False,False,False
54,5,5,450,930,40.0,30,10,2,99.49,False,,True,True,False,True,True,False,False,True,False,False,False,False,False,False,False,True
915,4,5,360,1080,60.0,43,9,2,99.13,False,,True,True,True,True,True,False,True,True,False,False,False,False,False,False,False,True
2522,3,5,450,930,36.5,16,11,2,99.49,False,,True,True,False,True,True,False,False,True,False,False,False,False,False,False,False,True
49,1,5,420,1080,21.25,40,6,0,100.0,False,,False,False,True,False,True,False,False,True,False,False,False,False,True,False,False,False
1153,1,5,420,1080,20.0,40,6,0,100.0,False,,False,False,True,False,True,False,False,True,False,False,False,False,True,False,False,False
67,3,5,420,1080,72.5,77,24,10,97.27,True,,False,True,True,False,True,False,True,True,False,True,False,False,False,False,False,True
1971,3,5,360,1080,60.0,80,9,2,98.56,False,,False,False,True,False,True,False,True,True,False,False,False,False,False,False,False,True
835,2,5,420,1050,52.5,120,39,4,99.71,True,3,True,True,False,True,True,False,True,True,False,False,False,False,False,False,False,True
762,3,,,,,21,11,1,99.77,False,,True,True,True,True,True,False,False,True,False,True,False,False,False,False,False,False
213,3,5,360,1080,60.0,19,10,3,97.83,False,,True,True,True,True,True,False,True,True,False,False,False,False,False,False,False,False
2259,5,5,420,1050,52.5,75,13,4,98.58,False,,False,True,True,True,True,False,True,True,False,False,False,False,False,False,False,True
897,4,5,450,870,35.0,75,9,2,99.37,False,,False,True,True,False,True,False,False,True,False,False,False,False,False,False,False,True
2153,4,5,480,900,35.0,90,10,3,98.68,False,,True,True,False,True,True,False,False,True,False,False,False,False,False,False,False,True
64,4,5,390,1060,55.83,60,10,2,99.24,False,,True,True,True,True,True,False,True,True,False,False,False,False,False,False,False,True
1736,5,5,420,1050,52.5,40,9,0,100.0,False,,True,True,True,True,True,False,True,True,False,False,False,False,False,False,False,True
205,5,5,420,1050,52.5,110,21,3,99.51,True,6,True,True,True,True,True,False,True,True,False,False,False,False,False,False,False,True
2285,3,5,450,810,30.0,20,8,3,98.98,False,,False,True,True,False,True,False,False,True,False,False,False,False,True,False,False,False
1329,5,5,330,1080,62.5,105,14,4,98.7,True,3,True,True,True,True,True,False,True,True,False,False,False,False,False,False,False,True
1805,4,5,480,870,32.5,50,9,0,100.0,False,,False,True,True,False,True,False,False,False,False,False,False,False,True,False,False,False
878,1,5,450,1050,50.0,94,9,2,99.43,False,,False,True,True,False,True,False,False,True,False,False,False,False,True,False,False,False
1822,3,5,360,1050,57.5,84,10,2,99.49,False,,False,True,True,True,True,False,True,True,True,False,False,False,False,False,False,False
1330,4,5,360,1080,60.0,60,9,4,98.23,True,2,False,True,True,True,True,False,True,True,True,False,False,False,False,False,False,False
492,5,5,450,975,43.75,18,7,0,100.0,False,,True,True,True,True,True,False,True,True,False,False,False,False,True,False,False,False
296,5,5,450,1035,48.75,20,6,0,100.0,False,,False,True,True,False,True,False,False,True,False,False,False,False,True,False,False,False
958,3,5,450,870,35.0,20,6,0,100.0,False,,False,True,True,False,True,False,False,True,False,False,False,False,True,False,False,False
2286,5,5,420,1050,52.5,170,11,0,100.0,False,,True,True,True,True,True,False,True,True,False,False,False,False,False,False,False,True
888,5,5,480,1020,45.0,38,6,0,100.0,False,,False,True,True,False,True,False,False,True,False,False,False,False,True,False,False,False
870,4,5,480,915,36.25,44,10,0,100.0,False,,False,True,False,False,True,False,False,False,False,False,False,False,True,False,False,True
48,3,4,450,915,31.0,20,6,0,100.0,False,,False,True,True,False,True,False,False,True,False,False,False,False,True,False,False,False
304,4,5,435,1050,51.25,45,13,6,97.65,False,,True,True,False,True,True,False,True,True,False,False,False,False,False,False,False,True
1814,5,5,405,1050,53.75,40,11,2,99.53,False,,True,True,True,True,True,False,True,True,False,False,False,False,False,False,False,True
760,3,4,450,930,32.0,37,6,1,99.52,False,,False,True,True,False,True,False,False,True,False,False,False,False,True,False,False,False
831,3,4,465,930,31.0,60,6,1,99.05,False,,False,True,True,False,True,False,False,True,False,False,False,False,True,False,False,False
1328,3,5,480,870,32.5,34,6,4,98.11,False,,False,True,True,False,True,False,False,True,False,False,False,False,False,False,False,True
2128,3,5,450,1050,50.0,92,9,2,99.09,False,,True,True,True,True,True,False,True,True,False,False,False,False,False,False,False,True
1092,3,5,480,930,37.5,20,6,1,99.51,False,,False,True,False,False,True,False,False,True,False,False,False,False,True,False,False,False
1006,4,5,360,1065,58.75,99,10,0,100.0,False,,False,True,True,False,True,False,True,True,True,False,False,False,False,False,False,True
938,5,5,450,870,35.0,30,11,2,99.51,True,3,True,True,False,True,True,False,False,True,False,False,False,False,False,False,False,True
1725,4,5,450,840,32.5,40,9,4,98.75,False,,False,True,False,False,True,False,False,True,False,False,False,False,False,False,False,True
1055,4,5,480,870,32.5,70,10,1,99.49,False,,True,True,True,True,True,False,True,True,False,False,False,False,False,False,False,True
2483,5,4,450,1050,40.0,36,10,2,98.9,True,3,True,True,False,True,True,False,True,True,False,False,False,False,False,False,False,True
2313,3,4,465,930,31.0,40,6,0,100.0,False,,False,True,True,False,True,False,False,True,False,False,False,False,True,False,False,False
692,3,5,480,900,35.0,32,8,4,95.71,False,,False,True,True,False,True,False,False,True,False,False,False,False,True,False,False,False
2126,4,5,480,960,40.0,30,6,2,99.1,False,,False,True,True,False,True,False,False,True,False,False,False,False,False,False,False,True
204,1,4,480,870,26.0,30,6,3,97.3,False,,False,True,False,False,True,False,False,True,False,False,False,False,True,False,False,False
850,3,5,480,870,32.5,45,9,0,100.0,False,,False,True,True,False,True,False,False,False,False,False,False,False,False,False,False,True
1943,4,5,465,1005,45.0,44,16,1,99.84,False,,False,True,True,False,True,False,False,True,False,False,False,False,False,False,False,True
1098,4,5,480,840,30.0,30,8,0,100.0,False,,False,True,True,False,True,False,True,True,False,False,False,False,True,False,False,False
178,1,5,540,870,27.5,150,10,2,99.2,False,,True,True,True,True,True,False,False,True,False,False,False,False,False,False,False,True
1832,4,5,510,840,27.5,100,7,4,94.57,False,,True,True,True,True,True,False,True,True,False,False,False,False,True,False,False,False
1926,4,5,420,870,37.5,59,10,1,99.06,True,1,True,True,True,True,True,False,True,True,False,False,False,False,False,False,False,True
1914,3,5,360,1080,28.75,80,6,0,100.0,False,,False,True,True,False,True,False,True,True,False,False,False,False,True,False,False,False
867,4,5,465,840,28.75,80,8,3,98.46,False,,False,True,True,True,True,False,False,True,False,False,False,False,True,False,False,False
2386,2,4,510,955,29.67,60,7,2,98.13,True,3,False,True,True,True,True,False,True,True,False,False,False,False,True,False,False,False
153,3,5,375,1080,58.75,50,7,0,100.0,False,,False,True,True,False,True,False,True,True,False,False,False,False,True,False,False,False
987,3,5,510,870,30.0,105,10,0,100.0,False,,True,True,True,True,True,False,True,True,False,False,False,False,False,False,False,True
2012,1,5,500,840,28.33,87,7,0,100.0,True,1,True,True,False,True,True,False,False,True,False,False,False,False,True,False,False,False
2172,3,4,450,930,32.0,40,6,1,99.49,False,,False,True,False,False,True,False,False,True,False,False,False,False,True,False,False,False
1763,3,5,375,1080,25.0,30,7,0,100.0,False,,False,True,True,False,True,False,True,True,False,False,False,False,True,False,False,False
2397,3,5,480,900,35.0,20,7,1,99.63,False,,False,True,True,False,True,False,False,True,False,False,False,False,True,False,False,False
1148,1,3,570,900,13.5,105,9,2,99.36,False,,False,True,False,True,True,False,False,True,False,False,False,False,False,False,False,True
2193,5,5,480,1020,45.0,76,10,0,100.0,False,,False,True,False,False,True,False,True,True,False,False,False,False,True,False,False,False
2413,3,4,480,930,30.0,20,7,1,99.54,False,,False,True,False,False,True,False,False,True,False,False,False,False,True,False,False,False
1517,3,4,450,900,30.0,50,6,2,99.15,False,,False,True,False,False,True,False,False,True,False,False,False,False,True,False,False,False
1368,4,5,420,1080,75.0,60,17,7,89.37,True,1,False,False,True,False,True,False,True,True,False,False,False,False,False,False,False,False
642,1,5,540,895,29.58,80,9,0,100.0,True,2,False,True,True,False,True,False,False,True,False,False,False,False,True,False,False,False
70,5,5,390,1080,57.5,257,20,1,99.87,False,,True,True,True,True,True,False,True,True,False,False,False,False,False,False,False,True
536,1,5,585,855,22.5,139,8,0,100.0,True,3,True,True,True,True,True,False,False,True,False,False,False,False,True,False,False,False
1644,2,5,450,1035,48.75,180,11,2,98.46,True,1,True,True,True,True,True,False,False,True,False,False,False,False,False,False,False,True
665,3,5,570,870,25.0,90,16,8,97.79,False,,True,True,True,True,True,False,False,True,False,False,False,False,False,False,False,True
714,4,5,450,1080,52.5,49,21,10,98.01,False,,False,False,True,False,True,False,True,True,False,False,False,False,False,False,False,True
1001,4,5,390,1020,52.5,93,26,10,96.38,True,2,True,True,True,True,True,False,True,True,False,False,False,False,False,False,False,True
1165,3,5,420,1050,52.5,30,9,3,99.11,False,,False,True,True,True,True,False,True,True,False,False,False,False,False,False,False,True
2431,5,5,420,1050,52.5,60,8,2,98.93,True,2,True,True,True,True,True,False,True,True,False,False,False,False,False,False,False,True
2293,5,5,360,1065,58.75,113,11,3,99.29,False,,True,True,True,True,True,False,True,True,False,False,False,False,False,False,False,True
912,5,5,465,900,36.25,20,6,0,100.0,False,,False,True,True,False,True,False,False,False,False,False,False,False,True,False,False,False
417,1,5,435,1050,51.25,30,7,4,94.29,False,,False,True,True,False,True,False,False,True,False,False,False,False,True,False,False,False
871,1,5,545,870,27.08,120,7,0,100.0,False,,True,True,True,True,True,False,False,True,False,False,False,False,True,True,False,False
1958,5,5,465,1035,47.5,40,8,1,99.65,False,,False,True,True,False,True,False,False,True,False,False,False,False,True,False,False,False
1492,1,5,540,900,27.25,163,6,0,100.0,False,,True,True,True,True,True,False,False,True,False,False,False,False,False,False,False,False
2355,1,4,555,915,20.0,75,6,0,100.0,False,,False,True,True,False,True,False,False,True,False,False,False,False,True,False,False,False
2496,5,5,360,1080,60.0,90,12,3,99.31,False,,True,True,True,True,True,False,True,True,False,False,False,False,False,False,False,True
606,4,5,480,870,32.5,82,11,5,98.45,False,,True,True,False,True,True,False,False,True,False,False,False,False,False,False,False,True
1169,1,5,540,880,28.33,55,6,0,100.0,False,,False,True,True,False,True,False,False,True,False,False,False,False,True,False,False,False
660,5,5,390,1050,55.0,120,14,5,98.65,True,4,True,True,True,True,True,False,True,True,False,False,False,False,False,False,False,True
1215,4,5,360,1080,60.0,73,19,7,95.32,True,9,True,True,True,True,True,False,True,True,False,True,False,False,False,False,False,True
1238,3,5,540,960,30.0,95,15,2,99.66,False,,True,True,True,True,True,False,True,True,False,False,False,False,False,False,False,True
1790,5,4,540,960,28.0,30,11,0,100.0,False,,False,True,True,False,True,False,False,True,False,False,False,False,False,False,False,True
572,4,5,405,1035,52.5,163,8,0,100.0,True,2,True,True,True,True,True,False,True,True,False,False,False,False,False,False,False,True
1447,5,5,330,1080,62.5,142,15,2,99.6,True,6,True,True,True,True,True,False,True,True,False,False,False,False,False,False,False,True
2516,5,5,450,1050,50.0,60,10,2,99.15,False,,True,True,True,True,True,False,True,True,False,False,False,False,False,False,False,False
245,3,5,420,1065,53.75,34,13,5,96.59,False,,True,True,True,True,True,False,True,True,False,False,False,False,False,False,False,True
905,5,5,420,1065,53.75,59,11,4,97.85,False,,True,True,True,True,True,False,True,True,False,False,False,False,False,False,False,True
1639,3,5,420,1080,55.0,38,7,1,98.84,False,,True,True,True,True,True,False,True,True,True,False,False,False,False,False,False,True
750,4,5,870,1050,15.0,40,8,1,99.62,False,,False,False,True,False,True,False,True,True,False,False,False,False,True,False,False,False
717,3,5,390,1050,55.0,99,13,5,96.09,True,4,True,True,False,True,True,False,True,True,False,False,False,False,False,False,False,True
579,5,5,420,1080,55.0,70,12,1,99.77,False,,True,True,True,True,True,False,True,True,False,False,False,False,False,False,False,True
2552,1,4,540,885,23.0,100,6,1,99.52,False,,True,True,True,True,True,False,False,True,False,False,False,False,True,False,False,False
902,4,5,450,1050,50.0,60,10,0,100.0,False,,False,True,False,True,True,False,True,True,False,False,False,False,False,False,False,True
1504,3,5,450,1050,50.0,126,12,1,99.79,True,5,True,True,True,True,True,False,True,True,False,False,False,False,False,False,False,True
2168,5,5,420,1080,55.0,70,11,0,100.0,False,,True,True,True,True,True,False,True,True,False,False,False,False,False,False,False,True
467,3,5,420,930,42.5,110,10,3,99.14,True,2,True,True,True,True,True,False,False,True,False,False,False,False,True,False,False,False
698,5,5,465,1050,48.75,40,6,2,98.61,False,,False,True,True,False,True,False,False,True,False,False,False,False,True,False,False,False
1648,3,3,450,975,26.25,44,6,0,100.0,False,,False,True,True,False,True,False,False,True,False,False,False,False,True,False,False,False
494,3,5,405,1080,23.08,80,7,2,97.99,False,,False,True,True,False,True,False,True,True,False,False,False,False,True,False,False,False
2183,3,5,450,930,40.0,40,6,0,100.0,False,,False,True,True,False,True,False,False,True,False,False,False,False,True,False,False,False
189,4,5,450,960,42.5,60,8,1,99.36,False,,False,True,True,False,True,False,False,True,False,False,False,False,False,False,False,True
1710,5,5,360,1110,62.5,90,16,5,98.32,True,1,True,True,True,True,True,False,True,True,False,False,False,False,False,False,False,True
931,4,5,480,780,25.0,40,9,3,98.76,False,,False,True,True,False,True,False,True,True,False,False,False,False,True,False,False,False
1396,1,4,420,1080,20.0,115,6,0,100.0,False,,False,False,True,False,True,False,False,True,False,False,False,False,True,False,False,False
966,3,5,375,1080,58.75,30,5,1,99.49,False,,False,True,True,False,True,False,True,True,False,False,False,False,False,False,False,False
2517,4,5,360,1080,60.0,51,10,5,97.84,False,,True,True,True,True,True,False,True,True,False,False,False,False,False,False,False,True
587,2,5,420,1080,25.0,60,6,1,99.52,False,,False,False,True,False,True,False,False,True,False,False,False,False,True,False,False,False
2372,3,5,420,1080,55.0,80,6,0,100.0,False,,False,True,True,False,True,False,True,True,False,False,False,False,True,False,False,False
378,3,5,165,1080,46.5,250,7,0,100.0,False,,False,True,True,False,True,False,True,False,False,False,False,False,True,False,False,False
1939,3,5,405,1080,22.5,80,7,0,100.0,False,,False,True,True,False,True,False,True,True,False,False,False,False,True,False,False,False
2461,1,5,390,1080,25.0,60,7,6,94.53,False,,False,True,True,False,True,False,True,True,False,False,False,False,True,False,False,False
1179,1,5,390,1080,22.5,21,7,6,95.6,False,,False,True,True,False,True,False,True,True,False,False,False,False,True,False,False,False
6,1,5,390,1080,25.0,60,7,5,96.7,False,,False,True,True,False,True,False,True,True,False,False,False,False,True,False,False,False
1282,3,5,420,1080,21.25,120,7,0,100.0,False,,False,True,True,False,True,False,True,False,False,False,False,False,True,False,False,False
685,3,5,405,1200,32.75,40,9,0,100.0,False,,False,True,True,False,True,False,True,True,False,False,False,False,True,False,False,False
2315,1,5,360,1080,60.0,48,5,1,98.95,False,,True,True,True,True,True,False,False,True,False,False,False,False,False,False,False,True
2184,3,5,450,1050,50.0,30,11,5,98.14,False,,True,True,True,True,True,False,True,True,False,False,False,False,False,False,False,True
1874,5,5,360,1080,60.0,52,12,1,99.77,True,2,True,True,True,True,True,False,True,True,True,False,False,False,False,False,False,True
1206,3,5,450,1050,50.0,55,6,2,99.15,False,,False,True,False,False,True,False,False,True,False,False,False,False,True,False,False,False
1796,3,5,405,1080,22.75,50,7,0,100.0,False,,False,True,True,False,True,False,True,True,False,False,False,False,True,False,False,False
0,3,5,420,1080,55.0,90,10,3,98.35,False,,True,True,True,True,True,False,True,True,False,False,False,False,False,False,False,True
946,5,5,420,1080,55.0,106,18,10,95.54,True,1,True,True,True,True,True,False,True,True,False,False,False,False,False,False,False,True
1690,4,5,480,1590,44.5,88,10,4,98.84,True,1,True,True,True,True,True,False,False,True,False,False,False,False,False,False,False,True
1548,4,5,480,900,35.0,30,10,2,99.43,False,,False,True,False,False,True,False,False,True,False,False,False,False,False,False,False,True
1724,1,4,540,840,20.0,74,6,3,98.1,False,,False,True,True,True,True,False,False,True,False,False,False,False,True,False,False,False
2258,4,5,480,900,35.0,38,9,4,97.52,False,,True,True,True,True,True,False,True,True,False,False,False,False,False,False,False,True
2206,3,5,420,1080,55.0,100,7,0,100.0,False,,False,True,True,False,True,False,True,True,False,False,False,False,False,False,False,False
1069,3,5,405,1080,22.5,120,7,0,100.0,False,,False,True,True,False,True,False,True,True,False,False,False,False,True,False,False,False
1114,1,5,570,870,25.0,89,6,0,100.0,False,,True,True,True,True,True,False,False,True,False,False,False,False,True,False,False,False
2440,5,5,450,870,35.0,28,6,1,98.2,False,,False,True,False,False,True,False,False,True,False,False,False,False,True,False,False,False
186,3,5,450,1050,50.0,12,9,0,100.0,False,,True,True,False,True,True,False,False,True,False,False,False,False,False,False,False,True
756,4,5,390,1050,55.0,25,15,3,97.93,True,3,True,True,True,True,True,False,True,True,False,False,False,False,False,False,False,True
885,4,5,450,840,32.5,16,13,5,98.67,True,3,True,True,True,True,True,False,False,False,False,False,False,False,True,False,False,False
2332,4,5,420,1080,55.0,45,14,4,98.54,False,,True,True,True,True,True,False,True,True,False,True,False,False,False,False,False,True
1371,3,5,450,870,35.0,120,7,1,99.57,False,,False,True,True,False,True,False,False,True,False,False,False,False,True,False,False,False
530,4,5,360,1080,60.0,52,9,1,99.72,False,,True,True,True,True,True,False,True,True,False,False,False,False,False,False,False,True
1079,3,5,420,1080,55.0,40,9,3,97.87,False,,True,True,True,True,True,False,True,True,False,False,False,False,False,False,False,True
1081,5,5,450,1050,50.0,20,5,0,100.0,False,,False,True,True,False,True,False,False,True,False,False,False,False,False,False,False,False
454,3,4,450,930,32.0,25,6,1,99.57,False,,False,True,True,False,True,False,False,True,False,False,False,False,True,False,False,False
483,1,4,480,810,22.0,130,9,2,99.37,False,,False,True,True,False,True,False,False,True,False,False,False,False,False,False,False,True
709,4,5,360,1080,60.0,96,10,3,99.14,True,1,True,True,True,True,True,False,True,True,False,False,False,False,False,False,False,True
264,1,5,555,885,27.5,102,12,1,99.76,True,1,True,True,False,True,True,False,False,True,False,False,False,False,False,False,False,True
1520,4,5,480,900,35.0,59,11,2,99.22,False,,False,True,True,True,True,False,False,True,False,False,False,False,False,False,False,True
736,4,5,420,1050,52.5,71,15,4,98.32,True,1,True,True,True,True,True,False,True,True,False,False,False,False,False,False,False,True
1115,5,5,390,1020,52.5,150,13,5,98.08,False,,True,True,True,True,True,False,True,True,False,False,False,False,False,False,False,True
2264,3,5,420,1020,50.0,74,11,1,99.51,True,2,True,True,True,True,True,False,True,True,False,False,False,False,True,False,False,False
1133,1,4,540,840,18.5,31,6,0,100.0,False,,False,True,True,False,True,False,False,True,False,False,False,False,True,False,False,False
1245,5,5,420,1080,55.0,15,11,1,99.74,True,2,False,True,True,False,True,False,True,True,False,False,False,False,False,False,False,True
2120,4,5,450,1050,57.0,99,10,0,100.0,False,,True,True,True,True,True,False,True,True,False,False,False,False,False,False,False,True
125,3,5,510,900,32.5,40,6,5,92.08,False,,False,True,True,False,True,False,False,False,False,False,False,False,True,False,False,False
46,4,5,480,870,32.5,53,10,5,97.78,False,,True,True,True,True,True,False,True,True,False,False,False,False,True,False,False,False
420,4,5,390,1080,57.5,76,15,7,98.05,True,5,False,True,True,True,True,False,True,True,False,False,False,False,False,False,False,False
1912,2,5,360,1080,60.0,89,9,4,98.58,False,,True,True,False,True,True,False,False,True,False,False,False,False,False,False,False,True
1459,1,5,390,1080,21.5,59,6,4,95.14,False,,False,False,True,False,True,False,False,False,False,False,False,False,True,False,False,False
2367,3,5,420,1050,52.5,50,11,1,99.74,False,,True,True,True,True,True,False,True,True,False,False,False,False,False,False,False,True
334,3,5,390,975,48.5,68,9,1,99.43,False,,True,True,True,True,True,False,True,True,False,False,False,False,True,False,False,False
1867,4,5,435,1035,50.0,90,22,5,99.09,True,3,True,True,True,True,True,False,True,True,False,False,False,False,False,False,False,True
159,5,5,360,1080,60.0,53,13,1,99.79,False,,True,True,True,True,True,False,True,True,False,False,False,False,False,False,False,True
2125,5,5,450,870,35.0,51,6,1,99.52,False,,False,True,True,False,True,False,False,False,False,False,False,False,True,False,False,False
522,3,4,480,960,32.0,20,6,1,99.52,False,,False,True,True,False,True,False,False,True,False,False,False,False,True,False,False,False
1110,3,5,420,1080,55.0,75,11,3,97.0,True,1,True,True,True,True,True,False,True,True,False,False,False,False,False,False,False,True
617,5,5,360,1080,60.0,220,23,1,100.0,False,,True,True,True,True,True,False,True,True,False,False,False,False,False,False,False,True
1555,3,5,420,1080,55.0,80,16,2,99.48,True,5,True,True,True,True,True,False,True,True,False,False,False,False,False,False,False,True
1325,5,5,450,1050,50.0,164,8,1,99.68,False,,True,True,False,True,True,False,True,True,False,False,False,False,False,False,False,True
2436,4,5,870,1050,15.0,40,7,1,99.63,False,,False,False,True,False,True,False,True,True,False,False,False,False,True,False,False,False
1419,3,5,450,930,40.0,58,5,1,99.49,False,,False,True,True,False,True,False,False,True,False,False,False,False,True,False,False,False
666,5,5,465,1035,47.5,15,6,0,100.0,False,,False,True,True,False,True,False,False,True,False,False,False,False,True,False,False,False
1746,5,5,540,1020,40.0,15,6,1,99.54,False,,False,True,True,False,True,False,False,True,False,False,False,False,True,False,False,False
2122,5,5,330,1035,58.75,40,9,2,99.39,True,1,True,True,True,True,True,False,True,True,True,False,False,False,False,False,False,True
2526,4,5,390,1080,57.5,80,11,5,98.37,False,,False,True,True,True,True,False,True,True,False,False,False,False,False,False,False,True
2198,3,5,420,1080,55.0,30,15,5,98.93,False,,False,True,True,True,True,False,True,True,False,False,False,False,False,False,False,True
436,5,5,420,1050,52.5,40,8,0,100.0,False,,False,True,True,True,True,False,True,True,False,False,False,False,False,False,False,True
2545,4,5,480,870,32.5,36,8,4,98.28,False,,True,True,False,True,True,False,False,True,False,False,False,False,False,False,False,True
18,5,5,465,1050,48.75,15,7,0,100.0,True,1,False,True,True,False,True,False,False,False,False,False,False,False,True,False,False,False
1675,5,5,1170,2490,110.0,30,10,0,100.0,False,,True,True,True,True,True,False,True,True,False,False,False,False,False,False,False,True
1952,5,5,450,1050,50.0,142,15,5,98.29,True,1,False,True,True,False,True,False,True,True,False,False,False,False,False,False,False,True
1198,5,5,420,1770,112.5,30,11,0,100.0,False,,True,True,True,True,True,False,True,True,False,False,False,False,False,False,False,True
140,1,4,540,885,23.0,167,6,0,100.0,False,,True,True,True,True,True,False,False,True,False,False,False,False,True,False,False,False
1773,3,5,450,1050,50.0,24,8,0,100.0,False,,True,True,False,True,True,False,False,True,False,False,False,False,False,False,False,True
2402,4,5,510,900,32.5,40,7,4,97.46,False,,False,True,True,False,True,False,False,True,False,False,False,False,True,False,False,False
964,3,5,450,1050,50.0,37,6,0,100.0,False,,False,True,True,False,True,False,False,True,False,False,False,False,False,False,False,True
1041,3,5,420,1080,55.0,60,8,3,98.57,False,,True,True,True,True,True,False,True,True,False,False,False,False,True,False,False,False
2350,3,5,450,1080,52.5,80,8,2,99.36,False,,True,True,True,True,True,False,True,True,False,False,False,False,False,False,False,True
284,1,5,420,1080,22.1,60,6,0,100.0,False,,False,False,True,False,True,False,False,True,False,False,False,False,True,False,False,False
962,1,5,420,1080,20.0,40,7,2,99.18,False,,False,False,True,False,True,False,False,True,False,False,False,False,True,False,False,False
759,1,5,360,1950,45.0,60,6,3,98.17,False,,False,False,True,False,True,False,False,True,False,True,False,False,True,False,False,False
1744,1,5,420,1080,20.0,40,6,0,100.0,False,,False,False,True,False,True,False,False,True,False,True,False,False,True,False,False,False
753,1,5,420,1080,21.25,100,6,0,100.0,False,,False,False,True,False,True,False,False,True,False,False,False,False,True,False,False,False
942,3,5,450,1050,62.5,120,10,4,97.66,True,1,False,True,True,False,True,False,True,True,False,False,False,False,False,False,False,True
360,4,5,480,840,30.0,19,5,2,97.71,False,,False,True,True,False,True,False,False,True,False,False,False,False,False,False,False,False
1707,4,5,450,1080,52.5,24,7,1,99.63,False,,False,True,True,False,True,False,False,False,False,False,False,False,True,False,False,False
2336,1,4,540,870,22.0,183,7,3,98.53,False,,True,True,True,True,True,False,False,True,False,False,False,False,True,False,False,False
1609,3,5,420,1050,52.5,60,10,5,97.2,False,,True,True,True,True,True,False,True,True,False,False,False,False,False,False,False,True
1843,3,5,405,1080,21.5,50,6,0,100.0,False,,False,True,True,False,True,False,True,True,False,False,False,True,True,False,False,False
1160,3,5,360,1050,57.5,96,17,0,100.0,True,3,True,True,True,True,True,False,True,True,False,False,False,False,False,False,False,True
439,4,5,450,870,35.0,54,12,2,99.36,False,,False,True,True,False,True,False,False,True,False,False,False,False,False,False,False,True
2077,4,5,450,1080,52.5,90,11,3,98.46,True,1,True,True,True,True,True,False,True,True,False,True,False,False,False,False,False,True
77,3,5,450,930,40.0,40,6,1,99.52,False,,False,True,True,False,True,False,False,True,False,False,False,False,True,False,False,False
765,3,5,360,1080,60.0,60,11,5,93.15,False,,True,True,True,True,True,False,True,True,False,False,False,False,False,False,False,True
280,4,5,420,1080,55.0,120,15,7,97.85,True,1,True,True,True,True,True,False,True,True,False,False,False,False,False,False,False,True
2465,3,5,450,960,41.5,20,10,1,99.43,False,,True,True,True,True,True,False,True,True,False,False,False,False,False,False,False,True
278,2,4,540,900,24.0,70,7,1,99.63,False,,False,True,False,True,True,False,False,True,False,False,False,False,True,False,False,False
305,4,5,420,1080,55.0,90,12,7,97.02,True,1,False,True,False,True,True,False,True,True,False,False,False,False,False,False,False,True
1509,3,4,465,930,31.0,40,6,0,100.0,False,,False,True,True,False,True,False,False,True,False,False,False,False,True,False,False,False
308,3,5,360,1080,60.0,60,22,3,99.15,True,2,True,True,True,True,True,False,True,True,False,False,False,False,False,False,False,True
2459,3,5,375,1080,26.25,30,4,0,100.0,False,,False,True,True,False,True,False,True,True,False,False,False,False,True,False,False,False
1009,1,5,450,780,27.5,110,12,4,97.92,True,2,False,True,True,True,True,False,False,True,False,False,False,False,True,False,False,False
1839,5,5,450,1050,50.0,337,14,1,99.8,True,1,True,True,True,True,True,False,True,True,False,False,False,False,False,False,False,True
145,5,5,360,1080,60.0,60,11,2,99.24,True,2,True,True,True,True,True,False,True,True,False,False,False,False,False,False,False,True
1241,4,5,435,1020,48.75,32,7,1,99.6,False,,True,True,False,True,True,False,True,True,False,False,False,False,True,False,False,False
822,4,5,450,1050,50.0,175,22,6,99.02,True,3,False,True,True,False,True,False,True,True,False,False,False,False,False,False,False,True
1808,3,4,450,960,34.0,40,6,2,95.78,False,,False,True,True,False,True,False,False,True,False,False,False,False,True,False,False,False
1877,5,5,360,1110,62.5,100,14,1,99.82,True,2,True,True,True,True,True,False,True,True,False,False,False,False,False,False,False,False
2148,5,5,420,1080,72.5,60,10,0,100.0,False,,False,False,True,False,True,False,True,True,False,False,False,False,False,False,False,True
2541,4,5,450,900,37.5,46,6,0,100.0,False,,False,True,True,False,True,False,False,True,False,False,False,False,True,False,False,False
1617,5,5,360,1080,60.0,40,13,1,99.56,False,,True,True,True,True,True,False,True,True,False,False,False,False,False,False,False,True
2547,5,5,360,1065,58.75,87,11,0,100.0,False,,True,True,True,True,True,False,True,True,False,False,False,False,False,False,False,True
1982,5,5,360,1065,58.75,134,11,0,99.77,False,,True,True,True,True,True,False,True,True,False,False,False,False,False,False,False,True
183,3,5,480,840,30.0,20,6,0,100.0,False,,False,True,True,False,True,False,False,True,False,False,False,False,True,False,False,False
230,4,5,450,930,40.0,15,7,2,97.53,False,,False,True,False,False,True,False,False,True,False,False,False,False,True,False,False,False
576,5,5,420,1080,55.0,315,22,1,99.88,True,5,True,True,True,True,True,False,True,True,False,False,False,False,False,False,False,False
66,4,5,360,1050,57.5,90,9,2,99.43,False,,False,True,True,False,True,False,True,True,False,False,False,False,False,False,False,True
1953,4,5,480,870,32.5,33,8,6,94.34,False,,True,True,True,True,True,False,False,False,False,False,False,False,False,False,False,True
1468,1,5,420,1080,55.0,200,7,2,99.23,False,,False,False,True,False,True,False,False,True,False,False,False,True,False,False,False,False
2057,5,5,465,1035,47.5,30,11,3,94.99,False,,True,True,True,True,True,False,True,True,False,False,False,False,False,False,False,True
1535,5,5,360,1080,60.0,99,9,0,100.0,False,,True,True,True,True,True,False,True,True,False,False,False,False,False,False,False,True
365,4,5,420,1080,55.0,141,14,1,99.81,True,3,False,True,True,True,True,False,True,True,False,False,False,False,False,False,False,True
2387,3,5,450,930,40.0,36,9,2,99.4,False,,True,True,True,True,True,False,False,True,False,False,False,False,False,False,False,True
2224,4,5,420,1080,55.0,257,14,7,98.11,False,,False,True,True,False,True,False,False,True,False,False,False,False,False,False,False,True
367,3,6,480,930,42.5,27,8,3,99.01,False,,False,True,True,False,True,False,False,False,False,False,False,False,True,False,False,False
1016,3,5,360,1080,60.0,120,10,4,97.59,True,1,False,True,True,False,True,False,True,True,False,False,False,False,False,False,False,True
406,4,5,360,1080,60.0,60,13,4,98.72,False,,True,True,True,True,True,False,True,True,False,False,False,False,False,False,False,True
1483,3,5,375,1080,25.0,40,6,0,100.0,False,,False,True,True,False,True,False,True,True,False,False,False,False,True,False,False,False
1630,3,5,375,1080,25.0,40,6,0,100.0,False,,False,True,True,False,True,False,True,True,False,False,False,False,True,False,False,False
1167,4,5,510,870,30.0,20,9,0,100.0,False,,False,True,False,False,True,False,False,True,False,False,False,False,True,False,False,False
2273,4,5,510,870,30.0,34,9,1,99.68,False,,False,True,False,False,True,False,False,True,False,False,False,False,False,False,False,False
1057,4,5,420,1080,55.0,80,8,0,100.0,False,,True,True,True,True,True,False,True,True,False,False,False,False,False,False,False,True
2143,5,5,390,1080,57.5,86,10,4,98.32,False,,True,True,True,True,True,False,True,True,False,False,False,False,False,False,False,True
2549,4,5,420,1080,55.0,56,12,0,100.0,False,,True,True,True,True,True,False,True,True,False,False,False,False,False,False,False,True
1013,4,5,390,1080,57.5,50,9,5,97.43,False,,True,True,True,True,True,False,True,True,False,False,False,False,False,False,False,True
2292,3,5,420,1050,52.5,43,13,3,97.7,False,,True,True,True,True,True,False,True,True,False,False,False,False,False,False,False,True
1573,2,5,450,1050,50.0,40,8,1,99.66,False,,True,True,True,True,True,False,True,True,False,False,False,False,False,False,False,True
2101,5,5,420,1770,112.5,52,12,3,97.88,True,1,True,True,True,True,True,False,True,True,False,False,False,False,False,False,False,True
1551,5,5,360,1080,60.0,120,11,1,99.77,True,5,True,True,True,True,True,False,True,True,False,True,False,False,False,False,False,True
699,2,5,360,1080,60.0,400,10,2,99.17,True,1,True,True,True,True,True,False,False,True,False,False,False,False,False,False,False,True
1505,3,5,435,1035,50.0,50,12,2,99.57,False,,True,True,True,True,True,False,True,True,False,False,False,False,False,False,False,False
1918,4,5,360,1080,60.0,120,14,0,100.0,False,,True,True,True,True,True,False,True,True,False,False,False,False,False,False,False,True
991,5,5,450,990,45.0,68,11,0,100.0,False,,True,True,True,True,True,False,True,True,False,False,False,False,False,False,False,True
886,5,5,450,930,40.0,20,7,2,99.27,False,,False,True,True,False,True,False,True,True,False,False,False,False,True,False,False,False
2477,5,5,450,930,40.0,34,10,2,99.48,False,,True,True,True,True,True,False,True,True,False,False,False,False,True,False,False,False
1083,5,5,360,1065,58.75,134,15,0,100.0,False,,True,True,True,True,True,False,True,True,False,False,False,False,False,False,False,True
730,5,5,420,960,45.0,32,8,3,98.99,False,,True,True,False,True,True,False,True,True,False,False,False,False,False,False,False,True
1134,1,5,450,1080,52.5,120,14,3,99.27,True,1,True,True,True,True,True,False,False,True,False,False,False,False,False,False,False,True
1774,4,5,390,1050,55.0,100,22,4,99.42,True,4,True,True,True,True,True,False,True,True,False,False,False,False,False,False,False,True
1878,5,5,360,1080,60.0,60,8,3,97.48,False,,True,True,True,True,True,False,True,True,False,False,False,False,False,False,False,True
690,4,5,450,1050,58.0,48,14,6,97.57,True,3,True,True,False,True,True,False,True,True,False,False,False,False,False,False,False,True
1510,5,5,480,1020,45.0,30,9,2,99.15,False,,True,True,True,True,True,False,True,False,False,False,False,False,False,False,False,True
15,4,5,390,1020,52.5,65,14,1,99.81,False,,True,True,True,True,True,False,True,True,False,False,False,False,False,False,False,True
553,4,5,480,870,32.5,32,13,6,98.64,False,,True,True,False,True,True,False,False,True,False,False,False,False,False,False,False,True
1452,5,5,420,1050,52.5,40,11,0,100.0,True,2,True,True,True,True,True,False,True,True,False,False,False,False,True,False,False,False
1765,5,5,450,900,37.5,20,7,0,100.0,False,,False,True,False,False,True,False,True,True,False,False,False,False,True,False,False,False
1417,5,5,360,1080,60.0,50,17,3,99.38,True,2,True,True,True,True,True,False,True,True,False,False,False,False,False,False,False,True
283,5,5,480,860,31.67,25,9,0,100.0,False,,False,True,True,True,True,False,True,True,False,False,False,False,True,False,False,False
1569,5,5,450,1020,47.5,92,9,0,100.0,False,,True,True,True,True,True,False,True,True,False,False,False,False,False,False,False,True
1121,5,5,480,900,35.0,20,7,1,99.6,False,,False,True,False,False,True,False,False,True,False,False,False,False,True,False,False,False
663,5,5,390,1050,55.0,80,8,3,98.93,False,,True,True,True,True,True,False,True,True,False,False,False,False,False,False,False,True
1906,3,5,390,1080,57.5,76,23,4,99.54,True,4,True,True,True,True,True,False,True,True,False,False,False,False,False,False,False,True
1194,1,5,540,855,26.25,75,6,0,100.0,False,,True,True,True,True,True,False,False,True,False,False,False,False,True,False,False,False
2214,4,5,390,1080,57.5,45,10,0,100.0,False,,True,True,True,True,True,False,True,True,False,False,False,False,False,False,False,True
1757,1,5,390,1050,55.0,80,10,4,97.32,True,1,True,True,True,True,True,False,False,True,False,False,False,False,False,False,False,True
356,5,5,420,1050,52.5,120,13,0,100.0,False,,True,True,True,True,True,False,True,True,False,False,False,False,False,False,False,True
1723,4,5,420,990,47.5,95,14,4,98.63,True,2,True,True,True,True,True,False,True,True,False,False,False,False,False,False,False,True
1308,3,5,450,870,35.0,80,10,2,99.47,False,,True,True,True,True,True,False,False,True,False,False,False,False,False,False,False,True
332,5,6,420,1050,63.0,60,8,0,100.0,False,,True,True,True,True,True,False,True,True,False,False,False,False,False,False,False,True
2316,4,5,480,840,30.0,42,11,2,99.25,False,,False,True,True,False,True,False,False,True,False,False,False,False,True,False,False,False
36,5,5,390,1050,55.0,110,11,1,99.77,False,,True,True,True,True,True,False,True,True,False,False,False,False,False,False,False,True
582,5,5,510,990,40.0,23,9,0,100.0,False,,True,True,False,True,True,False,True,True,False,False,False,False,False,False,False,True
842,1,5,570,870,25.0,269,6,0,100.0,False,,True,True,True,True,True,False,False,True,False,False,False,False,True,False,False,False
1830,1,5,390,1080,57.5,120,13,4,96.27,True,1,True,True,True,True,True,False,False,True,False,False,False,False,False,False,False,True
1820,5,5,390,1080,57.5,216,17,2,99.4,True,7,True,True,True,True,True,False,True,True,False,False,False,False,False,False,False,True
650,5,5,330,1200,72.5,20,8,0,100.0,False,,True,True,True,True,True,False,True,True,False,True,False,False,False,False,False,True
501,3,5,420,1050,52.5,125,14,3,98.02,True,2,True,True,True,True,True,False,True,True,False,False,False,False,False,False,False,True
1715,3,5,495,855,30.0,60,6,0,100.0,False,,False,True,True,False,True,False,False,True,False,False,False,False,True,False,False,False
880,3,5,390,1080,25.83,170,11,2,99.48,False,,False,True,True,False,True,False,True,True,False,False,False,False,False,False,False,True
110,1,4,540,840,20.0,45,7,1,99.63,True,1,False,True,False,True,True,False,False,True,False,False,False,False,True,False,False,False
999,4,5,450,840,32.5,148,10,1,99.74,False,,False,True,True,False,True,False,True,True,False,False,False,False,False,False,False,False
336,5,5,450,1050,50.0,89,10,0,100.0,False,,True,True,True,True,True,False,True,True,False,False,False,False,False,False,False,True
222,5,5,450,1050,50.0,34,6,3,98.21,False,,False,True,True,False,True,False,False,True,False,False,False,False,True,False,False,False
1945,4,5,450,870,35.0,16,10,1,99.44,False,,True,True,False,True,True,False,False,True,False,False,False,False,False,False,False,True
2197,1,5,420,1080,19.17,60,6,2,99.1,False,,False,False,True,False,True,False,False,True,False,False,False,False,True,False,False,False
1705,5,5,420,1050,52.5,120,13,0,100.0,False,,True,True,True,True,True,False,True,True,False,False,False,False,True,False,False,False
1268,3,5,450,1050,50.0,12,7,1,99.59,False,,True,True,False,True,True,False,False,True,False,False,False,False,False,False,False,True
254,3,5,480,870,32.5,19,7,0,100.0,False,,False,True,True,False,True,False,False,False,False,False,False,False,True,False,False,False
1950,3,5,330,1080,62.5,212,21,6,97.93,True,8,True,True,True,True,True,False,True,True,False,False,False,False,False,False,False,True
1313,4,5,540,900,30.0,45,7,0,100.0,False,,False,True,True,False,True,False,False,True,False,False,False,False,True,False,False,False
1052,3,5,450,1050,50.0,22,8,0,100.0,False,,True,True,True,True,True,False,True,True,False,False,False,False,False,False,False,True
957,3,5,360,1200,70.0,80,10,1,99.71,False,,True,True,True,True,True,False,True,True,False,True,False,False,False,False,False,True
1205,5,5,390,1080,57.5,166,12,0,100.0,False,,True,True,True,True,True,False,True,True,False,False,False,False,False,False,False,True
1080,4,5,480,860,31.67,120,9,2,98.13,False,,True,True,False,True,True,False,False,True,False,False,False,False,False,False,False,True
1448,4,5,450,840,32.5,30,13,2,99.19,False,,True,True,True,True,True,False,False,True,False,False,False,False,False,False,False,True
2276,4,5,405,1050,53.75,75,10,1,99.74,False,,True,True,True,True,True,False,True,True,False,False,False,False,False,False,False,True
1742,4,5,390,1080,57.5,200,9,0,100.0,False,,True,True,True,True,True,False,True,True,False,False,False,False,False,False,False,True
1116,5,5,360,1080,60.0,57,11,1,99.74,False,,True,True,True,True,True,False,True,True,False,False,False,False,False,False,False,True
1168,3,5,435,1035,50.0,20,9,0,100.0,False,,True,True,False,True,True,False,True,True,False,False,False,False,False,False,False,True
94,3,5,480,1050,47.5,63,8,2,99.33,True,1,True,True,True,True,True,False,False,True,False,False,False,False,True,False,False,False
2174,3,5,480,960,40.0,56,8,4,98.26,False,,True,True,True,True,True,False,False,True,False,False,False,False,False,False,False,True
2222,4,5,480,1050,47.5,45,9,4,98.79,False,,True,True,False,True,True,False,False,True,False,False,False,False,False,False,False,True
2325,5,5,360,1080,60.0,106,13,1,99.8,False,,True,True,True,True,True,False,True,True,False,False,False,False,False,False,False,True
1273,5,5,420,1080,55.0,90,9,2,98.88,False,,True,True,True,True,True,False,True,True,False,False,False,False,False,False,False,True
355,5,5,420,1020,50.0,90,17,1,99.85,False,,True,True,True,True,True,False,True,True,False,False,False,False,False,False,False,True
1033,4,5,450,1080,52.5,80,7,5,96.43,False,,False,False,True,False,True,False,True,True,False,False,False,False,False,False,False,False
434,5,5,390,1080,57.5,142,16,0,100.0,False,,True,True,True,True,True,False,True,True,False,False,False,False,False,False,False,True
1142,5,5,420,1050,63.0,75,14,2,99.45,True,5,True,True,True,True,True,False,True,True,False,False,False,False,False,False,False,True
1672,4,5,420,1080,55.0,150,13,0,100.0,False,,True,True,True,True,True,False,True,True,False,False,False,False,False,False,False,True
266,4,5,450,1050,50.0,90,11,4,98.54,False,,True,True,True,True,True,False,True,True,False,False,False,False,False,False,False,True
1068,5,5,360,1080,60.0,56,12,3,99.32,False,,False,True,True,True,True,False,True,True,False,False,False,False,False,False,False,True
544,3,5,375,1080,58.75,30,6,0,100.0,False,,False,True,True,False,True,False,True,True,False,False,False,False,True,False,False,False
1865,4,5,420,1050,52.5,70,10,1,99.71,False,,True,True,True,True,True,False,True,True,False,False,False,False,False,False,False,True
2219,3,4,465,900,29.0,30,6,0,100.0,False,,False,True,True,False,True,False,False,True,False,False,False,False,True,False,False,False
2297,3,5,360,1440,102.0,120,15,3,99.32,True,2,True,True,True,True,True,False,True,True,False,False,False,False,False,False,False,True
1963,5,5,360,1110,62.0,99,11,2,99.07,False,,True,True,True,True,True,False,True,True,False,False,False,False,False,False,False,True
1154,1,5,465,1030,47.08,243,9,1,99.72,False,,True,True,True,True,True,False,False,True,False,False,False,False,False,False,False,True
1333,3,5,420,1050,52.5,30,9,3,98.01,False,,True,True,True,True,True,False,True,True,False,False,False,False,False,False,False,True
1234,1,4,510,900,26.0,98,12,2,96.56,True,1,True,True,True,True,True,False,False,True,False,False,False,False,False,False,False,True
2554,4,5,390,1080,57.5,120,17,2,98.82,True,5,True,True,True,True,True,False,True,True,False,False,False,False,False,False,False,True
1995,4,5,390,1080,57.5,135,35,9,98.19,True,15,True,True,True,True,True,False,True,True,False,False,False,False,False,False,False,True
1941,4,5,390,1080,57.5,110,20,5,98.72,True,1,True,True,True,True,True,False,True,True,False,False,False,False,False,False,False,True
838,4,5,390,1080,57.5,110,11,4,98.47,False,,True,True,True,True,True,False,True,True,False,False,False,False,False,False,False,True
103,4,5,360,1080,60.0,190,18,0,100.0,True,4,True,True,True,True,True,False,True,True,False,False,False,False,False,False,False,True
2345,4,5,390,1080,57.5,193,27,8,97.78,True,10,True,True,True,True,True,False,True,True,False,False,False,False,False,False,False,True
820,4,5,420,1050,52.5,87,8,1,99.68,False,,True,True,True,True,True,False,True,True,False,False,False,False,False,False,False,True
2390,4,5,420,1080,55.0,136,25,8,97.38,True,7,True,True,True,True,True,False,True,True,False,False,False,False,False,False,False,True
1869,1,5,450,960,42.5,120,8,1,99.63,False,,False,True,True,False,True,False,False,True,False,False,False,False,False,False,False,True
823,4,5,450,1050,50.0,60,9,0,100.0,False,,False,True,True,True,True,False,True,True,False,False,False,False,True,False,False,False
2072,4,5,360,1080,60.0,52,14,1,99.8,False,,True,True,True,True,True,False,True,True,False,True,False,False,False,False,False,True
1571,4,5,390,1080,57.5,140,19,9,98.38,True,6,True,True,True,True,True,False,True,True,False,False,False,False,False,False,False,True
2207,5,5,450,1050,50.0,163,14,2,99.45,True,2,True,True,True,True,True,False,True,True,False,False,False,False,True,False,False,True
1563,5,5,450,1050,50.0,75,11,5,98.52,True,1,True,True,True,True,True,False,True,True,False,False,False,False,True,False,False,True
1972,5,5,450,1050,50.0,53,9,1,99.71,False,,True,True,False,True,True,False,True,True,False,False,False,False,False,False,False,True
1105,3,5,360,1020,55.0,45,24,11,97.65,True,2,True,True,True,True,True,False,True,True,False,False,False,False,False,False,False,True
1633,4,5,450,1050,50.0,88,15,2,98.56,True,3,True,True,True,True,True,False,True,True,False,False,False,False,False,False,False,True
1097,4,5,390,1439,87.42,52,11,5,97.45,True,3,True,True,True,True,True,False,True,True,False,True,False,False,False,False,False,True
1813,5,5,390,1080,57.5,87,14,1,99.82,False,,True,True,True,True,True,False,True,True,False,False,False,False,False,False,False,True
1590,3,5,450,1050,50.0,120,14,9,96.38,True,3,True,True,True,True,True,False,True,True,False,False,False,False,False,False,False,True
2113,4,5,450,1050,50.0,165,22,0,100.0,False,,True,True,True,True,True,False,True,True,False,False,False,False,False,False,False,True
9,3,5,405,1080,20.0,80,8,1,99.64,False,,False,True,True,False,True,False,True,True,False,False,False,False,True,False,False,False
23,3,5,450,930,40.0,30,9,0,100.0,False,,True,True,False,True,True,False,False,True,False,False,False,False,True,False,False,False
1670,3,5,360,1080,60.0,60,13,6,95.97,True,1,True,True,True,True,True,False,True,True,False,False,False,False,False,False,False,True
1316,5,5,360,1080,60.0,135,14,0,100.0,False,,True,True,True,True,True,False,True,True,False,False,False,False,False,False,False,True
858,4,5,390,1080,57.5,30,16,9,96.53,True,3,True,True,True,True,True,False,True,True,True,False,False,False,False,False,False,True
720,5,5,420,1020,50.0,30,9,0,100.0,False,,True,True,True,True,True,False,True,True,False,False,False,False,False,False,False,True
1412,4,5,360,1110,60.5,75,9,1,99.69,False,,False,True,True,False,True,False,True,True,False,True,False,False,False,False,False,True
636,5,7,0,1439,167.88,60,10,0,100.0,False,,True,True,True,True,True,False,True,True,False,False,False,False,False,False,False,True
773,5,5,360,1770,69.5,20,13,1,99.32,False,,True,True,True,True,True,False,True,True,False,False,False,False,False,False,False,True
1433,4,5,390,1080,57.5,90,7,1,99.27,False,,True,True,True,True,True,False,True,True,True,False,False,False,False,False,False,True
2528,5,5,390,1050,55.0,96,12,0,100.0,False,,True,True,True,True,True,False,True,True,False,False,False,False,False,False,False,True
2045,5,5,360,1080,60.0,30,9,1,99.43,False,,True,True,True,True,True,False,True,True,False,False,False,False,False,False,False,True
833,5,5,360,1110,62.5,137,11,0,100.0,False,,True,True,True,True,True,False,True,True,True,True,False,False,False,False,False,False
1826,1,5,420,1080,20.0,75,6,0,100.0,False,,False,True,True,False,True,False,False,True,False,False,False,False,True,False,False,False
534,3,5,360,1080,22.5,30,6,1,99.57,False,,False,True,True,False,True,False,True,True,False,False,False,False,True,False,False,False
1696,1,5,435,1080,53.75,70,9,2,98.86,False,,False,True,True,False,True,False,False,True,False,False,False,False,False,False,False,True
1799,1,5,570,870,25.0,62,6,0,100.0,False,,False,True,True,True,True,False,False,True,False,False,False,False,False,False,False,True
486,5,5,450,1050,50.0,50,10,1,99.74,False,,True,True,True,True,True,False,True,True,False,False,False,False,True,False,False,True
1985,1,5,420,1245,30.75,40,6,0,100.0,False,,False,False,True,False,True,False,False,True,False,False,False,False,True,False,False,False
1440,3,5,390,1050,55.0,140,19,0,100.0,True,2,True,True,True,True,True,False,False,True,False,False,False,False,False,False,False,True
477,3,5,450,1080,52.5,80,12,8,93.8,True,1,False,True,True,False,True,False,True,True,False,False,False,False,False,False,False,True
148,5,5,390,1050,55.0,240,30,5,99.49,True,5,True,True,True,True,True,False,True,True,False,False,False,False,False,False,False,True
537,5,7,390,1050,77.0,40,14,5,98.35,False,,True,True,True,True,True,False,True,True,False,False,False,False,False,False,False,True
1909,1,5,420,1440,85.0,40,5,1,99.49,False,,False,False,True,False,True,False,False,False,False,False,False,False,True,False,False,False
682,5,5,360,1080,60.0,102,22,1,99.76,True,1,True,True,True,True,True,False,True,True,False,False,False,False,False,False,False,True
683,4,5,480,870,32.5,90,10,4,97.55,False,,True,True,True,True,True,False,False,True,False,False,False,False,False,False,False,True
333,4,5,435,1020,48.75,46,14,1,99.8,True,5,False,True,True,True,True,False,True,True,False,False,False,False,False,False,False,True
1249,5,5,360,1050,57.5,45,16,9,94.14,False,,True,True,True,True,True,False,True,True,False,False,False,False,False,False,False,True
2427,5,5,360,1080,60.0,110,16,0,100.0,True,1,True,True,True,True,True,False,True,True,False,True,False,False,False,False,False,True
2170,4,5,360,1050,57.5,76,27,9,98.23,True,9,True,True,True,True,True,False,True,True,False,False,False,False,False,False,False,True
1689,2,5,450,1050,50.0,125,24,11,92.98,True,16,True,True,True,True,True,False,True,True,False,False,False,False,False,False,False,True
1851,2,5,450,1050,50.0,50,37,13,97.88,True,9,True,True,True,True,True,False,True,True,False,False,False,False,False,False,False,True
610,5,5,360,1050,57.5,64,10,0,100.0,False,,True,True,True,True,True,False,True,True,False,False,False,False,False,False,False,True
396,5,5,390,1050,55.0,41,10,2,99.18,False,,True,True,True,True,True,False,True,True,False,False,False,False,False,False,False,False
933,5,5,420,1050,52.5,60,12,1,99.39,False,,True,True,True,True,True,False,True,True,False,False,False,False,False,False,False,True
29,4,5,390,1020,52.5,36,8,0,100.0,False,,True,True,True,True,True,False,True,True,False,False,False,False,False,False,False,True
485,3,5,360,1080,60.0,30,17,9,92.77,True,2,True,True,True,True,True,False,True,True,True,False,False,False,False,False,False,True
1059,5,5,390,1050,55.0,85,12,1,99.79,False,,True,True,True,True,True,False,True,True,False,False,False,False,False,False,False,True
1270,4,5,420,1080,55.0,40,15,4,98.58,True,1,True,True,False,True,True,False,True,True,False,False,False,False,False,False,False,True
752,4,5,360,1080,60.0,54,10,5,98.65,False,,True,True,True,True,True,False,True,True,False,False,False,False,False,False,False,True
191,4,5,870,1080,17.5,30,13,1,99.8,True,1,False,False,True,False,True,False,True,True,False,False,False,False,False,False,False,True
950,1,5,390,1110,60.0,180,18,0,100.0,True,1,True,True,True,True,True,False,False,True,False,False,False,False,False,False,False,True
359,3,5,405,1080,23.75,100,7,0,100.0,False,,False,True,True,False,True,False,True,False,False,False,False,False,True,False,False,False
2371,3,5,390,1050,55.0,20,14,3,97.85,False,,True,True,True,True,True,False,True,True,False,False,False,False,False,False,False,True
2382,5,5,360,1080,60.0,140,15,3,98.17,True,,True,True,True,True,True,False,True,True,False,False,False,False,False,False,False,True
525,3,4,450,1020,38.0,37,6,1,99.52,False,,False,True,True,False,True,False,False,True,False,False,False,False,True,False,False,False
2466,3,5,360,1080,60.0,30,11,1,99.71,False,,True,True,True,True,True,False,True,True,False,False,False,False,False,False,False,True
1053,4,5,360,1080,58.0,80,12,4,97.12,True,1,True,True,True,True,True,False,True,True,False,False,False,False,False,False,False,True
1749,1,5,540,900,30.0,20,6,2,99.11,False,,False,True,True,False,True,False,False,True,False,False,False,False,True,False,False,False
1550,5,5,465,1050,48.75,307,10,5,98.3,False,,False,True,False,False,True,False,True,True,False,False,False,False,False,False,False,True
1315,5,5,465,1050,48.75,114,10,2,99.44,False,,True,True,False,True,True,False,True,True,False,False,False,False,False,False,False,True
141,1,5,420,1080,18.75,86,7,0,100.0,True,1,False,True,True,False,True,False,False,True,False,False,False,False,True,False,False,False
426,5,5,330,1080,62.5,89,8,2,98.63,False,,True,True,True,True,True,False,True,True,False,False,False,False,False,False,False,False
59,4,5,420,1050,52.5,90,12,5,97.0,False,,True,True,True,True,True,False,True,True,False,False,False,False,False,False,False,True
30,3,5,390,1080,57.5,160,21,9,98.09,True,4,True,True,True,True,True,False,True,True,False,False,False,False,False,False,False,True
910,3,5,360,1080,27.5,50,14,8,98.04,False,,False,True,True,False,True,False,True,True,False,False,False,False,True,False,False,True
79,1,4,510,900,26.0,34,6,0,100.0,False,,False,True,False,False,True,False,False,True,False,False,False,False,True,False,False,False
1126,4,5,360,1080,60.0,180,16,3,97.34,False,,True,True,True,True,True,False,True,True,False,False,False,False,False,False,False,True
1380,5,5,390,1080,57.5,175,11,5,97.93,False,,True,True,True,True,True,False,True,True,False,False,False,False,False,False,False,True
615,1,4,540,1560,68.0,30,6,1,99.1,False,,False,True,True,False,True,False,False,True,False,False,False,False,True,False,False,False
276,4,5,420,1050,52.5,45,10,2,99.12,False,,True,True,True,True,True,False,True,True,False,False,False,False,False,False,False,True
217,5,5,390,1080,57.5,42,13,0,100.0,False,,True,True,True,True,True,False,True,True,False,False,False,False,False,False,False,True
1835,4,5,450,1050,50.0,80,10,2,98.97,False,,False,False,True,False,True,False,True,True,False,False,False,False,False,False,False,True
2133,3,5,420,1080,55.0,43,11,0,100.0,False,,True,True,True,True,True,False,True,True,False,False,False,False,False,False,False,True
2486,4,5,420,1050,52.5,49,11,6,97.91,False,,True,True,True,True,True,False,True,True,False,False,False,False,False,False,False,True
1896,3,5,360,1080,60.0,60,15,2,97.59,True,2,True,True,True,True,True,False,True,True,False,False,False,False,False,False,False,True
1248,5,5,360,1080,60.0,45,14,6,98.57,False,,True,True,True,True,True,False,True,True,False,False,False,False,False,False,False,True
2360,4,5,390,1080,57.5,55,10,4,97.47,True,2,True,True,True,True,True,False,True,True,False,False,False,False,False,False,False,True
1109,5,5,465,1050,48.75,80,13,1,99.78,False,,True,True,False,True,True,False,True,True,False,False,False,False,False,False,False,True
1916,4,5,390,1080,57.5,90,12,6,95.83,True,2,True,True,True,True,True,False,True,True,False,False,False,False,False,False,False,True
1386,4,5,390,1050,55.0,70,17,5,98.55,True,4,True,True,True,True,True,False,True,True,False,False,False,False,False,False,False,True
1809,3,5,450,930,40.0,80,6,1,99.05,False,,False,True,False,False,True,False,False,True,False,False,False,False,True,False,False,False
1884,4,6,360,1050,69.0,28,10,8,94.76,False,,True,True,True,True,True,False,True,True,False,True,False,False,False,False,False,True
2250,4,5,360,1080,60.0,75,14,2,97.25,True,4,True,True,True,True,True,False,True,True,False,False,False,False,False,False,False,True
255,5,5,360,1080,60.0,80,11,5,97.3,False,,True,True,True,True,True,False,True,True,False,False,False,False,False,False,False,True
1556,5,5,360,1080,60.0,64,17,4,96.22,True,2,True,True,True,True,True,False,True,True,False,False,False,False,False,False,False,True
1622,3,5,360,1080,75.5,75,8,1,99.29,False,,False,True,True,False,True,False,True,True,False,True,False,False,False,False,False,True
801,3,5,450,1050,50.0,27,15,6,95.42,False,,True,True,False,True,True,False,True,True,False,False,False,False,False,False,False,True
623,1,5,420,1080,21.25,100,7,1,99.55,False,,False,False,True,False,True,False,False,True,False,True,False,False,True,False,False,False
1662,4,5,360,1080,60.0,129,17,5,97.92,True,4,True,True,True,True,True,False,True,True,False,False,False,False,False,False,False,True
1754,4,5,420,1080,55.0,45,10,5,97.39,False,,True,True,True,True,True,False,True,True,False,False,False,False,False,False,False,True
949,4,5,390,1080,57.5,90,9,0,100.0,False,,True,True,True,True,True,False,True,True,False,False,False,False,False,False,False,True
1398,3,5,450,1050,50.0,20,21,1,99.74,False,,True,True,True,True,True,False,True,True,False,False,False,False,False,False,False,True
1475,5,5,420,1080,55.0,60,9,4,98.44,False,,True,True,True,True,True,False,True,True,False,False,False,False,False,False,False,True
2171,4,5,450,1040,49.17,66,11,0,100.0,False,,True,True,False,True,True,False,False,True,False,False,False,False,False,False,False,True
907,5,5,450,1050,50.0,200,14,1,99.82,False,,True,True,True,True,True,False,True,True,False,False,False,False,False,False,False,True
2544,5,5,360,1080,60.0,90,9,2,99.43,False,,True,True,True,True,True,False,True,True,False,False,False,False,False,False,False,True
1265,5,5,450,1050,50.0,41,10,0,100.0,False,,True,True,True,True,True,False,True,True,False,False,False,False,False,False,False,True
504,5,5,360,1080,60.0,120,15,0,100.0,False,,True,True,True,True,True,False,True,True,False,False,False,False,False,False,False,True
265,5,5,390,1080,57.5,116,10,0,100.0,False,,True,True,True,True,True,False,True,True,False,False,False,False,False,False,False,True
2384,5,5,390,1080,57.5,90,15,2,99.32,True,1,True,True,True,True,True,False,True,True,False,False,False,False,False,False,False,True
618,4,5,480,870,32.5,32,12,5,97.89,False,,True,True,False,True,True,False,False,False,False,False,False,False,False,False,False,True
199,1,4,480,930,30.0,130,7,2,99.27,False,,True,True,True,True,True,False,False,True,False,False,False,False,False,False,False,True
1370,4,5,420,1080,55.0,40,9,5,96.59,False,,True,True,True,True,True,False,True,True,False,False,False,False,False,False,False,True
185,1,5,450,1080,52.5,350,8,2,98.96,False,,False,True,True,True,True,False,False,True,False,False,False,False,False,False,False,True
1364,5,5,330,1065,61.25,90,14,3,99.27,True,4,True,True,True,True,True,False,True,True,False,False,False,False,False,False,False,True
2531,1,5,540,840,25.0,65,10,0,100.0,True,1,True,True,True,True,True,False,False,True,False,False,False,False,False,False,False,False
786,5,5,390,1080,57.5,90,14,0,100.0,False,,True,True,True,True,True,False,True,True,False,False,False,False,False,False,False,True
1692,1,5,540,885,28.75,107,8,1,99.65,False,,True,True,True,True,True,False,False,True,False,False,False,False,False,False,False,True
1377,3,5,480,840,30.0,30,7,0,100.0,True,2,False,True,False,False,True,False,False,True,False,False,False,False,True,False,False,False
1207,4,5,420,1020,50.0,30,11,1,99.74,False,,True,True,False,True,True,False,True,True,False,False,False,False,False,False,False,True
2319,1,4,540,870,22.0,60,6,1,99.17,False,,False,True,True,False,True,False,False,True,False,False,False,False,False,False,False,True
2023,1,5,420,1080,17.5,60,6,2,98.29,False,,False,False,True,False,True,False,False,True,False,False,False,False,True,False,False,False
228,4,5,360,1080,60.0,70,9,1,99.72,True,1,True,True,True,True,True,False,True,True,False,False,False,False,False,False,False,True
209,5,5,405,1050,53.75,112,15,1,99.65,True,1,True,True,True,True,True,False,True,True,False,False,False,False,False,False,False,True
836,4,5,360,1080,60.0,120,26,3,99.13,True,5,True,True,True,True,True,False,True,True,False,False,False,False,False,False,False,True
1214,4,5,480,960,40.0,16,11,4,97.46,False,,True,True,False,True,True,False,False,True,False,False,False,False,False,False,False,True
211,3,5,450,1050,50.0,45,12,3,98.74,False,,True,True,True,True,True,False,True,True,False,False,False,False,False,False,False,True
2287,3,5,420,1080,55.0,80,10,2,99.47,False,,True,True,True,True,True,False,True,True,False,False,False,False,False,False,False,True
1543,5,5,360,1080,60.0,45,18,7,98.06,True,5,True,True,False,True,True,False,True,True,False,False,False,False,False,False,False,True
238,4,5,360,1080,60.0,86,21,3,98.05,False,,True,True,True,True,True,False,True,True,False,False,False,False,False,False,False,True
2514,5,5,360,1110,62.5,100,16,5,98.44,False,,True,True,True,True,True,False,True,True,False,False,False,False,False,False,False,True
1457,4,5,360,1080,60.0,180,27,6,98.14,True,5,True,True,True,True,True,False,True,True,False,False,False,False,False,False,False,True
62,3,5,420,1080,55.0,45,15,6,96.22,True,1,True,True,True,True,True,False,True,True,False,False,False,False,False,False,False,True
2034,3,5,420,1080,55.0,120,14,7,95.83,True,,False,True,True,False,True,False,True,True,False,False,False,False,False,False,False,True
1106,4,5,450,1050,50.0,30,10,5,95.35,False,,True,True,True,True,True,False,True,True,False,False,False,False,False,False,False,True
341,4,5,390,1050,55.0,99,19,0,100.0,True,3,True,True,True,True,True,False,True,True,False,False,False,False,False,False,False,True
1046,5,5,390,1050,55.0,99,15,0,100.0,False,,True,True,True,True,True,False,True,True,False,False,False,False,False,False,False,True
335,5,5,360,1080,60.0,120,9,0,100.0,False,,True,True,True,True,True,False,True,True,False,False,False,False,False,False,False,True
93,1,5,570,870,25.0,61,8,0,100.0,True,3,False,True,True,True,True,False,False,True,False,False,False,False,True,False,False,False
1019,4,5,825,1080,21.25,40,8,1,99.29,False,,False,True,True,False,True,False,True,False,False,False,False,False,True,False,False,False
2533,4,5,420,1065,53.75,150,13,1,99.8,True,1,True,True,False,True,True,False,True,True,False,False,False,False,False,False,False,True
818,1,5,360,1080,60.0,120,19,6,88.39,True,18,True,True,True,True,True,False,True,True,False,True,False,False,False,False,False,True
1706,4,5,480,840,30.0,56,6,0,100.0,False,,False,True,True,False,True,False,False,True,False,False,False,False,True,False,False,False
202,4,5,360,1080,60.0,60,17,2,93.95,False,,True,True,True,True,True,False,True,True,False,False,False,False,False,False,False,False
1150,4,5,435,1050,51.25,30,12,5,98.1,False,,True,True,True,True,True,False,True,True,False,False,False,False,False,False,False,True
2425,5,5,360,1080,60.0,100,13,2,97.14,True,6,True,True,True,True,True,False,True,True,True,True,False,False,False,False,False,True
2169,4,5,390,1050,55.0,105,15,11,93.52,True,11,True,True,True,True,True,False,True,True,False,False,False,False,False,False,False,True
497,3,5,420,510,7.5,40,7,0,100.0,False,,False,True,True,False,True,False,True,False,False,False,False,False,True,False,False,False
1247,1,5,420,1080,21.25,40,6,0,100.0,False,,False,False,True,False,True,False,False,True,False,True,False,False,True,False,False,False
1102,1,5,570,870,25.0,102,9,2,99.15,False,,True,True,True,True,True,False,False,True,False,False,False,False,False,False,False,True
1722,3,5,420,1080,55.0,106,13,4,98.14,False,,True,True,True,True,True,False,False,True,False,False,False,False,False,False,False,True
1136,5,5,390,1080,57.5,200,35,7,99.12,True,2,True,True,True,True,True,False,True,True,False,False,False,False,False,False,False,True
1968,5,5,390,1080,57.5,145,9,4,95.52,False,,True,True,True,True,True,False,True,True,False,False,False,False,False,False,False,True
1202,5,5,390,1080,57.5,145,23,1,99.78,True,1,True,True,True,True,True,False,True,True,False,False,False,False,False,False,False,True
2290,5,5,360,1080,60.0,160,27,2,99.72,True,6,True,True,True,True,True,False,True,True,False,False,False,False,False,False,False,True
371,5,5,360,1080,60.0,140,28,7,97.42,True,2,True,True,True,True,True,False,True,True,False,False,False,False,False,False,False,True
1307,4,5,390,1080,57.5,45,9,2,99.11,False,,True,True,True,True,True,False,True,False,False,False,False,False,False,False,False,True
626,5,5,360,1080,60.0,60,12,0,100.0,True,2,True,True,True,True,True,False,True,True,False,False,False,False,False,False,False,True
1740,1,5,480,1080,50.0,150,1,0,100.0,False,,False,False,True,False,True,False,False,True,False,False,False,True,False,True,False,False
1060,4,5,360,1110,62.5,60,9,5,97.28,False,,True,True,True,True,True,False,True,True,False,False,False,False,False,False,False,True
2442,4,5,390,1050,55.0,28,10,1,99.71,False,,True,True,True,True,True,False,True,True,False,False,False,False,False,False,False,True
1030,4,5,420,1050,52.5,65,12,5,98.33,False,,True,True,False,True,True,False,True,True,False,False,False,False,False,False,False,True
1719,4,5,360,1080,60.0,43,7,0,100.0,False,,True,True,True,True,True,False,True,True,False,False,False,False,False,False,False,True
2506,3,5,360,1080,28.75,50,6,4,98.08,False,,False,True,True,False,True,False,True,True,False,False,False,False,True,False,False,False
1231,3,5,360,1050,57.5,55,10,2,99.21,False,,True,True,True,True,True,False,True,True,False,False,False,False,False,False,False,True
404,2,5,390,1080,57.5,200,15,1,99.62,True,2,True,True,True,True,True,False,False,True,False,False,False,False,False,False,False,True
224,4,5,345,1050,58.75,45,9,1,99.05,False,,True,True,True,True,True,False,True,True,False,False,False,False,False,False,False,True
2110,1,5,510,930,35.0,30,6,0,100.0,False,,False,True,False,False,True,False,False,True,False,False,False,False,True,False,False,False
1948,5,5,360,1050,57.5,68,22,5,99.07,True,3,True,True,True,True,True,False,True,True,False,False,False,False,False,False,False,True
2241,4,5,390,1080,57.5,120,16,1,99.84,True,1,True,True,True,True,True,False,True,True,False,False,False,False,False,False,False,True
246,4,5,360,1080,60.0,99,12,1,99.79,False,,True,True,True,True,True,False,True,True,False,False,False,False,False,False,False,True
2283,4,5,360,1080,60.0,55,17,5,90.38,True,1,True,True,True,True,True,False,True,True,False,False,False,False,False,False,False,True
845,3,5,450,1050,50.0,87,10,2,99.44,False,,True,True,True,True,True,False,True,True,False,False,False,False,False,False,False,True
984,5,5,360,1080,60.0,99,21,4,99.23,True,4,True,True,True,True,True,False,True,True,False,False,False,False,False,False,False,True
1244,4,5,360,1080,60.0,70,29,11,97.78,False,,True,True,True,True,True,False,True,True,False,False,False,False,False,False,False,True
2065,5,5,375,1020,53.75,60,10,2,98.91,False,,True,True,True,True,True,False,True,True,False,False,False,False,False,False,False,True
1336,4,5,450,1050,50.0,80,16,2,99.32,True,1,True,True,True,True,True,False,True,True,False,False,False,False,False,False,False,True
275,5,5,360,1080,60.0,99,18,4,99.0,True,1,True,True,True,True,True,False,True,True,False,False,False,False,False,False,False,True
2407,1,5,435,1020,48.75,45,8,4,97.16,False,,True,True,True,True,True,False,False,True,False,False,False,False,True,False,False,False
1173,1,5,420,1080,26.0,30,6,1,99.52,False,,False,True,True,False,True,False,False,True,False,True,False,False,True,False,False,False
2400,1,5,405,1080,30.0,100,6,0,100.0,False,,False,False,True,False,True,False,False,True,False,True,False,False,True,False,False,False
2415,1,5,360,1080,25.5,60,6,0,100.0,False,,False,False,True,False,True,False,False,True,False,False,False,False,True,False,False,False
1226,1,5,420,1080,18.75,30,5,1,99.47,False,,False,True,True,False,True,False,False,True,False,False,False,False,True,False,False,False
2281,5,5,420,1065,53.75,114,13,2,99.42,True,2,False,True,True,True,True,False,True,True,False,False,False,False,False,False,False,True
2329,1,5,420,510,7.5,30,6,1,99.57,False,,False,True,False,False,True,False,False,True,False,False,False,False,True,False,False,False
945,1,4,570,855,19.0,176,7,3,98.81,False,,True,True,True,True,True,False,False,True,False,False,False,False,True,False,False,False
2435,1,5,450,870,35.0,17,5,0,100.0,False,,False,True,False,False,True,False,False,True,False,False,False,False,True,False,False,False
1489,5,5,360,1080,60.0,91,10,0,100.0,False,,True,True,True,True,True,False,True,True,False,False,False,False,False,False,False,True
1093,4,5,360,1080,60.0,30,9,4,98.33,False,,True,True,True,True,True,False,True,True,False,False,False,False,False,False,False,True
281,5,5,420,1080,55.0,177,13,5,96.3,False,,True,True,True,True,True,False,True,True,False,False,False,False,False,False,False,True
350,3,5,360,1080,60.0,24,12,5,92.16,False,,True,True,True,True,True,False,True,True,False,False,False,False,False,False,False,True
2081,3,5,360,1080,60.0,86,20,7,98.4,False,,True,True,True,True,True,False,True,True,False,False,False,False,False,False,False,True
1889,3,5,390,1080,57.5,82,9,8,94.92,False,,True,True,True,True,True,False,True,True,False,False,False,False,False,False,False,True
827,5,5,420,1050,52.5,60,17,5,97.25,False,,False,True,True,False,True,False,True,True,False,False,False,False,False,False,False,True
2036,4,5,360,1080,60.0,30,13,4,97.39,True,2,True,True,True,True,True,False,True,True,False,False,False,False,False,False,False,True
774,1,5,480,1020,45.0,15,9,0,100.0,False,,False,True,True,False,True,False,False,True,False,False,False,False,False,False,False,True
369,4,5,900,1050,12.5,80,12,3,98.41,False,,False,False,True,False,True,False,True,True,False,False,False,False,False,False,False,True
1584,4,5,390,1080,57.5,33,14,7,96.36,False,,True,True,True,True,True,False,True,True,False,False,False,False,False,False,False,True
1072,4,5,420,1020,50.0,40,23,9,97.89,False,,True,True,True,True,True,False,True,True,False,False,False,False,False,False,False,True
353,4,5,330,1080,62.5,36,9,6,92.9,False,,True,True,True,True,True,False,True,True,False,False,False,False,False,False,False,True
2322,5,5,420,1050,52.5,46,9,0,100.0,False,,True,True,True,True,True,False,True,True,False,False,False,False,False,False,False,True
1445,1,5,930,1110,15.0,27,8,1,99.65,False,,False,True,True,False,True,False,False,True,False,False,False,False,False,False,False,True
1975,4,5,390,1050,55.0,40,20,5,98.14,True,5,True,True,True,True,True,False,True,True,False,False,False,False,False,False,False,True
488,3,5,420,1080,55.0,140,18,5,97.62,True,1,True,True,True,True,True,False,True,True,False,False,False,False,False,False,False,True
1442,1,5,390,1080,57.5,30,26,16,94.29,True,4,True,True,True,True,True,False,False,True,False,False,False,False,False,False,False,True
26,1,5,510,930,35.0,22,6,1,99.52,False,,False,True,True,False,True,False,False,False,False,False,False,False,True,False,False,False
1392,4,5,390,1080,57.5,51,12,5,96.91,False,,True,True,True,True,True,False,True,True,False,False,False,False,False,False,False,True
1359,4,5,420,1050,52.5,21,10,4,98.64,False,,True,True,True,True,True,False,True,True,False,False,False,False,False,False,False,True
1987,1,4,510,870,24.0,20,8,1,99.36,False,,False,True,True,False,True,False,False,True,False,False,False,False,True,False,False,False
1425,5,5,390,1050,55.0,75,12,0,100.0,False,,True,True,True,True,True,False,True,True,False,True,False,False,False,False,True,True
196,5,5,390,1080,57.5,80,13,0,100.0,False,,True,True,True,True,True,False,True,True,False,False,False,False,False,False,False,True
2289,4,5,390,1080,57.5,49,16,5,98.15,True,1,True,True,True,True,True,False,True,True,False,False,False,False,False,False,False,True
1344,3,5,450,930,40.0,19,6,0,100.0,False,,False,True,False,False,True,False,False,True,False,False,False,False,True,False,False,False
1801,3,5,480,900,35.0,74,6,1,99.15,False,,False,True,False,False,True,False,False,True,False,False,False,False,True,False,False,False
1921,5,5,390,1050,55.0,84,9,0,100.0,False,,True,True,True,True,True,False,True,True,False,False,False,False,False,False,False,True
236,4,5,540,900,30.0,30,10,4,97.19,False,,True,True,True,True,True,False,True,True,False,False,False,False,False,False,False,True
1791,4,4,480,780,20.0,15,6,1,99.52,False,,False,True,True,False,True,False,False,True,False,False,False,False,True,False,False,False
1924,1,5,420,1260,33.25,75,8,1,99.68,False,,False,False,True,False,True,False,False,True,False,False,False,False,True,False,False,False
34,4,5,450,1050,50.0,24,11,2,98.99,False,,True,True,False,True,True,False,True,True,False,False,False,False,False,False,False,True
1,3,5,450,930,40.0,60,8,3,97.67,False,,False,True,False,False,True,False,False,True,False,False,False,False,True,False,False,False
1337,5,5,360,1080,60.0,112,8,1,99.68,False,,True,True,True,True,True,False,True,True,False,False,False,False,False,False,False,True
1443,4,5,390,1080,57.5,84,11,4,98.6,False,,True,True,True,True,True,False,True,True,False,False,False,False,False,False,False,True
2262,4,5,390,1050,55.0,44,9,2,98.58,False,,True,True,True,True,True,False,True,True,False,False,False,False,False,False,False,True
1301,4,5,330,1050,60.0,74,9,5,97.77,False,,True,True,True,True,True,False,True,True,False,False,False,False,False,False,False,True
687,4,5,390,1080,57.5,60,12,4,98.6,False,,True,True,True,True,True,False,True,True,False,False,False,False,False,False,False,True
1624,4,5,420,1050,52.5,90,15,6,98.27,True,2,True,True,True,True,True,False,True,True,False,False,False,False,False,False,False,True
1095,4,5,420,1050,52.5,37,13,2,99.34,False,,True,True,True,True,True,False,True,True,False,False,False,False,False,False,False,True
248,5,5,360,1080,59.5,60,11,0,100.0,False,,True,True,True,True,True,False,True,True,False,False,False,False,False,False,False,True
61,5,5,360,1080,60.0,30,13,2,99.16,False,,True,True,True,True,True,False,True,True,False,False,False,False,False,False,False,True
496,4,5,405,1050,53.75,40,9,0,100.0,False,,True,True,True,True,True,False,True,True,False,False,False,False,False,False,False,True
2204,3,5,480,1050,47.5,81,6,1,99.54,False,,False,True,False,False,True,False,False,True,False,False,False,False,True,False,False,False
2340,5,6,390,1065,64.25,64,8,0,100.0,False,,True,True,True,True,True,False,True,True,False,False,False,False,False,False,False,True
1803,4,5,390,1050,55.0,85,18,3,96.65,False,,True,True,True,True,True,False,True,True,False,False,False,False,False,False,False,True
1320,4,6,360,1380,102.0,33,7,2,99.27,False,,True,True,True,True,True,False,True,True,False,False,False,False,False,False,False,True
37,1,5,480,1020,45.0,25,10,1,99.5,False,,True,True,True,True,True,False,False,True,False,False,False,False,False,False,False,True
2039,4,5,360,1080,60.0,26,9,0,100.0,False,,True,True,True,True,True,False,False,True,False,False,False,False,True,False,False,False
2016,4,5,420,1050,52.5,200,22,3,98.14,True,2,True,True,True,True,True,False,True,True,False,False,False,False,False,False,False,True
1252,5,5,450,1050,50.0,8,9,1,99.4,False,,True,True,False,True,True,False,True,True,False,False,False,False,False,False,False,True
2475,1,5,420,1080,55.0,369,10,1,99.74,False,,True,True,True,True,True,False,False,True,False,False,False,False,False,False,False,True
1984,4,5,360,1065,58.75,60,16,4,99.2,True,1,True,True,True,True,True,False,True,True,False,False,False,False,False,False,False,True
1604,4,5,360,1050,57.5,60,10,3,98.03,False,,True,True,True,True,True,False,True,True,False,False,False,False,False,False,False,True
311,3,5,480,900,35.0,52,8,2,99.26,False,,False,True,True,False,True,False,False,True,False,False,False,False,True,False,False,False
1831,3,5,390,1050,55.0,45,11,0,100.0,False,,True,True,True,True,True,False,True,True,False,False,False,False,False,False,False,True
1497,4,5,420,1050,52.5,41,10,0,100.0,False,,True,True,True,True,True,False,True,True,False,False,False,False,False,False,False,True
2464,3,5,465,855,32.5,40,10,1,99.72,False,,False,True,False,False,True,False,False,True,False,False,False,False,True,False,False,False
1667,5,5,390,1050,55.0,60,8,4,93.54,False,,True,True,True,True,True,False,True,True,False,False,False,False,False,False,False,True
723,3,5,330,1080,62.5,55,18,10,87.73,True,1,True,True,True,True,True,False,True,True,False,False,False,False,False,False,False,True
1597,1,4,570,870,20.0,59,9,1,99.43,False,,True,True,False,True,True,False,False,True,False,False,False,False,True,False,False,False
2084,1,5,423,960,44.75,30,6,3,98.28,False,,True,True,False,True,True,False,False,True,False,False,False,False,True,False,False,False
1474,1,5,500,860,30.0,45,6,0,100.0,False,,False,True,False,False,True,False,False,True,False,False,False,False,True,False,False,False
541,4,5,420,1080,55.0,60,11,2,99.24,True,1,True,True,True,True,True,False,True,True,False,False,False,False,False,False,False,True
1185,4,5,450,1050,50.0,28,13,4,97.53,False,,False,True,True,False,True,False,True,True,False,False,False,False,False,False,False,True
1625,4,5,390,1080,57.5,150,20,8,98.1,True,1,True,True,True,True,True,False,True,True,False,False,False,False,False,False,False,True
1066,4,5,420,1050,52.5,50,10,7,95.48,False,,True,True,True,True,True,False,True,True,False,False,False,False,False,False,False,True
1453,3,5,420,900,40.0,15,13,4,97.4,True,1,False,True,False,False,True,False,False,True,False,False,False,False,True,False,False,False
989,3,5,480,930,37.5,15,7,1,98.87,False,,False,True,False,False,True,False,False,False,False,False,False,False,True,False,False,False
802,3,5,480,960,40.0,62,13,4,98.95,True,11,True,True,False,True,True,False,False,True,False,False,False,False,True,False,False,False
1036,3,5,360,1080,60.0,47,15,2,99.25,False,,True,True,True,True,True,False,True,True,False,False,False,False,False,False,False,True
1472,4,4,420,1050,42.0,30,9,1,99.7,False,,True,True,True,True,True,False,True,True,False,False,False,False,False,False,False,True
670,4,5,450,930,40.0,16,9,2,99.05,False,,True,True,False,True,True,False,True,True,False,False,False,False,False,False,False,True
568,5,5,420,1080,55.0,90,20,4,98.95,True,1,True,True,True,True,True,False,True,True,False,False,False,False,False,False,False,True
1533,3,5,480,960,40.0,8,9,3,99.05,False,,True,True,False,True,True,False,False,False,False,False,False,False,False,False,False,True
2434,4,5,390,1080,57.5,78,9,0,100.0,False,,True,True,True,True,True,False,True,True,False,False,False,False,False,False,False,True
90,5,5,300,1080,65.0,60,17,8,97.29,False,,True,True,True,True,True,False,True,True,False,False,False,False,False,False,False,True
1583,1,5,360,1080,60.0,22,8,0,100.0,False,,False,False,True,False,True,False,False,True,False,False,False,False,False,False,False,True
42,4,5,360,1080,60.0,30,16,4,97.51,True,2,True,True,True,True,True,False,True,True,False,False,False,False,False,False,False,True
1454,3,5,480,1020,45.0,45,10,0,100.0,False,,False,True,True,False,True,False,False,True,False,False,False,False,False,False,False,True
1687,4,5,420,1020,50.0,18,10,2,99.14,False,,True,True,False,True,True,False,True,True,False,False,False,False,False,False,False,True
2139,1,5,540,840,25.0,25,10,2,99.23,False,,False,True,True,False,True,False,False,True,False,False,False,False,False,False,False,True
1190,1,5,420,1080,20.0,75,6,0,100.0,False,,False,True,True,False,True,False,False,True,False,False,False,False,True,False,False,False
1593,4,5,495,1050,46.25,60,11,1,99.47,False,,False,True,True,False,True,False,True,True,False,False,False,False,True,False,False,False
146,3,5,435,1035,50.0,30,13,5,98.6,False,,True,True,True,True,True,False,True,True,False,False,False,False,False,False,False,True
17,5,5,420,1050,52.5,46,10,2,99.44,False,,True,True,True,True,True,False,True,True,False,False,False,False,False,False,False,True
158,3,5,390,1080,57.5,40,6,0,100.0,False,,False,True,True,False,True,False,True,True,False,False,False,False,True,False,False,False
1777,4,5,360,1050,57.5,60,7,3,98.53,False,,True,True,True,True,True,False,True,True,False,False,False,False,False,False,False,True
460,4,5,360,1080,60.0,45,12,2,99.1,True,1,False,True,True,False,True,False,True,True,False,False,False,False,False,False,False,True
118,1,5,420,1080,18.33,40,6,1,99.57,False,,False,False,True,False,True,False,False,True,False,False,False,False,True,False,False,False
267,1,5,390,1080,57.5,36,7,1,99.63,False,,True,True,True,True,True,False,False,True,False,False,False,False,False,False,False,True
707,5,5,390,1080,57.5,38,12,0,100.0,False,,True,True,True,True,True,False,True,True,False,False,False,False,False,False,False,True
2323,1,5,165,1080,36.58,30,8,5,95.65,False,,False,True,True,False,True,False,True,True,False,False,False,False,True,False,False,False
1303,5,5,360,1080,60.0,38,18,0,100.0,False,,True,True,True,True,True,False,True,True,False,False,False,False,False,False,False,True
1383,3,5,480,870,32.5,25,7,3,98.37,True,1,False,True,False,False,True,False,False,False,False,False,False,False,True,False,False,False
2252,4,5,330,1080,62.5,74,13,3,99.17,True,1,True,True,True,True,True,False,True,True,False,False,False,False,False,False,False,True
794,4,5,360,1080,60.0,42,14,2,99.27,True,7,True,True,True,True,True,False,True,True,False,False,False,False,False,False,False,True
854,3,5,465,885,35.0,51,9,1,99.7,True,1,False,True,False,False,True,False,False,False,False,False,False,False,True,False,False,False
533,5,5,390,1080,57.5,60,13,2,99.57,False,,True,True,True,True,True,False,True,True,False,False,False,False,False,False,False,True
441,4,5,360,1080,60.0,90,22,4,98.96,True,3,True,True,True,True,True,False,True,True,False,False,False,False,False,False,False,True
1502,5,5,375,1020,53.75,62,10,2,99.44,False,,True,True,True,True,True,False,True,True,False,False,False,False,False,False,False,True
1408,3,5,465,885,35.0,8,8,2,99.02,False,,True,True,False,True,True,False,False,True,False,False,False,False,True,False,False,False
731,5,5,390,1110,60.0,90,9,2,99.38,False,,True,True,True,True,True,False,True,True,False,True,False,False,False,False,False,True
2069,4,5,390,1080,57.5,80,22,7,96.78,True,5,True,True,True,True,True,False,True,True,False,False,False,False,False,False,False,True
1253,1,5,420,1080,55.0,134,12,3,99.15,False,,True,True,True,True,True,False,False,True,False,False,False,False,False,False,False,True
1970,5,5,420,1080,55.0,39,12,0,100.0,False,,True,True,True,True,True,False,True,True,False,False,False,False,False,False,False,True
981,4,5,420,1080,55.0,150,16,8,97.19,True,2,True,True,True,True,True,False,True,True,False,False,False,False,False,False,False,True
2503,5,5,360,1080,60.0,40,13,0,100.0,True,2,True,True,True,True,True,False,True,True,False,False,False,False,False,False,False,True
464,5,5,420,1020,50.0,75,12,3,98.83,False,,True,True,True,True,True,False,True,True,False,False,False,False,False,False,False,True
172,4,5,405,1050,53.75,55,8,1,99.36,False,,True,True,True,True,True,False,True,True,False,False,False,False,False,False,False,True
2414,3,5,360,1080,60.0,53,14,7,96.21,True,4,True,True,True,True,True,False,True,True,False,False,False,False,False,False,False,True
742,1,5,390,990,50.0,85,8,0,100.0,False,,True,True,True,True,True,False,False,True,False,False,False,False,False,False,False,True
443,4,5,360,1080,60.0,180,41,13,98.73,True,11,True,True,True,True,True,False,True,True,False,False,False,False,False,False,False,True
728,5,5,360,1080,60.0,140,13,1,99.8,False,,True,True,True,True,True,False,True,True,False,False,False,False,False,False,False,True
1965,5,5,420,1050,52.5,98,19,3,99.37,False,,True,True,True,True,True,False,True,True,False,False,False,False,False,False,False,True
2162,5,5,360,1080,60.0,58,19,5,98.91,False,,True,True,True,True,True,False,True,True,False,False,False,False,False,False,False,True
1876,4,5,390,1050,55.0,60,11,2,99.24,True,3,True,True,True,True,True,False,True,True,False,False,False,False,False,False,False,True
696,4,5,345,1200,71.25,98,12,2,99.52,False,,True,True,True,True,True,False,True,True,False,False,False,False,False,False,False,False
106,4,5,390,1080,57.5,60,14,2,99.02,True,7,True,True,False,True,True,False,True,True,False,False,False,False,False,False,False,True
2334,3,5,360,1200,70.0,43,15,9,92.23,True,1,True,True,True,True,True,False,True,True,False,False,False,False,False,False,False,True
1925,3,5,420,1080,55.0,29,10,8,92.76,False,,True,True,True,True,True,False,True,False,False,True,False,False,False,False,False,True
38,4,5,450,1050,50.0,30,10,1,99.71,False,,True,True,True,True,True,False,True,True,False,False,False,False,False,False,False,True
1378,1,5,420,1050,52.5,80,9,0,100.0,False,,True,True,True,True,True,False,False,True,False,False,False,False,False,False,False,True
515,4,5,390,1050,55.0,105,17,3,99.37,True,1,True,True,True,True,True,False,True,True,False,False,False,False,False,False,False,True
1768,4,5,390,1065,56.25,158,23,8,97.37,True,6,True,True,True,True,True,False,True,True,False,False,False,False,False,False,False,True
289,5,5,390,1080,57.5,90,19,4,98.31,True,3,True,True,True,True,True,False,True,True,False,False,False,False,False,False,False,True
917,5,5,390,1080,57.5,60,14,2,99.63,True,3,True,True,True,True,True,False,True,True,False,False,False,False,False,False,False,True
1420,3,5,360,1080,60.0,60,19,5,98.05,True,1,True,True,True,True,True,False,True,True,False,False,False,False,False,False,False,True
1149,3,5,390,1080,23.75,100,9,1,99.72,True,1,False,True,True,False,True,False,True,True,False,False,False,False,False,False,False,True
1531,4,5,360,1080,60.0,45,9,3,98.29,True,1,True,True,True,True,True,False,True,True,False,False,False,False,False,False,False,False
2472,4,5,420,1050,51.5,28,11,3,96.21,False,,False,True,True,True,True,False,True,True,False,False,False,False,False,False,False,True
1955,5,5,450,1050,50.0,190,13,1,99.78,True,2,True,True,False,True,True,False,True,True,False,False,False,False,False,False,False,True
1027,4,5,480,870,32.5,40,9,4,98.46,False,,False,True,False,False,True,False,True,True,False,False,False,False,True,False,False,True
1693,4,5,870,1050,15.0,101,12,1,99.76,True,3,True,True,False,True,True,False,True,False,False,False,False,False,True,False,False,True
2000,2,5,420,1080,55.0,112,13,2,99.13,True,1,True,True,False,True,True,False,True,True,False,False,False,False,False,False,False,True
1484,5,5,420,1050,51.5,45,9,2,99.16,False,,True,True,True,True,True,False,True,True,False,False,False,False,False,False,False,True
913,2,5,870,1080,17.5,60,9,3,97.31,True,2,False,True,True,False,True,False,True,True,False,False,False,False,True,False,False,False
1166,3,5,825,1080,21.25,40,10,1,99.43,False,,False,True,True,False,True,False,True,False,False,False,False,False,True,False,False,False
2449,4,5,360,1050,57.5,120,19,3,99.42,True,2,True,True,True,True,True,False,True,True,False,False,False,False,False,False,False,True
900,1,5,420,1065,53.75,100,6,0,100.0,False,,False,False,True,False,True,False,False,True,False,False,False,False,True,False,False,False
1461,1,5,450,1065,51.25,90,10,0,100.0,False,,True,True,True,True,True,False,False,True,False,False,False,False,False,False,False,True
1836,1,5,450,1065,51.25,60,42,8,98.85,True,11,True,True,False,True,True,False,False,True,False,False,False,False,False,False,False,True
2282,5,5,450,1050,50.0,22,9,2,99.37,False,,True,True,True,True,True,False,True,True,False,False,False,False,False,False,False,True
1404,3,5,390,1080,57.5,200,10,0,100.0,False,,True,True,True,True,True,False,False,True,False,False,False,False,False,False,False,True
2111,5,5,390,1020,52.5,60,8,2,98.9,True,1,True,True,True,True,True,False,True,True,False,False,False,False,False,False,False,True
2245,4,5,450,1050,50.0,29,11,0,100.0,False,,True,True,True,True,True,False,True,True,False,False,False,False,False,False,False,True
1682,3,5,450,1050,50.0,30,10,4,98.86,False,,True,True,True,True,True,False,True,True,False,False,False,False,False,False,False,True
2025,5,5,450,1050,50.0,50,10,4,97.71,False,,True,True,True,True,True,False,True,True,False,False,False,False,False,False,False,True
112,5,6,420,1380,86.0,45,8,1,99.36,False,,True,True,True,True,True,False,True,True,False,True,True,False,False,False,False,True
1193,4,6,390,1050,66.0,30,6,2,99.15,False,,True,True,True,True,True,False,True,False,False,False,False,False,False,False,False,True
1585,4,5,450,1080,52.5,60,11,1,99.26,False,,True,True,True,True,True,False,True,True,False,False,False,False,False,False,False,True
1297,5,5,390,1050,55.0,210,22,0,100.0,True,2,True,True,True,True,True,False,True,True,False,False,False,False,False,False,False,True
2190,4,5,360,1080,60.0,120,23,3,99.65,True,1,True,True,True,True,True,False,True,True,False,False,False,False,False,False,False,True
331,5,5,420,1050,52.5,45,10,2,98.9,False,,True,True,True,True,True,False,True,True,False,False,False,False,False,False,False,True
625,2,5,360,1080,60.0,90,18,8,94.78,True,3,True,True,False,True,True,False,True,True,False,False,False,False,False,False,False,True
1900,1,5,420,1080,55.0,45,13,8,93.31,False,,True,True,True,True,True,False,False,True,False,False,False,False,False,False,False,True
655,4,5,420,930,42.5,24,5,1,99.49,False,,True,True,False,True,True,False,True,True,False,False,False,False,True,False,False,False
2254,4,5,360,1080,60.0,80,9,0,100.0,False,,True,True,True,True,True,False,True,True,False,False,False,False,False,False,False,True
616,4,5,390,1050,55.0,35,9,2,98.79,False,,True,True,True,True,True,False,True,True,False,False,False,False,False,False,False,True
2403,2,5,360,1050,57.5,21,29,7,97.4,False,,True,True,True,True,True,False,True,True,False,True,False,False,False,False,False,True
1310,4,5,330,1050,60.0,46,12,2,99.29,True,2,True,True,True,True,True,False,True,True,False,False,False,False,False,False,False,True
675,5,5,330,1440,92.5,80,15,0,100.0,False,,True,True,True,True,True,False,True,True,False,True,True,False,False,False,False,True
876,5,5,360,1080,60.0,90,12,3,98.93,False,,True,True,True,True,True,False,True,True,False,False,False,False,False,False,False,True
1393,4,5,450,1050,50.0,30,15,6,96.97,False,,True,True,True,True,True,False,True,True,False,False,False,False,False,False,False,True
2437,3,5,390,1080,57.5,99,16,1,99.84,True,4,True,True,True,True,True,False,True,True,False,False,False,False,False,False,False,True
403,2,5,420,1080,17.5,120,9,4,98.86,False,,False,True,True,False,True,False,True,True,False,False,False,False,True,False,False,False
167,5,5,300,1080,65.0,120,13,0,100.0,True,1,True,True,True,True,True,False,True,True,False,False,False,False,False,False,False,True
2411,3,5,360,1080,60.0,44,12,3,98.24,True,2,True,True,True,True,True,False,True,True,False,False,False,False,False,False,False,True
1764,4,5,360,1050,57.5,35,12,6,96.52,False,,True,True,True,True,True,False,True,True,False,False,False,False,False,False,False,True
901,4,5,180,1800,146.5,60,9,1,99.72,False,,False,True,True,False,True,False,True,True,False,False,False,False,False,False,False,True
2456,3,5,465,885,35.0,8,9,3,97.43,False,,True,True,False,True,True,False,False,True,False,False,False,False,False,False,False,True
1294,5,5,360,1080,60.0,50,9,2,99.34,False,,True,True,True,True,True,False,True,True,False,False,False,False,False,False,False,True
22,5,5,420,1080,55.0,43,8,3,98.37,False,,True,True,True,True,True,False,True,True,False,False,False,False,False,False,False,True
611,5,5,360,1440,90.0,60,11,2,98.83,True,1,True,True,True,True,True,False,True,True,False,True,False,False,False,False,False,True
2401,3,5,390,975,48.75,59,9,6,95.74,False,,True,False,False,True,True,False,True,True,False,False,False,False,True,False,False,False
114,5,5,390,1050,55.0,130,10,0,100.0,True,1,False,True,True,True,True,False,True,True,False,False,False,False,False,False,False,True
1964,5,5,360,1080,60.0,45,14,5,96.45,True,3,True,True,True,True,True,False,True,True,False,False,False,False,False,False,False,True
2474,4,5,420,1050,52.5,30,9,1,99.72,False,,True,True,True,True,True,False,True,True,False,False,False,False,False,False,False,True
1620,1,5,450,1035,48.75,25,9,5,95.61,False,,True,True,True,True,True,False,False,True,False,False,False,False,False,False,False,True
446,5,5,390,1020,52.5,90,14,1,99.8,False,,True,True,True,True,True,False,True,True,False,False,False,False,False,False,False,True
315,5,5,390,1020,52.5,90,10,0,100.0,False,,True,True,True,True,True,False,True,False,False,False,False,False,False,False,False,True
1391,5,5,390,1020,52.5,90,16,1,99.51,False,,True,True,True,True,True,False,True,True,False,False,False,False,False,False,False,True
1439,5,5,420,1080,55.0,149,25,6,98.66,True,1,True,True,True,True,True,False,True,True,False,True,False,False,False,False,False,True
691,5,5,360,1110,62.5,52,12,5,97.97,False,,True,True,True,True,True,False,True,True,False,False,False,False,False,False,False,True
2229,5,6,360,1110,75.0,49,15,9,95.09,False,,True,True,True,True,True,False,True,True,False,False,False,False,False,False,False,True
2408,4,5,390,1050,55.0,44,11,5,96.52,False,,False,True,True,True,True,False,True,True,False,False,False,False,False,False,False,True
1697,4,5,360,1080,60.0,87,14,1,99.6,False,,True,True,False,True,True,False,True,True,False,False,False,False,False,False,False,True
977,4,5,330,1080,62.5,40,10,5,97.95,True,1,True,True,True,True,True,False,True,True,False,False,False,False,False,False,False,True
50,5,5,390,1050,55.0,28,7,0,100.0,False,,True,True,True,True,True,False,True,True,False,False,False,False,False,False,False,True
394,1,5,465,1070,50.42,65,11,5,97.25,False,,False,True,True,False,True,False,False,True,False,False,False,False,False,False,False,True
421,2,5,360,1080,60.0,26,15,11,87.84,False,,True,True,True,True,True,False,True,True,False,False,False,False,False,False,False,True
1908,4,5,330,1080,62.5,42,13,6,98.22,False,,True,True,True,True,True,False,True,True,False,False,False,False,False,False,False,True
2418,3,4,495,945,30.0,29,12,3,98.83,False,,True,True,False,True,True,False,True,True,False,False,False,False,False,False,False,True
944,4,5,390,1080,22.5,40,10,2,99.46,False,,False,True,True,False,True,False,True,True,False,False,False,False,False,False,False,True
605,5,6,360,1140,73.0,99,13,2,99.57,True,2,True,True,True,True,True,False,True,True,True,True,False,False,False,False,True,True
948,5,5,390,1050,55.0,56,11,2,99.24,True,1,True,True,True,True,True,False,True,True,False,False,False,False,False,False,False,True
307,4,5,390,1050,55.0,90,16,3,99.36,True,3,True,True,True,True,True,False,True,True,False,False,False,False,False,False,False,True
1290,3,5,420,1050,52.5,60,9,6,96.23,False,,False,True,True,False,True,False,True,False,False,False,False,False,False,False,False,True
1257,5,7,0,1439,167.88,80,11,1,99.75,False,,True,True,True,True,True,False,True,True,False,True,True,False,False,False,False,True
562,4,5,360,1080,60.0,80,11,7,95.65,False,,True,True,True,True,True,False,True,True,False,False,False,False,False,False,False,True
1643,4,5,420,1050,52.5,74,12,3,98.52,False,,True,True,True,True,True,False,True,True,False,False,False,False,False,False,False,True
123,1,5,450,1050,50.0,28,27,7,96.6,False,,True,True,True,True,True,False,False,True,False,False,False,False,False,False,False,True
1043,4,5,375,1050,56.25,40,13,5,96.72,False,,True,True,True,True,True,False,True,True,False,False,False,False,False,False,False,True
1755,5,5,330,1050,60.0,46,10,3,99.19,False,,True,True,True,True,True,False,True,True,False,False,False,False,False,False,False,True
2314,3,5,450,900,37.5,115,18,2,99.53,True,9,True,True,True,True,True,False,True,True,False,False,False,False,False,False,False,True
274,5,5,390,1080,57.5,197,13,4,99.21,False,,True,True,True,True,True,False,True,True,False,False,False,False,False,False,False,True
664,4,5,420,1050,52.5,70,12,3,99.29,False,,True,True,True,True,True,False,True,True,False,False,False,False,False,False,False,True
2261,3,5,360,1080,60.0,46,16,3,98.94,True,2,True,True,True,True,True,False,True,True,False,False,False,False,False,False,False,True
2013,4,5,330,1080,62.5,150,14,4,97.48,False,,True,True,True,True,True,False,True,True,False,False,False,False,False,False,False,True
1279,4,5,450,1050,50.0,180,15,2,99.29,True,2,True,True,True,True,True,False,True,True,False,False,False,False,False,False,False,True
1538,2,5,330,1440,92.5,120,18,11,91.83,True,1,True,True,True,True,True,False,True,True,False,True,False,False,False,False,False,True
1113,1,5,390,1080,57.5,90,37,7,98.01,True,17,True,True,True,True,True,False,False,True,False,False,False,False,False,False,False,True
844,5,5,330,1080,62.5,35,12,7,95.59,False,,True,True,True,True,True,False,True,True,False,True,False,False,False,False,False,True
1141,4,5,360,1140,64.0,55,18,7,98.6,False,,True,True,True,True,True,False,True,True,False,True,False,False,False,False,False,True
1932,2,5,360,1320,80.0,26,26,11,98.4,True,9,True,True,True,True,True,False,True,True,False,True,True,False,False,False,True,True
1529,5,5,390,1080,57.5,104,20,2,99.62,True,2,True,True,True,True,True,False,True,True,False,False,False,False,False,False,False,True
1645,1,5,420,1080,55.0,80,9,2,87.65,False,,False,True,True,False,True,False,False,True,False,False,False,True,False,True,False,False
1091,5,5,360,1050,57.5,40,10,2,99.47,False,,True,True,True,True,True,False,True,True,False,True,True,False,False,False,True,True
1605,4,5,420,1020,50.0,30,10,0,100.0,False,,False,False,True,False,True,False,True,True,False,False,False,True,True,True,False,False
287,4,5,390,1050,55.0,89,10,2,99.23,False,,True,True,True,True,True,False,True,True,False,False,False,False,False,False,False,True
668,4,5,450,930,40.0,30,12,3,98.64,False,,False,True,True,True,True,False,True,True,False,False,False,False,False,False,False,True
1429,5,5,420,990,47.5,85,12,3,99.34,True,1,True,True,False,True,True,False,True,True,False,False,False,False,True,False,False,False
1259,3,5,360,1080,60.0,90,13,3,98.83,True,1,True,True,True,True,True,False,True,True,False,False,False,False,False,False,False,True
2167,3,5,420,990,47.5,85,7,2,99.23,False,,True,True,False,True,True,False,True,True,False,False,False,False,True,False,False,False
916,5,5,390,1080,57.5,120,11,4,97.43,False,,True,True,True,True,True,False,True,True,False,False,False,False,False,False,False,True
351,2,5,390,975,48.75,65,11,1,99.3,True,1,True,True,False,True,True,False,True,True,False,False,False,False,True,False,False,False
136,4,5,420,1020,50.0,28,12,2,99.57,False,,True,True,False,True,True,False,True,True,False,False,False,False,True,False,False,False
978,1,5,450,960,42.5,30,6,0,100.0,False,,True,True,False,True,True,False,False,True,False,False,False,False,True,False,False,False
908,1,5,420,1035,51.25,30,9,1,99.7,False,,True,True,True,True,True,False,True,True,False,False,False,False,False,False,False,True
1738,4,5,390,1050,55.0,90,19,4,99.28,True,4,True,True,True,True,True,False,True,True,False,False,False,False,False,False,False,True
1683,4,4,480,900,28.0,148,13,3,98.13,False,,True,True,True,True,True,False,True,True,False,False,False,False,False,False,False,True
1335,5,5,360,1080,60.0,80,12,2,99.36,False,,True,True,True,True,True,False,True,False,False,False,False,False,False,False,False,True
379,5,5,360,1050,57.5,82,11,2,99.24,False,,True,True,True,True,True,False,True,True,False,False,False,False,False,False,False,True
947,3,5,405,990,48.75,60,11,3,98.75,False,,True,True,False,True,True,False,True,True,False,False,False,False,True,False,False,False
1969,5,5,390,1080,57.5,139,22,6,98.74,True,4,True,True,True,True,True,False,True,True,False,False,False,False,False,False,False,True
234,1,5,540,870,27.5,125,10,3,99.09,False,,True,True,True,True,True,False,False,True,False,False,False,False,False,False,False,True
806,4,5,420,1080,55.0,30,14,9,94.82,False,,True,True,True,True,True,False,True,True,False,False,False,False,False,False,False,True
807,3,5,450,1050,50.0,16,11,1,99.24,False,,True,True,True,True,True,False,True,True,False,False,False,False,False,False,False,True
1949,5,5,405,1050,53.75,90,9,1,99.67,False,,True,True,True,True,True,False,True,True,False,False,False,False,False,False,False,True
1099,3,5,360,1080,60.0,33,11,2,99.29,False,,True,True,True,True,True,False,True,True,False,False,False,False,False,False,False,True
425,5,5,390,1080,57.5,172,17,0,100.0,False,,True,True,True,True,True,False,True,True,False,False,False,False,False,False,False,True
1992,5,5,390,1080,56.5,378,21,1,99.88,True,2,True,True,True,True,True,False,True,True,False,False,False,False,False,False,False,True
1162,3,5,420,1020,50.0,20,11,2,99.29,False,,False,True,True,True,True,False,True,True,False,False,False,False,False,False,False,True
2161,5,5,330,1050,55.0,100,12,2,98.83,False,,True,True,True,True,True,False,True,True,False,False,False,False,False,False,False,True
674,5,7,360,1290,96.5,54,9,2,99.1,False,,True,True,True,True,True,False,True,True,False,True,False,False,False,False,True,True
1357,4,5,450,990,45.0,53,14,0,100.0,True,1,True,True,False,True,True,False,True,True,False,False,False,False,False,False,False,True
2156,5,5,360,1080,60.0,45,9,3,98.37,False,,True,True,True,True,True,False,True,True,False,False,False,False,False,False,False,True
909,4,5,420,1020,50.0,80,12,2,98.17,True,1,True,True,False,True,True,False,True,True,False,False,False,False,False,False,False,True
1587,4,5,390,1080,57.5,142,13,1,99.8,True,2,True,True,True,True,True,False,False,True,False,False,False,False,False,False,False,True
476,4,5,390,1050,55.0,84,16,8,97.76,False,,True,True,True,True,True,False,True,True,False,False,False,False,False,False,False,True
761,3,5,390,1050,55.0,47,9,4,98.8,False,,True,True,True,True,True,False,True,True,False,False,False,False,False,False,False,True
560,4,5,420,1050,52.5,120,19,8,98.15,False,,True,True,False,True,True,False,True,True,False,False,False,False,False,False,False,True
1534,4,5,360,1080,60.0,60,16,9,96.09,True,2,True,True,True,True,True,False,True,True,False,True,True,False,False,False,True,True
2117,4,5,420,1050,52.5,30,11,1,99.77,False,,True,True,True,True,True,False,True,True,False,False,False,False,False,False,False,True
2141,5,5,420,1050,52.5,132,16,4,99.36,True,1,True,True,False,True,True,False,True,True,False,False,False,False,False,False,False,True
2489,5,5,420,1050,52.5,60,13,2,99.59,False,,True,True,True,True,True,False,True,True,False,False,False,False,False,False,False,True
1942,1,5,360,1080,60.0,76,11,2,99.02,False,,True,True,True,True,True,False,False,True,False,False,False,False,False,False,False,True
68,5,5,360,1080,60.0,160,18,4,99.29,True,2,True,True,True,True,True,False,True,True,False,False,False,False,False,False,False,True
873,3,5,480,930,37.5,18,6,1,99.54,False,,False,True,False,False,True,False,False,True,False,False,False,False,True,False,False,False
718,2,5,360,1110,62.5,361,11,0,100.0,True,1,True,True,True,True,True,False,False,True,False,False,False,False,False,False,False,True
920,4,5,360,1080,60.0,76,10,2,99.22,False,,True,True,True,True,True,False,True,True,False,False,False,False,False,False,False,True
1332,3,5,405,1050,53.75,36,14,4,98.61,True,2,True,True,True,True,True,False,True,True,False,False,False,False,False,False,False,True
1824,3,5,450,960,42.5,24,11,1,99.53,False,,True,True,False,True,True,False,True,True,False,False,False,False,False,False,False,True
1823,5,5,420,1050,52.5,57,9,3,98.87,False,,True,True,True,True,True,False,True,True,False,False,False,False,False,False,False,True
1087,5,5,390,1080,57.5,206,22,0,100.0,True,9,True,True,True,True,True,False,True,True,False,False,False,False,False,False,False,True
1267,2,5,390,1110,28.0,60,8,2,99.29,False,,False,True,True,False,True,False,False,True,False,False,False,False,False,False,False,True
2,4,5,360,1050,57.5,80,28,17,95.92,True,4,True,True,True,True,True,False,True,True,False,False,False,False,False,False,False,True
1305,3,5,450,930,40.0,28,10,3,98.2,False,,True,True,False,True,True,False,True,True,False,False,False,False,True,False,False,False
2304,4,5,360,1110,62.5,41,18,4,98.37,True,6,True,True,True,True,True,False,True,False,False,True,False,False,False,False,False,True
652,4,5,450,1050,50.0,180,23,2,99.75,False,,True,True,False,True,True,False,True,True,False,False,False,False,False,False,False,True
1209,1,5,450,1020,47.5,55,6,1,99.55,False,,True,True,False,True,True,False,False,True,False,False,False,False,False,False,False,True
8,5,5,435,1065,52.5,95,18,2,99.41,True,1,True,True,True,True,True,False,True,True,False,False,False,False,False,False,False,True
2080,2,5,450,930,40.0,30,9,3,98.41,False,,True,True,False,True,True,False,True,True,False,False,False,False,True,False,False,False
1903,2,5,540,870,27.5,100,6,0,100.0,False,,False,True,True,True,True,False,True,False,False,False,False,False,True,False,False,False
2310,4,5,390,1110,60.0,30,15,7,96.39,True,1,True,True,True,True,True,False,True,True,False,True,True,False,False,False,False,True
2513,3,5,390,1080,57.5,217,12,0,100.0,False,,True,True,True,True,True,False,False,False,False,False,False,False,False,False,False,True
1132,4,5,360,1080,60.0,45,24,2,97.8,True,1,True,True,False,True,True,False,True,True,False,False,False,False,False,False,False,True
1456,4,5,390,1050,55.0,30,10,2,99.09,False,,True,True,True,True,True,False,True,True,False,False,False,False,False,False,False,True
31,3,5,825,1080,21.25,60,8,2,98.43,False,,False,True,True,False,True,False,True,True,False,False,False,False,True,False,False,False
799,3,5,390,1080,57.5,30,11,2,99.07,False,,True,True,True,True,True,False,True,True,False,True,False,False,False,False,False,True
1720,1,5,510,860,29.17,54,11,2,98.99,True,1,False,True,False,True,True,False,False,True,False,False,False,False,False,False,False,True
1090,2,5,180,1035,93.25,38,10,0,100.0,False,,False,False,True,False,True,False,True,True,False,False,False,False,False,False,False,True
959,4,5,360,1080,60.0,40,11,4,98.42,True,1,True,True,True,True,True,False,True,True,False,False,False,False,False,False,False,True
502,5,6,360,1440,108.0,100,17,5,97.24,False,,True,True,True,True,True,False,True,True,False,True,False,False,False,False,False,True
1375,1,5,420,1080,17.17,60,7,2,97.57,False,,False,False,True,False,True,False,False,True,False,True,False,False,True,False,False,False
512,5,5,420,1080,55.0,150,18,4,99.43,True,1,True,True,True,True,True,False,True,True,False,False,False,False,False,False,False,True
925,3,5,900,1080,15.0,50,8,2,99.04,True,2,False,True,True,False,True,False,True,True,False,False,False,False,True,False,False,False
430,5,5,390,1080,57.5,89,14,0,100.0,True,2,True,True,True,True,True,False,True,False,False,False,False,False,False,False,False,True
732,4,5,390,1080,57.5,90,29,10,95.94,True,13,True,True,True,True,True,False,True,True,False,False,False,False,False,False,False,True
435,5,5,450,1050,50.0,60,19,8,97.52,True,6,True,True,True,True,True,False,True,True,False,False,False,False,False,False,False,True
2300,4,5,420,1080,77.5,40,11,1,99.74,True,2,False,True,True,False,True,False,True,True,False,False,False,False,False,False,False,True
2470,5,5,300,1080,65.0,120,11,2,99.51,True,1,True,True,True,True,True,False,True,True,False,False,False,False,False,False,False,True
894,4,5,390,1080,57.5,80,26,4,99.46,True,2,True,True,False,True,True,False,True,True,False,False,False,False,False,False,False,True
1051,3,5,870,1080,15.5,50,8,0,100.0,False,,False,True,True,False,True,False,True,True,False,False,False,False,False,False,False,True
1406,5,5,420,1050,52.5,30,11,4,97.97,True,2,False,True,True,False,True,False,True,True,False,False,False,False,False,False,False,True
868,5,5,360,1080,60.0,94,12,1,99.79,False,,True,True,True,True,True,False,True,True,False,False,False,False,False,False,False,True
1021,5,5,420,1050,52.5,60,8,0,100.0,False,,True,True,True,True,True,False,True,True,False,False,False,False,False,False,False,True
429,5,5,390,1080,57.5,60,13,0,100.0,False,,True,True,True,True,True,False,True,True,False,False,False,False,False,False,False,True
1088,5,5,420,1050,52.5,33,8,0,100.0,False,,True,True,False,True,True,False,True,True,False,False,False,False,False,False,False,True
1655,4,5,405,1020,12.5,60,9,6,96.3,False,,False,True,True,False,True,False,False,True,False,False,False,False,False,False,False,True
2551,4,7,0,1439,167.88,30,15,5,97.0,True,7,True,True,True,True,True,False,True,True,False,False,False,False,False,False,False,True
2035,2,5,420,1080,55.0,240,11,2,99.53,False,,True,True,True,True,True,False,False,True,False,False,False,False,False,False,False,True
643,5,5,420,1020,50.0,45,7,1,98.37,False,,True,True,True,True,True,False,False,True,False,False,False,False,False,True,False,False
1816,5,5,360,1140,65.0,60,11,3,98.15,True,2,True,True,True,True,True,False,True,True,False,False,False,False,False,False,False,True
1140,5,5,360,1440,90.0,60,9,1,99.72,True,2,True,True,True,True,True,False,True,True,False,True,False,False,False,False,False,True
693,5,5,450,1080,52.5,60,8,5,94.93,False,,True,True,True,True,True,False,True,True,False,False,False,False,False,False,False,True
585,4,5,450,1050,50.0,30,11,6,95.29,True,1,True,True,False,True,True,False,True,True,False,False,False,False,False,False,False,True
793,5,5,360,1050,57.5,75,11,5,96.68,False,,True,True,True,True,True,False,True,True,False,False,False,False,False,False,False,True
1806,5,5,390,1080,57.5,145,25,6,97.65,True,8,False,False,False,False,True,False,True,False,False,False,False,False,False,False,False,True
2216,3,5,420,1080,55.0,220,12,2,99.54,False,,False,False,True,False,True,False,True,True,False,False,False,False,False,False,False,True
1640,3,5,450,1050,50.0,47,11,3,99.0,True,1,True,True,True,True,True,False,True,True,False,False,False,False,False,False,False,True
2351,5,5,390,1050,55.0,68,11,0,100.0,False,,True,True,True,True,True,False,True,True,False,False,False,False,False,False,False,True
21,3,5,390,990,50.0,120,10,2,99.49,False,,True,True,False,True,True,False,True,True,False,False,False,False,True,False,False,False
1020,3,5,480,930,37.5,20,6,0,100.0,False,,False,True,False,False,True,False,False,True,False,False,False,False,True,False,False,False
2135,3,5,465,1005,45.0,40,9,2,99.39,False,,True,True,True,True,True,False,False,True,False,False,False,False,False,False,False,True
1157,5,5,420,1050,52.5,44,10,2,99.43,False,,True,True,True,True,True,False,True,True,False,False,False,False,False,False,False,True
1285,5,5,420,1080,55.0,103,10,2,99.47,False,,True,True,True,True,True,False,True,True,False,False,False,False,False,False,False,True
156,2,5,420,1080,18.5,55,7,2,98.88,False,,False,True,True,False,True,False,True,True,False,False,False,False,True,False,False,False
757,3,5,420,1080,55.0,85,15,9,94.14,True,1,True,True,True,True,True,False,True,True,False,False,False,False,False,False,False,True
2460,1,4,510,900,26.0,28,10,4,97.56,False,,False,True,True,False,True,False,False,True,False,False,False,False,True,False,False,False
511,5,5,360,1080,60.0,90,13,2,99.61,False,,True,True,True,True,True,False,True,True,False,False,False,False,False,False,False,True
89,4,5,420,1050,52.5,90,12,6,96.4,False,,True,True,True,True,True,False,True,True,False,False,False,False,False,False,False,True
2147,1,5,450,1050,50.0,18,10,5,97.05,False,,False,True,True,False,True,False,False,True,False,False,False,False,False,False,False,True
869,4,5,360,1080,60.0,60,10,2,99.49,False,,True,True,True,True,True,False,True,True,False,False,False,False,False,False,False,True
866,5,5,420,1050,52.5,60,13,5,98.39,True,3,True,True,False,True,True,False,True,True,False,False,False,False,False,False,False,True
1362,4,5,360,1080,60.0,80,15,6,96.36,True,4,True,True,True,True,True,False,True,True,False,True,False,False,False,False,False,True
270,3,5,390,1080,20.0,60,7,3,98.78,False,,False,True,True,False,True,False,True,True,False,False,False,False,True,False,False,False
734,3,5,900,1080,15.0,100,6,5,96.58,False,,False,True,True,False,True,False,True,False,False,False,False,False,True,False,False,False
2307,3,5,390,1080,16.25,100,10,0,100.0,False,,False,True,True,False,True,False,True,True,False,False,False,False,True,False,False,False
1369,4,5,420,1080,55.0,57,10,3,98.74,False,,False,False,True,False,True,False,True,False,False,False,False,False,False,False,False,True
2511,3,4,390,1080,14.67,60,9,2,99.37,False,,False,True,True,False,True,False,True,True,False,False,False,False,True,False,False,False
1981,4,5,390,1080,57.5,105,11,2,99.51,True,1,True,True,True,True,True,False,True,True,False,True,False,False,False,False,False,True
1512,2,5,390,1080,57.5,214,12,0,100.0,False,,True,True,True,True,True,False,False,True,False,False,False,False,False,False,False,True
879,3,5,330,1080,62.5,120,12,3,98.72,True,1,True,True,True,True,True,False,True,False,False,False,False,False,False,False,False,True
1974,4,5,360,1080,60.0,50,10,2,98.88,True,1,False,False,True,False,True,False,True,True,False,False,False,False,False,False,False,True
1944,3,5,390,1050,55.0,30,12,9,90.14,False,,True,True,True,True,True,False,False,True,False,False,False,False,False,False,False,True
2439,4,5,390,1050,55.0,117,20,8,95.84,True,2,True,True,True,True,True,False,True,True,False,False,False,False,False,False,False,True
1618,5,5,360,1080,60.0,24,10,4,98.38,False,,True,True,True,True,True,False,True,True,False,False,False,False,False,False,False,True
203,4,5,435,915,40.0,25,8,2,98.6,False,,True,True,False,True,True,False,False,True,False,False,False,False,True,False,False,True
2480,4,5,480,920,36.67,25,8,2,99.29,False,,True,True,False,True,True,False,False,True,False,False,False,False,False,False,False,True
1862,4,5,480,920,36.67,17,6,0,100.0,False,,False,True,False,False,True,False,False,True,False,False,False,False,True,False,False,False
1339,4,5,450,1050,50.0,50,9,3,99.05,False,,True,True,False,True,True,False,False,True,False,False,False,False,False,False,False,True
1281,4,5,465,885,35.0,20,6,3,98.57,False,,False,True,False,False,True,False,False,True,False,False,False,False,True,False,False,False
1048,4,5,480,930,37.5,16,6,4,98.09,False,,False,True,False,False,True,False,False,False,False,False,False,False,True,False,False,False
1632,4,5,450,1050,50.0,24,8,0,100.0,False,,True,True,False,True,True,False,False,True,False,False,False,False,False,False,False,True
1007,4,5,475,910,36.25,42,7,0,100.0,False,,True,True,False,True,True,False,False,True,False,False,False,False,False,False,False,True
366,4,5,495,915,35.0,66,7,0,100.0,False,,False,True,False,False,True,False,False,True,False,False,False,False,True,False,False,False
581,4,5,480,900,35.0,34,7,1,99.59,False,,False,True,False,False,True,False,False,True,False,False,False,False,True,False,False,False
1181,4,5,480,900,35.0,25,8,0,100.0,False,,False,True,False,False,True,False,False,False,False,False,False,False,False,False,False,True
974,1,5,465,885,35.0,16,8,0,100.0,False,,True,True,False,True,True,False,False,True,False,False,False,False,False,False,False,True
927,4,5,480,910,35.83,55,8,1,99.29,True,3,False,True,False,False,True,False,False,False,False,False,False,False,True,False,False,False
2279,4,5,450,960,42.5,40,7,3,98.75,False,,True,True,False,True,True,False,False,True,False,False,False,False,False,False,False,True
2095,4,5,465,870,33.75,42,9,1,98.41,False,,True,True,False,True,True,False,False,True,False,False,False,False,False,False,False,True
846,4,5,465,870,33.75,40,8,3,97.23,False,,True,True,True,True,True,False,False,True,False,False,False,False,False,False,False,True
2079,4,5,450,930,40.0,40,8,2,98.97,False,,True,True,False,True,True,False,False,True,False,False,False,False,False,False,False,True
96,4,5,420,1050,52.5,43,14,1,99.8,False,,True,True,False,True,True,False,True,True,False,False,False,False,False,False,False,True
381,5,5,420,1050,52.5,100,9,1,99.72,False,,True,True,True,True,True,False,True,True,False,False,False,False,False,False,False,True
1460,5,5,330,1050,60.0,150,9,1,99.7,False,,True,True,True,True,True,False,True,True,False,False,False,False,False,False,False,True
1956,4,5,420,1080,55.0,60,10,3,99.18,False,,True,True,True,True,True,False,True,True,False,True,False,False,False,False,False,True
929,4,5,300,1050,62.5,52,10,2,99.16,True,1,True,True,True,True,True,False,True,True,False,False,False,False,False,False,False,True
953,5,5,450,990,45.0,21,10,0,100.0,False,,True,True,False,True,True,False,True,True,False,False,False,False,False,False,False,True
1966,4,5,390,1065,56.25,81,12,5,98.16,False,,True,True,True,True,True,False,True,True,False,False,False,False,False,False,False,True
863,1,5,435,945,42.5,15,6,1,98.75,False,,True,True,False,True,True,False,False,True,False,False,False,False,True,False,False,False
1647,5,5,420,1080,55.0,77,10,1,93.33,False,,True,True,True,True,True,False,True,True,False,False,False,False,False,False,False,True
2398,5,5,360,1080,60.0,40,11,4,94.31,False,,True,True,True,True,True,False,True,True,False,False,False,False,False,False,False,True
463,4,5,360,1080,60.0,56,11,4,92.57,True,2,True,True,True,True,True,False,True,True,False,True,False,False,False,False,False,True
2494,5,5,360,1140,65.0,165,16,5,96.96,True,1,True,True,True,True,True,False,True,True,False,True,False,False,False,False,False,True
1819,5,5,390,1110,60.0,160,42,13,98.6,True,12,True,True,True,True,True,False,True,True,False,False,False,False,False,False,False,True
2092,4,5,390,1080,57.5,90,12,5,96.84,True,1,True,True,True,True,True,False,True,True,False,True,False,False,False,False,False,True
1002,4,5,360,1080,60.0,52,17,10,95.49,True,1,True,True,True,True,True,False,True,True,False,False,False,False,False,False,False,True
2393,3,5,375,1080,58.75,80,22,2,99.25,False,,True,True,False,True,True,False,True,True,False,False,False,False,False,False,False,True
363,4,5,420,1050,52.5,60,18,9,97.04,True,2,True,True,True,True,True,False,True,True,False,False,False,False,False,False,False,True
892,5,5,360,1050,57.5,93,8,4,98.17,True,1,True,True,False,True,True,False,True,True,False,False,False,False,False,False,False,True
324,5,5,390,1080,57.5,40,10,7,97.8,False,,True,True,True,True,True,False,True,True,False,False,False,False,False,False,False,True
227,1,5,420,1065,53.75,84,13,4,97.46,True,2,True,True,False,True,True,False,False,True,False,False,False,False,False,False,False,True
473,3,6,420,1080,63.0,30,9,3,98.05,False,,True,True,True,True,True,False,True,True,False,False,False,False,False,False,True,True
1363,5,5,450,1020,47.5,42,8,1,99.68,False,,True,True,False,True,True,False,True,True,False,False,False,False,False,False,False,True
2421,5,5,390,1050,55.0,60,36,11,98.56,True,8,True,True,True,True,True,False,True,True,False,False,False,False,False,False,False,True
1405,4,5,360,1140,65.0,30,14,6,97.37,False,,True,True,True,True,True,False,True,True,False,True,False,False,False,False,True,True
1223,4,5,450,1020,47.5,30,10,1,99.71,False,,True,True,True,True,True,False,True,True,False,False,False,False,False,False,False,True
520,5,5,450,1050,50.0,65,15,6,97.38,False,,True,True,True,True,True,False,True,True,False,False,False,False,False,False,False,True
2370,4,5,390,1080,57.5,60,13,1,99.77,True,1,True,True,False,True,True,False,True,True,False,False,False,False,False,False,False,True
373,3,5,390,1080,57.5,98,11,5,98.27,False,,False,True,True,True,True,False,True,True,False,False,False,False,False,False,False,True
1637,5,5,420,1050,52.5,140,11,2,99.25,False,,True,True,False,True,True,False,True,True,False,False,False,False,False,False,False,True
2423,2,7,0,1439,167.88,26,6,2,96.4,False,,False,True,True,False,True,False,True,True,False,False,False,False,False,False,False,True
1845,5,5,390,1080,57.5,75,21,6,97.74,True,6,True,True,True,True,True,False,True,True,False,False,False,False,False,False,False,True
1143,4,5,360,1080,60.0,175,38,12,98.21,True,6,True,True,True,True,True,False,True,True,False,False,False,False,False,False,False,True
2500,4,5,420,1050,52.5,77,16,4,99.13,True,1,True,True,True,True,True,False,True,True,False,False,False,False,False,False,False,True
1729,5,5,390,1080,30.0,80,15,2,99.64,False,,False,True,True,False,True,False,True,True,False,False,False,False,False,False,False,True
2309,4,5,420,1080,55.0,60,14,3,99.39,False,,True,True,True,True,True,False,True,True,False,True,False,False,False,False,False,True
546,1,3,510,1050,27.0,93,27,16,93.93,True,3,True,True,True,True,True,False,True,True,False,False,False,False,False,False,False,True
1441,1,5,390,1080,20.42,50,8,2,99.05,False,,False,True,True,False,True,False,False,False,False,False,False,False,True,False,False,False
2419,2,5,390,1080,20.42,20,6,4,95.38,False,,False,False,True,False,True,False,True,False,False,False,False,False,True,False,False,False
1959,2,5,390,1080,23.75,60,7,3,98.53,False,,False,True,True,False,True,False,True,False,False,False,False,False,True,False,False,False
1025,2,5,390,1080,25.0,80,10,2,98.49,False,,False,True,True,False,True,False,True,False,False,False,False,False,False,False,False,True
1951,5,5,360,1050,57.5,80,14,3,99.01,False,,True,True,True,True,True,False,True,True,False,False,False,False,False,False,False,True
2142,2,5,390,1080,23.75,50,9,2,99.16,False,,False,False,True,False,True,False,True,False,False,False,False,False,True,False,False,False
215,1,5,390,1080,23.75,60,8,1,99.68,False,,False,True,True,False,True,False,False,False,False,False,False,False,False,False,False,True
518,2,5,390,1080,23.75,40,6,0,100.0,False,,False,False,True,False,True,False,True,False,False,False,False,False,True,False,False,False
855,1,5,390,1080,20.5,59,8,0,100.0,False,,False,False,True,False,True,False,False,False,False,False,False,False,True,False,False,False
1880,1,5,390,1080,20.42,50,7,0,100.0,False,,False,True,True,False,True,False,False,False,False,False,False,False,True,False,False,False
1003,2,5,390,1165,32.83,60,11,1,99.77,False,,False,True,True,False,True,False,True,False,False,False,False,False,True,False,False,False
1345,1,5,390,1080,20.83,80,8,1,99.38,False,,False,False,True,False,True,False,False,False,False,False,False,False,True,False,False,False
1271,1,5,390,1080,24.17,70,9,3,98.6,False,,False,False,True,False,True,False,False,False,False,False,False,False,True,False,False,False
1291,1,5,390,1080,20.42,80,8,1,99.68,False,,False,True,True,False,True,False,False,False,False,False,False,False,True,False,False,False
1177,2,5,390,1080,22.5,80,8,0,100.0,True,1,False,False,True,False,True,False,True,False,False,False,False,False,True,False,False,False
2106,1,5,390,1080,20.42,50,9,4,98.29,False,,False,True,True,False,True,False,False,False,False,False,False,False,True,False,False,False
319,2,5,390,1080,20.42,50,8,4,98.41,False,,False,True,True,False,True,False,False,False,False,False,False,False,True,False,False,False
1513,1,5,390,1080,21.08,50,8,2,99.05,False,,False,True,True,False,True,False,False,False,False,False,False,False,True,False,False,False
137,1,5,390,1080,21.08,38,8,2,98.46,False,,False,False,True,False,True,False,False,False,False,False,False,False,True,False,False,False
2535,2,5,420,1080,55.0,40,8,2,99.05,False,,False,True,True,False,True,False,True,False,False,False,False,False,True,True,False,False
598,5,5,420,1050,52.5,140,7,3,97.8,False,,True,True,True,True,True,False,True,True,False,False,False,False,False,False,False,True
1174,4,5,360,1080,60.0,119,16,1,99.84,True,1,True,True,True,True,True,False,True,True,False,False,False,False,False,False,False,True
87,1,5,420,1020,58.0,112,9,3,98.76,True,1,True,True,False,True,True,False,False,True,False,False,False,False,True,False,False,False
1651,5,5,360,1080,60.0,99,17,1,99.85,False,,True,True,True,True,True,False,True,True,False,False,False,False,False,False,False,True
1947,3,5,870,1050,15.0,101,12,1,99.77,False,,False,True,True,False,True,False,True,True,False,False,False,False,False,False,False,True
2109,3,5,900,1080,15.0,40,6,2,97.55,False,,False,True,True,False,True,False,True,True,False,False,False,False,True,False,False,False
967,1,5,360,1080,28.75,30,5,2,98.89,False,,False,True,True,False,True,False,False,True,False,False,False,False,True,False,False,False
996,5,5,420,1050,52.5,47,12,0,100.0,False,,True,True,False,True,True,False,True,True,False,False,False,False,False,False,False,True
1660,4,5,360,1080,60.0,60,13,1,99.79,False,,True,True,True,True,True,False,True,True,False,False,False,False,False,False,False,True
1323,5,5,420,1050,52.5,40,20,6,98.79,True,4,True,True,True,True,True,False,True,True,False,False,False,False,False,False,False,True
764,4,5,360,1260,75.0,30,10,1,99.74,False,,True,True,True,True,True,False,True,True,False,True,False,False,False,False,False,True
1390,4,6,420,1050,63.0,59,11,4,98.14,False,,True,True,True,True,True,False,True,True,False,False,False,False,False,False,False,True
2284,4,5,420,1080,55.0,23,19,8,97.79,True,1,True,True,True,True,True,False,True,True,False,False,False,False,False,False,False,True
861,1,5,420,1080,55.0,45,11,0,100.0,True,1,True,True,True,True,True,False,False,True,False,False,False,False,False,False,False,True
542,5,5,420,1050,52.5,170,13,2,99.61,True,2,False,True,False,True,True,False,True,True,False,False,False,False,False,False,False,True
2308,5,5,360,1200,70.0,198,30,0,100.0,True,3,True,True,True,True,True,False,True,True,False,True,False,False,False,False,False,True
2118,4,5,420,1050,52.5,60,15,1,99.66,False,,True,True,True,True,True,False,True,True,False,False,False,False,False,False,False,True
16,4,5,360,1080,60.0,90,13,2,97.88,False,,False,True,True,False,True,False,True,True,False,False,False,False,False,False,False,True
746,2,5,420,1050,52.5,30,19,4,99.24,True,3,True,True,True,True,True,False,True,True,False,False,False,False,False,False,False,True
882,1,5,450,930,40.0,21,7,2,99.27,False,,False,True,True,False,True,False,False,False,False,False,False,False,True,False,False,False
2430,3,5,360,1080,60.0,20,29,3,99.65,False,,False,True,True,False,True,False,True,True,False,False,False,False,False,False,False,True
1415,4,5,360,1410,87.5,90,18,3,98.87,False,,True,True,True,True,True,False,True,True,False,True,False,False,False,False,False,True
1028,4,5,450,1035,48.75,51,15,4,98.24,True,4,True,True,True,True,True,False,True,True,False,False,False,False,False,False,False,True
1893,4,5,420,1050,52.5,35,12,3,98.62,True,2,True,True,True,True,True,False,True,True,False,False,False,False,False,False,False,True
2385,5,5,390,1080,57.5,99,10,4,98.95,False,,True,True,True,True,True,False,True,True,False,False,False,False,False,False,False,True
911,1,5,390,1020,52.5,150,18,4,99.4,True,3,True,True,False,True,True,False,False,True,False,False,False,False,True,False,False,False
422,1,4,480,930,30.0,26,10,3,98.26,False,,False,True,True,False,True,False,False,True,False,False,False,False,False,False,False,True
658,5,5,390,1050,55.0,43,11,1,99.53,False,,True,True,True,True,True,False,True,True,False,False,False,False,False,False,False,True
814,2,5,390,1080,57.5,50,8,1,99.04,False,,True,True,True,True,True,False,True,True,False,False,False,False,False,False,False,True
539,5,5,420,990,47.5,100,14,4,98.89,False,,True,True,True,True,True,False,True,True,False,False,False,False,True,False,False,False
2488,4,5,390,1050,55.0,40,16,3,99.32,False,,True,True,False,True,True,False,True,True,False,False,False,False,False,False,False,True
2223,5,5,420,1080,55.0,58,11,1,99.77,False,,True,True,True,True,True,False,True,True,False,False,False,False,False,False,False,True
1212,4,5,390,1080,57.5,30,19,4,98.92,True,2,True,True,True,True,True,False,True,True,False,False,False,False,False,False,False,True
144,4,5,360,1050,57.5,90,16,9,96.4,False,,True,True,True,True,True,False,True,True,False,False,False,False,False,False,False,True
235,3,5,420,1080,55.0,40,11,7,97.2,False,,False,True,True,False,True,False,True,True,False,False,False,False,False,False,False,True
1300,4,5,330,1080,62.5,88,11,4,98.74,False,,True,True,True,True,True,False,True,True,False,False,False,False,False,False,False,True
1840,5,5,420,1050,52.5,60,10,2,99.49,True,1,True,True,False,True,True,False,True,True,False,False,False,False,False,False,False,True
639,2,5,420,1080,55.0,75,12,3,98.73,False,,True,True,True,True,True,False,False,True,False,False,False,False,False,False,False,True
2186,5,5,420,1080,55.0,200,13,4,98.62,False,,True,True,True,True,True,False,False,True,False,False,False,False,False,False,False,True
399,2,5,900,1080,15.0,150,11,3,98.56,False,,False,False,True,False,True,False,True,True,False,False,False,False,True,False,False,False
2108,4,5,450,1050,50.0,30,16,6,96.68,True,8,True,True,True,True,True,False,True,True,False,False,False,False,False,False,False,True
1422,5,5,450,1050,50.0,48,10,0,100.0,True,2,True,True,True,True,True,False,True,True,False,False,False,False,False,False,False,True
65,4,5,420,900,40.0,15,8,0,100.0,False,,True,True,False,True,True,False,True,True,False,False,False,False,True,False,False,False
1960,5,5,420,1050,52.5,60,10,1,99.72,False,,True,True,True,True,True,False,True,True,False,False,False,False,False,False,False,True
1317,3,5,420,1050,52.5,52,3,1,99.15,False,,True,True,False,True,True,False,True,True,False,False,False,False,False,False,False,True
1776,5,5,360,1080,60.0,80,13,1,99.8,False,,True,True,True,True,True,False,True,True,False,False,False,False,False,False,False,True
851,3,5,450,1050,50.0,60,11,6,95.46,False,,False,True,True,True,True,False,True,True,False,False,False,False,False,False,False,True
1306,2,5,900,1080,15.0,150,8,0,100.0,False,,False,False,True,False,True,False,True,False,False,True,False,False,True,False,False,False
797,4,5,420,1110,57.5,30,30,3,99.74,True,2,True,True,True,True,True,False,True,True,False,False,False,False,False,False,False,True
480,4,5,360,1080,60.0,71,21,7,97.6,False,,True,True,True,True,True,False,True,True,False,False,False,False,False,False,False,True
2534,3,5,420,1080,21.25,50,8,0,100.0,False,,False,True,True,False,True,False,True,True,False,True,False,False,True,False,False,False
432,3,5,420,1080,21.25,50,8,1,99.64,False,,False,True,True,False,True,False,True,True,False,True,False,False,True,False,False,False
2485,3,5,420,1080,20.0,50,8,0,100.0,False,,False,True,True,False,True,False,True,True,False,True,False,False,True,False,False,False
88,3,5,420,1080,20.0,60,8,1,99.64,False,,False,True,True,False,True,False,True,True,False,True,False,False,True,False,False,False
262,3,5,420,1080,20.0,50,8,0,100.0,False,,False,True,True,False,True,False,True,True,False,True,False,False,True,False,False,False
2519,3,5,420,1080,20.0,60,9,0,100.0,False,,False,True,True,False,True,False,True,True,False,True,False,False,True,False,False,False
1782,3,5,420,1080,20.0,50,8,1,99.64,False,,False,True,True,False,True,False,True,True,False,True,False,False,True,False,False,False
1784,3,5,420,1080,20.0,60,8,0,100.0,False,,False,True,True,False,True,False,True,True,False,True,False,False,True,False,False,False
1940,3,5,420,1080,21.25,50,8,0,100.0,False,,False,True,True,False,True,False,True,True,False,True,False,False,True,False,False,False
1684,3,5,885,1080,16.25,60,8,0,100.0,False,,False,False,True,False,True,False,True,False,False,True,False,False,True,False,False,False
2538,5,5,390,1050,54.0,40,9,0,100.0,False,,False,True,True,True,True,False,True,True,False,False,False,False,False,False,False,True
507,4,5,390,1080,56.5,30,9,3,98.78,False,,True,True,True,True,True,False,True,True,False,False,False,False,False,False,False,True
914,4,5,420,1050,52.5,69,15,2,99.63,False,,True,True,True,True,True,False,True,True,False,True,False,False,False,False,False,True
2278,4,5,390,1800,117.5,60,13,4,98.05,True,1,True,True,True,True,True,False,True,True,False,False,False,False,False,False,False,True
1466,5,5,360,1320,80.0,80,11,2,99.07,False,,True,True,True,True,True,False,True,True,False,True,False,False,False,False,False,True
2048,3,5,450,930,40.0,17,9,5,97.75,False,,False,True,True,False,True,False,False,False,False,False,False,False,True,False,False,False
785,4,5,420,1050,52.5,57,28,14,98.14,True,11,True,True,True,True,True,False,True,True,False,False,False,False,False,False,False,True
712,5,5,450,1020,47.5,45,11,0,100.0,False,,True,True,False,True,True,False,True,True,False,False,False,False,False,False,False,True
1220,5,5,390,1080,57.5,131,12,0,100.0,False,,True,True,True,True,True,False,True,True,False,False,False,False,False,False,False,True
1785,5,5,390,1050,55.0,78,15,2,99.27,True,2,True,True,True,True,True,False,True,True,False,False,False,False,False,False,False,True
632,5,5,390,1110,60.0,190,16,0,100.0,False,,True,True,True,True,True,False,True,True,False,False,False,False,False,False,False,True
745,4,5,390,1050,55.0,90,33,2,99.84,True,2,True,True,True,True,True,False,True,True,False,False,False,False,False,False,False,True
2556,4,5,390,1080,57.5,50,18,3,99.18,True,2,True,True,True,True,True,False,True,True,False,False,False,False,False,False,False,True
524,4,5,390,1140,62.5,55,13,2,99.24,True,2,True,True,True,True,True,False,True,True,False,False,False,False,False,False,False,True
936,5,5,450,1050,50.0,77,13,0,100.0,False,,True,True,True,True,True,False,True,True,False,False,False,False,False,False,False,True
1536,5,5,390,1050,55.0,57,13,3,99.21,True,1,True,True,True,True,True,False,True,True,False,False,False,False,False,False,False,True
1389,4,5,360,1080,60.0,60,14,2,99.1,False,,True,True,True,True,True,False,True,True,False,False,False,False,False,False,False,True
1887,4,5,360,1050,57.5,30,15,4,98.17,False,,False,True,True,False,True,False,True,True,False,False,False,False,False,False,False,True
181,3,5,390,1050,55.0,70,18,3,99.55,False,,True,True,True,True,True,False,True,True,False,False,False,False,False,False,False,True
462,4,5,420,1050,52.5,54,15,4,99.27,False,,True,True,True,True,True,False,True,True,False,False,False,False,False,False,False,True
961,5,5,390,1110,60.0,80,14,1,99.81,False,,True,True,True,True,True,False,True,True,False,False,False,False,False,False,False,True
1607,5,5,390,1080,57.5,56,21,8,97.53,False,,True,True,True,True,True,False,True,True,False,False,False,False,False,False,False,True
593,4,5,390,1050,55.0,30,10,5,98.17,False,,True,True,True,True,True,False,True,True,False,False,False,False,False,False,False,True
1402,5,5,390,1050,55.0,58,11,4,98.39,False,,True,True,True,True,True,False,True,True,False,False,False,False,False,False,False,True
83,5,5,390,1110,60.0,229,11,0,100.0,False,,True,True,True,True,True,False,True,True,False,False,False,False,False,False,False,True
2129,5,5,390,1080,57.5,293,21,0,100.0,False,,True,True,True,True,True,False,True,True,False,False,False,False,False,False,False,True
2288,5,5,390,1080,57.5,80,11,2,98.85,False,,True,True,True,True,True,False,True,True,False,False,False,False,False,False,False,True
1351,4,5,390,1410,85.0,15,24,8,97.62,False,,False,True,True,False,True,False,True,True,False,True,False,False,False,False,False,True
1611,5,5,420,1050,52.5,80,12,0,100.0,False,,True,True,True,True,True,False,True,True,False,False,False,False,False,False,False,True
2202,3,5,360,1260,75.0,40,14,3,98.72,False,,False,True,True,False,True,False,True,True,False,True,False,False,False,False,False,True
1379,4,5,450,1050,50.0,32,14,3,99.26,False,,True,True,True,True,True,False,True,True,False,False,False,False,False,False,False,True
1592,4,7,390,1170,91.0,131,15,4,98.2,True,5,True,True,True,True,True,False,False,True,False,True,False,False,False,False,False,True
1936,1,5,390,1110,60.0,169,39,7,99.11,True,8,True,True,True,True,True,False,False,True,False,False,False,False,False,False,False,True
2242,4,5,390,1110,60.0,150,3,0,100.0,False,,True,True,True,True,True,False,True,True,False,False,False,False,False,False,False,True
1734,5,5,420,1050,52.5,60,13,7,97.83,False,,True,True,False,True,True,False,True,True,False,False,False,False,False,False,False,True
169,4,5,450,1035,48.75,40,14,2,99.59,False,,True,True,True,True,True,False,True,True,False,False,False,False,False,False,False,True
2498,2,5,390,1050,54.0,50,15,2,99.63,False,,True,True,True,True,True,False,True,True,False,False,False,False,False,False,False,True
2530,4,5,390,1080,57.5,22,19,1,99.46,True,2,False,False,True,False,True,False,True,True,False,False,False,False,False,False,False,True
830,5,5,420,1140,60.0,30,26,9,97.87,True,13,True,True,True,True,True,False,True,True,False,True,False,False,False,False,False,True
1962,4,5,450,960,42.5,30,10,0,100.0,False,,True,True,False,True,True,False,True,True,False,False,False,False,True,False,False,False
256,4,6,390,1110,68.0,45,19,8,97.65,True,1,True,True,True,True,True,False,True,True,False,False,False,False,False,False,False,True
2029,1,4,570,870,20.0,153,5,0,100.0,False,,True,True,True,True,True,False,False,True,False,False,False,False,True,False,False,False
2527,4,5,390,1050,55.0,30,7,3,97.86,False,,True,True,True,True,True,False,True,True,False,False,False,False,False,False,False,True
380,4,5,450,1050,50.0,60,13,8,96.89,False,,True,True,True,True,True,False,True,True,False,False,False,False,False,False,False,True
303,3,5,390,1080,57.5,28,15,3,98.81,True,1,True,True,True,True,True,False,True,True,False,False,False,False,False,False,False,True
1128,1,5,420,1050,52.5,36,12,4,98.82,False,,True,True,False,True,True,False,False,True,False,False,False,False,False,False,False,True
2505,2,5,420,960,45.0,22,11,5,98.28,False,,True,True,False,True,True,False,True,True,False,False,False,False,True,False,False,False
2429,4,5,390,1080,57.5,128,17,1,99.85,True,2,True,True,True,True,True,False,True,True,False,False,False,False,False,False,False,True
1511,1,5,480,870,32.5,30,9,1,99.66,False,,False,True,False,False,True,False,False,False,False,False,False,False,True,False,False,False
1837,4,5,360,1080,60.0,36,17,6,95.79,False,,False,True,True,True,True,False,True,True,True,False,False,False,False,False,False,True
499,5,5,360,1050,55.5,68,8,0,100.0,False,,True,True,True,True,True,False,True,True,False,False,False,False,False,False,False,True
2217,5,5,390,1080,57.5,90,16,1,99.84,False,,True,True,True,True,True,False,True,True,False,False,False,False,False,False,False,True
383,3,5,900,1080,15.0,50,9,2,99.41,False,,False,False,True,False,True,False,True,False,False,True,False,False,True,False,False,False
121,3,5,420,1080,55.0,60,13,3,99.11,False,,False,True,True,True,True,False,True,True,True,True,False,False,False,False,False,True
310,3,5,450,1050,50.0,60,12,3,99.05,False,,True,True,True,True,True,False,True,True,False,False,False,False,False,False,False,True
1586,4,5,390,1050,55.0,40,11,2,99.49,False,,True,True,True,True,True,False,True,True,True,False,False,False,False,False,False,True
2312,4,5,450,1050,50.0,30,14,2,99.22,True,1,True,True,True,True,True,False,True,True,False,False,False,False,False,False,False,True
588,3,5,420,975,46.25,44,11,4,98.61,False,,False,True,True,False,True,False,False,True,False,False,False,False,False,False,False,True
1100,2,5,870,1080,17.5,40,11,1,99.75,False,,False,True,True,False,True,False,True,True,True,False,False,False,True,False,False,False
338,4,5,465,960,41.25,32,10,2,99.15,False,,True,True,True,True,True,False,True,False,False,False,False,False,False,False,False,True
1915,3,5,390,1080,57.5,25,8,5,97.29,True,2,True,True,True,True,True,False,True,True,False,False,False,False,False,False,False,True
39,4,5,390,1050,55.0,84,9,2,99.15,False,,True,True,True,True,True,False,True,True,False,False,False,False,False,False,False,True
1654,3,5,900,1080,15.0,40,9,0,100.0,False,,False,True,True,False,True,False,True,True,False,False,False,False,True,False,False,False
85,5,5,390,1050,55.0,25,11,2,98.96,False,,True,True,True,True,True,False,True,True,False,False,False,False,False,False,True,True
1112,4,7,360,1140,91.0,45,14,7,97.24,True,1,True,True,True,True,True,False,True,True,False,True,False,False,False,False,True,True
1210,5,5,420,1080,55.0,87,16,0,100.0,True,2,True,True,True,True,True,False,True,True,False,False,False,False,False,False,False,True
2378,5,5,420,1080,55.0,87,12,6,96.85,False,,True,True,True,True,True,False,True,True,False,False,False,False,False,False,False,True
2121,5,5,390,1080,57.5,63,13,2,99.4,False,,True,True,True,True,True,False,True,True,False,False,False,False,False,False,False,True
2327,5,5,420,1080,55.0,90,8,5,97.45,False,,False,True,True,False,True,False,True,True,False,False,False,False,False,False,False,True
602,1,6,360,1440,81.0,20,9,1,99.72,False,,True,True,True,True,True,False,False,True,True,True,False,False,False,False,True,True
1595,4,5,390,1050,55.0,60,11,4,98.6,False,,True,True,True,True,True,False,True,True,False,False,False,False,False,False,False,True
1298,3,4,465,915,30.0,20,8,1,99.65,False,,False,True,False,False,True,False,False,False,False,False,False,False,True,False,False,False
2352,4,5,480,900,35.0,20,8,0,100.0,False,,False,True,False,False,True,False,False,False,False,False,False,False,True,False,False,False
566,3,5,360,1080,60.0,80,18,6,97.28,False,,True,True,True,True,True,False,True,True,True,False,False,False,False,False,False,True
1728,3,5,360,1080,60.0,40,7,3,98.05,False,,True,True,True,True,True,False,True,True,True,True,False,False,False,False,False,True
1038,4,5,300,990,76.25,41,15,3,99.44,False,,False,False,True,False,True,False,True,True,False,False,False,False,False,False,False,True
372,5,5,390,1080,57.5,200,20,8,97.55,True,3,True,True,True,True,True,False,True,True,False,False,False,False,False,False,False,True
1171,2,5,870,1080,17.5,70,8,3,98.57,False,,False,True,True,False,True,False,True,True,False,False,False,False,True,False,False,False
1898,2,5,870,1080,17.5,50,7,4,97.23,False,,False,True,True,False,True,False,True,True,True,True,False,False,True,False,False,False
1610,4,5,360,1080,60.0,72,12,4,97.56,False,,True,True,True,True,True,False,True,True,False,False,False,False,False,False,False,True
1401,3,5,390,1080,57.5,26,6,0,100.0,False,,True,True,False,True,True,False,True,True,False,True,False,False,False,False,False,True
1780,4,5,360,1050,57.5,20,13,2,99.21,True,7,False,True,True,True,True,False,True,True,False,False,False,False,False,False,False,True
2175,3,5,450,960,42.5,30,6,1,99.46,False,,True,True,False,True,True,False,True,False,False,False,False,False,True,False,False,False
1076,4,5,360,1080,60.0,120,34,13,98.31,True,2,True,True,True,True,True,False,True,True,False,False,False,False,False,False,False,True
1539,3,5,420,1080,55.0,60,8,2,99.32,True,1,True,True,True,True,True,False,True,True,False,False,False,False,False,False,False,True
531,3,5,390,1080,57.5,252,10,1,99.72,False,,True,True,True,True,True,False,False,True,False,False,False,False,False,False,False,True
1827,4,5,390,1080,57.5,60,24,8,98.42,True,1,True,True,True,True,True,False,True,True,False,False,False,False,False,False,False,True
10,4,5,360,1080,60.0,90,10,2,99.49,False,,True,True,True,True,True,False,True,True,False,False,False,False,False,False,False,True
1288,4,5,390,1380,82.5,50,12,1,99.54,False,,True,True,True,True,True,False,True,True,False,True,False,False,False,False,False,True
2318,5,5,390,1050,55.0,60,11,3,97.45,True,1,True,True,True,True,True,False,True,True,False,False,False,False,False,False,False,True
2038,1,6,420,1440,92.0,45,9,5,93.01,False,,True,True,True,True,True,False,False,True,True,True,False,False,False,False,True,True
139,1,4,570,870,20.0,76,8,0,100.0,False,,True,True,True,True,True,False,False,True,False,False,False,False,True,False,False,False
992,1,5,390,1080,57.5,213,13,3,98.93,False,,True,True,True,True,True,False,False,True,False,False,False,False,False,False,False,True
1709,4,5,390,1110,60.0,90,17,0,100.0,True,2,True,True,True,True,True,False,True,True,False,False,False,False,False,False,False,True
129,5,5,390,1110,60.0,180,13,1,99.79,False,,True,True,True,True,True,False,True,True,False,False,False,False,False,False,False,True
872,5,5,390,1065,56.25,100,14,2,99.6,False,,True,True,True,True,True,False,True,True,False,False,False,False,False,False,False,True
1570,5,5,390,1050,55.0,105,9,0,99.72,False,,True,True,True,True,True,False,True,True,False,False,False,False,False,False,False,True
1387,2,5,420,1080,55.0,120,8,3,98.98,False,,False,True,True,False,True,False,True,True,False,False,False,False,False,False,False,True
2399,5,5,390,1110,60.0,60,3,0,100.0,False,,True,True,True,True,True,False,True,True,True,True,False,False,False,False,False,True
1352,4,5,450,1380,77.5,50,11,2,99.23,False,,True,True,True,True,True,False,True,True,False,True,False,False,False,False,False,True
748,2,5,435,1035,50.0,77,8,2,99.0,False,,True,True,True,True,True,False,True,True,False,False,False,False,False,False,False,True
2123,5,5,405,1065,55.0,60,11,1,99.49,True,1,True,True,False,True,True,False,True,True,False,False,False,False,False,False,False,True
721,4,5,420,1050,52.5,70,11,4,98.02,True,2,True,True,True,True,True,False,True,True,False,False,False,False,False,False,False,True
2200,4,5,390,1050,55.0,28,8,1,99.63,False,,True,True,True,True,True,False,True,True,False,False,False,False,False,False,False,True
487,2,5,360,1080,60.0,45,32,17,97.28,True,6,True,True,True,True,True,False,True,True,False,False,False,False,False,False,False,True
1508,4,5,390,1050,55.0,105,14,0,100.0,True,4,True,True,True,True,True,False,True,True,False,False,False,False,False,False,False,True
2240,3,5,360,1080,60.0,40,9,4,97.16,False,,True,True,True,True,True,False,True,True,False,False,False,False,False,False,False,True
1295,3,5,450,1080,52.5,90,10,0,100.0,False,,True,True,False,True,True,False,True,True,False,False,False,False,False,False,False,True
1747,2,5,465,2475,59.5,30,9,2,97.38,True,3,True,True,False,True,True,False,True,True,False,False,False,False,False,False,False,True
273,3,5,420,1020,50.0,20,12,3,97.9,False,,True,True,False,True,True,False,True,True,False,False,False,False,False,False,False,True
343,2,5,390,1080,20.0,78,9,1,99.38,False,,False,True,True,False,True,False,True,True,False,False,False,False,True,False,False,False
705,2,5,885,1080,16.25,60,10,3,98.03,False,,False,True,True,False,True,False,True,True,True,True,False,False,True,False,False,False
1748,2,5,885,1080,16.25,60,6,1,98.57,False,,False,True,True,False,True,False,True,True,True,True,False,False,True,False,False,False
385,2,5,420,1080,22.5,65,9,0,100.0,False,,False,True,True,False,True,False,True,True,True,True,False,False,True,False,False,False
1833,5,5,360,1080,60.0,40,15,2,99.42,True,4,False,True,True,False,True,False,False,True,False,False,False,False,False,False,False,True
2001,4,5,420,1080,55.0,120,13,3,98.72,True,4,True,True,True,True,True,False,True,True,False,False,False,False,False,False,False,True
1000,2,5,420,1080,55.0,80,8,1,99.67,False,,False,True,True,False,True,False,True,True,True,True,False,False,True,False,False,False
2127,2,5,420,1080,22.5,60,7,3,98.39,False,,False,True,True,False,True,False,True,True,True,True,False,False,True,False,False,False
1463,5,5,360,1050,57.5,100,16,2,99.65,True,3,True,True,True,True,True,False,True,True,False,False,False,False,False,False,False,True
754,3,5,390,1050,55.0,90,7,0,100.0,False,,True,True,True,True,True,False,True,True,False,False,False,False,False,False,False,True
1037,3,5,360,1050,57.5,20,10,5,95.58,True,8,False,True,True,True,True,False,True,True,False,False,False,False,False,False,False,True
1074,5,5,390,1080,57.5,134,12,0,100.0,False,,True,True,True,True,True,False,True,True,False,False,False,False,False,False,False,True
2210,1,4,540,870,22.0,60,9,0,100.0,False,,False,True,True,True,True,False,False,True,False,False,False,False,True,False,False,False
1423,1,5,890,1050,13.33,90,10,0,100.0,False,,False,True,True,False,True,False,False,True,False,False,False,False,True,False,False,False
1192,1,5,420,960,45.0,29,6,1,97.5,False,,True,True,False,True,True,False,False,True,False,False,False,False,True,False,False,False
2256,5,5,390,1080,57.5,75,16,10,96.1,False,,True,True,True,True,True,False,True,True,False,False,False,False,False,False,False,True
1913,2,5,900,1095,16.25,60,9,0,100.0,False,,False,False,True,False,True,False,True,True,False,True,False,False,False,False,False,True
640,4,5,390,1080,57.5,60,12,2,97.69,False,,True,True,True,True,True,False,True,True,True,True,False,False,False,False,False,True
706,3,5,390,990,50.0,24,8,2,99.29,False,,True,True,False,True,True,False,True,True,False,False,False,False,False,False,False,True
1954,2,5,450,1050,50.0,60,11,2,99.48,False,,True,True,False,True,True,False,True,True,False,False,False,False,False,False,False,True
899,3,5,450,930,40.0,9,7,0,99.59,False,,True,True,False,True,True,False,False,True,False,False,False,False,False,False,False,True
893,5,5,450,1080,52.5,52,14,5,96.47,True,2,True,True,False,True,True,False,True,True,False,False,False,False,False,False,False,True
2015,4,5,390,1080,57.5,130,7,1,99.21,True,2,True,True,True,True,True,False,True,True,False,False,False,False,False,False,False,True
1251,2,5,420,1020,50.0,30,13,3,98.44,True,1,True,True,True,True,True,False,True,True,False,False,False,False,False,False,False,True
1708,4,5,330,1110,65.0,40,9,0,100.0,True,3,True,True,True,True,True,False,True,True,False,False,False,False,False,False,False,True
1986,2,5,390,1080,57.5,66,9,1,99.1,False,,True,True,True,True,True,False,True,True,True,False,False,False,False,False,False,True
1650,4,5,390,1080,57.5,106,11,1,99.49,True,3,True,True,True,True,True,False,True,True,False,False,False,False,False,False,False,True
1286,3,5,435,990,46.25,37,7,2,98.1,False,,True,True,False,True,True,False,True,True,False,False,False,False,True,False,False,False
73,4,5,360,1050,57.5,40,15,6,94.76,True,3,True,True,True,True,True,False,True,True,False,False,False,False,False,False,False,True
832,1,5,360,1110,62.5,360,13,1,99.8,False,,True,True,True,True,True,False,False,True,False,False,False,False,False,False,False,True
727,4,5,360,1080,60.0,75,14,6,98.21,False,,True,True,True,True,True,False,True,True,False,True,False,False,False,False,False,True
130,4,5,330,1080,62.5,88,9,2,99.06,False,,True,True,True,True,True,False,True,True,True,True,False,False,False,False,False,True
1082,2,5,495,900,32.75,50,11,4,97.09,False,,False,True,False,True,True,False,True,True,False,False,False,False,False,False,False,True
803,5,5,390,2490,67.0,100,9,2,99.37,False,,True,True,True,True,True,False,True,True,False,False,False,False,False,False,False,True
1727,3,7,0,1439,155.88,27,11,2,98.99,False,,True,True,True,True,True,False,True,True,True,True,True,False,False,False,True,True
1993,1,5,420,1080,55.0,140,7,0,100.0,False,,True,True,True,True,True,False,False,True,False,False,False,False,False,False,False,True
1868,4,5,450,1050,50.0,40,16,4,95.14,True,1,True,True,False,True,True,False,True,True,True,False,False,False,False,False,False,True
775,3,5,420,1050,52.5,60,11,4,96.5,False,,True,True,True,True,True,False,True,True,False,False,False,False,False,False,False,True
301,5,5,360,1050,57.5,90,9,1,99.15,False,,True,True,True,True,True,False,True,True,False,False,False,False,False,False,False,True
1482,1,5,420,1080,55.0,180,12,1,99.79,True,3,True,True,True,True,True,False,False,True,False,False,False,False,False,False,False,True
1911,4,5,360,1080,59.5,30,5,2,98.97,False,,True,True,True,True,True,False,True,True,True,False,False,False,False,False,False,True
2348,5,5,450,1050,50.0,40,8,1,99.68,False,,True,True,False,True,True,False,True,True,False,False,False,False,False,False,False,True
2539,4,5,390,1050,55.0,110,13,2,98.4,True,2,True,True,True,True,True,False,True,True,False,False,False,False,False,False,False,True
2177,5,5,360,1080,60.0,97,20,1,99.73,False,,True,True,True,True,True,False,True,True,False,False,False,False,False,False,False,True
2211,3,6,0,1439,143.9,69,7,1,99.63,False,,True,True,True,True,True,False,True,True,True,True,True,False,False,False,True,True
1242,3,6,360,1560,120.0,15,11,0,99.77,False,,True,True,True,True,True,False,True,True,False,True,True,False,False,False,True,True
482,4,5,465,960,41.25,30,6,1,99.15,False,,False,True,True,True,True,False,True,True,False,False,False,False,False,False,False,True
1580,4,5,390,1080,57.5,108,7,0,100.0,False,,True,True,True,True,True,False,True,True,False,False,False,False,False,False,False,True
243,4,5,390,1110,60.0,139,8,1,99.31,False,,True,True,True,True,True,False,True,True,False,True,False,False,False,False,False,True
2302,3,5,360,1050,57.5,40,10,2,98.57,False,,True,True,True,True,True,False,True,True,False,False,False,False,False,False,False,True
2454,5,5,330,1050,60.0,120,9,2,99.41,False,,True,True,True,True,True,False,True,True,False,False,False,False,False,False,False,True
2003,5,5,420,1050,52.5,60,7,3,98.8,False,,True,True,True,True,True,False,True,True,False,False,False,False,False,False,False,True
2050,3,5,360,1080,60.0,67,7,2,98.8,False,,True,True,True,True,True,False,True,True,False,False,False,False,False,False,False,True
2138,3,5,360,1050,57.5,25,8,4,98.08,False,,True,True,True,True,True,False,True,True,False,False,False,False,False,False,False,True
226,3,5,390,1080,57.5,50,20,8,94.02,True,9,True,True,True,True,True,False,True,True,False,False,False,False,False,False,False,True
1232,3,5,390,1410,85.0,40,5,0,100.0,False,,True,True,True,True,True,False,True,True,False,True,False,False,False,False,False,True
2296,4,5,360,1080,60.0,60,5,0,100.0,False,,True,True,True,True,True,False,True,True,False,False,False,False,False,False,False,True
2218,4,5,420,1050,52.5,100,6,4,95.67,False,,True,True,False,True,True,False,True,True,False,False,False,False,False,False,False,True
1834,1,5,390,1110,60.0,150,10,4,97.97,False,,True,True,True,True,True,False,False,True,False,True,False,False,False,False,False,True
788,3,5,360,1080,60.0,44,5,2,98.9,False,,True,True,True,True,True,False,True,True,False,False,False,False,False,False,False,True
2260,4,5,450,1050,50.0,60,5,1,98.86,False,,True,True,True,True,True,False,True,True,False,False,False,False,False,False,False,True
2507,1,5,420,1050,52.5,40,5,1,99.43,False,,True,True,True,True,True,False,False,True,False,False,False,False,False,False,False,True
538,4,5,360,1080,60.0,90,5,0,100.0,False,,True,True,True,True,True,False,True,True,True,False,False,False,False,False,False,True
1304,4,5,420,1050,52.5,131,5,0,100.0,False,,True,True,True,True,True,False,True,True,False,False,False,False,False,False,False,True
2455,5,5,420,1050,52.5,115,7,0,100.0,False,,True,True,True,True,True,False,True,True,False,False,False,False,False,False,False,True
2509,3,5,390,1110,60.0,120,6,0,100.0,False,,True,True,True,True,True,False,True,True,False,False,False,False,False,False,False,True
1717,1,5,450,960,42.5,9,4,1,97.37,False,,True,True,False,True,True,False,False,True,False,False,False,False,True,False,False,False
2180,4,5,405,1050,53.75,75,5,0,100.0,False,,True,True,True,True,True,False,True,True,False,False,False,False,False,False,False,True
737,2,5,420,1080,20.0,18,4,0,100.0,False,,False,False,True,False,True,False,False,True,True,False,False,False,True,False,False,False
1039,1,4,540,840,20.0,24,5,0,100.0,False,,False,True,True,False,True,False,False,True,False,False,False,False,True,False,False,False
1847,2,5,870,1080,17.5,60,4,0,100.0,False,,False,True,True,False,True,False,True,True,True,False,False,False,True,False,False,False
1681,4,5,420,1035,51.25,60,5,0,100.0,False,,True,True,False,True,True,False,True,True,False,False,False,False,True,False,False,False
2005,3,5,420,1050,52.5,48,6,5,97.38,False,,True,True,True,True,True,False,True,True,False,False,False,False,False,False,False,True
596,3,5,330,1080,62.5,34,5,1,98.42,False,,True,True,True,True,True,False,True,True,False,True,False,False,False,False,False,True
229,3,5,420,1050,52.5,60,7,2,98.61,False,,True,True,True,True,True,False,True,True,False,False,False,False,False,False,False,True
1559,1,5,390,990,50.0,80,11,1,99.11,True,6,True,True,False,True,True,False,False,True,False,False,False,False,True,False,False,False
1124,1,5,420,1080,55.0,180,3,2,97.44,False,,True,True,True,True,True,False,False,True,False,False,False,False,False,False,False,True
257,3,5,420,1050,52.5,40,5,1,99.44,False,,True,True,True,True,True,False,True,True,False,False,False,False,False,False,False,True
559,3,5,390,1050,55.0,77,8,0,100.0,False,,True,True,True,True,True,False,True,True,False,False,False,False,False,False,False,True
2154,1,5,420,990,47.5,25,4,0,100.0,False,,True,True,False,True,True,False,False,True,False,False,False,False,True,False,False,False
2043,2,5,420,1080,20.0,60,4,1,99.29,False,,False,False,True,False,True,False,True,True,True,False,False,False,True,False,False,False
456,2,5,420,1080,20.0,30,5,0,100.0,False,,False,False,True,False,True,False,False,True,True,False,False,False,True,False,False,False
461,1,5,450,930,40.0,10,5,1,99.35,False,,True,True,False,True,True,False,False,True,False,False,False,False,True,False,False,False
770,3,5,420,1050,52.5,120,6,1,99.56,False,,True,True,True,True,True,False,True,True,False,False,False,False,False,False,False,True
400,2,5,870,1080,17.5,24,4,0,100.0,False,,False,False,True,False,True,False,True,True,True,False,False,False,True,False,False,False
2374,2,5,420,990,47.5,15,4,1,98.57,False,,True,True,False,True,True,False,True,True,False,False,False,False,True,False,False,False
556,3,5,390,1080,57.5,140,5,0,100.0,False,,True,True,True,True,True,False,True,True,False,False,False,False,False,False,False,True
1103,3,5,360,1080,60.0,80,4,0,100.0,False,,True,True,True,True,True,False,True,True,True,True,False,False,False,False,False,True
2160,2,5,360,1080,60.0,30,9,6,85.46,False,,True,True,True,True,True,False,True,True,False,False,False,False,False,False,False,True
852,4,5,360,1080,60.0,60,3,1,99.05,False,,True,True,True,True,True,False,True,True,False,False,False,False,False,False,False,True
1841,4,5,390,1080,57.5,120,6,2,97.22,True,2,True,True,True,True,True,False,True,True,False,True,False,False,False,False,False,True
1812,3,5,420,1080,55.0,40,5,1,99.43,False,,True,True,False,True,True,False,True,True,False,False,False,False,False,False,False,True
286,3,5,360,1080,60.0,150,4,0,100.0,False,,True,True,False,True,True,False,True,True,False,False,False,False,False,False,False,True
2353,2,5,420,990,47.5,16,7,2,82.86,True,1,False,True,False,True,True,False,True,True,False,False,False,False,False,False,False,True
201,3,5,390,1080,57.5,60,4,2,95.43,False,,True,True,True,True,True,False,True,True,False,False,False,False,False,False,False,True
2235,2,5,360,1110,62.5,234,2,0,100.0,False,,True,True,True,True,True,False,False,True,False,False,False,False,False,False,False,True
2233,3,5,420,1080,55.0,68,4,0,100.0,False,,True,True,True,True,True,False,True,True,True,True,False,False,False,False,False,True
1011,3,5,420,1080,55.0,80,4,0,100.0,False,,True,True,True,True,True,False,True,True,False,False,False,False,False,False,False,True
965,4,5,390,1080,57.5,105,5,0,100.0,False,,True,True,True,True,True,False,True,True,False,False,False,False,False,False,False,True
1881,3,5,390,1380,82.5,40,9,2,99.15,False,,True,True,True,True,True,False,True,True,False,True,False,False,False,False,False,True
1694,4,7,450,1200,74.5,30,4,0,100.0,False,,True,True,True,True,True,False,True,True,True,True,False,False,False,False,False,True
244,4,5,390,1050,55.0,45,3,1,98.15,False,,True,True,True,True,True,False,True,True,False,False,False,False,False,False,False,True
86,3,5,390,1080,57.5,32,2,0,100.0,False,,True,True,True,True,True,False,False,True,False,True,False,False,False,False,False,True
2215,1,5,420,1080,55.0,178,3,0,100.0,False,,True,True,True,True,True,False,False,True,False,False,False,False,False,False,False,True
81,3,5,450,1080,52.5,100,4,1,98.72,False,,True,True,True,True,True,False,True,True,False,False,False,False,False,False,False,True
1933,5,5,420,1050,52.5,80,2,0,100.0,False,,True,True,True,True,True,False,True,True,False,False,False,False,False,False,False,True
437,3,5,360,1080,60.0,40,4,0,100.0,False,,True,True,True,True,True,False,True,True,True,False,False,False,False,False,False,True
1258,1,5,360,1110,62.5,200,3,2,98.29,False,,True,True,True,True,True,False,False,True,False,True,False,False,False,False,False,True
143,3,5,450,1080,52.5,52,4,3,98.03,False,,True,True,True,True,True,False,True,True,False,False,False,False,False,False,False,True
1436,3,5,405,1065,55.0,40,5,0,100.0,False,,True,True,True,True,True,False,True,True,False,False,False,False,False,False,False,True
1957,3,5,360,1140,64.0,80,7,2,98.56,False,,True,True,True,True,True,False,True,True,False,False,False,False,False,False,False,True
789,1,5,420,990,47.5,30,4,0,100.0,False,,True,True,False,True,True,False,False,True,False,False,False,False,True,False,False,False
481,3,5,450,990,45.0,31,4,3,90.9,False,,True,True,True,True,True,False,True,True,False,True,False,False,False,False,False,True
1997,1,5,330,1080,62.5,30,3,1,95.0,False,,True,True,True,True,True,False,False,True,False,False,False,False,False,False,False,True
484,4,5,390,1110,60.0,104,1,0,100.0,False,,True,True,True,True,True,False,True,True,False,False,False,False,False,False,False,True
1073,1,5,420,1050,52.5,47,1,0,100.0,False,,True,True,False,True,True,False,False,True,False,True,False,False,False,False,False,True
2098,1,5,870,1080,17.5,60,2,1,98.61,False,,False,False,True,False,True,False,False,True,False,True,False,False,True,False,False,False
2063,3,5,420,1080,55.0,156,2,0,100.0,False,,True,True,True,True,True,False,True,True,False,False,False,False,False,False,False,True
898,4,5,390,1050,55.0,64,2,0,100.0,False,,True,True,True,True,True,False,True,True,False,False,False,False,False,False,False,True
2011,5,5,420,1080,55.0,20,1,1,97.14,False,,True,True,False,True,True,False,True,True,False,False,False,False,False,False,False,True
715,3,5,420,1050,52.5,80,2,0,100.0,False,,True,True,True,True,True,False,True,True,False,False,False,False,False,False,False,True
2267,1,5,480,810,24.0,28,2,0,100.0,False,,True,True,True,True,True,False,False,True,False,False,False,False,False,False,False,True
2181,3,5,360,1080,60.0,30,3,2,95.68,False,,True,True,True,True,True,False,True,True,False,False,False,False,False,False,False,True
2303,3,5,360,1080,60.0,30,5,1,99.36,False,,True,True,True,True,True,False,True,True,False,False,False,False,False,False,False,True
1795,1,5,360,1080,60.0,74,2,0,100.0,False,,True,True,True,True,True,False,False,True,True,False,False,False,False,False,False,True
1178,1,5,450,1020,47.5,24,2,1,98.72,False,,True,True,True,True,True,False,False,True,False,False,False,False,False,False,False,True
1699,3,5,390,1050,55.0,26,1,0,100.0,False,,False,True,True,False,True,False,True,True,False,False,False,False,False,False,False,True
1107,1,5,390,1110,60.0,120,2,0,100.0,False,,True,True,True,True,True,False,False,True,False,False,False,False,False,False,False,True
1641,3,7,360,1380,119.0,26,3,0,100.0,False,,True,True,True,True,True,False,True,True,False,True,False,False,False,False,True,True
1980,1,7,420,1440,98.0,28,2,0,100.0,False,,True,True,True,True,True,False,False,False,True,False,False,False,False,False,False,True
2192,3,5,420,1080,55.0,22,4,0,100.0,False,,True,True,True,True,True,False,True,True,False,False,False,False,False,False,False,True
1050,3,5,420,1140,60.0,27,2,1,93.94,False,,True,True,True,True,True,False,True,True,True,True,False,False,False,False,False,True
599,4,5,450,1050,50.0,50,1,1,97.44,False,,True,True,True,True,True,False,True,True,False,False,False,False,False,False,False,True
1462,3,5,420,1110,57.5,90,1,0,100.0,False,,True,True,True,True,True,False,True,True,True,False,False,False,False,False,False,True
330,1,5,420,1050,52.5,60,1,0,100.0,False,,True,True,True,True,True,False,False,True,False,False,False,False,False,False,False,True
1494,3,5,330,1080,62.5,30,,,,False,,True,True,True,True,True,False,True,True,False,False,False,False,False,False,False,True
